@PLY940102
6109 6346 6162
-0.0201847 -0.304581 0.167418
-0.0171702 -0.301905 0.170062
-0.00869209 -0.302742 0.165337
-0.0102182 -0.304096 0.163999
-0.0124748 -0.299782 0.172161
-0.00631518 -0.301667 0.1664
-0.00655842 -0.298419 0.173508
-0.00332008 -0.300977 0.167082
0 -0.297949 0.173972
0 -0.300739 0.167317
0.00655842 -0.298419 0.173508
0.00332008 -0.300977 0.167082
0.0124748 -0.299782 0.172161
0.00631517 -0.301667 0.1664
0.0171701 -0.301905 0.170062
0.00869209 -0.302742 0.165337
0.0201847 -0.304581 0.167418
0.0102182 -0.304096 0.163999
0.0212235 -0.307547 0.164487
0.010744 -0.305598 0.162515
0.0201847 -0.310513 0.161556
0.0102182 -0.307099 0.161031
0.0171701 -0.313189 0.158911
0.00869209 -0.308454 0.159692
0.0124748 -0.315312 0.156813
0.00631517 -0.309529 0.15863
0.00655841 -0.316675 0.155466
0.00332008 -0.310219 0.157948
0 -0.317145 0.155001
0 -0.310457 0.157713
-0.00655841 -0.316675 0.155466
-0.00332008 -0.310219 0.157948
-0.0124748 -0.315312 0.156813
-0.00631517 -0.309529 0.15863
-0.0171701 -0.313189 0.158911
-0.00869209 -0.308454 0.159692
-0.0201847 -0.310513 0.161556
-0.0102182 -0.307099 0.161031
-0.0212235 -0.307547 0.164487
-0.010744 -0.305598 0.162515
-0.0296543 -0.306385 0.172026
-0.0252254 -0.302454 0.175911
-0.0183273 -0.299334 0.178994
-0.00963526 -0.297331 0.180974
0 -0.296641 0.181656
0.00963526 -0.297331 0.180974
0.0183273 -0.299334 0.178994
0.0252254 -0.302454 0.175911
0.0296543 -0.306385 0.172026
0.0311803 -0.310742 0.16772
0.0296543 -0.3151 0.163414
0.0252254 -0.31903 0.159529
0.0183273 -0.32215 0.156446
0.00963526 -0.324153 0.154466
0 -0.324843 0.153784
-0.00963525 -0.324153 0.154466
-0.0183273 -0.32215 0.156446
-0.0252254 -0.31903 0.159529
-0.0296543 -0.3151 0.163414
-0.0311803 -0.310742 0.16772
-0.0424428 -0.309463 0.17771
-0.0326596 -0.304374 0.182739
-0.0237286 -0.300335 0.186731
-0.014211 -0.291809 0.199813
0 -0.296848 0.190177
0.0124748 -0.297742 0.189294
0.0237286 -0.300335 0.186731
0.0326596 -0.304374 0.182739
0.0383936 -0.309463 0.17771
0.0403694 -0.315105 0.172134
0.0383936 -0.320746 0.166559
0.0326596 -0.325836 0.161529
0.0237286 -0.329874 0.157537
0.0124748 -0.332468 0.154975
0 -0.333361 0.154092
-0.0124748 -0.332468 0.154975
-0.0237286 -0.329874 0.157537
-0.0326596 -0.325836 0.161529
-0.0383936 -0.320746 0.166559
-0.0403694 -0.315105 0.172134
-0.0461876 -0.31374 0.184328
-0.0392895 -0.307618 0.190379
-0.0285455 -0.302759 0.195181
-0.0150073 -0.299639 0.198264
0 -0.298564 0.199326
0.0150073 -0.296903 0.201657
0.0285455 -0.302759 0.195181
0.0392895 -0.304881 0.193772
0.0461876 -0.31374 0.184328
0.0485645 -0.320527 0.177621
0.0461876 -0.327314 0.170914
0.0392895 -0.333436 0.164863
0.0285455 -0.338295 0.160061
0.0150073 -0.341415 0.156978
0 -0.34249 0.155916
-0.0150073 -0.341415 0.156978
-0.0285455 -0.338295 0.160061
-0.0392895 -0.333436 0.164863
-0.0461876 -0.327314 0.170914
-0.0485645 -0.320527 0.177621
-0.0528443 -0.313178 0.202238
-0.0449521 -0.306174 0.209161
-0.0326596 -0.300614 0.214655
-0.0171702 -0.302978 0.207663
0 -0.301748 0.208879
0.0171702 -0.302978 0.207663
0.0326596 -0.306547 0.204136
0.044952 -0.312106 0.198642
0.0528443 -0.319111 0.191719
0.0555638 -0.326876 0.184045
0.0528443 -0.334641 0.176371
0.044952 -0.341646 0.169448
0.0326596 -0.347205 0.163954
0.0171701 -0.350774 0.160427
0 -0.352004 0.159212
-0.0171701 -0.350774 0.160427
-0.0326596 -0.347205 0.163954
-0.044952 -0.341646 0.169448
-0.0528443 -0.334641 0.176371
-0.0555638 -0.326876 0.184045
-0.0581998 -0.325443 0.1997
-0.0495077 -0.317728 0.207325
-0.0359695 -0.311606 0.213375
-0.0189103 -0.307675 0.21726
0 -0.300388 0.229118
0.0189103 -0.307675 0.21726
0.0359695 -0.305673 0.223894
0.0495077 -0.311796 0.217844
0.0581998 -0.325443 0.1997
0.0665428 -0.343921 0.198007
0.0581998 -0.342547 0.182797
0.0495077 -0.350262 0.175172
0.0359694 -0.356384 0.169122
0.0189102 -0.360315 0.165237
0 -0.361669 0.163898
-0.0189102 -0.360315 0.165237
-0.0359694 -0.356384 0.169122
-0.0495077 -0.350262 0.175172
-0.0581998 -0.342547 0.182797
-0.0611948 -0.328062 0.201768
-0.0621222 -0.33258 0.208075
-0.0528443 -0.324346 0.216213
-0.0383936 -0.311878 0.233191
-0.0201847 -0.313615 0.226818
0 -0.312169 0.228247
0.0201847 -0.313615 0.226818
0.0383936 -0.317811 0.222672
0.0528443 -0.324346 0.216213
0.0621222 -0.33258 0.208075
0.0653191 -0.341709 0.199054
0.0674701 -0.360763 0.196791
0.0528443 -0.359072 0.181894
0.0383936 -0.365607 0.175436
0.0201847 -0.369803 0.171289
0 -0.371248 0.16986
-0.0201847 -0.369803 0.171289
-0.0383936 -0.365607 0.175436
-0.0528443 -0.359072 0.181894
-0.0621222 -0.350837 0.190032
-0.0653191 -0.341709 0.199054
-0.064515 -0.340347 0.216637
-0.0548797 -0.331796 0.225089
-0.0398724 -0.325009 0.231796
-0.0209622 -0.320651 0.236103
0 -0.31915 0.237587
0.0209622 -0.314719 0.246622
0.0398724 -0.325009 0.231796
0.0548797 -0.331796 0.225089
0.0725972 -0.343232 0.223396
0.067835 -0.349827 0.207269
0.0645149 -0.359307 0.1979
0.0548797 -0.367859 0.189448
0.0398724 -0.374646 0.182741
0.0209622 -0.379003 0.178434
0 -0.380505 0.176951
-0.0209622 -0.379003 0.178434
-0.0398724 -0.374646 0.182741
-0.0548797 -0.367859 0.189448
-0.070524 -0.364186 0.202187
-0.0738441 -0.354707 0.211556
-0.0653192 -0.348553 0.225176
-0.0555638 -0.333962 0.244253
-0.0403695 -0.333023 0.240524
-0.0212235 -0.328611 0.244884
0 -0.321158 0.256906
0.0212235 -0.328611 0.244884
0.0403694 -0.333023 0.240524
0.0555638 -0.339894 0.233733
0.0653191 -0.348553 0.225176
0.0686806 -0.358151 0.215691
0.0653191 -0.367749 0.206205
0.0555638 -0.383321 0.201238
0.0403694 -0.383279 0.190857
0.0212235 -0.387691 0.186497
0 -0.389211 0.184995
-0.0212235 -0.387691 0.186497
-0.0403694 -0.383279 0.190857
-0.0555638 -0.376407 0.197648
-0.0713281 -0.372628 0.210493
-0.0686806 -0.358151 0.215691
-0.064515 -0.356995 0.233482
-0.0548797 -0.348443 0.241934
-0.0398724 -0.341656 0.248641
-0.0209622 -0.335993 0.253183
0 -0.335797 0.254431
0.0209622 -0.337298 0.252947
0.0398724 -0.335723 0.25916
0.0548797 -0.348443 0.241934
0.0645149 -0.356995 0.233482
0.067835 -0.366475 0.224113
0.0698628 -0.38588 0.221503
0.0548797 -0.384506 0.206293
0.0398724 -0.391293 0.199585
0.0209622 -0.402564 0.198869
0 -0.404065 0.197385
-0.0209622 -0.395651 0.195279
-0.0458814 -0.396172 0.203873
-0.0548797 -0.384506 0.206293
-0.0645149 -0.375954 0.214744
-0.0738441 -0.371354 0.228401
-0.0621222 -0.365465 0.241349
-0.0528443 -0.351298 0.260007
-0.0383936 -0.350695 0.255946
-0.0201847 -0.346499 0.260093
0 -0.339121 0.272041
0.0201847 -0.346499 0.260093
0.0383936 -0.350695 0.255946
0.0528443 -0.35723 0.249488
0.0621222 -0.365465 0.241349
0.0653191 -0.374593 0.232328
0.0621222 -0.383721 0.223307
0.0528443 -0.391956 0.215169
0.0383936 -0.408035 0.213785
0.0201847 -0.402687 0.204563
0 -0.404133 0.203134
-0.0201847 -0.402687 0.204563
-0.0383936 -0.398491 0.20871
-0.0528443 -0.391956 0.215169
-0.0681312 -0.388601 0.227594
-0.0653191 -0.374593 0.232328
-0.0581998 -0.373755 0.248585
-0.0495077 -0.36604 0.256209
-0.0359695 -0.359918 0.26226
-0.0189103 -0.350054 0.276664
0 -0.354632 0.267484
0.0189103 -0.355987 0.266145
0.0359695 -0.353985 0.272779
0.0495077 -0.36604 0.256209
0.0581998 -0.373755 0.248585
0.0611949 -0.382307 0.240133
0.0581998 -0.397772 0.235272
0.0495077 -0.398574 0.224057
0.0359694 -0.404696 0.218006
0.0189102 -0.41554 0.217712
0 -0.409982 0.212783
-0.0189102 -0.41554 0.217712
-0.0359694 -0.404696 0.218006
-0.0495077 -0.405487 0.227647
-0.0581998 -0.390859 0.231682
-0.0672039 -0.387186 0.244421
-0.0587997 -0.38371 0.260415
-0.0449521 -0.374656 0.261933
-0.0326596 -0.369097 0.267427
-0.0171702 -0.364275 0.275853
0 -0.364298 0.27217
0.0171702 -0.365528 0.270955
0.0326596 -0.369097 0.267427
0.044952 -0.374656 0.261933
0.0528443 -0.381661 0.255011
0.0555638 -0.389426 0.247337
0.0528443 -0.397191 0.239663
0.044952 -0.404196 0.23274
0.0326596 -0.416668 0.230836
0.0171701 -0.413324 0.223719
0 -0.421467 0.226093
-0.0171701 -0.413324 0.223719
-0.0326596 -0.416668 0.230836
-0.044952 -0.404196 0.23274
-0.0528443 -0.397191 0.239663
-0.0555638 -0.389426 0.247337
-0.0461876 -0.388988 0.260468
-0.0392895 -0.382865 0.266519
-0.0285455 -0.378218 0.2774
-0.0150073 -0.374887 0.274404
0 -0.374024 0.281546
0.0150073 -0.374887 0.274404
0.0285455 -0.378218 0.2774
0.0392895 -0.382865 0.266519
0.0461876 -0.388988 0.260468
0.0521159 -0.397432 0.258937
0.049739 -0.404219 0.252229
0.0392895 -0.408684 0.241003
0.0285455 -0.413543 0.236201
0.0150073 -0.416663 0.233118
0 -0.417737 0.232055
-0.0150073 -0.416663 0.233118
-0.0285455 -0.413543 0.236201
-0.0392895 -0.415597 0.244593
-0.0461876 -0.402562 0.247054
-0.0485645 -0.395775 0.253761
-0.0443491 -0.397604 0.270228
-0.0326596 -0.390678 0.275932
-0.0237286 -0.386427 0.273844
-0.0124748 -0.383834 0.276407
0 -0.382941 0.27729
0.0124748 -0.384046 0.282487
0.0237286 -0.386427 0.273844
0.036211 -0.392124 0.275028
0.0383936 -0.395556 0.264823
0.0403694 -0.401197 0.259248
0.0383936 -0.406839 0.253672
0.0326596 -0.418841 0.252233
0.0237286 -0.415967 0.244651
0.0124748 -0.425473 0.245678
0 -0.419454 0.241205
-0.0124748 -0.424608 0.246693
-0.0237286 -0.415967 0.244651
-0.0326596 -0.411928 0.248642
-0.0383936 -0.406839 0.253672
-0.0403694 -0.401197 0.259248
-0.0296543 -0.401202 0.267968
-0.0252254 -0.397271 0.271853
-0.0183273 -0.394364 0.281016
-0.00963526 -0.392149 0.276915
0 -0.391459 0.277597
0.00963526 -0.392149 0.276915
0.0183273 -0.394152 0.274936
0.0252254 -0.397271 0.271853
0.0332057 -0.40286 0.273144
0.0311803 -0.40556 0.263662
0.0296543 -0.409917 0.259355
0.0252254 -0.413848 0.255471
0.0183273 -0.416968 0.252388
0.00963526 -0.418971 0.250408
0 -0.419661 0.249726
-0.00963525 -0.418971 0.250408
-0.0242828 -0.419016 0.257792
-0.0252254 -0.413848 0.255471
-0.0356097 -0.411966 0.26476
-0.0311803 -0.40556 0.263662
-0.0261402 -0.407838 0.275231
-0.0171702 -0.403113 0.27247
-0.0124748 -0.40099 0.274569
-0.00655842 -0.399627 0.275916
0 -0.399369 0.28246
0.00655842 -0.399627 0.275916
0.0124748 -0.40099 0.274569
0.0171701 -0.403113 0.27247
0.0201847 -0.405789 0.269826
0.0212235 -0.408755 0.266895
0.0237361 -0.413378 0.269139
0.0171701 -0.414396 0.261319
0.0124748 -0.41652 0.259221
0.00655841 -0.424796 0.261464
0 -0.418353 0.257409
-0.00655841 -0.423931 0.262479
-0.0124748 -0.41652 0.259221
-0.0231256 -0.416445 0.266724
-0.0201847 -0.411721 0.263964
-0.0212235 -0.408755 0.266895
-0.0140354 -0.409203 0.272457
-0.00869209 -0.407848 0.27169
-0.00631518 -0.408399 0.277026
-0.00332008 -0.406083 0.273434
0 -0.405845 0.273669
0.00332008 -0.406083 0.278331
0.00631517 -0.406773 0.272752
0.00869209 -0.407848 0.27169
0.0102182 -0.411314 0.274889
0.010744 -0.410704 0.268867
0.0102182 -0.412205 0.267383
0.00946881 -0.415318 0.265341
0.00631517 -0.414635 0.264982
0.00332008 -0.415325 0.2643
0 -0.415563 0.264065
-0.00332008 -0.415325 0.2643
-0.00631517 -0.414635 0.264982
-0.00952994 -0.41356 0.263721
-0.0102182 -0.412205 0.267383
-0.010744 -0.412253 0.27283
0 -0.304943 0.161852
-0.00537201 -0.410704 0.268867
0 -0.41524 0.271588
0.00537201 -0.410704 0.268867
0 -0.408275 0.271268
0.106157 -0.953044 -0.15209
0.106331 -0.95908 -0.155162
0.0842481 -0.956606 -0.16373
0.0882587 -0.950274 -0.154529
0.0527378 -0.932283 -0.172567
0.0620087 -0.929621 -0.160267
0.0724854 -0.941067 -0.157249
0.064562 -0.946407 -0.169931
0.0489975 -0.913875 -0.174515
0.0519506 -0.897918 -0.17828
0.057745 -0.900004 -0.168134
0.0574165 -0.914463 -0.165422
0.0618043 -0.883928 -0.180412
0.0736686 -0.876364 -0.177775
0.074751 -0.880007 -0.170922
0.0647959 -0.886962 -0.170581
0.0874178 -0.87321 -0.172679
0.105431 -0.874572 -0.165639
0.103151 -0.879038 -0.165021
0.0877335 -0.877647 -0.169822
0.120912 -0.881722 -0.157626
0.13176 -0.895312 -0.147702
0.125842 -0.897697 -0.150922
0.116418 -0.886513 -0.158657
0.13766 -0.912929 -0.139742
0.139814 -0.927339 -0.137148
0.13297 -0.925626 -0.14301
0.131098 -0.912578 -0.145044
0.122937 -0.948336 -0.148132
0.125196 -0.952803 -0.145969
0.107022 -0.96665 -0.158173
0.128652 -0.960284 -0.146426
0.0815979 -0.962448 -0.168346
0.0422738 -0.932986 -0.181295
0.0544497 -0.953211 -0.178435
0.0371251 -0.913025 -0.18568
0.0430647 -0.895165 -0.188915
0.0566301 -0.877971 -0.193632
0.0716845 -0.869741 -0.187144
0.090674 -0.860133 -0.179892
0.110388 -0.863973 -0.169961
0.130222 -0.870699 -0.159917
0.143927 -0.888443 -0.143291
0.149662 -0.912759 -0.12971
0.15065 -0.92996 -0.127115
0.0544808 -0.873863 -0.209935
0.0723398 -0.863436 -0.197686
0.0314464 -0.891933 -0.206932
0.0331002 -0.882684 -0.220879
0.115703 -0.847386 -0.170921
0.0892366 -0.852618 -0.184596
0.106227 -0.843772 -0.174045
0.121365 -0.824787 -0.161306
0.109022 -0.825827 -0.164185
0.096542 -0.812387 -0.163971
0.107205 -0.799225 -0.153674
0.0650387 -0.799278 -0.184835
0.069838 -0.787 -0.17277
0.0336369 -0.777452 -0.189086
0.0317641 -0.792136 -0.206423
0 -0.886856 -0.225984
0.0137352 -0.88637 -0.224705
0.0104318 -0.895937 -0.208291
0 -0.896551 -0.20719
0 -0.775793 -0.195764
0 -0.790406 -0.211059
0.0999527 -0.827085 -0.163891
0.0849006 -0.818481 -0.171771
0.0933215 -0.837011 -0.178394
0.0793103 -0.826185 -0.189235
0.0819581 -0.821195 -0.176102
0.0549435 -0.820436 -0.225069
0.0285765 -0.815083 -0.243768
0.0277332 -0.807611 -0.233244
0.0557241 -0.813353 -0.213913
0.0757211 -0.834012 -0.201414
0.086102 -0.845083 -0.192431
0.0352871 -0.8742 -0.233217
0.055347 -0.864483 -0.221114
0.0711827 -0.854098 -0.207783
0.0436879 -0.839932 -0.243539
0.051597 -0.829054 -0.234778
0.0675426 -0.841745 -0.215164
0.0557132 -0.851642 -0.228574
0.0281271 -0.824348 -0.25103
0.0257183 -0.834491 -0.255615
0 -0.838972 -0.259051
0 -0.82887 -0.253792
0.0366569 -0.864896 -0.242016
0 -0.871036 -0.256166
0.0196101 -0.869534 -0.250486
0.0185354 -0.878601 -0.239051
0 -0.879662 -0.242631
0.0304496 -0.853228 -0.252204
0.0211626 -0.845323 -0.258377
0 -0.849551 -0.262491
0.0624067 -0.760155 -0.139699
0.110824 -0.772044 -0.117614
0.0207987 -0.755276 -0.154638
0 -0.758155 -0.163534
0.0160123 -0.858012 -0.260337
0 -0.854409 -0.26515
0.0252755 -0.857121 -0.256204
0 -0.865279 -0.263574
0.0169696 -0.864625 -0.258762
0.0295058 -0.863328 -0.251963
0.00928085 -0.912799 -0.196128
0 -0.913344 -0.195996
0 -0.904035 -0.200144
0.00946197 -0.9035 -0.200814
0.027775 -0.901219 -0.198594
0.0248002 -0.912376 -0.193529
0.0238078 -0.932977 -0.18914
0.0276365 -0.953272 -0.188434
0.0093078 -0.93275 -0.191457
0.0113133 -0.952571 -0.191313
0 -0.932883 -0.191787
0 -0.952376 -0.191942
0.144962 -0.78072 -0.10892
0.138228 -0.802331 -0.138813
0.169997 -0.789299 -0.103643
0.19412 -0.801797 -0.0953893
0.174477 -0.823746 -0.13089
0.161748 -0.803985 -0.126274
0.219562 -0.82615 -0.0712126
0.201518 -0.844428 -0.10411
0.11659 -0.989319 -0.157536
0.0865763 -0.984896 -0.172129
0.0667209 -0.979754 -0.178855
0.0356658 -0.978437 -0.189166
0.0162458 -0.977512 -0.193487
0.0223843 -1.00272 -0.196423
-1.16e-06 -1.00246 -0.19855
0 -0.977089 -0.194812
0.13053 -1.05144 -0.161121
0.101667 -1.00808 -0.169456
0.13314 -1.01143 -0.152039
0.162401 -1.04844 -0.138486
0.0795239 -1.00489 -0.178568
0.100089 -1.05199 -0.178847
0.0663994 -1.05247 -0.193788
0.0458026 -1.00334 -0.190371
0.0329338 -1.05428 -0.20417
-1.008e-05 -1.05536 -0.207926
0.225914 -1.00356 -0.0521021
0.208616 -1.02972 -0.0869028
0.178053 -0.993054 -0.107719
0.193247 -0.982879 -0.0838851
0.157897 -1.00589 -0.131906
0.188601 -1.04061 -0.111378
0.191983 -0.946531 -0.0835765
0.220463 -0.958746 -0.0441235
0.141308 -0.98372 -0.141197
0.17958 -0.886706 -0.113534
0.173733 -0.922576 -0.107523
0.13946 -0.826552 -0.154359
0.139959 -0.846756 -0.160297
0.172243 -0.862979 -0.129682
0.155088 -0.848922 -0.149584
0.218524 -0.91586 -0.0395757
0.197783 -0.911742 -0.0850506
0.213125 -0.865577 -0.0863095
0.219008 -0.88568 -0.0248539
0.107841 -0.806522 0.155277
0.0968263 -0.843622 0.198297
0.132367 -0.861621 0.19054
0.146017 -0.829663 0.151461
0.174201 -0.859481 0.144706
0.155651 -0.879682 0.182912
0.173295 -0.904905 0.171561
0.188301 -0.885509 0.130434
0.20328 -0.918659 0.117588
0.186764 -0.93083 0.160931
0.195105 -0.956789 0.153339
0.214103 -0.946452 0.108135
0.254778 -1.0493 0.101173
0.241603 -1.10165 0.09172
0.258696 -1.08622 0.0488494
0.256711 -1.04256 0.0703212
0.203114 -1.16537 0.029646
0.239565 -1.12563 0.037753
0.224702 -1.13246 0.0896261
0.198562 -1.15632 0.0954912
0.156986 -1.18077 0.115424
0.14506 -1.19516 0.0975415
0.124297 -1.18348 0.153514
0.0985874 -1.1959 0.153997
0.117015 -1.14415 0.206233
0.0833959 -1.15072 0.213891
0.0918922 -1.09155 0.247735
0.125762 -1.09017 0.237897
0.139148 -1.01934 0.248096
0.134148 -0.94652 0.239893
0.102592 -0.942094 0.255129
0.0986964 -1.0138 0.263519
0.0795978 -0.867428 0.228501
0.107408 -0.876661 0.219339
0.250625 -1.02165 -0.0178452
0.241078 -0.979037 0.00016202
0.250622 -0.986674 0.0434386
0.261399 -1.03461 0.0227151
0.244759 -0.973336 0.105799
0.23913 -1.05601 -0.0487692
0.257732 -1.07689 -0.00015682
0.215958 -0.906757 0.0729527
0.233194 -0.939412 0.0611754
0.228541 -0.928404 0.0117196
0.217602 -0.896922 0.0228546
0.190231 -1.14234 -0.0550949
0.183804 -1.09423 -0.109912
0.215423 -1.07581 -0.0790099
0.230439 -1.10743 -0.0273528
0.150316 -1.15035 -0.106687
0.146929 -1.10112 -0.141005
0.0734086 -1.15503 -0.157227
0.0746654 -1.10512 -0.183426
0.111322 -1.10297 -0.165527
0.111211 -1.15387 -0.136963
0.0371674 -1.15487 -0.169247
0.0383314 -1.1057 -0.195102
-7.803e-05 -1.1542 -0.174116
-2.699e-05 -1.10674 -0.199331
0.163584 -1.17876 -0.0389666
0.135832 -1.18814 -0.0634329
0.0627453 -1.19401 -0.108078
0.0997956 -1.19354 -0.0878741
0.0318024 -1.19128 -0.124686
-3.814e-05 -1.19209 -0.127126
0.156322 -1.19734 0.00989901
0.11487 -1.21551 0.0741544
0.0641066 -1.21142 0.141048
0.0500323 -1.15877 0.214256
0.0490085 -1.0887 0.256488
0.116905 -1.21287 -0.0089327
0.0804525 -1.21892 -0.0326092
0.0408402 -1.21977 -0.0534181
0.0244313 -1.20805 -0.0872035
-7.06e-06 -1.21044 -0.0848313
0.0865053 -1.22714 0.0513382
0.0596092 -1.23068 0.0206589
0.0336819 -1.23136 0.00080956
1.42e-06 -1.1595 0.216668
1.842e-05 -1.20951 0.15221
0 -1.08859 0.259355
0.0483663 -1.22919 0.102001
3.881e-05 -1.23544 0.0326063
0.0361039 -1.23435 0.0590935
2.876e-05 -1.23354 0.0994372
0.0507484 -1.01234 0.27421
0.0517236 -0.939566 0.27192
0 -0.93771 0.277736
0 -1.01133 0.278444
0.0483535 -0.865145 0.238753
0 -0.863626 0.244888
0.0628956 -0.797467 0.165612
0.0502169 -0.835112 0.211096
0.120942 -0.779827 0.105141
0.0681359 -0.764529 0.0958366
0.0939922 -0.751366 0.00824628
0.139281 -0.761599 0.0153498
0.122496 -0.758122 -0.0621235
0.07076 -0.745476 -0.0765585
0 -0.794467 0.168574
0 -0.832349 0.21625
0 -0.766693 0.114342
0.0685873 -0.747242 0.0114122
0.0581166 -0.756661 0.0748789
0 -0.757803 0.0800737
0.0640981 -0.742199 -0.0619603
0 -0.740411 -0.115377
0 -0.736618 -0.0724273
0.198436 -0.869985 0.0861809
0.186501 -0.835021 0.101425
0.157271 -0.802427 0.108452
0.175052 -0.778801 0.0447482
0.189962 -0.801707 0.0660361
0.210059 -0.834839 0.0615095
0.212891 -0.805435 0.026697
0.20943 -0.864919 0.0393617
0.198715 -0.784622 0.00289354
0.175468 -0.77098 -0.0276014
0.155673 -0.769688 -0.0696619
0.193313 -0.784916 -0.0600557
0.173778 -0.780085 -0.0781304
0.214512 -0.800473 -0.0375124
0 -0.747109 0.038648
0.0266134 -0.746102 0.0312895
0.0418735 -0.743433 0.00706098
0.0351043 -0.74031 -0.0298983
0 -0.737498 -0.0495327
0 -0.729888 -0.028638
0.0209901 -0.73094 -0.0179321
0.0290122 -0.733332 0.0055835
0.0183685 -0.735074 0.0208949
0 -0.734833 0.0269214
0.0178357 -0.720212 0.0197567
0 -0.720109 0.0262703
0.0276792 -0.722034 0.00440606
-1e-08 -0.719837 -0.0263833
0.0186858 -0.720282 -0.018365
0.251366 -1.01391 0.113673
0.199061 -0.988366 0.149925
0.211113 -1.0222 0.146028
0.223614 -1.05676 0.142526
0.252907 -1.04783 0.11036
0.119206 -0.88198 0.214344
0.0573746 -0.805887 -0.196168
0.0273293 -0.80159 -0.216619
0 -0.806736 -0.219697
0.0554918 -0.809637 -0.201466
0.0267534 -0.804056 -0.22096
0 -0.81308 -0.234952
0 -0.809689 -0.223241
0.0828492 -0.821592 -0.172988
0.0556248 -0.810213 -0.195957
0.026798 -0.804771 -0.214343
0 -0.810283 -0.216703
0.26131 -1.09091 0.108903
0.263828 -1.06855 0.111992
0.230455 -1.18199 0.115412
0.245196 -1.15428 0.109317
0.217195 -1.19839 0.124347
0.196887 -1.21372 0.154056
0.205543 -1.208 0.137123
0.187509 -1.19382 0.198837
0.190963 -1.21063 0.174758
0.191225 -1.13618 0.240232
0.187678 -1.16728 0.222711
0.200146 -0.99306 0.251841
0.204409 -1.03341 0.256798
0.192893 -0.924527 0.235639
0.195444 -0.904077 0.228926
0.202335 -1.06913 0.25708
0.197015 -1.10114 0.251701
0.263973 -1.06054 0.116158
0.240476 -1.15192 0.124203
0.235043 -1.09444 0.146275
0.227783 -1.15683 0.143897
0.234285 -1.15583 0.132546
0.235915 -1.13744 0.201342
0.23137 -1.08437 0.168551
0.224275 -1.06343 0.179404
0.237816 -1.12335 0.213515
0.201795 -0.900554 0.223596
0.20686 -0.936467 0.21914
0.209385 -0.956204 0.22106
0.176803 -0.941363 0.195721
0.244698 -1.02845 0.236735
0.208251 -1.00869 0.193538
0.199468 -0.974989 0.192693
0.227651 -0.992275 0.229511
0.245743 -1.05576 0.236931
0.214475 -1.03398 0.189583
0.239865 -1.10929 0.225724
0.243667 -1.0848 0.232274
0.306815 -1.17611 0.156418
0.304838 -1.16835 0.148391
0.298248 -1.13526 0.142187
0.298668 -1.13135 0.145651
0.320902 -1.26091 0.176166
0.316799 -1.25324 0.166973
0.311349 -1.21459 0.158848
0.313807 -1.22288 0.167544
0.334945 -1.31202 0.206214
0.325394 -1.30611 0.196103
0.322255 -1.28891 0.181069
0.329328 -1.29551 0.190737
0.359991 -1.33177 0.248695
0.345479 -1.32606 0.238031
0.331547 -1.31592 0.214892
0.343536 -1.32153 0.225362
0.382282 -1.30989 0.305262
0.364956 -1.30249 0.295586
0.359259 -1.32532 0.265076
0.375757 -1.3316 0.27555
0.394856 -1.20831 0.35506
0.377438 -1.20314 0.345873
0.371862 -1.25663 0.327016
0.389622 -1.2631 0.336667
0.393609 -1.08131 0.3634
0.377769 -1.08102 0.355034
0.382532 -1.14107 0.355577
0.399408 -1.14381 0.36455
0.335852 -0.970303 0.297233
0.374294 -1.02931 0.346562
0.364434 -1.03314 0.332992
0.331181 -0.975637 0.289161
0.287213 -1.09711 0.135857
0.289337 -1.10828 0.13294
0.276722 -1.08758 0.122872
0.276419 -1.07901 0.126739
0.287892 -1.13953 0.145904
0.275336 -1.11322 0.130341
0.273503 -1.15193 0.129489
0.289856 -1.18159 0.149296
0.290617 -1.2129 0.154821
0.268419 -1.179 0.133371
0.265018 -1.20026 0.13852
0.292682 -1.24001 0.163414
0.29082 -1.25513 0.177187
0.257976 -1.21374 0.151665
0.255434 -1.21887 0.163589
0.293402 -1.26274 0.19135
0.302187 -1.27025 0.209702
0.257737 -1.22331 0.181258
0.265121 -1.22111 0.211213
0.313152 -1.26915 0.23745
0.319142 -1.25185 0.259525
0.272068 -1.20406 0.230453
0.27594 -1.18016 0.247892
0.324483 -1.21901 0.282741
0.32934 -1.1793 0.300074
0.279925 -1.15114 0.264179
0.285122 -1.11422 0.27073
0.334532 -1.13173 0.308066
0.334393 -1.08119 0.311156
0.287558 -1.0736 0.276595
0.283253 -1.03901 0.271078
0.325185 -1.0398 0.300738
0.297935 -0.983618 0.280247
0.324252 -0.97223 0.295319
0.268373 -0.928797 0.249719
0.254964 -0.943077 0.249844
0.332408 -1.0816 0.319736
0.359939 -1.0305 0.339884
0.32188 -1.03706 0.309714
0.327264 -1.18454 0.308582
0.333063 -1.13251 0.318474
0.317253 -1.26955 0.262537
0.322105 -1.23013 0.290705
0.305693 -1.29263 0.210143
0.314051 -1.29116 0.23462
0.296915 -1.27378 0.172934
0.298031 -1.28362 0.189462
0.298505 -1.22241 0.148406
0.298364 -1.25661 0.160033
0.293113 -1.14248 0.135973
0.296734 -1.18585 0.142542
0.302739 -0.985979 0.272606
0.264503 -0.999372 0.25539
0.238447 -0.959479 0.235748
0.261511 -0.947216 0.240404
0.255377 -1.12361 0.107903
0.279385 -1.10793 0.123233
0.276926 -1.15386 0.125559
0.273603 -1.18658 0.129173
0.266533 -1.21752 0.137198
0.260955 -1.23206 0.145146
0.253881 -1.24405 0.161956
0.254474 -1.25086 0.176164
0.255101 -1.24855 0.20205
0.2537 -1.22653 0.231879
0.257552 -1.19741 0.252066
0.261148 -1.15501 0.272213
0.267373 -1.11742 0.279568
0.194345 -0.953021 0.243266
0.24911 -0.995963 0.263512
0.226781 -0.952125 0.246887
0.265328 -1.03864 0.277776
0.269033 -1.07228 0.283532
0.262384 -1.06733 0.118928
0.274981 -1.08624 0.130549
0.25973 -1.08936 0.117832
0.248377 -1.07416 0.116883
0.254338 -1.12092 0.116552
0.246289 -1.14042 0.118646
0.23939 -1.09009 0.126955
0.22455 -1.15502 0.163319
0.226761 -1.15079 0.182688
0.20655 -0.916274 0.220428
0.128941 -0.889815 0.209207
0.276811 -0.926665 0.246715
0.277488 -0.934158 0.2434
0.152872 -0.917863 0.202464
0.301001 -1.16645 0.156823
0.306722 -1.21174 0.16607
0.295966 -1.13385 0.148553
0.313117 -1.24733 0.173723
0.320862 -1.27978 0.187174
0.325919 -1.29578 0.20163
0.333713 -1.30528 0.219495
0.348884 -1.3149 0.241146
0.363396 -1.31477 0.265872
0.36921 -1.295 0.292963
0.375672 -1.25167 0.322114
0.380336 -1.20095 0.339344
0.384862 -1.14083 0.348707
0.380639 -1.08206 0.348172
0.287099 -1.10641 0.141432
-0.0969355 -0.125404 -0.0384169
-0.111211 -0.126342 -0.0353741
-0.109485 -0.0959038 -0.0221575
-0.0972633 -0.0965884 -0.0248447
-0.0854617 -0.0961877 -0.0221389
-0.0756448 -0.094381 -0.0149501
-0.0712022 -0.124504 -0.0265284
-0.0827242 -0.124776 -0.0352235
-0.061628 -0.125558 0.00496707
-0.0637012 -0.12464 -0.0109309
-0.0673686 -0.0930351 -0.0021365
-0.0639812 -0.0934555 0.013448
-0.0851162 -0.0972997 0.0500721
-0.0976354 -0.0992796 0.0526436
-0.0974757 -0.130269 0.0491973
-0.0838354 -0.129358 0.0463245
-0.0672819 -0.0953197 0.0296095
-0.074662 -0.0966625 0.0425478
-0.0725328 -0.128403 0.0380451
-0.0651876 -0.127269 0.0245931
-0.122961 -0.131705 0.0357795
-0.111378 -0.1312 0.0455488
-0.110707 -0.100154 0.0497288
-0.122166 -0.098925 0.0413112
-0.129657 -0.096102 0.0280019
-0.131821 -0.0952026 0.0121503
-0.132902 -0.129905 0.0045313
-0.130381 -0.131279 0.0214146
-0.123055 -0.127473 -0.026319
-0.130543 -0.12865 -0.0124418
-0.128825 -0.0941663 -0.00208136
-0.120157 -0.0940823 -0.0145251
-0.149681 -0.193732 -0.0552819
-0.163029 -0.196909 -0.0323316
-0.150784 -0.150739 -0.0262823
-0.140191 -0.149669 -0.0457653
-0.163338 -0.200497 0.0240085
-0.149822 -0.152391 0.0218217
-0.153969 -0.151522 -0.00181629
-0.167974 -0.199053 -0.00374934
-0.13132 -0.195659 0.0599424
-0.1233 -0.150374 0.0536108
-0.139215 -0.151932 0.0407967
-0.150492 -0.199384 0.0457069
-0.0869119 -0.184615 0.0585436
-0.0853885 -0.14734 0.0546004
-0.104303 -0.148661 0.0584717
-0.108685 -0.19071 0.0642793
-0.056806 -0.175624 0.0249816
-0.0592769 -0.145701 0.02539
-0.0695788 -0.14638 0.0433329
-0.0687271 -0.179027 0.0445151
-0.051635 -0.172978 -0.0300824
-0.056896 -0.143993 -0.0230277
-0.0536057 -0.145944 -0.00065751
-0.0500764 -0.17435 -0.00431072
-0.0833216 -0.178234 -0.0697749
-0.0840048 -0.144363 -0.057308
-0.0679907 -0.143453 -0.0450471
-0.0648329 -0.174271 -0.0553757
-0.12949 -0.189199 -0.0705455
-0.123553 -0.148033 -0.0581611
-0.103673 -0.146088 -0.0620534
-0.105827 -0.183653 -0.0753703
-0.155436 -0.23683 0.0526464
-0.134191 -0.231415 0.0670814
-0.173977 -0.237157 -0.00017003
-0.169344 -0.238927 0.0294074
-0.152237 -0.229835 -0.0542544
-0.167591 -0.234086 -0.0303485
-0.106145 -0.213873 -0.0758196
-0.130842 -0.222685 -0.0698778
-0.0601205 -0.198021 -0.0561004
-0.0821626 -0.204718 -0.0708656
-0.10954 -0.223004 0.0710297
-0.0863111 -0.212584 0.0636304
-0.0660398 -0.203404 0.046734
-0.0559854 -0.198983 0.0280008
-0.0483097 -0.19578 -0.00371395
-0.0502383 -0.195688 -0.0309726
-0.041141 -0.224602 0.00301907
-0.0220251 -0.222411 0.00288947
-0.0251529 -0.224087 -0.0243966
-0.0472747 -0.227682 -0.0243582
-0.114357 -0.297842 -0.102881
-0.144619 -0.311842 -0.085449
-0.139582 -0.295834 -0.0716772
-0.111996 -0.281562 -0.083222
-0.167029 -0.3248 -0.0588275
-0.181111 -0.333073 -0.0242061
-0.177684 -0.31528 -0.0219458
-0.161776 -0.308459 -0.0515687
-0.189256 -0.338318 0.0174215
-0.185484 -0.340364 0.0555135
-0.182671 -0.320447 0.0501936
-0.186398 -0.319242 0.0153485
-0.168932 -0.336996 0.0860875
-0.144187 -0.328043 0.11008
-0.141834 -0.306926 0.0971903
-0.166672 -0.316034 0.078026
-0.114406 -0.313527 0.126939
-0.0802235 -0.296328 0.134649
-0.0829508 -0.27408 0.105593
-0.113132 -0.291773 0.107583
-0.0300437 -0.232474 0.0617777
-0.0261366 -0.22595 0.0365549
-0.0490789 -0.230868 0.0382175
-0.0598675 -0.238481 0.0614362
-2e-08 -0.257368 0.119953
-0.0189763 -0.242249 0.0919526
-0.0522961 -0.255807 0.100943
-0.0415188 -0.274444 0.132344
-0.0412637 -0.263524 -0.114993
-0.079416 -0.283501 -0.113288
-0.0817812 -0.267003 -0.086661
-0.051665 -0.249702 -0.0861722
-2e-08 -0.24899 -0.10741
-0.0188252 -0.236962 -0.0812492
-1.02e-06 -0.277433 -0.140036
-0.0395732 -0.283433 -0.139206
-0.0784748 -0.302229 -0.136147
-8.4e-07 -0.307248 -0.159735
-4.8e-07 -0.342085 -0.174786
-0.042095 -0.344838 -0.172271
-0.040742 -0.311923 -0.158028
-0.082043 -0.352872 -0.162356
-0.0800555 -0.325965 -0.151276
-0.11872 -0.336232 -0.132103
-0.119373 -0.359478 -0.140032
-0.149792 -0.368302 -0.110282
-0.150395 -0.347888 -0.105066
-0.116735 -0.315176 -0.120962
-0.14852 -0.328776 -0.0979122
-0.172276 -0.359681 -0.0695309
-0.17079 -0.378453 -0.0729135
-0.183019 -0.389903 -0.0290958
-0.184647 -0.370255 -0.0275138
-0.170867 -0.341569 -0.0655354
-0.183557 -0.351002 -0.0264159
-0.190872 -0.380194 0.0198957
-0.188047 -0.403137 0.0189306
-0.181342 -0.412437 0.0643746
-0.185499 -0.386283 0.0637895
-0.190749 -0.35761 0.0188095
-0.186437 -0.360666 0.0598989
-0.165087 -0.415195 0.100413
-0.142081 -0.412111 0.132454
-0.144886 -0.380344 0.130353
-0.168795 -0.386374 0.0993364
-0.16958 -0.358342 0.0930332
-0.145168 -0.350085 0.12104
-0.114962 -0.337148 0.143231
-0.0789595 -0.322214 0.156993
-0.0399744 -0.302137 0.159666
-2.82e-06 -0.295743 0.160517
-1.56e-06 -0.38528 0.191965
-2.28e-06 -0.337688 0.183501
-0.0400489 -0.342878 0.180921
-0.0400245 -0.388643 0.188341
-0.113101 -0.406048 0.159342
-0.0784217 -0.398494 0.177727
-0.0787329 -0.358606 0.173102
-0.114839 -0.37034 0.156007
-2e-08 -0.409142 -0.184458
-0.0410749 -0.409918 -0.176152
-0.0424361 -0.380538 -0.177303
-4e-08 -0.380052 -0.183162
-0.0805029 -0.411908 -0.161913
-0.0824492 -0.381943 -0.164599
-0.144502 -0.423107 -0.110623
-0.147319 -0.389226 -0.111141
-0.118176 -0.3839 -0.141228
-0.115749 -0.416113 -0.139687
-0.164462 -0.429009 -0.074787
-0.175407 -0.437444 -0.033131
-0.179584 -0.409306 -0.0309423
-0.167621 -0.397306 -0.0741602
-0.176773 -0.444848 0.00856167
-0.167264 -0.453749 0.0523851
-0.174708 -0.437431 0.0592997
-0.183052 -0.425249 0.0145965
-0.150963 -0.45949 0.0828451
-0.128493 -0.462344 0.110025
-0.136498 -0.4422 0.123716
-0.158707 -0.442385 0.0931117
-0.101291 -0.463827 0.131642
-0.069806 -0.464572 0.144953
-0.0759233 -0.436953 0.166209
-0.108766 -0.440105 0.149102
1e-08 -0.465076 0.154552
-1.2e-07 -0.43183 0.180034
-0.0387085 -0.433156 0.176455
-0.0350932 -0.464945 0.152051
-0.0584995 -0.633948 -0.11656
-0.0719474 -0.636661 -0.102628
-0.0918768 -0.60054 -0.119539
-0.073519 -0.599691 -0.138094
-0.0202531 -0.637744 -0.132039
-0.0409187 -0.636211 -0.125374
-0.0520414 -0.598836 -0.154237
-0.026918 -0.598058 -0.165482
-2e-08 -0.597791 -0.16933
0.00012428 -0.637303 -0.134908
0 -0.512281 -0.193384
0 -0.540234 -0.197149
-0.0360954 -0.539852 -0.192249
-0.0394699 -0.511588 -0.188697
-0.0750336 -0.509576 -0.175095
-0.0700157 -0.538737 -0.177967
-0.140597 -0.498914 -0.124453
-0.110774 -0.505514 -0.152616
-0.102117 -0.53635 -0.155616
-0.129411 -0.532046 -0.128365
-0.14985 -0.525263 -0.0955337
-0.161483 -0.516249 -0.0514084
-0.17327 -0.477025 -0.0472468
-0.162237 -0.489218 -0.0897795
-0.154859 -0.467102 0.0493086
-0.170079 -0.469239 0.00472525
-0.157081 -0.50851 0.00384468
-0.14005 -0.50466 0.0427245
-0.115996 -0.504597 0.074967
-0.0926918 -0.505256 0.096088
-0.110192 -0.473067 0.110796
-0.13406 -0.469917 0.0845438
-0.0578988 -0.480371 0.145318
-0.0843684 -0.475907 0.129881
-0.0694922 -0.506021 0.11188
-0.0462347 -0.507727 0.125028
0 -0.485608 0.159048
-0.0306013 -0.484276 0.155556
-0.023629 -0.509279 0.133606
0 -0.509809 0.136535
-0.0835083 -0.639232 -0.0887332
-0.0908679 -0.642663 -0.0778575
-0.113302 -0.608795 -0.0798229
-0.105743 -0.602899 -0.0989369
-0.136651 -0.550739 -0.0943614
-0.13298 -0.57652 -0.0733319
-0.141075 -0.565288 -0.0395975
-0.147738 -0.545036 -0.0459863
-0.144433 -0.538551 0.00238304
-0.138844 -0.558766 -0.00015576
-0.125955 -0.560045 0.032661
-0.128862 -0.536249 0.0374294
-0.0715165 -0.635715 0.0705717
-0.0610041 -0.625675 0.0736436
-0.074544 -0.588646 0.076888
-0.0859363 -0.600465 0.0689513
-0.0499748 -0.615491 0.0830106
-0.0637381 -0.580332 0.0866237
-0.0305522 -0.60927 0.0923201
-0.0346706 -0.57571 0.100483
-0.0508237 -0.575681 0.0943892
-0.0438865 -0.600248 0.0901786
7.212e-05 -0.59594 0.099915
3.757e-05 -0.572079 0.106856
-0.0166337 -0.574467 0.104752
-0.0117606 -0.607727 0.0962718
-0.074237 -0.67504 -0.0665383
-0.0652129 -0.671534 -0.0732446
-0.048341 -0.658176 -0.0992899
-0.0537544 -0.669505 -0.0843311
-0.0130764 -0.674396 -0.0990365
-0.0323298 -0.669909 -0.0960714
0.00056213 -0.662548 -0.111254
0.011941 -0.607546 0.0963008
0.00020179 -0.648226 0.0871535
-0.0321005 -0.648351 0.0815188
-0.0512786 -0.660357 0.0700262
-0.062137 -0.666777 0.0657149
-2e-08 -0.567783 -0.187168
-0.0328 -0.567702 -0.182551
-0.0634974 -0.567468 -0.169064
-0.0911501 -0.565931 -0.148918
-0.115544 -0.561222 -0.124786
-0.098262 -0.535385 0.074478
-0.105916 -0.567701 0.0608519
-0.0792772 -0.53985 0.0912964
-0.0609293 -0.541631 0.100698
-0.0405505 -0.542118 0.110191
6.02e-06 -0.54192 0.11716
-0.0200829 -0.542071 0.115067
-0.0381306 -0.428111 -0.175795
-2e-08 -0.426913 -0.182522
-2e-08 -0.457031 -0.191717
-0.0375783 -0.457047 -0.186147
-0.0729434 -0.457278 -0.171712
-0.0739425 -0.431303 -0.161495
-0.106478 -0.456071 -0.1488
-0.134225 -0.455801 -0.120035
-0.133903 -0.436856 -0.111139
-0.106809 -0.432879 -0.139009
-0.154095 -0.454254 -0.0840834
-0.164796 -0.45333 -0.0422028
-0.163766 -0.443745 -0.0363148
-0.153114 -0.439477 -0.0756924
-0.164503 -0.454716 0.0056527
-0.165005 -0.447925 0.00647072
-0.153707 -0.457468 0.0481614
-0.155987 -0.452831 0.0486263
-0.135825 -0.461013 0.0762036
-0.139748 -0.457271 0.0769592
-0.113478 -0.464634 0.100644
-0.118097 -0.461168 0.101681
-0.0884491 -0.467352 0.119322
-0.0609255 -0.46909 0.132201
-0.0643668 -0.465316 0.133791
-0.0928875 -0.46372 0.120916
-5e-08 -0.46657 0.144036
-0.0326911 -0.466244 0.141366
-0.0309652 -0.470071 0.139964
-2e-08 -0.470416 0.142689
-0.0572257 -0.23475 -0.0528183
-0.0298566 -0.229845 -0.0532432
-0.174011 -0.277177 0.0378461
-0.159318 -0.273806 0.0626322
-0.178331 -0.275341 0.00679232
-0.170513 -0.271555 -0.0248126
-0.153593 -0.266333 -0.0491637
-0.131941 -0.256589 -0.0642099
-0.107123 -0.244573 -0.071424
-0.082246 -0.231654 -0.067632
-0.0566335 -0.222225 -0.0536002
-0.0489243 -0.218229 -0.0275233
-0.0446602 -0.21639 0.00012518
-0.0529809 -0.221245 0.034126
-0.0622266 -0.226274 0.053295
-0.0852868 -0.239138 0.0728773
-0.109748 -0.254054 0.0817102
-0.136136 -0.266426 0.0774069
-0.138599 -0.122096 0.0259735
-0.141598 -0.120322 0.0050738
-0.129602 -0.122689 0.0437578
-0.115417 -0.12206 0.0558857
-0.0983367 -0.120869 0.060384
-0.0816192 -0.119674 0.0567504
-0.0678445 -0.118385 0.0464344
-0.0590617 -0.116816 0.0297728
-0.0548584 -0.114646 0.00557256
-0.0573297 -0.11341 -0.0141335
-0.0664107 -0.113194 -0.0335338
-0.0804231 -0.113579 -0.0442153
-0.0977733 -0.114458 -0.0481325
-0.115207 -0.115735 -0.0443599
-0.129645 -0.117226 -0.03316
-0.138739 -0.118733 -0.015985
-0.0676298 -0.695699 -0.0490354
-0.0549041 -0.694232 -0.0543509
-0.0526087 -0.706835 -0.0277242
-0.066775 -0.707546 -0.0246106
-0.0674082 -0.709788 0.00029682
-0.0549116 -0.708702 -0.00112087
-0.0505132 -0.70541 0.0288968
-0.0667831 -0.705822 0.0268753
-0.049605 -0.692647 0.0566566
-0.0633249 -0.694651 0.0526771
-0.131254 -0.582063 -0.0320549
-0.129797 -0.575869 -0.00241698
-0.119242 -0.580597 0.0268394
-0.123181 -0.596465 -0.053845
-0.111215 -0.618591 -0.0654326
-0.0960781 -0.645053 -0.0680651
-0.083529 -0.671412 -0.0598118
-0.078354 -0.69326 -0.0427522
-0.0785194 -0.703193 -0.0227767
-0.0797789 -0.70653 0.00128713
-0.076575 -0.700911 0.0276459
-0.0725186 -0.686101 0.0479389
-0.0701848 -0.664606 0.0611109
-0.0795288 -0.641209 0.0661244
-0.0900191 -0.612572 0.0604554
-0.105239 -0.594211 0.0475952
-0.0840281 -0.2471 -0.065804
-0.109414 -0.264103 -0.0690522
-0.134611 -0.279334 -0.0610552
-0.156539 -0.292291 -0.0462288
-0.17411 -0.298673 -0.0208429
-0.183048 -0.303569 0.0129331
-0.179216 -0.305741 0.0458118
-0.163771 -0.301306 0.0722628
-0.138934 -0.291994 0.0881577
-0.110867 -0.275225 0.0932442
-0.0852429 -0.255362 0.0829282
-2e-08 -0.221534 0.00283754
1e-08 -0.222675 -0.0244117
-2e-08 -0.224037 0.0359083
-2e-08 -0.230397 0.0618957
0 -0.228001 -0.0534028
-0.0718731 -0.681007 0.0414877
-0.0681453 -0.66175 0.0527227
-0.0844949 -0.66459 0.052611
-0.0857682 -0.682294 0.0408491
-0.0880233 -0.694802 0.0230976
-0.0766892 -0.694748 0.023951
-0.0898919 -0.700004 0.00096169
-0.0802996 -0.69949 0.00111916
-0.0788779 -0.696475 -0.0197567
-0.0894179 -0.696342 -0.019998
-0.0783071 -0.687111 -0.0369656
-0.0898274 -0.6865 -0.0367154
-0.0944044 -0.668385 -0.0507508
-0.0817133 -0.666677 -0.0514435
-0.104125 -0.646556 -0.056817
-0.0914888 -0.641923 -0.0583061
-0.116043 -0.625302 -0.0537659
-0.103506 -0.616898 -0.0559133
-0.124927 -0.608091 -0.0432502
-0.112804 -0.595979 -0.0457518
-0.131799 -0.594905 -0.0258438
-0.119494 -0.581895 -0.0275857
-0.117596 -0.576163 -0.00249363
-0.131186 -0.588316 -0.00231535
-0.107832 -0.582161 0.022753
-0.122591 -0.59262 0.0222634
-0.0959394 -0.595454 0.0404812
-0.112556 -0.604204 0.039997
-0.0828111 -0.613895 0.0518402
-0.100487 -0.620882 0.0519456
-0.0919996 -0.645348 0.0570243
-0.075387 -0.640232 0.0573566
0.115207 -0.115735 -0.0443599
0.0977733 -0.114458 -0.0481325
0.0973237 -0.11456 -0.0425153
0.112932 -0.115646 -0.0391626
0.0692176 -0.1135 -0.0294805
0.0817883 -0.113822 -0.0390159
0.0804231 -0.113579 -0.0442153
0.0664107 -0.113194 -0.0335338
0.0573296 -0.11341 -0.0141335
0.0548584 -0.114646 0.00557255
0.0588138 -0.114728 0.00524918
0.0610528 -0.113672 -0.0122659
0.0978702 -0.120094 0.0539723
0.0829295 -0.11906 0.050774
0.0816192 -0.119674 0.0567504
0.0983367 -0.12087 0.060384
0.0705849 -0.11796 0.041628
0.0626398 -0.116635 0.0268134
0.0590617 -0.116816 0.0297728
0.0678445 -0.118385 0.0464344
0.115417 -0.12206 0.0558857
0.129602 -0.122689 0.0437578
0.125799 -0.121694 0.0391922
0.113117 -0.121136 0.0499637
0.136602 -0.119649 0.00478804
0.133882 -0.121195 0.023376
0.138599 -0.122096 0.0259735
0.141598 -0.120322 0.00507378
0.138739 -0.118733 -0.015985
0.129645 -0.117226 -0.03316
0.125869 -0.116932 -0.0291975
0.134033 -0.11825 -0.0139207
0.150784 -0.150739 -0.0262823
0.163029 -0.196909 -0.0323316
0.149681 -0.193732 -0.0552819
0.140191 -0.149669 -0.0457653
0.153969 -0.151521 -0.00181625
0.149822 -0.152391 0.0218217
0.163338 -0.200497 0.0240084
0.167974 -0.199052 -0.00374935
0.139215 -0.151932 0.0407967
0.1233 -0.150374 0.0536109
0.13132 -0.195659 0.0599424
0.150492 -0.199383 0.0457069
0.104303 -0.148661 0.0584717
0.0853885 -0.14734 0.0546004
0.0869119 -0.184615 0.0585437
0.108685 -0.19071 0.0642793
0.0695788 -0.14638 0.0433329
0.0592769 -0.145701 0.02539
0.0568059 -0.175624 0.0249816
0.0687271 -0.179027 0.0445151
0.0536057 -0.145943 -0.00065746
0.056896 -0.143993 -0.0230276
0.051635 -0.172978 -0.0300824
0.0500764 -0.17435 -0.0043107
0.0679907 -0.143453 -0.0450471
0.0840048 -0.144364 -0.057308
0.0833216 -0.178234 -0.0697749
0.0648328 -0.174271 -0.0553757
0.103673 -0.146088 -0.0620534
0.123553 -0.148034 -0.0581611
0.12949 -0.189199 -0.0705455
0.105827 -0.183653 -0.0753702
0.155436 -0.23683 0.0526465
0.134191 -0.231415 0.0670814
0.173977 -0.237157 -0.00017002
0.169344 -0.238927 0.0294074
0.167591 -0.234086 -0.0303484
0.152236 -0.229835 -0.0542544
0.130842 -0.222685 -0.0698778
0.106145 -0.213873 -0.0758196
0.0601164 -0.198022 -0.0561032
0.082163 -0.204718 -0.0708657
0.0863116 -0.212584 0.063631
0.10954 -0.223004 0.0710297
0.0559854 -0.198983 0.0280008
0.0660378 -0.203405 0.0467333
0.0502382 -0.195688 -0.0309726
0.0483097 -0.19578 -0.00371391
0.0251528 -0.224087 -0.0243966
0.022025 -0.222411 0.00288944
0.0411409 -0.224602 0.00301907
0.0472747 -0.227682 -0.0243582
0.139582 -0.295834 -0.0716772
0.144619 -0.311843 -0.085449
0.114357 -0.297842 -0.102881
0.111996 -0.281562 -0.083222
0.177684 -0.31528 -0.0219457
0.181111 -0.333074 -0.0242062
0.167029 -0.3248 -0.0588275
0.161776 -0.308459 -0.0515687
0.182671 -0.320447 0.0501936
0.185484 -0.340364 0.0555134
0.189256 -0.338318 0.0174216
0.186398 -0.319241 0.0153486
0.141834 -0.306926 0.0971903
0.144187 -0.328043 0.11008
0.168932 -0.336996 0.0860875
0.166672 -0.316034 0.078026
0.0829481 -0.27409 0.105583
0.0802236 -0.296328 0.134649
0.114406 -0.313527 0.126939
0.113132 -0.291773 0.107583
0.0490789 -0.230868 0.0382175
0.0261366 -0.22595 0.0365549
0.0300436 -0.232473 0.0617776
0.0598675 -0.238481 0.0614362
0.0522908 -0.255757 0.100969
0.0189674 -0.242178 0.0920098
0.0415174 -0.274435 0.13235
0.0817794 -0.267007 -0.0866566
0.079416 -0.283501 -0.113288
0.0412629 -0.263519 -0.114995
0.0516606 -0.249676 -0.0861829
0.0188176 -0.236924 -0.0812738
0.0395712 -0.283432 -0.139206
0.0784749 -0.302229 -0.136147
0.0420941 -0.344838 -0.172271
0.0407404 -0.311923 -0.158029
0.0800556 -0.325965 -0.151276
0.082043 -0.352872 -0.162356
0.149792 -0.368302 -0.110282
0.119373 -0.359478 -0.140032
0.11872 -0.336232 -0.132103
0.150395 -0.347887 -0.105066
0.14852 -0.328776 -0.0979122
0.116735 -0.315176 -0.120962
0.183019 -0.389903 -0.0290957
0.17079 -0.378453 -0.0729135
0.172276 -0.359681 -0.0695309
0.184647 -0.370255 -0.0275137
0.183557 -0.351002 -0.0264159
0.170867 -0.341569 -0.0655353
0.181342 -0.412437 0.0643745
0.188047 -0.403137 0.0189306
0.190872 -0.380194 0.0198957
0.185499 -0.386283 0.0637894
0.186437 -0.360666 0.0598989
0.190749 -0.35761 0.0188095
0.144886 -0.380344 0.130353
0.142081 -0.412111 0.132454
0.165087 -0.415195 0.100413
0.168795 -0.386374 0.0993365
0.145168 -0.350085 0.12104
0.16958 -0.358342 0.0930332
0.0789597 -0.322213 0.156993
0.114962 -0.337148 0.143231
0.039969 -0.302135 0.159666
0.0400445 -0.342877 0.180922
0.0400215 -0.388643 0.188342
0.0787331 -0.358606 0.173102
0.0784218 -0.398494 0.177727
0.1131 -0.406048 0.159342
0.114839 -0.37034 0.156007
0.0410748 -0.409918 -0.176153
0.0424359 -0.380538 -0.177303
0.0805029 -0.411908 -0.161913
0.0824493 -0.381943 -0.164599
0.118176 -0.3839 -0.141228
0.147319 -0.389226 -0.111141
0.144502 -0.423107 -0.110623
0.115748 -0.416113 -0.139687
0.175407 -0.437443 -0.033131
0.164462 -0.429009 -0.074787
0.167621 -0.397307 -0.0741602
0.179584 -0.409306 -0.0309424
0.167264 -0.453749 0.0523851
0.176773 -0.444848 0.00856167
0.183052 -0.425249 0.0145965
0.174708 -0.437431 0.0592996
0.128493 -0.462344 0.110025
0.150963 -0.45949 0.0828452
0.158707 -0.442385 0.0931118
0.136498 -0.442201 0.123716
0.069806 -0.464573 0.144953
0.101291 -0.463827 0.131642
0.108766 -0.440105 0.149102
0.0759235 -0.436954 0.166209
0.0387083 -0.433156 0.176455
0.0350932 -0.464945 0.152051
0.0918768 -0.60054 -0.119539
0.072188 -0.636481 -0.102531
0.0587886 -0.633799 -0.116478
0.073519 -0.599691 -0.138094
0.0520414 -0.598836 -0.154237
0.0413372 -0.636031 -0.125254
0.0207503 -0.637641 -0.131954
0.0269179 -0.598058 -0.165482
0.0360953 -0.539852 -0.192249
0.0394699 -0.511588 -0.188697
0.0750335 -0.509576 -0.175095
0.0700157 -0.538737 -0.177967
0.110774 -0.505514 -0.152616
0.140597 -0.498914 -0.124453
0.129411 -0.532046 -0.128365
0.102117 -0.53635 -0.155616
0.17327 -0.477025 -0.0472467
0.161483 -0.516249 -0.0514084
0.14985 -0.525263 -0.0955337
0.162237 -0.489218 -0.0897794
0.170079 -0.469238 0.00472533
0.154859 -0.467102 0.0493087
0.14005 -0.50466 0.0427245
0.157081 -0.50851 0.0038447
0.110192 -0.473067 0.110796
0.0926918 -0.505256 0.096088
0.115995 -0.504598 0.074967
0.13406 -0.469917 0.0845438
0.0843684 -0.475907 0.129881
0.0578987 -0.480371 0.145318
0.0462347 -0.507727 0.125027
0.0694922 -0.506022 0.11188
0.0306013 -0.484276 0.155556
0.023629 -0.509279 0.133606
0.0375783 -0.457047 -0.186147
0.0381304 -0.428111 -0.175795
0.0729433 -0.457278 -0.171711
0.0739424 -0.431303 -0.161495
0.134225 -0.455801 -0.120035
0.106478 -0.456071 -0.1488
0.106808 -0.432879 -0.139009
0.133903 -0.436856 -0.111139
0.164796 -0.45333 -0.0422029
0.154095 -0.454253 -0.0840833
0.153114 -0.439477 -0.0756924
0.163766 -0.443744 -0.0363148
0.153706 -0.457468 0.0481615
0.164503 -0.454716 0.00565279
0.165005 -0.447925 0.00647072
0.155987 -0.452831 0.0486263
0.113478 -0.464634 0.100644
0.135825 -0.461012 0.0762036
0.139748 -0.457271 0.0769591
0.118097 -0.461168 0.10168
0.0609255 -0.469089 0.132201
0.0884491 -0.467352 0.119322
0.0928874 -0.46372 0.120916
0.0643668 -0.465316 0.133791
0.0326909 -0.466244 0.141366
0.0309652 -0.470071 0.139964
0.113302 -0.608795 -0.0798229
0.0908678 -0.642663 -0.0778575
0.0836547 -0.6391 -0.0887019
0.105743 -0.602899 -0.0989369
0.141075 -0.565288 -0.0395976
0.13298 -0.57652 -0.0733319
0.136651 -0.550739 -0.0943615
0.147738 -0.545036 -0.0459863
0.125955 -0.560045 0.032661
0.138844 -0.558765 -0.00015574
0.144433 -0.538551 0.00238304
0.128862 -0.536249 0.0374294
0.07455 -0.588639 0.0768862
0.0610356 -0.625624 0.0736433
0.0715383 -0.635644 0.0704713
0.0859363 -0.600465 0.0689513
0.0637708 -0.580247 0.0866299
0.050124 -0.615034 0.0830832
0.0508494 -0.575638 0.0943883
0.0347265 -0.575623 0.100498
0.0306613 -0.609129 0.0923191
0.0439801 -0.600037 0.0902009
0.0167145 -0.57443 0.104755
0.0744945 -0.674822 -0.0665303
0.0657015 -0.671178 -0.07322
0.0544808 -0.669083 -0.0840963
0.0490487 -0.657834 -0.0990975
0.0334943 -0.669573 -0.095902
0.0146253 -0.674526 -0.0985263
0.0322936 -0.648147 0.0815135
0.0512923 -0.660336 0.0700284
0.0621763 -0.666794 0.0658866
0.0328 -0.567702 -0.182551
0.0634974 -0.567468 -0.169064
0.0911501 -0.565931 -0.148917
0.115544 -0.561222 -0.124786
0.0982619 -0.535385 0.074478
0.105916 -0.567702 0.0608518
0.0792771 -0.53985 0.0912964
0.0609294 -0.541631 0.100698
0.0405612 -0.542116 0.110189
0.0200957 -0.542076 0.115063
0.0572257 -0.23475 -0.0528183
0.0298566 -0.229845 -0.0532432
0.174011 -0.277177 0.0378461
0.159318 -0.273806 0.0626322
0.163771 -0.301306 0.0722628
0.179216 -0.305741 0.0458118
0.178331 -0.275341 0.00679232
0.183048 -0.303569 0.0129331
0.17411 -0.298673 -0.0208429
0.170513 -0.271556 -0.0248126
0.156539 -0.292291 -0.0462289
0.153593 -0.266333 -0.0491637
0.134611 -0.279333 -0.0610552
0.131941 -0.256589 -0.0642099
0.109414 -0.264103 -0.0690523
0.107123 -0.244573 -0.0714239
0.0822467 -0.231653 -0.0676318
0.0840289 -0.247101 -0.0658028
0.0566287 -0.222226 -0.0536035
0.0489243 -0.218229 -0.0275233
0.0446602 -0.21639 0.00012519
0.0529809 -0.221245 0.0341261
0.0622239 -0.226276 0.0532944
0.0852441 -0.255363 0.0829266
0.0852878 -0.239137 0.0728775
0.110867 -0.275225 0.0932442
0.109748 -0.254054 0.0817102
0.136136 -0.266426 0.0774069
0.138934 -0.291994 0.0881577
0.0676297 -0.695699 -0.0490355
0.0553802 -0.694034 -0.0543635
0.066775 -0.707546 -0.0246106
0.052754 -0.706756 -0.0278712
0.0674082 -0.709788 0.00029683
0.0549522 -0.7087 -0.00116732
0.0667831 -0.705822 0.0268753
0.0505193 -0.705792 0.0286943
0.0633249 -0.694651 0.0526771
0.0493199 -0.693033 0.0564484
0.119494 -0.581895 -0.0275857
0.131254 -0.582063 -0.0320549
0.129797 -0.575869 -0.00241692
0.117596 -0.576163 -0.00249364
0.107832 -0.582161 0.022753
0.119242 -0.580597 0.0268394
0.112803 -0.595979 -0.0457518
0.123181 -0.596465 -0.053845
0.103506 -0.616898 -0.0559133
0.111215 -0.618591 -0.0654326
0.0914887 -0.641923 -0.0583061
0.0960781 -0.645053 -0.0680651
0.0817133 -0.666677 -0.0514436
0.083529 -0.671412 -0.0598117
0.078307 -0.687111 -0.0369656
0.0783539 -0.69326 -0.0427521
0.0788779 -0.696475 -0.0197566
0.0785193 -0.703193 -0.0227767
0.0802996 -0.69949 0.00111917
0.0797789 -0.70653 0.00128709
0.0766891 -0.694748 0.023951
0.076575 -0.700911 0.0276459
0.0718731 -0.681007 0.0414878
0.0725185 -0.686101 0.0479389
0.0681453 -0.66175 0.0527227
0.0701847 -0.664606 0.061111
0.075387 -0.640232 0.0573566
0.0795289 -0.641209 0.0661244
0.0828111 -0.613895 0.0518402
0.090019 -0.612572 0.0604554
0.0959393 -0.595454 0.0404812
0.105239 -0.594211 0.0475952
0.11416 -0.684203 0.0400664
0.114213 -0.667633 0.0523765
0.0844949 -0.66459 0.052611
0.0857682 -0.682294 0.0408491
0.0919996 -0.645348 0.0570243
0.118498 -0.649109 0.0574057
0.124509 -0.622999 0.0537824
0.100487 -0.620882 0.0519456
0.131457 -0.603982 0.0405273
0.112556 -0.604204 0.039997
0.135685 -0.591629 0.021923
0.122591 -0.59262 0.0222634
0.141131 -0.587455 -0.00194679
0.131186 -0.588316 -0.00231536
0.140643 -0.593879 -0.0243281
0.131799 -0.594905 -0.0258437
0.135983 -0.608667 -0.0434303
0.124927 -0.608091 -0.0432502
0.131065 -0.625668 -0.0538435
0.116043 -0.625302 -0.0537659
0.123472 -0.646118 -0.0570461
0.104125 -0.646556 -0.0568171
0.118077 -0.667744 -0.0517503
0.0944044 -0.668385 -0.0507508
0.114773 -0.68551 -0.0385516
0.0898274 -0.6865 -0.0367154
0.114133 -0.69658 -0.021212
0.113341 -0.701107 0.00062129
0.0898919 -0.700004 0.00096168
0.0894179 -0.696342 -0.019998
0.113921 -0.695949 0.0220858
0.0880233 -0.694802 0.0230976
0.19769 -0.673245 0.0287647
0.197905 -0.661572 0.0381479
0.179836 -0.664518 0.0420997
0.179238 -0.677833 0.0318709
0.198092 -0.649879 0.0424728
0.180332 -0.650639 0.0468993
0.19874 -0.629721 0.0415576
0.181944 -0.627671 0.0455692
0.199199 -0.613486 0.031675
0.182882 -0.609442 0.0345344
0.198943 -0.603331 0.0171049
0.18221 -0.59799 0.0185754
0.199436 -0.599707 -0.00127388
0.183334 -0.59398 -0.00140546
0.199182 -0.604221 -0.0188305
0.182779 -0.598986 -0.020413
0.198627 -0.617482 -0.0353761
0.181643 -0.613594 -0.0383946
0.198307 -0.630711 -0.0418467
0.180935 -0.628673 -0.0459381
0.19772 -0.645243 -0.0432619
0.17938 -0.645472 -0.0477318
0.197559 -0.66025 -0.0390189
0.178888 -0.662973 -0.0431578
0.197066 -0.67285 -0.0294542
0.177897 -0.677557 -0.0326779
0.196778 -0.681231 -0.0158701
0.196107 -0.684489 0.00010365
0.176278 -0.691185 0.00018687
0.177408 -0.687228 -0.0177312
0.197107 -0.681774 0.0146909
0.177953 -0.687632 0.0167002
0.279151 -0.686984 0.0382638
0.279085 -0.670858 0.051174
0.25815 -0.667422 0.0446178
0.258318 -0.682175 0.0334679
0.279031 -0.653601 0.0573668
0.258028 -0.652247 0.049825
0.27872 -0.625349 0.0563347
0.257714 -0.626765 0.0489078
0.278604 -0.602308 0.0422324
0.257693 -0.606003 0.0368971
0.278671 -0.588491 0.0226047
0.257852 -0.593418 0.0198212
0.278498 -0.58365 -0.00162867
0.257715 -0.588957 -0.0014318
0.278593 -0.589877 -0.025267
0.257762 -0.594635 -0.0220667
0.278721 -0.607497 -0.0473048
0.257788 -0.610957 -0.0413714
0.278867 -0.626964 -0.0566268
0.257856 -0.628208 -0.0491689
0.27926 -0.647763 -0.058414
0.258237 -0.646736 -0.0507125
0.279354 -0.668769 -0.0523468
0.258406 -0.6656 -0.0455886
0.27925 -0.686162 -0.0391417
0.258411 -0.681426 -0.0342226
0.279081 -0.697358 -0.0209337
0.278836 -0.701323 -0.00028392
0.258113 -0.695607 -0.00016801
0.258325 -0.691877 -0.0183215
0.279189 -0.698257 0.0191718
0.258438 -0.692765 0.0167239
0.348365 -0.680449 0.034433
0.348196 -0.664023 0.0439819
0.324465 -0.668926 0.052144
0.324618 -0.686256 0.0397378
0.348075 -0.648802 0.0474786
0.324395 -0.651302 0.0575901
0.34776 -0.625114 0.0443458
0.324242 -0.623543 0.0553381
0.347739 -0.607289 0.0325334
0.324391 -0.601744 0.0409452
0.347898 -0.596973 0.0171183
0.324674 -0.588977 0.0217075
0.347761 -0.59347 -0.00118417
0.324582 -0.5846 -0.00153095
0.347809 -0.597974 -0.0190669
0.324568 -0.590263 -0.0242713
0.347834 -0.611879 -0.0368558
0.324452 -0.606796 -0.0460544
0.347902 -0.626391 -0.0446518
0.32437 -0.625093 -0.0556577
0.348283 -0.643159 -0.0475912
0.324581 -0.645301 -0.0581321
0.348452 -0.662008 -0.0446858
0.324726 -0.666693 -0.0532016
0.348458 -0.679551 -0.0350854
0.32471 -0.68534 -0.0405763
0.348371 -0.691808 -0.0192774
0.348159 -0.696491 -0.00021635
0.324436 -0.702268 -0.00031464
0.324639 -0.697716 -0.0219569
0.348485 -0.692717 0.0176179
0.324759 -0.698643 0.0201311
-0.0365449 -0.512316 -0.184794
-2e-08 -0.513048 -0.189373
0 -0.407042 -0.175666
-0.0397641 -0.408541 -0.167456
-0.0711644 -0.51019 -0.171495
-0.0770667 -0.412678 -0.152617
-0.1354 -0.499439 -0.121948
-0.106235 -0.506013 -0.149433
-0.110106 -0.416705 -0.130005
-0.13705 -0.423901 -0.102355
-0.167179 -0.477337 -0.0469806
-0.156504 -0.489793 -0.088244
-0.155592 -0.429689 -0.0675954
-0.16573 -0.437641 -0.0302652
-0.163989 -0.469043 0.00420831
-0.167145 -0.443455 0.00729778
-0.149484 -0.466566 0.0473247
-0.158867 -0.450082 0.0493576
-0.128282 -0.468435 0.074692
-0.143733 -0.455329 0.0781777
-0.104496 -0.471522 0.0986167
-0.122501 -0.459302 0.103523
-0.0542151 -0.476549 0.129187
-0.0797782 -0.474564 0.116242
-0.0968862 -0.461577 0.12347
-0.0673013 -0.462925 0.136337
0 -0.477957 0.140182
-0.0276143 -0.477594 0.137349
-0.0341356 -0.463702 0.143582
-3e-08 -0.463975 0.146131
0.039764 -0.408541 -0.167456
0.0365449 -0.512316 -0.184794
0.0770667 -0.412678 -0.152617
0.0711644 -0.51019 -0.171495
0.13705 -0.423901 -0.102355
0.110106 -0.416705 -0.130005
0.106235 -0.506013 -0.149433
0.1354 -0.499439 -0.121948
0.16573 -0.437641 -0.0302651
0.155592 -0.429689 -0.0675954
0.156504 -0.489793 -0.088244
0.167179 -0.477337 -0.0469806
0.158867 -0.450082 0.0493577
0.167145 -0.443455 0.00729784
0.163989 -0.469043 0.00420832
0.149484 -0.466566 0.0473246
0.122501 -0.459302 0.103523
0.143733 -0.455328 0.0781776
0.128282 -0.468435 0.074692
0.104496 -0.471522 0.0986167
0.0673012 -0.462925 0.136337
0.0968862 -0.461577 0.12347
0.0797783 -0.474564 0.116243
0.0542151 -0.476549 0.129187
0.0341355 -0.463702 0.143582
0.0276143 -0.477594 0.137349
0.0374644 -0.486622 -0.190205
-4e-08 -0.487485 -0.195039
0.0727921 -0.484117 -0.17616
0.107309 -0.480376 -0.153183
0.135839 -0.476076 -0.124239
0.156276 -0.470468 -0.0886547
0.166817 -0.464116 -0.0457405
0.164778 -0.461749 0.00498066
0.15183 -0.462445 0.0478329
0.132127 -0.465169 0.0756132
0.108972 -0.468479 0.0998808
0.0840424 -0.471322 0.118077
0.057478 -0.473146 0.130991
0.0292408 -0.474124 0.138915
0 -0.474466 0.141679
-0.0292408 -0.474124 0.138915
-0.057478 -0.473146 0.130991
-0.0840423 -0.471322 0.118077
-0.108972 -0.46848 0.0998808
-0.132127 -0.465169 0.0756133
-0.15183 -0.462445 0.0478329
-0.164778 -0.461749 0.00498066
-0.166817 -0.464116 -0.0457404
-0.156276 -0.470468 -0.0886547
-0.135839 -0.476076 -0.124239
-0.107309 -0.480376 -0.153183
-0.0727922 -0.484117 -0.17616
-0.0374645 -0.486622 -0.190205
0.372381 -0.683845 0.0143552
0.372273 -0.673622 0.0277724
0.372089 -0.687269 -0.00015804
0.372279 -0.683115 -0.0158035
0.372357 -0.672869 -0.0282833
0.372352 -0.658708 -0.0348804
0.3722 -0.64451 -0.0367237
0.371859 -0.632804 -0.0329139
0.371798 -0.623332 -0.0270016
0.371775 -0.613617 -0.0136148
0.371732 -0.61072 -0.0008477
0.371855 -0.612989 0.0122306
0.371713 -0.619817 0.0235589
0.371731 -0.631923 0.0325889
0.372013 -0.649037 0.0362035
0.372122 -0.660272 0.0344438
0.237061 -0.662454 0.0394069
0.23723 -0.674522 0.0295632
0.23694 -0.650444 0.0439356
0.236626 -0.629592 0.0432269
0.236605 -0.61256 0.0328563
0.236764 -0.602114 0.0177279
0.236627 -0.598363 -0.00128704
0.236674 -0.603084 -0.0196575
0.236699 -0.616841 -0.0368645
0.236767 -0.630765 -0.0434621
0.237149 -0.645754 -0.0447522
0.237318 -0.661037 -0.0402342
0.237323 -0.673915 -0.0302265
0.237236 -0.682462 -0.0161653
0.237024 -0.685577 -7.383e-05
0.23735 -0.683218 0.0147027
0.146928 -0.682778 0.0367398
0.147199 -0.667584 0.0484201
0.149528 -0.650874 0.0535573
0.153366 -0.62518 0.0512374
0.157364 -0.605578 0.0384224
0.159143 -0.593251 0.0204861
0.162432 -0.589143 -0.00156702
0.161825 -0.594879 -0.022086
0.158967 -0.610452 -0.0416682
0.156144 -0.626776 -0.0509217
0.151566 -0.645743 -0.0536221
0.148656 -0.665973 -0.0488362
0.146548 -0.682628 -0.0369259
0.146037 -0.693668 -0.0202591
0.145096 -0.698169 0.00034538
0.146201 -0.693743 0.0197378
0.216142 -0.670839 0.0256584
0.215973 -0.659987 0.0341961
0.215851 -0.649646 0.0380462
0.215537 -0.630884 0.0375461
0.215516 -0.61551 0.0288155
0.215675 -0.605941 0.0156347
0.215538 -0.602451 -0.00114231
0.215585 -0.606785 -0.0172481
0.215611 -0.619621 -0.0323576
0.215679 -0.631929 -0.0377552
0.21606 -0.64522 -0.0387919
0.216229 -0.658795 -0.0348799
0.216235 -0.670301 -0.0262305
0.216148 -0.677985 -0.0140091
0.215936 -0.680776 2.045e-05
0.216261 -0.678699 0.0126815
-0.147202 -0.667523 0.048287
-0.146928 -0.68276 0.0367206
-0.11416 -0.684177 0.0400391
-0.114217 -0.667546 0.0521858
-0.118498 -0.649109 0.0574063
-0.149528 -0.650874 0.0535577
-0.153366 -0.62515 0.0513149
-0.124512 -0.622956 0.053891
-0.157372 -0.605443 0.0385596
-0.131477 -0.603801 0.0407123
-0.15915 -0.593063 0.0205667
-0.13571 -0.591398 0.0220217
-0.162447 -0.58882 -0.00157061
-0.141189 -0.58708 -0.0019494
-0.161936 -0.594227 -0.0224099
-0.140906 -0.59313 -0.0246641
-0.159129 -0.609523 -0.0423975
-0.136338 -0.607583 -0.0442916
-0.156199 -0.626611 -0.0515045
-0.131186 -0.625461 -0.0545794
-0.151581 -0.645779 -0.0539895
-0.123508 -0.646166 -0.0575311
-0.148659 -0.666081 -0.0490498
-0.118087 -0.667892 -0.0520428
-0.146555 -0.682875 -0.0371396
-0.114792 -0.685849 -0.0388463
-0.145096 -0.69816 0.00034524
-0.146037 -0.69376 -0.0202928
-0.114135 -0.696705 -0.0212582
-0.113342 -0.701096 0.00062105
-0.146202 -0.693865 0.0197946
-0.113924 -0.696118 0.0221644
-0.179836 -0.664518 0.0420997
-0.197905 -0.661572 0.0381479
-0.19769 -0.673245 0.0287647
-0.179238 -0.677833 0.031871
-0.180333 -0.650639 0.0468993
-0.198092 -0.649879 0.0424727
-0.181944 -0.627671 0.0455691
-0.198741 -0.629721 0.0415577
-0.182882 -0.609442 0.0345344
-0.199199 -0.613486 0.031675
-0.18221 -0.59799 0.0185754
-0.198943 -0.603331 0.017105
-0.183334 -0.59398 -0.00140547
-0.199436 -0.599707 -0.00127386
-0.182779 -0.598986 -0.020413
-0.199182 -0.60422 -0.0188305
-0.181643 -0.613594 -0.0383946
-0.198627 -0.617482 -0.0353761
-0.180935 -0.628673 -0.0459381
-0.198307 -0.630711 -0.0418466
-0.17938 -0.645472 -0.0477318
-0.19772 -0.645243 -0.0432619
-0.178888 -0.662973 -0.0431578
-0.197559 -0.66025 -0.0390189
-0.177897 -0.677557 -0.0326779
-0.197066 -0.67285 -0.0294542
-0.176278 -0.691185 0.00018689
-0.196107 -0.684489 0.00010358
-0.196778 -0.681231 -0.0158701
-0.177408 -0.687228 -0.0177312
-0.177953 -0.687633 0.0167002
-0.197107 -0.681774 0.0146909
-0.300327 -0.671719 0.0550395
-0.300495 -0.688531 0.0412773
-0.279216 -0.687254 0.0385528
-0.279176 -0.671013 0.0515714
-0.300205 -0.653608 0.0616037
-0.279137 -0.65361 0.0578219
-0.299891 -0.624592 0.0602695
-0.278836 -0.625148 0.0567836
-0.29987 -0.601037 0.0449786
-0.278703 -0.601941 0.042563
-0.300029 -0.587008 0.0240077
-0.278758 -0.588032 0.0227805
-0.299892 -0.582133 -0.00172133
-0.27858 -0.58316 -0.00164082
-0.299939 -0.588446 -0.0268854
-0.27868 -0.589428 -0.0254657
-0.299965 -0.606214 -0.0503852
-0.278828 -0.607157 -0.0476697
-0.300033 -0.626252 -0.0605826
-0.278982 -0.626775 -0.0570771
-0.300414 -0.647701 -0.062633
-0.279368 -0.647736 -0.0588603
-0.300583 -0.669495 -0.0562974
-0.279448 -0.668906 -0.0527547
-0.300588 -0.687664 -0.0422147
-0.279317 -0.686426 -0.0394371
-0.300289 -0.703524 -0.00035657
-0.300502 -0.699332 -0.022634
-0.279128 -0.697684 -0.0210886
-0.278874 -0.701674 -0.00028836
-0.300615 -0.700246 0.0207662
-0.279235 -0.698589 0.019317
-0.348196 -0.664023 0.0439819
-0.348365 -0.680449 0.034433
-0.324693 -0.685883 0.039509
-0.324553 -0.668641 0.0518089
-0.348075 -0.648802 0.0474786
-0.324489 -0.651165 0.0571856
-0.34776 -0.625114 0.0443458
-0.324339 -0.623647 0.054912
-0.34774 -0.607289 0.0325333
-0.324466 -0.602061 0.0406238
-0.347899 -0.596973 0.0171183
-0.324731 -0.589415 0.0215341
-0.347761 -0.59347 -0.00118422
-0.324632 -0.58508 -0.00151805
-0.347809 -0.597974 -0.0190669
-0.324627 -0.590688 -0.0240735
-0.347834 -0.611879 -0.0368558
-0.324535 -0.607081 -0.045702
-0.347902 -0.626391 -0.0446518
-0.324466 -0.625182 -0.0552306
-0.348283 -0.643159 -0.0475913
-0.32468 -0.645197 -0.0577113
-0.348453 -0.662008 -0.0446859
-0.324815 -0.666424 -0.0528535
-0.348458 -0.679551 -0.0350854
-0.324785 -0.68497 -0.0403402
-0.348159 -0.69649 -0.00021638
-0.348371 -0.691808 -0.0192775
-0.324705 -0.697312 -0.021837
-0.324497 -0.701852 -0.00030953
-0.348485 -0.692717 0.0176179
-0.324825 -0.698235 0.0200187
-0.237061 -0.662454 0.039407
-0.25815 -0.667422 0.0446178
-0.258319 -0.682176 0.0334679
-0.23723 -0.674522 0.0295631
-0.23694 -0.650444 0.0439356
-0.258028 -0.652247 0.049825
-0.236626 -0.629592 0.0432269
-0.257714 -0.626765 0.0489078
-0.236605 -0.61256 0.0328563
-0.257693 -0.606003 0.0368971
-0.236764 -0.602114 0.0177279
-0.257852 -0.593418 0.0198212
-0.236627 -0.598363 -0.00128706
-0.257715 -0.588957 -0.00143182
-0.236674 -0.603084 -0.0196574
-0.257762 -0.594635 -0.0220668
-0.236699 -0.61684 -0.0368645
-0.257788 -0.610957 -0.0413714
-0.236767 -0.630765 -0.0434621
-0.257856 -0.628208 -0.0491689
-0.237149 -0.645754 -0.0447522
-0.258237 -0.646736 -0.0507125
-0.237318 -0.661037 -0.0402343
-0.258406 -0.6656 -0.0455886
-0.237323 -0.673915 -0.0302266
-0.258411 -0.681426 -0.0342226
-0.237236 -0.682462 -0.0161653
-0.258325 -0.691876 -0.0183215
-0.237024 -0.685577 -7.385e-05
-0.258113 -0.695607 -0.00016808
-0.23735 -0.683218 0.0147027
-0.258438 -0.692765 0.0167239
-0.396234 -0.6714 0.0275888
-0.396354 -0.681353 0.0144696
-0.372381 -0.683845 0.0143552
-0.372273 -0.673622 0.0277724
-0.396028 -0.684888 -7.623e-05
-0.372089 -0.687269 -0.00015807
-0.396241 -0.680675 -0.015921
-0.372279 -0.683115 -0.0158035
-0.396327 -0.670662 -0.0279561
-0.372357 -0.672869 -0.0282833
-0.396322 -0.65739 -0.0330743
-0.372352 -0.658708 -0.0348804
-0.396153 -0.645276 -0.0342813
-0.3722 -0.64451 -0.0367236
-0.395772 -0.636446 -0.028721
-0.371859 -0.632804 -0.032914
-0.395704 -0.630195 -0.0233264
-0.371798 -0.623332 -0.0270017
-0.395678 -0.622856 -0.0112484
-0.371775 -0.613617 -0.0136148
-0.395631 -0.621005 -0.00064706
-0.371732 -0.61072 -0.00084776
-0.395768 -0.622478 0.0102288
-0.371855 -0.612989 0.0122305
-0.395609 -0.627123 0.020088
-0.371713 -0.619817 0.0235589
-0.39563 -0.635798 0.028422
-0.371732 -0.631924 0.0325889
-0.395944 -0.649485 0.0333536
-0.372013 -0.649037 0.0362035
-0.396065 -0.658784 0.0329243
-0.372122 -0.660272 0.0344438
-0.216142 -0.670839 0.0256585
-0.215973 -0.659987 0.0341961
-0.215851 -0.649646 0.0380462
-0.215537 -0.630884 0.0375461
-0.215516 -0.61551 0.0288155
-0.215675 -0.605941 0.0156346
-0.215538 -0.602451 -0.0011423
-0.215585 -0.606785 -0.0172481
-0.215611 -0.619621 -0.0323577
-0.215679 -0.631929 -0.0377552
-0.21606 -0.64522 -0.0387919
-0.216229 -0.658795 -0.0348799
-0.216235 -0.670301 -0.0262305
-0.216148 -0.677985 -0.0140091
-0.215936 -0.680776 2.044e-05
-0.216261 -0.678699 0.0126816
0.396354 -0.681353 0.0144696
0.396234 -0.6714 0.0275888
0.396028 -0.684888 -7.618e-05
0.396241 -0.680675 -0.0159209
0.396327 -0.670662 -0.0279561
0.396322 -0.65739 -0.0330743
0.396153 -0.645276 -0.0342813
0.395772 -0.636446 -0.028721
0.395704 -0.630195 -0.0233264
0.395678 -0.622856 -0.0112484
0.395631 -0.621005 -0.00064706
0.395768 -0.622478 0.0102289
0.395609 -0.627123 0.020088
0.39563 -0.635798 0.0284221
0.395944 -0.649485 0.0333536
0.396065 -0.658784 0.0329243
0.405018 -0.640554 -0.0359175
0.401059 -0.639305 -0.0318586
0.400817 -0.631107 -0.0268096
0.404703 -0.630888 -0.0312343
0.402338 -0.649611 -0.0350453
0.407067 -0.651712 -0.037651
0.404633 -0.662276 -0.0320549
0.40715 -0.673762 -0.0267545
0.411061 -0.664156 -0.0340338
0.418322 -0.678696 -0.0248622
0.448064 -0.618898 0.00618794
0.443533 -0.62072 0.016685
0.451229 -0.620971 0.0165565
0.457065 -0.618995 0.00268168
0.438411 -0.624262 0.0277811
0.446647 -0.624482 0.0287956
0.435056 -0.620769 0.0177031
0.429938 -0.624473 0.0268886
0.439641 -0.618774 0.00885273
0.432418 -0.640593 0.0403761
0.434737 -0.631608 0.0357021
0.426227 -0.632124 0.0337079
0.42383 -0.641551 0.0378204
0.443431 -0.631557 0.0374366
0.441491 -0.640258 0.0424564
0.463531 -0.622399 0.0249859
0.457857 -0.621575 0.0202483
0.454467 -0.62489 0.0306103
0.461427 -0.625472 0.0326392
0.46194 -0.620199 0.0111028
0.466169 -0.621207 0.0180832
0.450519 -0.640101 0.0436609
0.452015 -0.63168 0.0386522
0.459852 -0.631942 0.039616
0.458888 -0.640043 0.0444075
0.466086 -0.678816 0.00652815
0.458638 -0.680176 0.00813006
0.458525 -0.681531 -0.00103704
0.465489 -0.680022 -0.00094358
0.450256 -0.681541 0.00982838
0.450872 -0.683134 -0.00114883
0.461135 -0.67782 0.015498
0.451565 -0.677883 0.0209059
0.466541 -0.677518 0.011901
0.464096 -0.678738 -0.0170255
0.460382 -0.680657 -0.0100106
0.453407 -0.681846 -0.0120978
0.458344 -0.678077 -0.0234605
0.466611 -0.679511 -0.00809023
0.467783 -0.678541 -0.0132553
0.472896 -0.670799 -0.036053
0.467126 -0.671645 -0.0348019
0.468904 -0.665859 -0.0420726
0.473536 -0.665625 -0.0428796
0.460733 -0.672511 -0.0338594
0.463919 -0.66604 -0.0414943
0.466818 -0.675669 -0.0268852
0.473273 -0.674301 -0.0284367
0.464054 -0.617909 -0.0404548
0.466004 -0.624022 -0.0456382
0.46531 -0.623612 -0.0464894
0.463203 -0.617432 -0.0418279
0.466553 -0.631097 -0.0493173
0.465738 -0.630554 -0.050011
0.466945 -0.624314 -0.0452793
0.467651 -0.631546 -0.0490192
0.465139 -0.61829 -0.0397141
0.450388 -0.656217 0.0435822
0.451627 -0.663104 0.0407764
0.459812 -0.662012 0.0417929
0.458955 -0.655653 0.0442023
0.453533 -0.668735 0.0365409
0.461205 -0.667151 0.0380787
0.442959 -0.663965 0.0396043
0.445362 -0.67002 0.0351181
0.441216 -0.65671 0.0425512
0.426758 -0.66578 0.0353537
0.434207 -0.664266 0.0380338
0.431865 -0.656972 0.0406539
0.423395 -0.658855 0.0378749
0.43695 -0.670423 0.0339096
0.430949 -0.670102 0.0326699
0.450282 -0.661723 -0.0465921
0.457167 -0.654983 -0.0486318
0.459172 -0.656932 -0.0468139
0.451201 -0.666451 -0.0419291
0.461916 -0.646696 -0.0503558
0.463809 -0.648028 -0.0494055
0.455936 -0.652453 -0.0510938
0.460445 -0.645104 -0.0517778
0.449764 -0.658152 -0.0501854
0.402917 -0.619861 -0.00863893
0.412651 -0.617268 -0.00482351
0.416206 -0.614907 -0.0091609
0.408218 -0.617857 -0.0144625
0.423239 -0.616329 -0.00040414
0.425483 -0.613659 -0.00448146
0.408218 -0.620436 0.00242756
0.420221 -0.618937 0.0053195
0.471528 -0.616686 -0.00740802
0.464884 -0.616909 -0.00621755
0.464866 -0.618078 -0.00052827
0.470859 -0.617499 -0.00121894
0.457641 -0.617004 -0.00386959
0.465943 -0.615836 -0.0116435
0.458244 -0.615049 -0.00898401
0.473519 -0.6162 -0.0141446
0.471682 -0.632698 0.0415475
0.471848 -0.62696 0.035703
0.471906 -0.639987 0.0457466
0.478454 -0.676026 0.00651774
0.477603 -0.677166 -0.00093198
0.48522 -0.675391 -0.00100326
0.485892 -0.674171 0.00652861
0.487392 -0.671323 0.0133369
0.479133 -0.674323 0.014164
0.478777 -0.67575 -0.0153647
0.475548 -0.675626 -0.0217573
0.485789 -0.672812 -0.0247064
0.488354 -0.671626 -0.019565
0.484045 -0.671963 -0.0311418
0.483058 -0.669222 -0.0384242
0.482613 -0.664882 -0.0448727
0.481004 -0.625643 -0.0478162
0.482003 -0.633684 -0.051671
0.476074 -0.63306 -0.0501543
0.474791 -0.625185 -0.0462411
0.473305 -0.619389 -0.0403206
0.480151 -0.619793 -0.0420207
0.474102 -0.664608 0.0410381
0.473354 -0.66016 0.0439472
0.472875 -0.654619 0.0455292
0.481073 -0.616611 -0.0291424
0.480168 -0.617123 -0.0355029
0.472813 -0.616523 -0.0334814
0.472817 -0.615611 -0.0264974
0.475141 -0.651249 -0.0496614
0.47596 -0.642166 -0.050972
0.48242 -0.642928 -0.0523665
0.482502 -0.651889 -0.0510343
0.486139 -0.619665 -0.0197364
0.485769 -0.618474 -0.0144199
0.486566 -0.62099 -0.0173676
0.455921 -0.672831 0.0309098
0.463153 -0.671011 0.0328617
0.459864 -0.675168 0.0247864
0.466616 -0.673347 0.0268339
0.44782 -0.6744 0.0292202
0.475436 -0.668265 0.035985
0.477846 -0.670817 0.0298181
0.482497 -0.659156 -0.0488062
0.474308 -0.659094 -0.0471898
0.430822 -0.683561 0.0106791
0.440715 -0.682994 0.0104023
0.439764 -0.679169 0.0206798
0.429489 -0.678973 0.0211906
0.442274 -0.684872 -0.00123073
0.4332 -0.686006 -0.0012104
0.458618 -0.648112 0.0455051
0.472348 -0.647575 0.0466014
0.44074 -0.648704 0.0438316
0.449998 -0.648392 0.044924
0.431365 -0.649066 0.0417306
0.422652 -0.650566 0.0389334
0.477903 -0.676853 -0.00813034
0.488551 -0.671886 -0.0152056
0.486178 -0.674605 -0.00848495
0.488658 -0.670533 -0.0174777
0.472556 -0.674351 0.0206874
0.486298 -0.670954 0.0181001
0.48182 -0.671854 0.0235677
0.486965 -0.670036 0.0158311
0.482581 -0.616602 -0.00799102
0.481104 -0.616911 -0.00161741
0.472577 -0.624085 0.0299118
0.474255 -0.622982 0.0244239
0.561385 -0.653778 0.049658
0.562155 -0.648173 0.049195
0.560987 -0.648146 0.0543057
0.560393 -0.653973 0.0543566
0.561834 -0.641356 0.0486232
0.560514 -0.641076 0.0538506
0.56143 -0.648073 0.0444386
0.561266 -0.641528 0.043767
0.560556 -0.653445 0.0453032
0.498582 -0.651198 0.0480243
0.497821 -0.645871 0.0490056
0.489817 -0.646446 0.0478233
0.490533 -0.652388 0.0470226
0.49706 -0.640123 0.048636
0.489073 -0.640123 0.0472626
0.554521 -0.652841 0.0618649
0.554583 -0.647173 0.0627823
0.543736 -0.645754 0.0649418
0.544402 -0.651139 0.0632652
0.554041 -0.640509 0.062757
0.542903 -0.639464 0.0652354
0.497207 -0.666038 0.029229
0.499977 -0.664872 0.0249725
0.506727 -0.661925 0.0283208
0.504454 -0.66285 0.0320532
0.502213 -0.6624 0.0364431
0.494499 -0.665549 0.0343601
0.549089 -0.659933 0.0474487
0.550551 -0.658893 0.0440274
0.557365 -0.658705 0.0471551
0.557499 -0.659616 0.0498424
0.556555 -0.659861 0.053493
0.547631 -0.660011 0.0512623
0.507749 -0.635153 0.0230923
0.510134 -0.641954 0.0223847
0.504186 -0.64207 0.0202945
0.501291 -0.634614 0.0207374
0.497086 -0.628694 0.0222452
0.504179 -0.629681 0.0250251
0.551871 -0.633771 0.0373062
0.549157 -0.627279 0.0393036
0.556918 -0.629752 0.0437962
0.559515 -0.634384 0.043427
0.553788 -0.641271 0.0370453
0.500209 -0.626649 0.0281035
0.492628 -0.625465 0.0253141
0.489253 -0.624698 0.0295722
0.497133 -0.62591 0.032131
0.54664 -0.623546 0.0435694
0.54443 -0.622448 0.0490381
0.555238 -0.627179 0.0516755
0.556685 -0.627793 0.0469574
0.559993 -0.633964 0.0479607
0.558644 -0.633519 0.0528958
0.553018 -0.653439 0.0396511
0.553912 -0.648029 0.0379889
0.504713 -0.649907 0.0204207
0.510549 -0.648977 0.0229815
0.509747 -0.655153 0.0243453
0.503747 -0.656905 0.0211371
0.541999 -0.633031 0.0633273
0.552725 -0.633865 0.0613259
0.551117 -0.629679 0.0593029
0.541689 -0.627487 0.059652
0.488531 -0.62949 0.0398024
0.488717 -0.634307 0.0442981
0.49666 -0.634842 0.0459344
0.496445 -0.630436 0.0417446
0.520122 -0.644976 0.0568504
0.519282 -0.63943 0.0569075
0.508409 -0.63983 0.0520634
0.509177 -0.645254 0.0521958
0.509969 -0.650156 0.0510059
0.520864 -0.649895 0.0553407
0.513742 -0.660037 0.040089
0.515618 -0.660377 0.0362523
0.526062 -0.659797 0.0399379
0.52442 -0.659578 0.0437079
0.517479 -0.659565 0.0328866
0.527716 -0.658937 0.0365533
0.52033 -0.641677 0.0261798
0.518268 -0.635033 0.0268565
0.528924 -0.634438 0.0298823
0.531117 -0.641411 0.0293754
0.515157 -0.62949 0.0289001
0.525701 -0.628442 0.0319222
0.511679 -0.626261 0.0321428
0.52242 -0.624809 0.0355893
0.508874 -0.625369 0.036302
0.519765 -0.623715 0.0403261
0.540627 -0.653006 0.0354081
0.54169 -0.647745 0.0336333
0.54158 -0.641219 0.0327022
0.528423 -0.628343 0.0550528
0.528932 -0.633449 0.059074
0.529875 -0.63922 0.0613058
0.530748 -0.644856 0.0611286
0.531464 -0.649777 0.0594247
0.534847 -0.659071 0.0472529
0.536352 -0.659174 0.0435379
0.537898 -0.658274 0.0401453
0.539345 -0.634061 0.0331337
0.536085 -0.627856 0.0351985
0.5329 -0.624188 0.0391667
0.530316 -0.623116 0.0443006
0.531304 -0.647979 0.0303067
0.530359 -0.653399 0.0320648
0.519958 -0.653762 0.0287221
0.520662 -0.648212 0.0270379
0.518492 -0.633878 0.0545875
0.51809 -0.628965 0.05058
0.507705 -0.630099 0.0457996
0.507915 -0.634605 0.0496936
0.481394 -0.623488 0.0271139
0.48485 -0.623838 0.0223803
0.477269 -0.622558 0.0194894
0.489534 -0.626849 0.0191328
0.481509 -0.623845 0.0154268
0.489655 -0.66967 0.0263364
0.486499 -0.6689 0.0322536
0.493012 -0.668339 0.0216753
0.508482 -0.659414 0.0259383
0.502163 -0.661851 0.0224648
0.498773 -0.65083 0.0185085
0.497677 -0.658758 0.0188576
0.492129 -0.659569 0.0175127
0.49355 -0.651076 0.0173713
0.492793 -0.641619 0.0168713
0.49802 -0.642008 0.0183326
0.488407 -0.632069 0.015869
0.494432 -0.63346 0.0181622
0.481023 -0.64 0.0466714
0.480515 -0.633428 0.0431812
0.480221 -0.628124 0.0380908
0.499481 -0.658293 0.0444354
0.498979 -0.655218 0.0466725
0.490805 -0.657058 0.0459022
0.491254 -0.660717 0.0436595
0.482319 -0.653668 0.0466057
0.481703 -0.647066 0.0474187
0.510535 -0.653811 0.0494088
0.511194 -0.656548 0.0471223
0.521961 -0.656284 0.0506716
0.52136 -0.653566 0.0533033
0.544805 -0.654858 0.061024
0.531941 -0.6534 0.057077
0.532515 -0.65603 0.0541874
0.54532 -0.657366 0.0582365
0.529156 -0.656928 0.034038
0.518911 -0.657453 0.0305241
0.55188 -0.656894 0.041546
0.559191 -0.657069 0.046223
0.539343 -0.656367 0.037507
0.495721 -0.664643 0.0195478
0.489976 -0.666072 0.0174396
0.482637 -0.658868 0.0454148
0.483159 -0.663005 0.0429086
0.553097 -0.658059 0.0588651
0.554027 -0.656495 0.0604682
0.559955 -0.657534 0.0499938
0.559059 -0.657804 0.0540982
0.480183 -0.624864 0.0325429
0.49624 -0.627315 0.0369108
0.488299 -0.626164 0.0346477
0.507787 -0.626834 0.0410951
0.518418 -0.625339 0.0455745
0.528854 -0.6247 0.0498622
0.54264 -0.62386 0.0546439
0.553201 -0.627849 0.0562568
0.556317 -0.633683 0.0576334
0.557958 -0.640836 0.0588331
0.558467 -0.647776 0.059087
0.558102 -0.653582 0.0586596
0.557119 -0.657333 0.057815
0.554954 -0.659267 0.0568163
0.546318 -0.659119 0.0549204
0.533526 -0.657972 0.0508578
0.523017 -0.658348 0.0473795
0.512265 -0.658692 0.0438639
0.500557 -0.660784 0.040798
0.4925 -0.663656 0.0394912
0.48439 -0.666467 0.0381496
0.489828 -0.64994 0.0164689
0.491142 -0.650538 0.0168826
0.490526 -0.65944 0.0170065
0.490166 -0.659205 0.0165731
0.49003 -0.64067 0.0159995
0.488372 -0.639735 0.0152795
0.482052 -0.624432 0.0126266
0.48637 -0.63086 0.0142143
0.485767 -0.62987 0.0128496
0.48201 -0.621251 0.00922537
0.489005 -0.666178 0.0165143
0.489413 -0.666082 0.0157479
0.56693 -0.655322 -0.0700567
0.56746 -0.648774 -0.0705869
0.57028 -0.649197 -0.0656315
0.569509 -0.65575 -0.0656464
0.56711 -0.64112 -0.0703289
0.569962 -0.641452 -0.0651523
0.563379 -0.648025 -0.0743336
0.563111 -0.640528 -0.0743438
0.563022 -0.654529 -0.0732512
0.518441 -0.649098 -0.0271271
0.518363 -0.640478 -0.0269173
0.511654 -0.639693 -0.024422
0.511704 -0.649298 -0.0240367
0.510146 -0.658124 -0.0242202
0.517289 -0.656862 -0.0281634
0.565645 -0.640664 -0.0469521
0.565371 -0.648311 -0.047909
0.571419 -0.648746 -0.0553801
0.571443 -0.641568 -0.0546877
0.563844 -0.654727 -0.0494805
0.570241 -0.654934 -0.0562889
0.509052 -0.664384 -0.0460963
0.510496 -0.666143 -0.0406251
0.502236 -0.668538 -0.0374064
0.500763 -0.666439 -0.0436187
0.499672 -0.662992 -0.0490755
0.508026 -0.661394 -0.0509711
0.55451 -0.662083 -0.0650081
0.553235 -0.66024 -0.06874
0.561458 -0.660509 -0.0698655
0.563548 -0.661741 -0.0677769
0.565399 -0.662293 -0.0643798
0.556146 -0.662898 -0.0609318
0.505094 -0.623885 -0.0500146
0.50538 -0.629268 -0.0548416
0.496898 -0.627808 -0.0527177
0.496826 -0.62221 -0.0474341
0.505871 -0.636273 -0.0578169
0.497113 -0.635199 -0.0560511
0.551744 -0.630957 -0.0744087
0.55116 -0.624824 -0.0702579
0.560291 -0.628819 -0.0704147
0.56184 -0.633374 -0.0727198
0.552766 -0.638573 -0.0765015
0.496537 -0.618885 -0.04126
0.504998 -0.620749 -0.0442965
0.497319 -0.6181 -0.0352931
0.505996 -0.620049 -0.0386802
0.564884 -0.627023 -0.0625795
0.562533 -0.62735 -0.0672453
0.552514 -0.621535 -0.064533
0.555021 -0.620793 -0.0583724
0.568151 -0.633629 -0.064127
0.565551 -0.633599 -0.0689724
0.552726 -0.646313 -0.0760524
0.552396 -0.652992 -0.0741101
0.506578 -0.644281 -0.0579806
0.507234 -0.651803 -0.0564275
0.498638 -0.652215 -0.0548432
0.497833 -0.643906 -0.0563743
0.569624 -0.634498 -0.054501
0.563821 -0.632847 -0.0471031
0.567122 -0.629837 -0.0547322
0.560905 -0.62626 -0.0489085
0.504726 -0.624633 -0.027314
0.508893 -0.631314 -0.0253792
0.516194 -0.632652 -0.0281819
0.512785 -0.62627 -0.030677
0.529291 -0.648679 -0.0318374
0.528221 -0.655552 -0.0334957
0.539717 -0.654972 -0.0379857
0.541076 -0.648281 -0.0360689
0.541216 -0.640453 -0.0351422
0.529341 -0.640811 -0.0311597
0.520713 -0.662516 -0.0504747
0.519744 -0.659945 -0.0548658
0.529976 -0.659642 -0.0592578
0.531144 -0.66203 -0.0550861
0.532689 -0.663288 -0.0505718
0.522076 -0.663945 -0.0456502
0.516953 -0.630022 -0.0594405
0.516701 -0.624722 -0.0549384
0.526869 -0.624055 -0.0601457
0.527164 -0.629699 -0.0647495
0.527955 -0.636792 -0.067318
0.51755 -0.636804 -0.062064
0.52774 -0.62076 -0.0543129
0.51704 -0.621613 -0.0493633
0.518412 -0.620878 -0.0437029
0.529705 -0.619938 -0.0482413
0.539759 -0.651518 -0.0698699
0.539474 -0.644759 -0.0719944
0.539012 -0.637118 -0.072389
0.547827 -0.625619 -0.0429559
0.55105 -0.632312 -0.0405016
0.55307 -0.640207 -0.0398271
0.552863 -0.647924 -0.0408362
0.55134 -0.654415 -0.0428092
0.542033 -0.661501 -0.0598415
0.540785 -0.659347 -0.0638337
0.543648 -0.662561 -0.0555799
0.538128 -0.629788 -0.0699059
0.537794 -0.623915 -0.0652857
0.538983 -0.620646 -0.059269
0.541319 -0.619876 -0.0529158
0.528574 -0.644431 -0.067044
0.529046 -0.651342 -0.0650676
0.518877 -0.651335 -0.0603105
0.518251 -0.64436 -0.0620032
0.539233 -0.632622 -0.0360899
0.536077 -0.62598 -0.0387399
0.524627 -0.626883 -0.0351588
0.527553 -0.633233 -0.0324153
0.487963 -0.617332 -0.0383339
0.488124 -0.620394 -0.0448041
0.488735 -0.616758 -0.0319944
0.490977 -0.664211 -0.0470974
0.491992 -0.668098 -0.0410827
0.493286 -0.670484 -0.0341849
0.507568 -0.657355 -0.054253
0.499107 -0.658414 -0.0526137
0.488104 -0.634191 -0.0536391
0.488673 -0.643406 -0.0541977
0.489462 -0.652248 -0.0529064
0.488046 -0.626267 -0.0502069
0.494232 -0.628236 -0.0201918
0.500927 -0.629646 -0.0223815
0.495905 -0.622509 -0.0236602
0.499444 -0.638341 -0.0208135
0.504544 -0.638887 -0.0220775
0.515766 -0.662122 -0.0293787
0.508084 -0.664166 -0.024969
0.505893 -0.667716 -0.0271429
0.514023 -0.665217 -0.0315749
0.502578 -0.658924 -0.0214108
0.504622 -0.649358 -0.0216777
0.499851 -0.649187 -0.0204253
0.497253 -0.659007 -0.0196612
0.538041 -0.659392 -0.0400082
0.526947 -0.660143 -0.0351818
0.525459 -0.662855 -0.0375309
0.536214 -0.662009 -0.0426125
0.559833 -0.661284 -0.0534863
0.561903 -0.65885 -0.0511738
0.549411 -0.658626 -0.0450263
0.547348 -0.661113 -0.0477999
0.519253 -0.656374 -0.0580379
0.529395 -0.656246 -0.0625286
0.552549 -0.657422 -0.0717233
0.562419 -0.658704 -0.0716587
0.540112 -0.6562 -0.0671631
0.490182 -0.659056 -0.0507891
0.49345 -0.666235 -0.0191552
0.499827 -0.665542 -0.0215053
0.497047 -0.669533 -0.0232275
0.568598 -0.659036 -0.0571245
0.566566 -0.660896 -0.0578238
0.568051 -0.659991 -0.0652786
0.565849 -0.659522 -0.0690487
0.491612 -0.618348 -0.0269838
0.482885 -0.617231 -0.0238183
0.500459 -0.620122 -0.0306316
0.508989 -0.621979 -0.0341583
0.532692 -0.621715 -0.0429204
0.521261 -0.6227 -0.0389447
0.557894 -0.622305 -0.0529147
0.544425 -0.621503 -0.0472859
0.566526 -0.627968 -0.0579997
0.569693 -0.634187 -0.0591825
0.571552 -0.641634 -0.059767
0.57172 -0.649081 -0.0603664
0.570739 -0.655438 -0.0608579
0.569151 -0.659617 -0.0611189
0.566543 -0.661936 -0.0606677
0.557917 -0.662633 -0.056915
0.545423 -0.662428 -0.0514418
0.523747 -0.664091 -0.041178
0.534405 -0.663294 -0.0462739
0.503944 -0.669069 -0.0316016
0.51221 -0.666489 -0.0355542
0.494919 -0.671084 -0.0278436
0.493874 -0.627352 -0.0181326
0.493099 -0.62766 -0.019001
0.498662 -0.638023 -0.0203081
0.499308 -0.637796 -0.0199937
0.496979 -0.658609 -0.0192172
0.499429 -0.648841 -0.0201325
0.500352 -0.648523 -0.0200283
0.498222 -0.658196 -0.0190217
0.492888 -0.666057 -0.0183054
0.494138 -0.665723 -0.0177592
0.581238 -0.648616 -0.0120032
0.583402 -0.648609 -0.00682481
0.582745 -0.655527 -0.00618116
0.580613 -0.655417 -0.0107681
0.583925 -0.648576 -0.00091928
0.583262 -0.655633 -0.00087354
0.582898 -0.640738 -0.0071219
0.583365 -0.640435 -0.00097948
0.580815 -0.64096 -0.0125627
0.512567 -0.648618 0.015493
0.511436 -0.639944 0.015512
0.500934 -0.639635 0.0155717
0.502117 -0.64926 0.0161324
0.50306 -0.658025 0.0153649
0.513466 -0.656458 0.0139715
0.580045 -0.655299 0.00817122
0.580627 -0.648308 0.00919257
0.571292 -0.648073 0.0143616
0.57089 -0.65508 0.0124347
0.580218 -0.64037 0.00948485
0.570904 -0.639939 0.0150254
0.505701 -0.670957 -0.00769994
0.507927 -0.668235 -0.0132764
0.517931 -0.665259 -0.0115612
0.51621 -0.667489 -0.00670545
0.514806 -0.668226 -0.00100555
0.504114 -0.671918 -0.00099237
0.577813 -0.662152 -0.00793752
0.578755 -0.663086 -0.00502784
0.569372 -0.664104 -0.00549265
0.57002 -0.662749 -0.00962656
0.578979 -0.663273 -0.0008597
0.569008 -0.664404 -0.00093332
0.512605 -0.638578 -0.0194635
0.509667 -0.629764 -0.0174188
0.517925 -0.631107 -0.0167287
0.520273 -0.639119 -0.0186378
0.505676 -0.622781 -0.0134989
0.514783 -0.624716 -0.0128957
0.571808 -0.640428 -0.018173
0.569811 -0.632265 -0.0170892
0.578851 -0.633746 -0.0119031
0.56752 -0.625539 -0.0137463
0.576376 -0.628991 -0.0104526
0.511514 -0.620873 -0.00743841
0.501649 -0.61867 -0.00778938
0.498802 -0.617443 -0.00152052
0.509197 -0.61971 -0.00149925
0.566208 -0.621645 -0.00796619
0.565807 -0.620417 -0.00121366
0.577344 -0.625776 -0.00110639
0.577136 -0.62692 -0.006569
0.580795 -0.63312 -0.00679033
0.581174 -0.632371 -0.00104295
0.572233 -0.648628 -0.0171764
0.571718 -0.655609 -0.0150285
0.521163 -0.647826 -0.0183232
0.513475 -0.648181 -0.0195466
0.52086 -0.655763 -0.0166957
0.512655 -0.657054 -0.0183464
0.578362 -0.632931 0.00856943
0.576078 -0.628316 0.00717589
0.567443 -0.625528 0.0101848
0.569308 -0.632018 0.0135721
0.510489 -0.631998 0.0128022
0.509666 -0.625548 0.00850949
0.499133 -0.62358 0.00893208
0.499966 -0.630748 0.0129674
0.527583 -0.640107 0.0147531
0.528529 -0.647887 0.0144039
0.542569 -0.647772 0.0153067
0.541873 -0.639922 0.0158933
0.529113 -0.654832 0.0126236
0.542608 -0.654657 0.0131981
0.530296 -0.664735 -0.00594656
0.531353 -0.662997 -0.0102824
0.543254 -0.662691 -0.0100477
0.542492 -0.664329 -0.00575277
0.541976 -0.664768 -0.00100912
0.529454 -0.665207 -0.00103422
0.532411 -0.639524 -0.0182911
0.530368 -0.631927 -0.0165679
0.54251 -0.63176 -0.0173689
0.54473 -0.639657 -0.0189336
0.527801 -0.625829 -0.0128128
0.539845 -0.625311 -0.0136002
0.537819 -0.621489 -0.00784935
0.525388 -0.622204 -0.00739442
0.523921 -0.621159 -0.00145076
0.53681 -0.620346 -0.0013602
0.557542 -0.654933 -0.015924
0.558015 -0.648017 -0.018266
0.557443 -0.639925 -0.0192142
0.551594 -0.625711 0.0105514
0.553534 -0.632126 0.0144966
0.555264 -0.63984 0.0163963
0.555932 -0.647669 0.0156964
0.555837 -0.65443 0.0134529
0.555102 -0.663683 -0.00557996
0.555747 -0.662187 -0.00982591
0.55471 -0.664066 -0.00098552
0.555173 -0.631865 -0.0177644
0.552491 -0.62524 -0.0140215
0.550685 -0.621455 -0.00809101
0.549903 -0.620353 -0.00127725
0.533161 -0.654888 -0.0156041
0.533251 -0.647643 -0.0176136
0.545422 -0.647822 -0.0180726
0.54509 -0.654949 -0.0158393
0.526492 -0.632818 0.0124837
0.540296 -0.632337 0.0137948
0.538512 -0.62601 0.00978148
0.525335 -0.626791 0.00854349
0.488917 -0.616615 -0.00162262
0.491549 -0.616961 -0.0082427
0.495727 -0.620402 -0.0142348
0.497467 -0.670227 -0.0144198
0.494936 -0.67318 -0.00842626
0.493473 -0.674096 -0.00105341
0.519632 -0.661462 -0.0146666
0.510526 -0.663675 -0.0165408
0.505618 -0.648468 -0.0201345
0.504114 -0.657999 -0.0190286
0.50475 -0.63798 -0.0200976
0.500791 -0.628016 -0.0181588
0.491793 -0.639466 0.0150727
0.490476 -0.630027 0.0126811
0.48933 -0.622558 0.00901009
0.513766 -0.665436 0.00932024
0.513717 -0.661903 0.0121738
0.503307 -0.664362 0.0139846
0.503289 -0.668623 0.0110615
0.494039 -0.658985 0.0159054
0.493144 -0.649647 0.0160597
0.541789 -0.662337 0.00761818
0.542216 -0.659347 0.0107302
0.529113 -0.659616 0.0105998
0.528948 -0.6627 0.00781279
0.555277 -0.658944 0.0107213
0.570116 -0.65962 0.0100988
0.554697 -0.661765 0.00740961
0.569356 -0.662336 0.00714777
0.544244 -0.659735 -0.0132872
0.532418 -0.65986 -0.0133309
0.579436 -0.660067 -0.00940111
0.570891 -0.660117 -0.0126585
0.556673 -0.659463 -0.0131922
0.500962 -0.665167 -0.0175388
0.493989 -0.665738 0.0148734
0.493524 -0.670283 0.0119705
0.578927 -0.659901 0.00689921
0.577366 -0.66192 0.00556769
0.581784 -0.660449 -0.0008534
0.581361 -0.660289 -0.00547268
0.488493 -0.618284 0.0041853
0.480939 -0.618137 0.00400708
0.498354 -0.619112 0.00407801
0.508908 -0.621359 0.00377945
0.524191 -0.622797 0.00388031
0.537196 -0.621933 0.00462326
0.550295 -0.621779 0.00511519
0.566247 -0.621686 0.00504645
0.576926 -0.626369 0.00383013
0.580497 -0.632592 0.00420348
0.582563 -0.640386 0.00470763
0.583064 -0.648454 0.00458643
0.582428 -0.655499 0.00408327
0.581082 -0.660223 0.00344145
0.578492 -0.662925 0.00300284
0.568995 -0.663873 0.00337527
0.554542 -0.663449 0.00342581
0.529033 -0.664546 0.00374354
0.541725 -0.664124 0.00357651
0.503434 -0.671149 0.00566531
0.514061 -0.667543 0.00463171
0.493177 -0.673102 0.00620356
0.445554 -0.612193 -0.102569
0.449028 -0.613204 -0.103639
0.448067 -0.61684 -0.103156
0.445791 -0.615266 -0.102347
0.452811 -0.614974 -0.103616
0.451392 -0.618528 -0.103084
0.449995 -0.608838 -0.102778
0.454418 -0.610828 -0.102735
0.445896 -0.607644 -0.101643
0.448834 -0.645358 -0.0620576
0.453296 -0.642306 -0.0609707
0.453742 -0.646969 -0.0560523
0.44854 -0.650932 -0.0565388
0.45732 -0.637736 -0.0597887
0.45816 -0.641339 -0.0554433
0.457246 -0.620787 -0.100801
0.459526 -0.618942 -0.100699
0.461339 -0.623541 -0.0943745
0.457185 -0.625126 -0.0956749
0.462339 -0.615656 -0.0994958
0.465285 -0.620691 -0.0926917
0.435595 -0.650004 -0.0579344
0.429286 -0.646252 -0.0590993
0.432988 -0.641043 -0.0645842
0.438236 -0.644126 -0.0638273
0.424377 -0.640745 -0.0595246
0.428945 -0.636511 -0.0647189
0.449228 -0.62337 -0.0973136
0.445423 -0.621226 -0.0976949
0.442344 -0.618129 -0.0976778
0.425136 -0.611554 -0.0468144
0.430977 -0.606693 -0.041765
0.43464 -0.607249 -0.051302
0.429876 -0.611694 -0.0553898
0.438403 -0.604301 -0.038186
0.440746 -0.604758 -0.0479289
0.441697 -0.597686 -0.0912012
0.444899 -0.593261 -0.0868411
0.450442 -0.593564 -0.0928287
0.448334 -0.597884 -0.0969785
0.449528 -0.59068 -0.0826869
0.45249 -0.591519 -0.0893099
0.446102 -0.605055 -0.037996
0.453044 -0.607799 -0.0400121
0.452982 -0.606975 -0.0470669
0.447101 -0.604923 -0.0465875
0.455316 -0.590888 -0.080368
0.456162 -0.591546 -0.0888379
0.461308 -0.593184 -0.0794597
0.460976 -0.593438 -0.0883733
0.459652 -0.596935 -0.093367
0.454832 -0.594866 -0.0936522
0.452943 -0.599407 -0.0979861
0.457907 -0.601683 -0.0978257
0.440605 -0.613771 -0.0971488
0.439967 -0.608587 -0.0960037
0.421924 -0.633645 -0.0581167
0.421378 -0.62584 -0.0552791
0.426887 -0.623829 -0.0616692
0.427132 -0.63049 -0.0636821
0.467975 -0.602758 -0.0909123
0.467784 -0.599622 -0.0877678
0.47025 -0.601661 -0.0809811
0.471632 -0.607261 -0.0841707
0.471009 -0.612737 -0.0878024
0.466901 -0.607429 -0.0947933
0.46181 -0.61611 -0.0465592
0.464125 -0.622307 -0.0499835
0.463343 -0.620672 -0.0546835
0.461126 -0.614641 -0.0519853
0.46445 -0.629041 -0.0528016
0.463598 -0.627085 -0.0569698
0.459232 -0.631994 -0.070347
0.455345 -0.635535 -0.0717102
0.456989 -0.632724 -0.0770477
0.461137 -0.629376 -0.0757736
0.451186 -0.637679 -0.0729251
0.452636 -0.634696 -0.0781627
0.436299 -0.627283 -0.0801873
0.439707 -0.630834 -0.0802976
0.437865 -0.63375 -0.0751945
0.434388 -0.630018 -0.0751437
0.443943 -0.633174 -0.0799555
0.442265 -0.636229 -0.0747378
0.438288 -0.603854 -0.0641961
0.443446 -0.601534 -0.0604479
0.44463 -0.59882 -0.0654859
0.439617 -0.601041 -0.0696884
0.435986 -0.605027 -0.0740285
0.43446 -0.607845 -0.0681924
0.449268 -0.601388 -0.0583457
0.455012 -0.603085 -0.0579592
0.456519 -0.600694 -0.0625692
0.450538 -0.598821 -0.0631349
0.438133 -0.616654 -0.0902536
0.437253 -0.611049 -0.0893001
0.440147 -0.621434 -0.0906778
0.471037 -0.610188 -0.0782985
0.470662 -0.615912 -0.0818306
0.469257 -0.60438 -0.0749421
0.464518 -0.624122 -0.0861633
0.460171 -0.627005 -0.0875735
0.45565 -0.62861 -0.0887036
0.447342 -0.626936 -0.0903835
0.443404 -0.624736 -0.0907194
0.442522 -0.595688 -0.0803794
0.4475 -0.593303 -0.0759591
0.439007 -0.599943 -0.0848644
0.453498 -0.593586 -0.0733462
0.459677 -0.595884 -0.0723923
0.434454 -0.622167 -0.0795975
0.432652 -0.624765 -0.074401
0.432214 -0.618818 -0.0730164
0.433864 -0.616256 -0.0784814
0.465373 -0.61672 -0.0644922
0.465202 -0.62271 -0.0670078
0.467324 -0.620379 -0.0721934
0.467525 -0.614542 -0.0691946
0.465623 -0.608779 -0.0660968
0.463549 -0.610883 -0.0617874
0.444449 -0.607008 -0.0187734
0.450851 -0.607815 -0.0234209
0.446826 -0.605928 -0.0274069
0.4362 -0.604607 -0.0237625
0.457084 -0.609826 -0.0285927
0.454819 -0.608704 -0.0318824
0.455675 -0.610163 -0.0203768
0.459828 -0.611224 -0.0261842
0.450818 -0.609897 -0.0155506
0.430607 -0.662845 -0.0452065
0.422356 -0.656928 -0.04698
0.424589 -0.653389 -0.0515166
0.432327 -0.658492 -0.0500095
0.416411 -0.648474 -0.0484979
0.418877 -0.645988 -0.052521
0.419851 -0.66032 -0.0423911
0.413984 -0.650552 -0.0448284
0.42819 -0.667353 -0.0396645
0.413265 -0.638767 -0.0474439
0.415974 -0.637143 -0.0513272
0.412451 -0.629003 -0.0438951
0.415288 -0.627922 -0.0480293
0.410793 -0.639957 -0.043916
0.409941 -0.629735 -0.0400244
0.417106 -0.613303 -0.0306167
0.423958 -0.608572 -0.0236053
0.426302 -0.607094 -0.0295424
0.419618 -0.612043 -0.0362702
0.432142 -0.60645 -0.0178421
0.4217 -0.610598 -0.0181965
0.429662 -0.60845 -0.0128861
0.414823 -0.614573 -0.0253751
0.462875 -0.613929 -0.0329896
0.461283 -0.613184 -0.0345219
0.459992 -0.6125 -0.0368241
0.458198 -0.611379 -0.0430509
0.457665 -0.610145 -0.0491564
0.461752 -0.604088 -0.0637223
0.459934 -0.606294 -0.0593581
0.466548 -0.596872 -0.0795374
0.4652 -0.599547 -0.0729489
0.465306 -0.596411 -0.087914
0.464208 -0.599779 -0.0926135
0.462779 -0.604461 -0.0968329
0.456554 -0.616863 -0.102636
0.458768 -0.613137 -0.101639
0.454735 -0.620072 -0.102254
0.453149 -0.62487 -0.0966474
0.451399 -0.628407 -0.0896759
0.446766 -0.637725 -0.0739578
0.44827 -0.634654 -0.079188
0.442252 -0.651771 -0.0571234
0.443666 -0.645768 -0.0629974
0.440673 -0.66449 -0.0452637
0.438801 -0.669224 -0.0397809
0.441306 -0.66018 -0.0496948
0.436871 -0.606157 -0.0585023
0.432758 -0.610265 -0.0623217
0.442286 -0.603716 -0.0551108
0.430575 -0.627393 -0.0691974
0.432252 -0.632846 -0.07007
0.430277 -0.621305 -0.0675769
0.463839 -0.618644 -0.0598729
0.461919 -0.612734 -0.0573712
0.463823 -0.624801 -0.0621203
0.454024 -0.638361 -0.066519
0.457826 -0.634497 -0.06517
0.449903 -0.640791 -0.0677489
0.435885 -0.636792 -0.0700878
0.440548 -0.639428 -0.0695527
0.445316 -0.640956 -0.0687665
0.45848 -0.608247 -0.0549341
0.453803 -0.605179 -0.0533481
0.448167 -0.60353 -0.0533999
0.469601 -0.612307 -0.0738304
0.469333 -0.618086 -0.0772196
0.467692 -0.606528 -0.0704649
0.458693 -0.629865 -0.0823981
0.454176 -0.631645 -0.0834471
0.463042 -0.626745 -0.0811454
0.441006 -0.598155 -0.0751475
0.445994 -0.595894 -0.0706843
0.437449 -0.602267 -0.0796739
0.436254 -0.619399 -0.0849091
0.435488 -0.613573 -0.0839677
0.438222 -0.624384 -0.0853704
0.445662 -0.630041 -0.0851863
0.441573 -0.627798 -0.0854791
0.449848 -0.631513 -0.0844427
0.463624 -0.601757 -0.0682173
0.458141 -0.598205 -0.0673509
0.451985 -0.59608 -0.0681293
0.472818 -0.615677 -0.0201421
0.473446 -0.63271 -0.049618
0.472231 -0.624974 -0.0457537
0.470638 -0.619166 -0.0398343
0.470074 -0.624769 -0.0454302
0.468434 -0.618916 -0.0395542
0.471145 -0.632343 -0.049239
0.470585 -0.658805 -0.0467023
0.472055 -0.650674 -0.0493184
0.466847 -0.658384 -0.0464071
0.469225 -0.649939 -0.0491534
0.472024 -0.678499 -0.00091688
0.472574 -0.678184 -0.00775125
0.47243 -0.677404 -0.0142283
0.472829 -0.677353 0.00624363
0.47197 -0.676071 0.013113
0.469549 -0.677103 -0.0203169
0.466431 -0.675905 0.019074
0.46711 -0.61542 -0.032303
0.469752 -0.616029 -0.0327383
0.468914 -0.614865 -0.0252348
0.465419 -0.613903 -0.0245113
0.467466 -0.614978 -0.0180929
0.462677 -0.613985 -0.017014
0.469346 -0.620375 0.0133579
0.472989 -0.619843 0.0104148
0.471302 -0.6186 0.00509446
0.46647 -0.619227 0.00671112
0.412754 -0.615593 -0.0207399
0.41956 -0.612531 -0.0135995
0.427627 -0.610851 -0.00853904
0.411348 -0.652025 -0.0415238
0.408538 -0.640611 -0.0406823
0.40789 -0.630159 -0.036312
0.416644 -0.663641 -0.0378984
0.424406 -0.672325 -0.0333774
0.415582 -0.684221 -0.0134435
0.426729 -0.684843 -0.0130473
0.42412 -0.686323 -0.00101753
0.414832 -0.685991 -0.00055454
0.436176 -0.684468 -0.0130644
0.429975 -0.680484 -0.0238046
0.440039 -0.680019 -0.0240735
0.412937 -0.682458 0.0129701
0.421386 -0.683319 0.0118365
0.420143 -0.67749 0.0235885
0.41076 -0.672824 0.0272789
0.438655 -0.675153 0.0283202
0.429644 -0.674072 0.0286255
0.421404 -0.625145 0.025638
0.418195 -0.633038 0.0322816
0.416255 -0.64326 0.0360224
0.410379 -0.63418 0.0307965
0.409202 -0.645254 0.0339549
0.412655 -0.625882 0.0239446
0.450097 -0.614426 -0.00416036
0.449964 -0.616712 6.363e-05
0.441749 -0.616253 0.00303917
0.442327 -0.613723 -0.00131828
0.462498 -0.612636 -0.0248258
0.459181 -0.612299 -0.0180082
0.454679 -0.612474 -0.0122705
0.449106 -0.679077 -0.0239775
0.445204 -0.683312 -0.0129377
0.445076 -0.674112 -0.0334244
0.434617 -0.674903 -0.0326777
0.405546 -0.685378 -0.00013916
0.404473 -0.681588 0.0139355
0.403342 -0.671683 0.0272653
0.404583 -0.682586 -0.0144904
0.422001 -0.670732 0.0310583
0.416868 -0.664286 0.0343065
0.402655 -0.647711 0.0331792
0.400442 -0.635608 0.0287465
0.404084 -0.627073 0.0215151
0.426082 -0.621036 0.0166958
0.416314 -0.621411 0.0144406
0.430491 -0.618544 0.00813664
0.405955 -0.622689 0.0117792
0.434027 -0.613214 -0.00169588
0.432889 -0.615849 0.00251397
0.4666 -0.618624 -0.039464
0.464818 -0.614697 -0.0323184
0.468307 -0.624556 -0.0452411
0.469198 -0.631958 -0.0490163
0.462721 -0.657923 -0.0462583
0.458249 -0.666259 -0.0412353
0.466361 -0.649085 -0.0490936
0.453582 -0.673308 -0.0336092
0.439742 -0.607263 -0.0144169
0.445661 -0.609574 -0.0116889
0.436647 -0.608479 -0.0101889
0.441551 -0.609676 -0.00912315
0.4488 -0.611945 -0.0080174
0.442088 -0.611158 -0.00573946
0.435083 -0.610557 -0.00592706
0.408721 -0.658108 0.0331816
0.415382 -0.654215 0.0363319
0.401458 -0.623633 -0.0166273
0.40566 -0.622856 -0.02256
0.409079 -0.621543 -0.0290615
0.411094 -0.621022 -0.033324
0.413501 -0.62027 -0.0378704
0.416224 -0.619276 -0.0427215
0.422192 -0.618206 -0.0514154
0.427547 -0.617392 -0.0588754
0.430782 -0.615456 -0.0653157
0.432626 -0.613006 -0.0710397
0.434221 -0.610321 -0.0767923
0.435749 -0.607634 -0.0824182
0.437397 -0.605271 -0.0876708
0.440192 -0.60301 -0.0941384
0.44682 -0.602726 -0.0998483
0.451315 -0.604152 -0.100961
0.456139 -0.606356 -0.100877
0.46491 -0.611773 -0.0975909
0.460904 -0.608958 -0.0997732
0.468702 -0.617151 -0.0905718
0.468252 -0.62049 -0.0843505
0.466868 -0.622859 -0.0795385
0.464888 -0.625293 -0.0742709
0.462837 -0.62776 -0.0688694
0.461456 -0.630032 -0.0637949
0.461172 -0.632721 -0.0585633
0.462095 -0.635381 -0.0544906
0.463915 -0.637772 -0.0515954
0.466621 -0.639537 -0.0502676
0.465117 -0.638717 -0.0507371
0.47076 -0.641008 -0.0502887
0.468535 -0.640306 -0.0501567
0.473198 -0.641633 -0.0505483
0.402611 -0.658895 0.0325635
-0.400817 -0.631107 -0.0268096
-0.401059 -0.639305 -0.0318585
-0.405018 -0.640554 -0.0359175
-0.404703 -0.630888 -0.0312344
-0.402338 -0.649611 -0.0350454
-0.407068 -0.651712 -0.037651
-0.404633 -0.662276 -0.0320549
-0.40715 -0.673763 -0.0267545
-0.418322 -0.678696 -0.0248622
-0.411061 -0.664156 -0.0340338
-0.451229 -0.620971 0.0165565
-0.443533 -0.62072 0.016685
-0.448064 -0.618898 0.00618792
-0.457065 -0.618995 0.00268169
-0.446647 -0.624482 0.0287956
-0.438411 -0.624262 0.0277811
-0.429938 -0.624473 0.0268886
-0.435056 -0.620769 0.0177031
-0.439641 -0.618774 0.0088527
-0.426227 -0.632124 0.0337079
-0.434737 -0.631608 0.0357021
-0.432418 -0.640593 0.040376
-0.42383 -0.641551 0.0378203
-0.443431 -0.631557 0.0374366
-0.441491 -0.640258 0.0424564
-0.454467 -0.62489 0.0306103
-0.457857 -0.621575 0.0202481
-0.463531 -0.622399 0.0249858
-0.461427 -0.625472 0.0326392
-0.46194 -0.620199 0.0111027
-0.466169 -0.621207 0.0180831
-0.452015 -0.63168 0.0386521
-0.450519 -0.6401 0.0436609
-0.459852 -0.631942 0.0396159
-0.458888 -0.640043 0.0444075
-0.458525 -0.681531 -0.00103701
-0.458638 -0.680176 0.00813002
-0.466086 -0.678816 0.0065282
-0.465489 -0.680022 -0.00094362
-0.450872 -0.683134 -0.00114883
-0.450256 -0.681541 0.00982835
-0.451565 -0.677883 0.0209059
-0.461135 -0.67782 0.0154979
-0.466541 -0.677518 0.011901
-0.453407 -0.681846 -0.0120977
-0.460382 -0.680657 -0.0100105
-0.464096 -0.678738 -0.0170255
-0.458344 -0.678078 -0.0234605
-0.466611 -0.679511 -0.00809029
-0.467782 -0.678541 -0.0132554
-0.468904 -0.665859 -0.0420726
-0.467126 -0.671645 -0.034802
-0.472896 -0.670799 -0.036053
-0.473536 -0.665625 -0.0428795
-0.463919 -0.66604 -0.0414942
-0.460733 -0.672511 -0.0338593
-0.466818 -0.675669 -0.0268853
-0.473273 -0.674301 -0.0284367
-0.46531 -0.623612 -0.0464894
-0.466004 -0.624022 -0.0456383
-0.464054 -0.617909 -0.0404549
-0.463203 -0.617432 -0.041828
-0.465738 -0.630554 -0.050011
-0.466553 -0.631097 -0.0493174
-0.467651 -0.631546 -0.0490193
-0.466945 -0.624314 -0.0452794
-0.465139 -0.618289 -0.039714
-0.459812 -0.662012 0.0417929
-0.451627 -0.663104 0.0407764
-0.450388 -0.656217 0.0435822
-0.458955 -0.655653 0.0442023
-0.461205 -0.667151 0.0380787
-0.453533 -0.668735 0.0365409
-0.445363 -0.67002 0.0351181
-0.442959 -0.663965 0.0396042
-0.441216 -0.65671 0.0425512
-0.431865 -0.656972 0.0406539
-0.434207 -0.664266 0.0380338
-0.426758 -0.66578 0.0353537
-0.423395 -0.658855 0.0378748
-0.43695 -0.670424 0.0339095
-0.430949 -0.670102 0.0326699
-0.459172 -0.656931 -0.0468138
-0.457167 -0.654983 -0.0486318
-0.450282 -0.661723 -0.0465921
-0.451201 -0.666451 -0.0419291
-0.463809 -0.648028 -0.0494055
-0.461916 -0.646696 -0.0503558
-0.460445 -0.645104 -0.0517778
-0.455936 -0.652453 -0.0510938
-0.449764 -0.658152 -0.0501854
-0.416206 -0.614907 -0.00916097
-0.412651 -0.617268 -0.00482355
-0.402917 -0.619861 -0.00863895
-0.408218 -0.617857 -0.0144626
-0.425483 -0.613659 -0.00448146
-0.423239 -0.616329 -0.00040416
-0.420221 -0.618937 0.00531949
-0.408218 -0.620436 0.00242758
-0.464866 -0.618078 -0.00052826
-0.464884 -0.616909 -0.00621759
-0.471528 -0.616686 -0.00740802
-0.470859 -0.617499 -0.00121887
-0.457641 -0.617004 -0.0038696
-0.458244 -0.61505 -0.00898399
-0.465943 -0.615836 -0.0116436
-0.473519 -0.6162 -0.0141446
-0.471682 -0.632698 0.0415475
-0.471848 -0.62696 0.0357031
-0.471906 -0.639987 0.0457466
-0.48522 -0.675391 -0.00100328
-0.477603 -0.677166 -0.00093196
-0.478454 -0.676026 0.0065177
-0.485892 -0.674171 0.0065286
-0.479133 -0.674323 0.014164
-0.487392 -0.671323 0.0133368
-0.485789 -0.672812 -0.0247064
-0.475548 -0.675626 -0.0217574
-0.478777 -0.67575 -0.0153647
-0.488354 -0.671626 -0.019565
-0.484045 -0.671963 -0.0311418
-0.483057 -0.669221 -0.0384242
-0.482613 -0.664881 -0.0448726
-0.476074 -0.63306 -0.0501543
-0.482003 -0.633684 -0.051671
-0.481004 -0.625643 -0.0478162
-0.474791 -0.625185 -0.046241
-0.480151 -0.619793 -0.0420207
-0.473305 -0.619389 -0.0403206
-0.473354 -0.66016 0.0439471
-0.474102 -0.664607 0.0410381
-0.472875 -0.654619 0.0455291
-0.472813 -0.616523 -0.0334814
-0.480168 -0.617123 -0.035503
-0.481073 -0.616611 -0.0291424
-0.472817 -0.615611 -0.0264974
-0.48242 -0.642928 -0.0523665
-0.47596 -0.642166 -0.050972
-0.475141 -0.651249 -0.0496614
-0.482502 -0.651889 -0.0510343
-0.48577 -0.618474 -0.0144199
-0.486139 -0.619665 -0.0197365
-0.486566 -0.62099 -0.0173676
-0.463153 -0.671011 0.0328617
-0.455921 -0.672831 0.0309098
-0.466616 -0.673347 0.0268338
-0.459864 -0.675168 0.0247865
-0.44782 -0.6744 0.0292202
-0.475436 -0.668265 0.035985
-0.477846 -0.670817 0.029818
-0.474308 -0.659094 -0.0471898
-0.482497 -0.659156 -0.0488062
-0.439763 -0.679169 0.0206799
-0.440715 -0.682994 0.0104022
-0.430822 -0.683561 0.010679
-0.429489 -0.678973 0.0211906
-0.442274 -0.684872 -0.00123075
-0.4332 -0.686006 -0.00121037
-0.458618 -0.648113 0.0455051
-0.472348 -0.647575 0.0466014
-0.449998 -0.648392 0.0449239
-0.44074 -0.648704 0.0438316
-0.431365 -0.649066 0.0417306
-0.422652 -0.650566 0.0389334
-0.488551 -0.671886 -0.0152056
-0.477904 -0.676853 -0.00813034
-0.486178 -0.674605 -0.00848492
-0.488658 -0.670533 -0.0174777
-0.486298 -0.670953 0.0181001
-0.472556 -0.674351 0.0206873
-0.48182 -0.671854 0.0235676
-0.486965 -0.670036 0.015831
-0.482581 -0.616602 -0.0079911
-0.481105 -0.616911 -0.0016174
-0.472577 -0.624085 0.0299118
-0.474255 -0.622982 0.0244239
-0.560987 -0.648146 0.0543057
-0.562155 -0.648173 0.0491949
-0.561385 -0.653778 0.0496579
-0.560393 -0.653973 0.0543566
-0.560514 -0.641076 0.0538506
-0.561834 -0.641356 0.0486231
-0.561266 -0.641528 0.043767
-0.56143 -0.648073 0.0444385
-0.560556 -0.653445 0.0453031
-0.489817 -0.646446 0.0478233
-0.497821 -0.645871 0.0490056
-0.498582 -0.651198 0.0480243
-0.490533 -0.652388 0.0470225
-0.489073 -0.640123 0.0472625
-0.49706 -0.640123 0.0486359
-0.543736 -0.645754 0.0649417
-0.554583 -0.647173 0.0627821
-0.554521 -0.652841 0.0618648
-0.544402 -0.651139 0.0632652
-0.542903 -0.639464 0.0652353
-0.554041 -0.640509 0.0627569
-0.506727 -0.661925 0.0283208
-0.499977 -0.664872 0.0249724
-0.497207 -0.666038 0.029229
-0.504454 -0.66285 0.0320532
-0.494499 -0.665549 0.03436
-0.502213 -0.6624 0.036443
-0.557365 -0.658705 0.0471551
-0.550551 -0.658893 0.0440274
-0.549089 -0.659933 0.0474487
-0.557499 -0.659616 0.0498423
-0.547631 -0.660011 0.0512622
-0.556555 -0.659861 0.053493
-0.504186 -0.64207 0.0202945
-0.510134 -0.641954 0.0223847
-0.507749 -0.635153 0.0230924
-0.501291 -0.634614 0.0207373
-0.504179 -0.629681 0.025025
-0.497086 -0.628694 0.0222452
-0.556918 -0.629752 0.0437963
-0.549157 -0.627279 0.0393036
-0.551871 -0.633771 0.0373061
-0.559515 -0.634384 0.0434269
-0.553788 -0.641271 0.0370452
-0.500209 -0.626649 0.0281035
-0.492628 -0.625465 0.0253141
-0.497133 -0.62591 0.032131
-0.489253 -0.624699 0.0295721
-0.555238 -0.627179 0.0516755
-0.54443 -0.622448 0.049038
-0.54664 -0.623546 0.0435693
-0.556685 -0.627792 0.0469573
-0.559993 -0.633964 0.0479607
-0.558644 -0.633519 0.0528958
-0.553018 -0.653439 0.0396511
-0.553912 -0.648029 0.0379888
-0.504713 -0.649907 0.0204207
-0.510549 -0.648977 0.0229815
-0.503747 -0.656905 0.0211371
-0.509747 -0.655152 0.0243453
-0.541999 -0.633032 0.0633272
-0.552725 -0.633865 0.0613258
-0.541689 -0.627487 0.059652
-0.551117 -0.629679 0.0593029
-0.49666 -0.634842 0.0459343
-0.488717 -0.634307 0.0442981
-0.488531 -0.62949 0.0398024
-0.496445 -0.630436 0.0417446
-0.508409 -0.63983 0.0520634
-0.519282 -0.63943 0.0569075
-0.520122 -0.644976 0.0568504
-0.509177 -0.645254 0.0521958
-0.520864 -0.649895 0.0553408
-0.509969 -0.650156 0.0510059
-0.526062 -0.659797 0.0399379
-0.515618 -0.660377 0.0362523
-0.513742 -0.660037 0.040089
-0.52442 -0.659578 0.0437079
-0.527716 -0.658937 0.0365533
-0.517479 -0.659565 0.0328866
-0.528924 -0.634438 0.0298824
-0.518268 -0.635033 0.0268565
-0.52033 -0.641677 0.0261798
-0.531117 -0.641411 0.0293754
-0.525701 -0.628442 0.0319221
-0.515158 -0.62949 0.0289001
-0.52242 -0.624809 0.0355893
-0.511679 -0.626262 0.0321429
-0.519765 -0.623715 0.040326
-0.508874 -0.625369 0.036302
-0.540627 -0.653006 0.035408
-0.54169 -0.647745 0.0336334
-0.54158 -0.641219 0.0327021
-0.528423 -0.628343 0.0550528
-0.528932 -0.633449 0.059074
-0.529875 -0.63922 0.0613058
-0.531464 -0.649777 0.0594248
-0.530748 -0.644856 0.0611285
-0.536352 -0.659174 0.0435379
-0.534847 -0.659071 0.047253
-0.537898 -0.658274 0.0401453
-0.539345 -0.634062 0.0331337
-0.536085 -0.627856 0.0351984
-0.5329 -0.624188 0.0391667
-0.530316 -0.623116 0.0443006
-0.519958 -0.653762 0.0287221
-0.530359 -0.653399 0.0320647
-0.531304 -0.647979 0.0303067
-0.520662 -0.648212 0.0270379
-0.507705 -0.630099 0.0457996
-0.51809 -0.628965 0.0505799
-0.518492 -0.633878 0.0545875
-0.507915 -0.634605 0.0496936
-0.477269 -0.622558 0.0194894
-0.48485 -0.623838 0.0223802
-0.481394 -0.623488 0.0271138
-0.481509 -0.623845 0.0154268
-0.489534 -0.626849 0.0191328
-0.489655 -0.66967 0.0263363
-0.486499 -0.6689 0.0322536
-0.493012 -0.668339 0.0216753
-0.508482 -0.659414 0.0259383
-0.502163 -0.661851 0.0224647
-0.492129 -0.659569 0.0175127
-0.497677 -0.658758 0.0188575
-0.498773 -0.65083 0.0185084
-0.49355 -0.651076 0.0173713
-0.49802 -0.642008 0.0183326
-0.492793 -0.641619 0.0168714
-0.488407 -0.632069 0.015869
-0.494432 -0.63346 0.0181621
-0.481023 -0.64 0.0466714
-0.480515 -0.633428 0.0431812
-0.480221 -0.628125 0.0380908
-0.490805 -0.657058 0.0459022
-0.498979 -0.655218 0.0466725
-0.499481 -0.658293 0.0444354
-0.491254 -0.660717 0.0436594
-0.481703 -0.647066 0.0474187
-0.482319 -0.653668 0.0466057
-0.521961 -0.656284 0.0506716
-0.511194 -0.656548 0.0471222
-0.510535 -0.653811 0.0494088
-0.52136 -0.653566 0.0533033
-0.544805 -0.654858 0.061024
-0.531941 -0.6534 0.057077
-0.54532 -0.657366 0.0582364
-0.532516 -0.65603 0.0541874
-0.529156 -0.656928 0.0340379
-0.518911 -0.657453 0.030524
-0.559191 -0.657069 0.0462229
-0.55188 -0.656894 0.041546
-0.539343 -0.656367 0.037507
-0.489976 -0.666072 0.0174396
-0.495721 -0.664643 0.0195478
-0.482637 -0.658868 0.0454148
-0.483159 -0.663005 0.0429086
-0.554027 -0.656495 0.0604682
-0.553098 -0.658059 0.0588651
-0.559955 -0.657534 0.0499938
-0.55906 -0.657804 0.0540981
-0.480183 -0.624864 0.0325429
-0.49624 -0.627315 0.0369108
-0.488299 -0.626164 0.0346476
-0.518418 -0.625339 0.0455745
-0.507787 -0.626835 0.041095
-0.54264 -0.62386 0.0546439
-0.528854 -0.6247 0.0498621
-0.553201 -0.627849 0.0562568
-0.557958 -0.640836 0.0588331
-0.556317 -0.633683 0.0576333
-0.558467 -0.647776 0.059087
-0.558102 -0.653582 0.0586596
-0.557119 -0.657333 0.0578149
-0.554954 -0.659267 0.0568163
-0.546318 -0.659119 0.0549204
-0.533526 -0.657972 0.0508577
-0.523017 -0.658348 0.0473794
-0.512265 -0.658692 0.043864
-0.500558 -0.660784 0.040798
-0.4925 -0.663656 0.039491
-0.48439 -0.666467 0.0381496
-0.490526 -0.65944 0.0170065
-0.491142 -0.650538 0.0168825
-0.489828 -0.64994 0.0164688
-0.490166 -0.659205 0.0165732
-0.49003 -0.640669 0.0159994
-0.488372 -0.639735 0.0152795
-0.485767 -0.62987 0.0128496
-0.48637 -0.63086 0.0142143
-0.482052 -0.624432 0.0126266
-0.48201 -0.621251 0.00922531
-0.489005 -0.666178 0.0165142
-0.489413 -0.666082 0.015748
-0.57028 -0.649198 -0.0656315
-0.56746 -0.648774 -0.0705868
-0.56693 -0.655322 -0.0700567
-0.569509 -0.655749 -0.0656464
-0.569962 -0.641452 -0.0651522
-0.56711 -0.64112 -0.0703289
-0.563111 -0.640528 -0.0743439
-0.563379 -0.648025 -0.0743337
-0.563022 -0.654529 -0.0732513
-0.511654 -0.639693 -0.0244219
-0.518363 -0.640478 -0.0269173
-0.518441 -0.649098 -0.0271271
-0.511704 -0.649298 -0.0240367
-0.517289 -0.656862 -0.0281635
-0.510146 -0.658124 -0.0242202
-0.571419 -0.648746 -0.0553802
-0.565371 -0.648311 -0.0479089
-0.565645 -0.640664 -0.0469521
-0.571443 -0.641568 -0.0546878
-0.570241 -0.654935 -0.0562889
-0.563844 -0.654727 -0.0494805
-0.502236 -0.668538 -0.0374065
-0.510496 -0.666143 -0.0406252
-0.509052 -0.664384 -0.0460963
-0.500763 -0.666439 -0.0436188
-0.508026 -0.661394 -0.0509711
-0.499672 -0.662991 -0.0490756
-0.561458 -0.660509 -0.0698657
-0.553235 -0.66024 -0.06874
-0.55451 -0.662083 -0.0650082
-0.563548 -0.661741 -0.0677771
-0.556146 -0.662898 -0.0609318
-0.565399 -0.662293 -0.0643798
-0.496898 -0.627808 -0.0527177
-0.50538 -0.629268 -0.0548417
-0.505094 -0.623885 -0.0500147
-0.496826 -0.62221 -0.0474341
-0.497113 -0.635199 -0.0560511
-0.505871 -0.636273 -0.057817
-0.560291 -0.628819 -0.0704148
-0.55116 -0.624824 -0.0702579
-0.551744 -0.630957 -0.0744087
-0.561841 -0.633374 -0.0727198
-0.552766 -0.638573 -0.0765016
-0.504999 -0.620749 -0.0442965
-0.496537 -0.618885 -0.0412599
-0.505996 -0.620049 -0.0386802
-0.497319 -0.6181 -0.0352932
-0.552514 -0.621535 -0.0645331
-0.562533 -0.62735 -0.0672453
-0.564884 -0.627023 -0.0625796
-0.555021 -0.620793 -0.0583725
-0.565551 -0.633599 -0.0689725
-0.568151 -0.633629 -0.064127
-0.552726 -0.646313 -0.0760525
-0.552396 -0.652992 -0.0741101
-0.498638 -0.652215 -0.0548432
-0.507234 -0.651803 -0.0564275
-0.506578 -0.644281 -0.0579806
-0.497833 -0.643906 -0.0563744
-0.563821 -0.632847 -0.0471031
-0.569624 -0.634498 -0.054501
-0.560905 -0.62626 -0.0489085
-0.567123 -0.629837 -0.0547322
-0.516194 -0.632652 -0.028182
-0.508893 -0.631314 -0.0253793
-0.504727 -0.624634 -0.0273141
-0.512785 -0.62627 -0.030677
-0.539718 -0.654972 -0.0379856
-0.528221 -0.655552 -0.0334956
-0.529291 -0.648679 -0.0318374
-0.541077 -0.648281 -0.0360689
-0.529341 -0.640811 -0.0311598
-0.541216 -0.640453 -0.0351422
-0.529976 -0.659642 -0.0592579
-0.519744 -0.659945 -0.0548659
-0.520713 -0.662516 -0.0504747
-0.531144 -0.66203 -0.0550861
-0.522076 -0.663945 -0.0456503
-0.532689 -0.663288 -0.0505719
-0.526869 -0.624055 -0.0601456
-0.516701 -0.624722 -0.0549385
-0.516953 -0.630022 -0.0594406
-0.527164 -0.629699 -0.0647496
-0.51755 -0.636804 -0.0620641
-0.527955 -0.636792 -0.067318
-0.52774 -0.62076 -0.0543129
-0.51704 -0.621613 -0.0493634
-0.529705 -0.619938 -0.0482413
-0.518412 -0.620878 -0.0437029
-0.539759 -0.651518 -0.06987
-0.539474 -0.644759 -0.0719944
-0.539012 -0.637118 -0.0723889
-0.547827 -0.625619 -0.042956
-0.55105 -0.632312 -0.0405017
-0.55307 -0.640207 -0.0398271
-0.55134 -0.654415 -0.0428092
-0.552863 -0.647925 -0.0408362
-0.542033 -0.661501 -0.0598415
-0.540785 -0.659347 -0.0638337
-0.543648 -0.662561 -0.0555798
-0.538128 -0.629788 -0.069906
-0.537794 -0.623915 -0.0652857
-0.538983 -0.620646 -0.059269
-0.541319 -0.619876 -0.0529158
-0.518877 -0.651335 -0.0603105
-0.529046 -0.651342 -0.0650675
-0.528574 -0.644432 -0.067044
-0.518251 -0.64436 -0.0620033
-0.524627 -0.626883 -0.0351588
-0.536077 -0.62598 -0.0387399
-0.539234 -0.632622 -0.0360899
-0.527553 -0.633233 -0.0324154
-0.488124 -0.620394 -0.0448041
-0.487963 -0.617332 -0.0383339
-0.488735 -0.616758 -0.0319945
-0.490977 -0.664211 -0.0470974
-0.491992 -0.668098 -0.0410828
-0.493286 -0.670484 -0.034185
-0.499107 -0.658414 -0.0526137
-0.507568 -0.657354 -0.054253
-0.488104 -0.634191 -0.0536392
-0.488673 -0.643406 -0.0541977
-0.489462 -0.652248 -0.0529064
-0.488046 -0.626267 -0.0502069
-0.500927 -0.629646 -0.0223815
-0.494232 -0.628236 -0.0201919
-0.495905 -0.622509 -0.0236602
-0.504544 -0.638887 -0.0220775
-0.499444 -0.638341 -0.0208135
-0.515766 -0.662122 -0.0293787
-0.508085 -0.664166 -0.0249691
-0.514023 -0.665217 -0.0315749
-0.505893 -0.667716 -0.0271429
-0.499851 -0.649187 -0.0204252
-0.504622 -0.649358 -0.0216777
-0.502578 -0.658924 -0.0214108
-0.497253 -0.659007 -0.0196612
-0.538041 -0.659392 -0.0400083
-0.526947 -0.660143 -0.0351818
-0.536214 -0.662009 -0.0426125
-0.525459 -0.662855 -0.0375309
-0.549411 -0.658627 -0.0450264
-0.561903 -0.65885 -0.0511739
-0.559833 -0.661285 -0.0534863
-0.547348 -0.661113 -0.0477999
-0.529395 -0.656246 -0.0625286
-0.519253 -0.656373 -0.0580379
-0.562419 -0.658704 -0.0716587
-0.552549 -0.657422 -0.0717233
-0.540112 -0.6562 -0.0671631
-0.490182 -0.659056 -0.0507891
-0.499827 -0.665542 -0.0215053
-0.49345 -0.666235 -0.0191552
-0.497047 -0.669533 -0.0232276
-0.568598 -0.659036 -0.0571244
-0.566566 -0.660896 -0.0578238
-0.565849 -0.659522 -0.0690487
-0.568051 -0.659991 -0.0652787
-0.482885 -0.617231 -0.0238184
-0.491612 -0.618348 -0.0269838
-0.500459 -0.620122 -0.0306316
-0.508989 -0.621979 -0.0341583
-0.532692 -0.621715 -0.0429203
-0.521261 -0.6227 -0.0389447
-0.544425 -0.621504 -0.047286
-0.557894 -0.622305 -0.0529146
-0.566526 -0.627968 -0.0579998
-0.571552 -0.641634 -0.059767
-0.569693 -0.634187 -0.0591826
-0.570739 -0.655438 -0.060858
-0.57172 -0.649081 -0.0603664
-0.566543 -0.661936 -0.0606678
-0.569151 -0.659617 -0.0611189
-0.557917 -0.662633 -0.056915
-0.545423 -0.662428 -0.0514418
-0.534405 -0.663294 -0.0462739
-0.523747 -0.664091 -0.041178
-0.503944 -0.669069 -0.0316016
-0.51221 -0.666489 -0.0355542
-0.494919 -0.671084 -0.0278437
-0.493099 -0.62766 -0.019001
-0.493874 -0.627352 -0.0181326
-0.498662 -0.638023 -0.0203081
-0.499308 -0.637796 -0.0199938
-0.500352 -0.648523 -0.0200283
-0.499429 -0.648841 -0.0201326
-0.496979 -0.658609 -0.0192173
-0.498222 -0.658196 -0.0190217
-0.492888 -0.666057 -0.0183055
-0.494138 -0.665723 -0.0177592
-0.582745 -0.655527 -0.0061812
-0.583402 -0.648609 -0.00682491
-0.581238 -0.648616 -0.0120032
-0.580613 -0.655417 -0.0107681
-0.583262 -0.655633 -0.00087361
-0.583925 -0.648576 -0.00091932
-0.583365 -0.640435 -0.0009796
-0.582898 -0.640738 -0.00712198
-0.580815 -0.64096 -0.0125627
-0.500934 -0.639635 0.0155717
-0.511436 -0.639944 0.0155119
-0.512567 -0.648618 0.015493
-0.502117 -0.64926 0.0161324
-0.513466 -0.656458 0.0139716
-0.50306 -0.658025 0.0153649
-0.571292 -0.648073 0.0143616
-0.580627 -0.648307 0.00919259
-0.580045 -0.655299 0.00817129
-0.57089 -0.65508 0.0124347
-0.570904 -0.639939 0.0150254
-0.580218 -0.64037 0.00948477
-0.517931 -0.665259 -0.0115613
-0.507927 -0.668235 -0.0132765
-0.505701 -0.670957 -0.00770001
-0.51621 -0.667489 -0.00670544
-0.504114 -0.671918 -0.00099232
-0.514806 -0.668226 -0.00100561
-0.569372 -0.664104 -0.00549271
-0.578755 -0.663086 -0.00502787
-0.577814 -0.662152 -0.00793747
-0.570021 -0.662749 -0.00962658
-0.569009 -0.664404 -0.00093328
-0.57898 -0.663273 -0.00085985
-0.517925 -0.631107 -0.0167288
-0.509667 -0.629764 -0.0174188
-0.512605 -0.638578 -0.0194634
-0.520273 -0.639119 -0.0186378
-0.514783 -0.624716 -0.0128957
-0.505676 -0.622781 -0.0134988
-0.578851 -0.633746 -0.0119032
-0.569811 -0.632265 -0.0170891
-0.571808 -0.640428 -0.018173
-0.576376 -0.628991 -0.0104527
-0.567519 -0.625539 -0.0137464
-0.511514 -0.620873 -0.00743843
-0.501649 -0.61867 -0.00778944
-0.509197 -0.61971 -0.00149936
-0.498802 -0.617443 -0.00152053
-0.577344 -0.625775 -0.00110642
-0.565807 -0.620417 -0.00121365
-0.566208 -0.621645 -0.00796627
-0.577136 -0.62692 -0.00656901
-0.581174 -0.632371 -0.001043
-0.580795 -0.63312 -0.00679037
-0.572233 -0.648628 -0.0171764
-0.571718 -0.655609 -0.0150284
-0.513475 -0.648181 -0.0195466
-0.521163 -0.647826 -0.0183232
-0.512655 -0.657054 -0.0183464
-0.52086 -0.655763 -0.0166958
-0.567443 -0.625528 0.0101847
-0.576078 -0.628316 0.0071759
-0.578363 -0.632931 0.00856945
-0.569308 -0.632018 0.013572
-0.499132 -0.62358 0.00893207
-0.509666 -0.625548 0.00850946
-0.510489 -0.631998 0.0128021
-0.499966 -0.630748 0.0129674
-0.542569 -0.647772 0.0153066
-0.528529 -0.647887 0.0144038
-0.527583 -0.640107 0.014753
-0.541873 -0.639922 0.0158932
-0.542608 -0.654657 0.0131981
-0.529113 -0.654832 0.0126236
-0.543254 -0.662691 -0.0100478
-0.531353 -0.662997 -0.0102824
-0.530296 -0.664735 -0.00594658
-0.542492 -0.664329 -0.00575284
-0.529454 -0.665207 -0.00103421
-0.541976 -0.664768 -0.0010091
-0.54251 -0.63176 -0.017369
-0.530368 -0.631927 -0.0165679
-0.532411 -0.639524 -0.0182911
-0.54473 -0.639657 -0.0189336
-0.539845 -0.625311 -0.0136003
-0.527801 -0.625829 -0.0128128
-0.537819 -0.621489 -0.00784937
-0.525388 -0.622204 -0.00739448
-0.53681 -0.620346 -0.00136028
-0.523921 -0.621159 -0.00145077
-0.558015 -0.648017 -0.0182661
-0.557542 -0.654933 -0.0159239
-0.557443 -0.639925 -0.0192143
-0.553534 -0.632126 0.0144965
-0.551594 -0.625711 0.0105515
-0.555264 -0.63984 0.0163962
-0.555932 -0.647669 0.0156964
-0.555837 -0.65443 0.0134528
-0.555102 -0.663683 -0.00557995
-0.555747 -0.662187 -0.00982598
-0.55471 -0.664066 -0.00098553
-0.555173 -0.631865 -0.0177644
-0.552491 -0.62524 -0.0140215
-0.550685 -0.621455 -0.00809098
-0.549903 -0.620353 -0.00127728
-0.545422 -0.647822 -0.0180727
-0.533251 -0.647643 -0.0176136
-0.533161 -0.654888 -0.0156041
-0.54509 -0.654949 -0.0158394
-0.526492 -0.632818 0.0124836
-0.540296 -0.632337 0.0137948
-0.525335 -0.626791 0.00854347
-0.538512 -0.62601 0.00978142
-0.488917 -0.616615 -0.00162266
-0.491549 -0.616961 -0.00824278
-0.495728 -0.620402 -0.0142349
-0.494936 -0.67318 -0.00842633
-0.497467 -0.670227 -0.0144199
-0.493473 -0.674096 -0.0010534
-0.519632 -0.661462 -0.0146666
-0.510526 -0.663675 -0.0165408
-0.505618 -0.648468 -0.0201345
-0.504114 -0.657999 -0.0190286
-0.50475 -0.63798 -0.0200976
-0.500791 -0.628016 -0.0181587
-0.491793 -0.639466 0.0150727
-0.490476 -0.630027 0.0126811
-0.48933 -0.622558 0.00901017
-0.503308 -0.664362 0.0139846
-0.513717 -0.661903 0.0121737
-0.513766 -0.665436 0.00932022
-0.503289 -0.668623 0.0110614
-0.494039 -0.658985 0.0159054
-0.493144 -0.649647 0.0160597
-0.529113 -0.659616 0.0105998
-0.542216 -0.659347 0.0107303
-0.541789 -0.662337 0.00761819
-0.528948 -0.662699 0.00781279
-0.570116 -0.65962 0.0100988
-0.555277 -0.658944 0.0107212
-0.569356 -0.662336 0.00714773
-0.554697 -0.661765 0.0074096
-0.532418 -0.65986 -0.013331
-0.544244 -0.659735 -0.0132872
-0.579436 -0.660067 -0.0094011
-0.570891 -0.660117 -0.0126585
-0.556673 -0.659463 -0.0131923
-0.500962 -0.665167 -0.0175388
-0.493989 -0.665738 0.0148734
-0.493524 -0.670283 0.0119705
-0.578927 -0.659901 0.00689916
-0.577366 -0.66192 0.00556766
-0.581361 -0.660289 -0.00547273
-0.581784 -0.660449 -0.00085343
-0.480939 -0.618137 0.00400701
-0.488493 -0.618284 0.00418532
-0.498354 -0.619113 0.00407797
-0.508908 -0.62136 0.00377947
-0.524191 -0.622797 0.0038802
-0.537196 -0.621933 0.00462325
-0.550295 -0.621779 0.00511516
-0.566247 -0.621686 0.00504646
-0.576926 -0.626369 0.00383006
-0.580497 -0.632592 0.00420343
-0.582563 -0.640386 0.00470756
-0.583064 -0.648454 0.00458643
-0.582428 -0.655499 0.00408313
-0.581082 -0.660224 0.00344146
-0.578492 -0.662925 0.00300278
-0.568995 -0.663873 0.00337529
-0.554542 -0.663449 0.00342588
-0.529033 -0.664546 0.00374355
-0.541726 -0.664124 0.00357644
-0.503434 -0.671149 0.00566527
-0.514061 -0.667543 0.00463165
-0.493177 -0.673102 0.00620359
-0.448067 -0.61684 -0.103156
-0.449028 -0.613204 -0.10364
-0.445554 -0.612193 -0.102569
-0.445791 -0.615266 -0.102347
-0.451392 -0.618528 -0.103084
-0.452811 -0.614974 -0.103616
-0.454418 -0.610828 -0.102735
-0.449995 -0.608838 -0.102778
-0.445896 -0.607644 -0.101643
-0.453742 -0.646969 -0.0560523
-0.453296 -0.642306 -0.0609707
-0.448834 -0.645358 -0.0620576
-0.44854 -0.650932 -0.0565388
-0.45816 -0.641339 -0.0554433
-0.45732 -0.637736 -0.0597886
-0.461339 -0.623541 -0.0943745
-0.459526 -0.618942 -0.100699
-0.457246 -0.620787 -0.100802
-0.457185 -0.625126 -0.0956749
-0.465285 -0.620691 -0.0926917
-0.462339 -0.615655 -0.0994957
-0.432988 -0.641043 -0.0645843
-0.429286 -0.646252 -0.0590993
-0.435595 -0.650004 -0.0579344
-0.438237 -0.644126 -0.0638273
-0.428945 -0.636511 -0.064719
-0.424377 -0.640745 -0.0595246
-0.445423 -0.621226 -0.0976949
-0.449228 -0.62337 -0.0973136
-0.442344 -0.618129 -0.0976779
-0.43464 -0.607249 -0.051302
-0.430977 -0.606693 -0.041765
-0.425136 -0.611554 -0.0468144
-0.429876 -0.611694 -0.0553899
-0.440746 -0.604758 -0.0479289
-0.438403 -0.604301 -0.038186
-0.450442 -0.593564 -0.0928287
-0.444899 -0.593261 -0.0868411
-0.441697 -0.597686 -0.0912013
-0.448334 -0.597884 -0.0969785
-0.45249 -0.591519 -0.0893099
-0.449528 -0.59068 -0.082687
-0.452982 -0.606975 -0.0470671
-0.453044 -0.607799 -0.0400121
-0.446102 -0.605055 -0.0379961
-0.447101 -0.604923 -0.0465875
-0.456162 -0.591546 -0.088838
-0.455316 -0.590888 -0.080368
-0.460976 -0.593438 -0.0883733
-0.461308 -0.593184 -0.0794597
-0.454832 -0.594866 -0.0936522
-0.459652 -0.596935 -0.093367
-0.452943 -0.599407 -0.0979862
-0.457907 -0.601683 -0.0978258
-0.440605 -0.613771 -0.0971489
-0.439967 -0.608587 -0.0960037
-0.426887 -0.623829 -0.0616692
-0.421378 -0.62584 -0.0552792
-0.421924 -0.633645 -0.0581167
-0.427132 -0.63049 -0.0636821
-0.47025 -0.601661 -0.0809811
-0.467784 -0.599622 -0.0877678
-0.467975 -0.602759 -0.0909123
-0.471632 -0.607261 -0.0841707
-0.466901 -0.607429 -0.0947933
-0.471009 -0.612737 -0.0878024
-0.463343 -0.620672 -0.0546836
-0.464125 -0.622307 -0.0499836
-0.46181 -0.61611 -0.0465592
-0.461126 -0.614641 -0.0519854
-0.463598 -0.627085 -0.0569699
-0.46445 -0.629041 -0.0528016
-0.456989 -0.632724 -0.0770478
-0.455345 -0.635535 -0.0717102
-0.459232 -0.631994 -0.0703471
-0.461137 -0.629376 -0.0757736
-0.452636 -0.634696 -0.0781629
-0.451186 -0.637679 -0.0729251
-0.437865 -0.63375 -0.0751945
-0.439707 -0.630835 -0.0802976
-0.436299 -0.627283 -0.0801873
-0.434388 -0.630018 -0.0751437
-0.442265 -0.63623 -0.0747379
-0.443943 -0.633174 -0.0799555
-0.44463 -0.59882 -0.0654859
-0.443446 -0.601534 -0.0604479
-0.438288 -0.603854 -0.064196
-0.439617 -0.601041 -0.0696883
-0.43446 -0.607846 -0.0681924
-0.435986 -0.605027 -0.0740286
-0.456519 -0.600694 -0.0625692
-0.455012 -0.603085 -0.0579592
-0.449268 -0.601388 -0.0583457
-0.450538 -0.598821 -0.0631349
-0.437253 -0.611049 -0.0893001
-0.438133 -0.616655 -0.0902537
-0.440147 -0.621434 -0.0906779
-0.470662 -0.615911 -0.0818306
-0.471037 -0.610188 -0.0782986
-0.469257 -0.60438 -0.0749421
-0.464518 -0.624122 -0.0861634
-0.460171 -0.627005 -0.0875735
-0.455651 -0.62861 -0.0887036
-0.447342 -0.626936 -0.0903836
-0.443404 -0.624736 -0.0907193
-0.442522 -0.595688 -0.0803795
-0.4475 -0.593303 -0.075959
-0.439007 -0.599943 -0.0848644
-0.453498 -0.593586 -0.0733461
-0.459677 -0.595884 -0.0723923
-0.434454 -0.622167 -0.0795975
-0.432653 -0.624765 -0.0744011
-0.433864 -0.616256 -0.0784814
-0.432214 -0.618819 -0.0730164
-0.467324 -0.620379 -0.0721935
-0.465202 -0.62271 -0.0670077
-0.465373 -0.61672 -0.0644922
-0.467525 -0.614542 -0.0691946
-0.463549 -0.610884 -0.0617875
-0.465623 -0.608779 -0.0660968
-0.446826 -0.605928 -0.027407
-0.450852 -0.607815 -0.023421
-0.444449 -0.607008 -0.0187735
-0.4362 -0.604607 -0.0237626
-0.454819 -0.608704 -0.0318824
-0.457085 -0.609826 -0.0285928
-0.459828 -0.611224 -0.0261843
-0.455675 -0.610163 -0.0203768
-0.450819 -0.609897 -0.0155506
-0.424589 -0.653389 -0.0515166
-0.422356 -0.656928 -0.0469801
-0.430608 -0.662845 -0.0452066
-0.432327 -0.658491 -0.0500094
-0.418877 -0.645988 -0.052521
-0.416411 -0.648474 -0.048498
-0.413984 -0.650552 -0.0448284
-0.419851 -0.66032 -0.0423911
-0.42819 -0.667353 -0.0396646
-0.415974 -0.637143 -0.0513272
-0.413265 -0.638767 -0.0474438
-0.415288 -0.627922 -0.0480294
-0.412451 -0.629003 -0.0438951
-0.409941 -0.629735 -0.0400244
-0.410793 -0.639957 -0.043916
-0.426302 -0.607094 -0.0295424
-0.423958 -0.608573 -0.0236053
-0.417107 -0.613303 -0.0306167
-0.419618 -0.612043 -0.0362704
-0.432142 -0.60645 -0.0178421
-0.429662 -0.60845 -0.0128862
-0.4217 -0.610598 -0.0181964
-0.414823 -0.614573 -0.0253752
-0.461283 -0.613184 -0.0345218
-0.462875 -0.613929 -0.0329896
-0.459992 -0.6125 -0.0368242
-0.457665 -0.610145 -0.0491564
-0.458198 -0.611379 -0.0430509
-0.461751 -0.604088 -0.0637224
-0.459934 -0.606294 -0.0593581
-0.466548 -0.596872 -0.0795374
-0.4652 -0.599547 -0.0729489
-0.465306 -0.596412 -0.087914
-0.462779 -0.604461 -0.0968329
-0.464208 -0.599779 -0.0926136
-0.458768 -0.613136 -0.101639
-0.456554 -0.616863 -0.102636
-0.454735 -0.620072 -0.102254
-0.453149 -0.62487 -0.0966474
-0.451399 -0.628407 -0.089676
-0.44827 -0.634654 -0.079188
-0.446766 -0.637725 -0.0739579
-0.442252 -0.651771 -0.0571235
-0.443666 -0.645768 -0.0629975
-0.438801 -0.669224 -0.039781
-0.440673 -0.66449 -0.0452637
-0.441306 -0.66018 -0.0496948
-0.432758 -0.610266 -0.0623216
-0.436871 -0.606157 -0.0585024
-0.442286 -0.603716 -0.0551108
-0.430575 -0.627393 -0.0691974
-0.432252 -0.632846 -0.0700701
-0.430277 -0.621305 -0.0675769
-0.461919 -0.612734 -0.0573713
-0.463839 -0.618644 -0.0598729
-0.463823 -0.624801 -0.0621204
-0.454024 -0.638361 -0.066519
-0.457826 -0.634497 -0.0651701
-0.449903 -0.640791 -0.0677488
-0.435885 -0.636791 -0.0700879
-0.440548 -0.639427 -0.0695527
-0.445316 -0.640956 -0.0687665
-0.453803 -0.605179 -0.0533482
-0.45848 -0.608247 -0.054934
-0.448167 -0.60353 -0.0533999
-0.469601 -0.612306 -0.0738305
-0.469333 -0.618086 -0.0772197
-0.467692 -0.606528 -0.070465
-0.458693 -0.629865 -0.0823981
-0.454176 -0.631645 -0.0834471
-0.463042 -0.626745 -0.0811454
-0.445994 -0.595894 -0.0706843
-0.441007 -0.598155 -0.0751476
-0.437449 -0.602267 -0.0796739
-0.435489 -0.613573 -0.0839676
-0.436254 -0.619399 -0.0849091
-0.438222 -0.624384 -0.0853704
-0.441573 -0.627797 -0.0854792
-0.445662 -0.630041 -0.0851863
-0.449848 -0.631513 -0.0844427
-0.463624 -0.601757 -0.0682173
-0.458142 -0.598205 -0.0673509
-0.451985 -0.59608 -0.0681293
-0.472818 -0.615677 -0.020142
-0.472231 -0.624974 -0.0457538
-0.473446 -0.63271 -0.049618
-0.470638 -0.619166 -0.0398343
-0.468434 -0.618916 -0.0395543
-0.470074 -0.624769 -0.0454303
-0.471145 -0.632343 -0.0492391
-0.472055 -0.650674 -0.0493185
-0.470585 -0.658805 -0.0467023
-0.469225 -0.649939 -0.0491534
-0.466847 -0.658384 -0.0464071
-0.472574 -0.678184 -0.00775129
-0.472025 -0.678499 -0.00091686
-0.47243 -0.677404 -0.0142284
-0.472829 -0.677353 0.00624362
-0.47197 -0.676071 0.013113
-0.469549 -0.677103 -0.0203169
-0.466431 -0.675905 0.019074
-0.469752 -0.616029 -0.0327383
-0.46711 -0.61542 -0.032303
-0.468914 -0.614865 -0.0252348
-0.465419 -0.613903 -0.0245114
-0.467466 -0.614978 -0.0180929
-0.462677 -0.613984 -0.0170141
-0.469346 -0.620375 0.013358
-0.472989 -0.619843 0.0104147
-0.471302 -0.6186 0.0050944
-0.46647 -0.619227 0.0067111
-0.41956 -0.612531 -0.0135996
-0.412754 -0.615593 -0.0207399
-0.427627 -0.610851 -0.00853907
-0.408538 -0.640611 -0.0406823
-0.411348 -0.652025 -0.0415239
-0.40789 -0.630159 -0.036312
-0.416644 -0.663641 -0.0378984
-0.424406 -0.672325 -0.0333774
-0.42412 -0.686323 -0.00101757
-0.426729 -0.684843 -0.0130473
-0.415582 -0.684221 -0.0134435
-0.414832 -0.685991 -0.0005546
-0.436176 -0.684468 -0.0130644
-0.440039 -0.680019 -0.0240735
-0.429975 -0.680484 -0.0238047
-0.420143 -0.677489 0.0235884
-0.421387 -0.683319 0.0118364
-0.412938 -0.682458 0.01297
-0.41076 -0.672824 0.0272789
-0.438655 -0.675153 0.0283202
-0.429644 -0.674072 0.0286254
-0.418195 -0.633038 0.0322815
-0.421404 -0.625145 0.025638
-0.416255 -0.64326 0.0360223
-0.409202 -0.645254 0.0339549
-0.410379 -0.63418 0.0307965
-0.412655 -0.625882 0.0239446
-0.449964 -0.616712 6.367e-05
-0.450097 -0.614426 -0.00416032
-0.441749 -0.616253 0.00303914
-0.442327 -0.613723 -0.00131825
-0.459182 -0.6123 -0.0180083
-0.462498 -0.612636 -0.0248258
-0.454679 -0.612474 -0.0122705
-0.445204 -0.683312 -0.0129377
-0.449106 -0.679077 -0.0239776
-0.434617 -0.674903 -0.0326777
-0.445076 -0.674112 -0.0334244
-0.404473 -0.681588 0.0139355
-0.405546 -0.685378 -0.00013912
-0.403342 -0.671683 0.0272652
-0.404583 -0.682586 -0.0144904
-0.422001 -0.670732 0.0310583
-0.416868 -0.664285 0.0343065
-0.400442 -0.635608 0.0287465
-0.402655 -0.647711 0.0331792
-0.404084 -0.627073 0.0215151
-0.426082 -0.621036 0.0166958
-0.416314 -0.621411 0.0144407
-0.430491 -0.618544 0.00813667
-0.405955 -0.622689 0.0117791
-0.432889 -0.615849 0.00251393
-0.434027 -0.613214 -0.00169593
-0.464818 -0.614697 -0.0323184
-0.4666 -0.618625 -0.0394641
-0.469198 -0.631958 -0.0490163
-0.468307 -0.624556 -0.045241
-0.458249 -0.666259 -0.0412353
-0.462721 -0.657923 -0.0462583
-0.466361 -0.649085 -0.0490937
-0.453583 -0.673308 -0.0336092
-0.445661 -0.609574 -0.0116889
-0.439742 -0.607263 -0.0144169
-0.441551 -0.609676 -0.00912308
-0.436647 -0.608479 -0.010189
-0.442088 -0.611158 -0.0057395
-0.448801 -0.611945 -0.0080175
-0.435083 -0.610558 -0.00592721
-0.415382 -0.654215 0.0363319
-0.408721 -0.658108 0.0331816
-0.40566 -0.622856 -0.02256
-0.401458 -0.623633 -0.0166273
-0.409079 -0.621543 -0.0290616
-0.411094 -0.621022 -0.0333241
-0.413501 -0.62027 -0.0378704
-0.416224 -0.619276 -0.0427215
-0.422192 -0.618206 -0.0514154
-0.427547 -0.617392 -0.0588754
-0.430782 -0.615456 -0.0653158
-0.432626 -0.613006 -0.0710397
-0.434221 -0.610321 -0.0767923
-0.435749 -0.607634 -0.0824182
-0.437397 -0.605271 -0.0876708
-0.440192 -0.60301 -0.0941384
-0.44682 -0.602726 -0.0998483
-0.451315 -0.604152 -0.100961
-0.456139 -0.606356 -0.100877
-0.460904 -0.608958 -0.0997732
-0.46491 -0.611773 -0.0975909
-0.468702 -0.617151 -0.0905718
-0.468252 -0.62049 -0.0843506
-0.466868 -0.622859 -0.0795387
-0.464888 -0.625293 -0.0742709
-0.462837 -0.62776 -0.0688694
-0.461456 -0.630032 -0.063795
-0.461172 -0.632721 -0.0585633
-0.462096 -0.635381 -0.0544906
-0.463915 -0.637772 -0.0515953
-0.465117 -0.638717 -0.0507371
-0.466621 -0.639537 -0.0502677
-0.468535 -0.640306 -0.0501567
-0.47076 -0.641008 -0.0502888
-0.473198 -0.641633 -0.0505483
-0.402612 -0.658895 0.0325636
-0.0971294 -0.123388 -0.0448013
-0.0808559 -0.122636 -0.0411392
-0.0817882 -0.113822 -0.0390159
-0.0973237 -0.11456 -0.0425152
-0.0676777 -0.122309 -0.0311634
-0.0692177 -0.1135 -0.0294805
-0.0610528 -0.113672 -0.0122659
-0.0591102 -0.122479 -0.0131992
-0.0588139 -0.114728 0.00524918
-0.0567535 -0.123564 0.00509132
-0.0607884 -0.125546 0.0276343
-0.0626399 -0.116636 0.0268134
-0.0691463 -0.126898 0.0431072
-0.0705849 -0.11796 0.041628
-0.082082 -0.128027 0.052648
-0.0829295 -0.11906 0.050774
-0.0977203 -0.129095 0.0559741
-0.0978703 -0.120094 0.0539723
-0.113117 -0.121136 0.0499637
-0.113671 -0.130176 0.0517835
-0.125799 -0.121694 0.0391922
-0.126947 -0.130758 0.0405387
-0.135426 -0.130249 0.024018
-0.133882 -0.121195 0.023376
-0.13829 -0.128647 0.00460188
-0.136602 -0.119649 0.00478799
-0.134033 -0.11825 -0.0139207
-0.135595 -0.127194 -0.0149314
-0.125869 -0.116932 -0.0291975
-0.127034 -0.125826 -0.0308895
-0.113478 -0.1245 -0.0413004
-0.112932 -0.115646 -0.0391626
0.0854617 -0.0961877 -0.0221389
0.0972633 -0.0965885 -0.0248447
0.0969355 -0.125404 -0.0384168
0.0827242 -0.124777 -0.0352235
0.0756448 -0.0943809 -0.0149501
0.0712022 -0.124504 -0.0265284
0.0637012 -0.12464 -0.0109309
0.0673686 -0.0930353 -0.00213651
0.0616281 -0.125558 0.00496704
0.0639812 -0.0934555 0.0134481
0.0672819 -0.0953199 0.0296095
0.0651875 -0.127269 0.0245931
0.074662 -0.0966624 0.0425479
0.0725328 -0.128403 0.038045
0.0851163 -0.0972997 0.0500721
0.0838354 -0.129358 0.0463245
0.0976354 -0.0992795 0.0526437
0.0974757 -0.130269 0.0491973
0.111378 -0.1312 0.0455488
0.110707 -0.100154 0.0497289
0.122961 -0.131705 0.0357795
0.122166 -0.0989249 0.0413112
0.129657 -0.096102 0.0280019
0.130381 -0.131279 0.0214146
0.131821 -0.0952025 0.0121502
0.132902 -0.129905 0.00453133
0.130543 -0.128649 -0.0124417
0.128825 -0.0941663 -0.00208133
0.123055 -0.127473 -0.026319
0.120157 -0.0940822 -0.0145251
0.109485 -0.0959037 -0.0221574
0.111211 -0.126342 -0.0353742
0.0971294 -0.123388 -0.0448013
0.0808559 -0.122636 -0.0411392
0.0676777 -0.122309 -0.0311634
0.0591102 -0.122479 -0.0131992
0.0567535 -0.123563 0.00509131
0.0607884 -0.125546 0.0276344
0.0691463 -0.126898 0.0431072
0.082082 -0.128027 0.052648
0.0977203 -0.129095 0.0559741
0.113671 -0.130176 0.0517835
0.126947 -0.130758 0.0405387
0.135426 -0.130249 0.0240181
0.13829 -0.128647 0.00460188
0.135595 -0.127194 -0.0149313
0.127034 -0.125826 -0.0308895
0.113478 -0.1245 -0.0413004
-0.0284398 -0.687384 0.061721
0.00012888 -0.685953 0.068146
0.028636 -0.686167 0.0618434
-0.0344908 -0.692197 -0.0646357
0.0356062 -0.692175 -0.0645621
0.00061532 -0.692073 -0.0724553
-0.0467468 -0.70899 -6.289e-05
-0.0310027 -0.705002 0.0305004
0.0310026 -0.705002 0.0305004
0.0467468 -0.70899 -6.288e-05
0 -0.702909 0.0412921
-0.0341949 -0.706517 -0.0288712
0.0341889 -0.706481 -0.0288583
3.6e-07 -0.704891 -0.0404663
-0.0186858 -0.720282 -0.018365
-0.0244023 -0.706812 -0.018267
0 -0.706791 -0.0270748
-0.0341949 -0.701841 -0.0288713
3.4e-07 -0.700215 -0.0404663
0.0341889 -0.701806 -0.0288583
0.0244023 -0.706812 -0.018267
-0.0276792 -0.722034 0.00440603
-0.0343769 -0.711064 0.00417263
-0.0467468 -0.704314 -6.29e-05
0.0467468 -0.704314 -6.289e-05
0.0343769 -0.711064 0.0041726
-0.0178357 -0.720212 0.0197567
-0.0229711 -0.707933 0.0203296
-0.0310027 -0.700327 0.0305004
0.0310027 -0.700327 0.0305004
0.0229711 -0.707932 0.0203296
0 -0.704682 0.0269432
-1e-08 -0.698234 0.0412921
-0.0230803 -0.0198957 -0.0603926
-0.0267324 -0.0431206 -0.0660465
-0.0248769 -0.0368232 -0.0833591
-0.0183937 -0.0159827 -0.0764904
-0.0441161 -0.0554824 -0.0813574
-0.0429063 -0.0436699 -0.0947998
-0.0650096 -0.0517577 -0.0811131
-0.0642253 -0.0404963 -0.0907902
-0.0900978 -0.0697206 -0.0949637
-0.0903835 -0.0553296 -0.110965
-0.118538 -0.06762 -0.0908534
-0.119942 -0.0549852 -0.106912
-0.137351 -0.0452968 -0.0782484
-0.138023 -0.0383781 -0.0877896
-0.148769 -0.0569668 -0.0738851
-0.151506 -0.0476586 -0.0886239
-0.1688 -0.0513485 -0.0684238
-0.171323 -0.0440917 -0.0819291
-0.18308 -0.0349141 -0.0624937
-0.181388 -0.0330781 -0.0770089
-0.029094 -0.020391 -0.0448211
-0.0322048 -0.0453104 -0.0482032
-0.0475182 -0.0597929 -0.0624388
-0.0661205 -0.0576442 -0.0668589
-0.0874083 -0.0728392 -0.0761186
-0.113341 -0.0704268 -0.0735078
-0.13279 -0.0490088 -0.0646248
-0.145768 -0.0572424 -0.0587292
-0.164886 -0.0525378 -0.0539718
-0.177954 -0.0345267 -0.0489119
-0.0431773 -0.0270296 -0.102448
-0.0291588 -0.0259535 -0.0965975
-0.063501 -0.0256973 -0.0948114
-0.0639983 -0.0109712 -0.0924387
-0.0438767 -0.0112184 -0.101923
-0.0923512 -0.0354061 -0.117423
-0.0952872 -0.0149445 -0.114205
-0.118875 -0.0356964 -0.113419
-0.116824 -0.0156758 -0.110025
-0.133943 0 -0.0763443
-0.113409 -1.183e-05 -0.0950509
-0.136092 -0.0120464 -0.0892118
-0.0976734 8e-08 -0.100977
-0.0652045 -4.5e-06 -0.08287
-0.0470883 0 -0.0946997
-0.0318911 0.00014316 -0.0612454
-0.0317411 0.00113518 -0.0743923
-0.0384194 0.0001585 -0.0485201
-0.137295 -0.025398 -0.0918541
-0.153026 -0.0316326 -0.0969251
-0.153349 -0.0139825 -0.0964432
-0.169492 -0.0321067 -0.0911396
-0.18168 -0.0135074 -0.058832
-0.173051 -0.013621 -0.0861088
-0.176579 -0.0148279 -0.0469834
-0.152424 0 -0.0858066
-0.172821 8e-08 -0.0719796
-0.169567 0.00240405 -0.0599097
-0.163954 -3.8e-07 -0.0464681
-0.0302274 -0.0106711 -0.0950923
-0.0362591 -0.00043297 -0.0873222
-0.0464014 0.00021836 -0.0402407
-0.0373021 -0.0187283 -0.0344548
-0.0633295 0 0.022093
-0.0581329 -0.0152231 0.0229275
-0.0563418 -0.0156755 0.00523749
-0.0600452 -0.00049789 0.00551438
-0.0395663 -0.0431019 -0.0347064
-0.0593372 -0.0367814 0.021534
-0.0589515 -0.037037 0.00343763
-0.139505 -0.0345724 0.00671411
-0.143443 -0.0144337 0.00887866
-0.147084 -0.0140892 -0.00849079
-0.143856 -0.0335133 -0.0115577
-0.139627 8e-08 0.00890447
-0.142223 -3.563e-05 -0.00744171
-0.167238 -0.0147376 -0.0370424
-0.15758 -0.00091935 -0.0355595
-0.16779 -0.0328853 -0.0390534
-0.157163 -0.0485149 -0.0428774
-0.136922 -0.0496859 -0.0139401
-0.134147 -0.0515057 0.00382408
-0.0515165 -0.0594958 -0.0469044
-0.0593017 -0.0538879 0.0179178
-0.0589057 -0.0550034 0.00190181
-0.0854281 -0.0675416 -0.0596925
-0.107233 -0.0669483 -0.0580581
-0.128294 -0.0523071 -0.0516941
-0.141118 -0.0526971 -0.0456563
-0.0664685 -0.0600544 -0.0540987
-0.0976283 -0.0748126 -0.0280121
-0.112406 -0.0725575 -0.0243373
-0.119707 -0.0599548 -0.0353009
-0.101454 -0.0674829 -0.0408553
-0.0841287 -0.0765253 -0.0275706
-0.084255 -0.0683335 -0.041646
-0.0537952 -0.00076474 -0.0262954
-0.058023 -0.00145554 -0.0108497
-0.0544835 -0.0168066 -0.0118087
-0.0471659 -0.017524 -0.0237009
-0.057434 -0.0380829 -0.0145332
-0.0494355 -0.0403902 -0.0249215
-0.055437 -0.0582182 -0.0310907
-0.0581781 -0.0565354 -0.0151241
-0.154286 -0.0326523 -0.0261977
-0.145825 -0.0479072 -0.0290159
-0.15583 -0.0143438 -0.0233814
-0.14893 -0.00068699 -0.0218553
-0.132394 -0.0565673 -0.0308983
-0.126621 -0.0673556 -0.0166626
-0.0691669 -0.0724923 -0.0201244
-0.0688625 -0.0649965 -0.0369808
-0.0624357 -0.0716601 0.0161739
-0.0617845 -0.0711778 -0.00129201
-0.138899 -0.0154577 0.0250313
-0.13589 -0.00116264 0.0251088
-0.135087 -0.0351274 0.023193
-0.132275 -0.0528912 0.019746
-0.130813 -0.0706482 0.0160035
-0.127944 -0.0692008 0.00094093
-0.098602 8e-08 0.0025018
-0.0970384 0 0.0197334
-0.0860337 1.5e-07 0.0203734
-0.0862922 -1.14e-06 0.00254139
-0.110912 1.5e-07 0.0045371
-0.108369 8e-08 0.0219879
-0.0865192 -6.1e-07 -0.015962
-0.10042 -8e-08 -0.0157461
-0.114214 0 -0.0130086
-0.102003 0.00012681 -0.0324401
-0.0859961 0.00016592 -0.0330416
-0.117446 7.481e-05 -0.0272623
-0.121739 0.00040173 -0.0411868
-0.103821 0.00059448 -0.049096
-0.105723 0.00138889 -0.062619
-0.126069 0.00094603 -0.0513089
-0.109364 0.00281534 -0.0796421
-0.0933683 0.00338267 -0.0837001
-0.0874707 0.00167457 -0.0644751
-0.0860038 0.00072381 -0.050078
-0.130132 0.00196435 -0.0638197
-0.0769523 0 0.0202053
-0.0739817 -5.684e-05 0.00336264
-0.07255 -0.00026833 -0.0144856
-0.0697448 -0.00034311 -0.0301516
-0.0640835 0.0008445 -0.0572512
-0.0663244 3.238e-05 -0.0457204
-0.0640753 0.00199814 -0.0701098
-0.149153 0.00080152 -0.0404373
-0.140306 0.00042757 -0.0336619
-0.132729 0.00013265 -0.0229277
-0.127758 -6.03e-06 -0.0105066
-0.123928 0 0.00583008
-0.118798 0 0.0232574
-0.0957326 -8e-08 0.0424514
-0.107309 -8e-08 0.0419144
-0.105876 8e-08 0.0711101
-0.0940503 -8e-08 0.0737867
-0.109567 -0.017212 0.0771717
-0.0943265 -0.0175451 0.0804066
-0.0953233 -0.0412474 0.0760251
-0.113112 -0.0407365 0.0724783
-0.0968377 -0.0768623 0.0550963
-0.0963038 -0.0593845 0.0648918
-0.111651 -0.0591457 0.0622149
-0.109845 -0.078074 0.0529159
-0.0834032 0 0.042222
-0.0835852 0 0.0703176
-0.0802252 -0.0173209 0.0766661
-0.0776984 -0.0411764 0.0726145
-0.0833475 -0.0778019 0.054045
-0.0802916 -0.0604229 0.0634546
-0.127595 -0.0723677 0.0314203
-0.119888 -0.0762774 0.0437072
-0.070422 -0.0784031 0.0492363
-0.0647546 -0.0749499 0.0338408
-0.124262 -0.0570584 0.0517205
-0.128556 -0.0544736 0.0358449
-0.0601916 -0.0573349 0.0377531
-0.0641545 -0.0613438 0.0566723
-0.131622 -0.0361483 0.0409024
-0.127699 -0.0384208 0.0599778
-0.132977 -0.0150273 0.0437105
-0.127162 -0.0160731 0.0615742
-0.117598 0 0.0618473
-0.126949 -1.5e-07 0.0441216
-0.0595184 -0.0381058 0.0418989
-0.0600041 -0.0405118 0.0631245
-0.0589207 -0.0159994 0.0437121
-0.0615577 -0.0168025 0.0640368
-0.0652262 -0.00031708 0.0436067
-0.0730676 -8e-08 0.0625447
0.0248769 -0.0368232 -0.083359
0.0267323 -0.0431206 -0.0660465
0.0230803 -0.0198958 -0.0603926
0.0183937 -0.0159826 -0.0764904
0.044116 -0.0554823 -0.0813574
0.0429063 -0.0436698 -0.0947998
0.0642253 -0.0404963 -0.0907902
0.0650096 -0.0517577 -0.0811131
0.0903834 -0.0553295 -0.110965
0.0900979 -0.0697205 -0.0949637
0.119942 -0.0549851 -0.106912
0.118538 -0.0676198 -0.0908534
0.138023 -0.0383781 -0.0877896
0.137351 -0.0452969 -0.0782484
0.151506 -0.0476586 -0.0886239
0.148769 -0.0569668 -0.0738851
0.171323 -0.0440916 -0.0819291
0.1688 -0.0513484 -0.0684238
0.181388 -0.0330781 -0.0770089
0.18308 -0.0349141 -0.0624937
0.0290939 -0.020391 -0.0448211
0.0322048 -0.0453104 -0.0482032
0.0475182 -0.0597928 -0.0624388
0.0661205 -0.0576443 -0.0668589
0.0874084 -0.0728392 -0.0761186
0.113341 -0.0704268 -0.0735078
0.13279 -0.0490088 -0.0646249
0.145768 -0.0572424 -0.0587292
0.164886 -0.0525378 -0.0539718
0.177954 -0.0345267 -0.0489118
0.0291588 -0.0259534 -0.0965975
0.0431773 -0.0270295 -0.102448
0.0635009 -0.0256973 -0.0948114
0.0438767 -0.0112184 -0.101923
0.0639982 -0.0109712 -0.0924387
0.0923511 -0.035406 -0.117423
0.0952871 -0.0149445 -0.114205
0.118875 -0.0356963 -0.113419
0.116824 -0.0156757 -0.110025
0.113409 -1.175e-05 -0.0950509
0.133942 8e-08 -0.0763443
0.136092 -0.0120464 -0.0892118
0.0976734 0 -0.100977
0.0652044 -4.5e-06 -0.0828701
0.0470883 0 -0.0946997
0.0318911 0.00014303 -0.0612454
0.031741 0.00113519 -0.0743923
0.0384194 0.00015841 -0.0485201
0.137295 -0.025398 -0.0918541
0.153349 -0.0139825 -0.0964432
0.153026 -0.0316326 -0.0969251
0.169492 -0.0321067 -0.0911396
0.173051 -0.0136211 -0.0861087
0.18168 -0.0135075 -0.058832
0.176579 -0.0148279 -0.0469834
0.152424 0 -0.0858066
0.172821 -8e-08 -0.0719796
0.169566 0.00240393 -0.0599097
0.163954 -4.6e-07 -0.0464682
0.0302273 -0.0106709 -0.0950923
0.036259 -0.00043282 -0.0873221
0.0471658 -0.0175239 -0.0237009
0.0537951 -0.0007647 -0.0262954
0.0464013 0.00021831 -0.0402407
0.037302 -0.0187283 -0.0344548
0.0563418 -0.0156756 0.00523749
0.0581329 -0.015223 0.0229275
0.0633294 0 0.0220931
0.0600452 -0.00049797 0.00551438
0.0494354 -0.0403901 -0.0249215
0.0395662 -0.0431018 -0.0347064
0.0589515 -0.037037 0.00343762
0.0593372 -0.0367813 0.021534
0.147084 -0.0140891 -0.00849079
0.143443 -0.0144337 0.00887869
0.139505 -0.0345724 0.00671412
0.143856 -0.0335133 -0.0115577
0.142223 -3.555e-05 -0.00744171
0.139628 0 0.0089045
0.167238 -0.0147376 -0.0370424
0.15758 -0.00091935 -0.0355595
0.14893 -0.00068691 -0.0218553
0.15583 -0.0143437 -0.0233814
0.154286 -0.0326523 -0.0261977
0.16779 -0.0328852 -0.0390534
0.145825 -0.0479071 -0.0290159
0.157164 -0.0485148 -0.0428775
0.134147 -0.0515055 0.00382408
0.136922 -0.0496858 -0.0139401
0.0515165 -0.0594958 -0.0469044
0.055437 -0.0582182 -0.0310907
0.0589057 -0.0550035 0.00190178
0.0593017 -0.0538879 0.0179178
0.101454 -0.0674829 -0.0408553
0.084255 -0.0683334 -0.041646
0.0854281 -0.0675416 -0.0596926
0.107233 -0.0669484 -0.0580581
0.128294 -0.052307 -0.0516941
0.119707 -0.0599548 -0.0353009
0.132394 -0.0565673 -0.0308983
0.141118 -0.0526971 -0.0456563
0.0664684 -0.0600545 -0.0540987
0.0688624 -0.0649965 -0.0369808
0.0976283 -0.0748125 -0.0280121
0.112406 -0.0725575 -0.0243373
0.0841287 -0.0765252 -0.0275706
0.0544834 -0.0168065 -0.0118087
0.0580229 -0.00145546 -0.0108498
0.057434 -0.0380827 -0.0145332
0.0581781 -0.0565353 -0.0151241
0.126621 -0.0673556 -0.0166626
0.0691668 -0.0724923 -0.0201244
0.0624357 -0.0716602 0.016174
0.0617845 -0.0711779 -0.001292
0.13589 -0.00116257 0.0251088
0.138899 -0.0154576 0.0250312
0.135087 -0.0351275 0.023193
0.132275 -0.0528912 0.019746
0.130813 -0.070648 0.0160036
0.127944 -0.0692008 0.0009409
0.0860337 8e-08 0.0203734
0.0970384 8e-08 0.0197334
0.0986019 0 0.00250178
0.0862922 -1.14e-06 0.00254139
0.108369 8e-08 0.0219879
0.110912 8e-08 0.00453713
0.10042 8e-08 -0.0157461
0.0865192 -4.6e-07 -0.0159619
0.114214 -1.5e-07 -0.0130087
0.102003 0.00012686 -0.0324401
0.0859961 0.00016597 -0.0330416
0.117446 7.479e-05 -0.0272623
0.121739 0.00040186 -0.0411868
0.103821 0.00059438 -0.049096
0.0933683 0.00338265 -0.0837001
0.109364 0.00281537 -0.0796421
0.105723 0.00138883 -0.062619
0.0874706 0.00167459 -0.0644751
0.0860038 0.00072374 -0.050078
0.126069 0.00094616 -0.0513089
0.130132 0.00196446 -0.0638197
0.0739817 -5.676e-05 0.00336264
0.0769523 0 0.0202054
0.07255 -0.00026833 -0.0144856
0.0697448 -0.00034318 -0.0301516
0.0663243 3.226e-05 -0.0457204
0.0640753 0.00199807 -0.0701098
0.0640834 0.00084438 -0.0572512
0.149153 0.00080138 -0.0404373
0.140306 0.0004275 -0.0336619
0.132729 0.00013264 -0.0229277
0.127758 -6.03e-06 -0.0105067
0.123928 -8e-08 0.00583006
0.118798 0 0.0232575
0.0957326 -8e-08 0.0424514
0.107309 -8e-08 0.0419144
0.0940503 -8e-08 0.0737867
0.105876 8e-08 0.0711101
0.0943265 -0.0175451 0.0804066
0.109567 -0.017212 0.0771716
0.0953233 -0.0412472 0.0760251
0.113112 -0.0407364 0.0724782
0.111651 -0.0591456 0.0622148
0.0963039 -0.0593845 0.0648918
0.0968377 -0.0768623 0.0550963
0.109845 -0.078074 0.0529159
0.0834031 -8e-08 0.042222
0.0835852 0 0.0703176
0.0802252 -0.0173209 0.0766661
0.0776984 -0.0411764 0.0726145
0.0802916 -0.0604228 0.0634546
0.0833475 -0.077802 0.054045
0.127595 -0.0723678 0.0314203
0.119888 -0.0762774 0.0437072
0.070422 -0.0784032 0.0492363
0.0647546 -0.0749499 0.0338408
0.124262 -0.0570583 0.0517205
0.128556 -0.0544736 0.0358449
0.0601916 -0.057335 0.0377531
0.0641544 -0.0613439 0.0566723
0.131622 -0.0361482 0.0409024
0.127699 -0.0384207 0.0599778
0.132977 -0.0150272 0.0437105
0.127162 -0.016073 0.0615742
0.117598 0 0.0618474
0.126949 -8e-08 0.0441216
0.0595185 -0.0381059 0.0418989
0.060004 -0.0405119 0.0631245
0.0589207 -0.0159994 0.0437121
0.0615577 -0.0168024 0.0640368
0.0652262 -0.000317 0.0436068
0.0730676 0 0.0625447
0.145891 -0.945485 -0.131822
0.164073 -0.958346 -0.113892
0.137003 -0.94048 -0.138834
0.131413 -0.937571 -0.144098
0.225827 -0.845722 -0.0425221
0.224778 -0.82332 -0.00781363
0.218729 -0.842104 0.0278513
0.22064 -0.858635 -0.00280957
0 -0.819899 -0.245282
1.092e-05 -1.2245 -0.0397546
0.300495 -0.688531 0.0412773
0.300327 -0.671719 0.0550395
0.300205 -0.653608 0.0616038
0.299891 -0.624592 0.0602695
0.29987 -0.601037 0.0449787
0.300029 -0.587008 0.0240078
0.299892 -0.582133 -0.0017213
0.299939 -0.588446 -0.0268854
0.299965 -0.606214 -0.0503852
0.300033 -0.626252 -0.0605826
0.300414 -0.647701 -0.062633
0.300583 -0.669495 -0.0562974
0.300588 -0.687664 -0.0422147
0.300502 -0.699332 -0.022634
0.300289 -0.703524 -0.00035652
0.300615 -0.700246 0.0207662
-0.0183685 -0.735074 0.0208949
-0.0290122 -0.733332 0.0055835
-0.0209901 -0.73094 -0.0179321
0.10617 -0.951575 -0.153791
0.0887854 -0.949192 -0.15599
0.089103 -0.946346 -0.15584
0.105291 -0.948404 -0.153855
0.122028 -0.947253 -0.149695
0.119689 -0.944729 -0.149631
0.0741689 -0.940278 -0.158926
0.075535 -0.937976 -0.158671
0.0640932 -0.929555 -0.161649
0.0662913 -0.928339 -0.160768
0.0597688 -0.9151 -0.166488
0.0623393 -0.914745 -0.16519
0.0602357 -0.901476 -0.169025
0.0627611 -0.902256 -0.167375
0.0664985 -0.889501 -0.171226
0.0682967 -0.891322 -0.169335
0.0757619 -0.882783 -0.171544
0.076703 -0.88506 -0.169616
0.0881967 -0.880645 -0.170602
0.0879911 -0.883137 -0.168762
0.102621 -0.881939 -0.166046
0.101321 -0.884349 -0.164762
0.112943 -0.890878 -0.159404
0.11531 -0.888909 -0.159991
0.124541 -0.899406 -0.152318
0.121851 -0.900488 -0.15236
0.12691 -0.913747 -0.146708
0.129806 -0.913702 -0.146526
0.131615 -0.925914 -0.144366
0.128686 -0.925032 -0.14515
0.130214 -0.937437 -0.145815
0.127132 -0.935672 -0.146276
-0.0842481 -0.956606 -0.16373
-0.106331 -0.95908 -0.155162
-0.106157 -0.953044 -0.15209
-0.0882587 -0.950274 -0.154529
-0.0724854 -0.941067 -0.157249
-0.0620087 -0.929621 -0.160267
-0.0527378 -0.932283 -0.172567
-0.064562 -0.946407 -0.169931
-0.057745 -0.900004 -0.168134
-0.0519506 -0.897918 -0.17828
-0.0489975 -0.913875 -0.174515
-0.0574165 -0.914463 -0.165422
-0.074751 -0.880007 -0.170922
-0.0736686 -0.876364 -0.177775
-0.0618043 -0.883928 -0.180412
-0.0647959 -0.886962 -0.170581
-0.103151 -0.879038 -0.165021
-0.105431 -0.874572 -0.165639
-0.0874178 -0.87321 -0.172679
-0.0877335 -0.877647 -0.169822
-0.125842 -0.897697 -0.150922
-0.13176 -0.895312 -0.147702
-0.120912 -0.881722 -0.157626
-0.116418 -0.886513 -0.158657
-0.13297 -0.925626 -0.14301
-0.139814 -0.927339 -0.137148
-0.13766 -0.912929 -0.139742
-0.131098 -0.912578 -0.145044
-0.122937 -0.948336 -0.148132
-0.125196 -0.952803 -0.145969
-0.107022 -0.96665 -0.158173
-0.128652 -0.960284 -0.146426
-0.0815979 -0.962448 -0.168346
-0.0422738 -0.932986 -0.181295
-0.0544497 -0.953211 -0.178435
-0.0430647 -0.895165 -0.188915
-0.0371251 -0.913025 -0.18568
-0.0716845 -0.869741 -0.187144
-0.0566301 -0.877971 -0.193632
-0.110388 -0.863973 -0.169961
-0.090674 -0.860133 -0.179892
-0.143927 -0.888443 -0.143291
-0.130222 -0.870699 -0.159917
-0.15065 -0.92996 -0.127115
-0.149662 -0.912759 -0.12971
-0.0723398 -0.863436 -0.197686
-0.0544808 -0.873863 -0.209935
-0.0331002 -0.882684 -0.220879
-0.0314464 -0.891933 -0.206932
-0.0892366 -0.852618 -0.184596
-0.115703 -0.847386 -0.170921
-0.106227 -0.843772 -0.174045
-0.121365 -0.824787 -0.161306
-0.109022 -0.825827 -0.164185
-0.107205 -0.799225 -0.153674
-0.096542 -0.812387 -0.163971
-0.069838 -0.787 -0.17277
-0.0650387 -0.799278 -0.184835
-0.0336369 -0.777452 -0.189086
-0.0317641 -0.792136 -0.206423
-0.0104318 -0.895937 -0.208291
-0.0137352 -0.88637 -0.224705
-0.0849006 -0.818481 -0.171771
-0.0999527 -0.827085 -0.163891
-0.0819581 -0.821195 -0.176102
-0.0793103 -0.826185 -0.189235
-0.0933215 -0.837011 -0.178394
-0.0277332 -0.807611 -0.233244
-0.0285765 -0.815083 -0.243768
-0.0549435 -0.820436 -0.225069
-0.0557241 -0.813353 -0.213913
-0.0757211 -0.834012 -0.201414
-0.086102 -0.845083 -0.192431
-0.0352871 -0.8742 -0.233217
-0.055347 -0.864483 -0.221114
-0.0711827 -0.854098 -0.207783
-0.0675426 -0.841745 -0.215164
-0.051597 -0.829054 -0.234778
-0.0436879 -0.839932 -0.243539
-0.0557132 -0.851642 -0.228574
-0.0281271 -0.824348 -0.25103
-0.0257183 -0.834491 -0.255615
-0.0366569 -0.864896 -0.242016
-0.0185354 -0.878601 -0.239051
-0.0196101 -0.869534 -0.250486
-0.0304496 -0.853228 -0.252204
-0.0211626 -0.845323 -0.258377
-0.11085 -0.772026 -0.117536
-0.0624067 -0.760155 -0.139699
-0.0207987 -0.755276 -0.154638
-0.0160123 -0.858012 -0.260337
-0.0252755 -0.857121 -0.256204
-0.0169696 -0.864625 -0.258762
-0.0295058 -0.863328 -0.251963
-0.00928085 -0.912799 -0.196128
-0.00946197 -0.9035 -0.200814
-0.027775 -0.901219 -0.198594
-0.0248002 -0.912376 -0.193529
-0.0238078 -0.932977 -0.18914
-0.0276365 -0.953272 -0.188434
-0.0093078 -0.93275 -0.191457
-0.0113133 -0.952571 -0.191313
-0.138489 -0.802147 -0.13846
-0.145051 -0.780681 -0.108761
-0.174584 -0.82372 -0.130879
-0.194175 -0.8018 -0.0953272
-0.170094 -0.78925 -0.103553
-0.161906 -0.803906 -0.126117
-0.201545 -0.844428 -0.104085
-0.219554 -0.826139 -0.0712159
-0.0865763 -0.984896 -0.172129
-0.11659 -0.989319 -0.157536
-0.0356658 -0.978437 -0.189166
-0.0667209 -0.979754 -0.178855
-0.0162458 -0.977512 -0.193487
-0.0223886 -1.00273 -0.196423
-0.133142 -1.01143 -0.152036
-0.101667 -1.00808 -0.169456
-0.130484 -1.05148 -0.161148
-0.162373 -1.04845 -0.138515
-0.0664018 -1.05248 -0.193787
-0.100032 -1.05203 -0.178871
-0.079524 -1.0049 -0.178568
-0.0458056 -1.00335 -0.190371
-0.0329494 -1.05427 -0.204169
-0.178053 -0.993054 -0.107719
-0.208618 -1.02971 -0.0868951
-0.225914 -1.00356 -0.0521021
-0.193247 -0.982879 -0.0838851
-0.157896 -1.00589 -0.131907
-0.18858 -1.04057 -0.111388
-0.220463 -0.958746 -0.0441235
-0.191983 -0.946531 -0.0835765
-0.141308 -0.98372 -0.141197
-0.173733 -0.922576 -0.107523
-0.17958 -0.886706 -0.113534
-0.139543 -0.826519 -0.154284
-0.139959 -0.846756 -0.160297
-0.155055 -0.848807 -0.149659
-0.172243 -0.862981 -0.129681
-0.213125 -0.865577 -0.0863095
-0.197783 -0.911742 -0.0850506
-0.218524 -0.91586 -0.0395757
-0.219008 -0.88568 -0.0248539
-0.132367 -0.861621 0.19054
-0.0968263 -0.843622 0.198297
-0.107841 -0.806522 0.155277
-0.146017 -0.829663 0.151461
-0.173295 -0.904905 0.171561
-0.155651 -0.879682 0.182912
-0.174201 -0.859481 0.144706
-0.188301 -0.885509 0.130434
-0.195105 -0.956789 0.153339
-0.186764 -0.93083 0.160931
-0.20328 -0.918659 0.117588
-0.214103 -0.946452 0.108135
-0.258696 -1.08622 0.0488494
-0.241603 -1.10165 0.09172
-0.254778 -1.0493 0.101173
-0.256711 -1.04256 0.0703212
-0.224702 -1.13246 0.0896261
-0.239565 -1.12563 0.037753
-0.203114 -1.16537 0.0296459
-0.198562 -1.15632 0.0954912
-0.14506 -1.19516 0.0975415
-0.156986 -1.18077 0.115424
-0.0985853 -1.1959 0.153996
-0.124297 -1.18348 0.153514
-0.0833959 -1.15072 0.213891
-0.117015 -1.14415 0.206233
-0.0918922 -1.09155 0.247735
-0.125762 -1.09017 0.237897
-0.102592 -0.942094 0.255129
-0.134148 -0.94652 0.239893
-0.139148 -1.01934 0.248096
-0.0986964 -1.0138 0.263519
-0.107408 -0.876661 0.219339
-0.0795978 -0.867428 0.228501
-0.250622 -0.986674 0.0434386
-0.241078 -0.979037 0.00016202
-0.250625 -1.02165 -0.0178452
-0.261399 -1.03461 0.0227151
-0.244759 -0.973336 0.105799
-0.239128 -1.05601 -0.048772
-0.257733 -1.07689 -0.00015617
-0.228541 -0.928404 0.0117196
-0.233194 -0.939412 0.0611754
-0.215958 -0.906757 0.0729527
-0.217602 -0.896922 0.0228546
-0.215358 -1.07584 -0.0789657
-0.183755 -1.09433 -0.109887
-0.190204 -1.14238 -0.0550802
-0.23043 -1.10744 -0.027359
-0.146854 -1.10129 -0.140968
-0.15024 -1.15042 -0.106655
-0.111258 -1.10305 -0.165526
-0.0746401 -1.10517 -0.183414
-0.0733739 -1.15503 -0.15724
-0.111144 -1.15392 -0.136952
-0.0383589 -1.10571 -0.195095
-0.0372583 -1.15486 -0.169242
-0.135742 -1.18818 -0.0633955
-0.16359 -1.17876 -0.0389676
-0.062696 -1.19401 -0.108143
-0.099706 -1.19356 -0.0878789
-0.0318407 -1.19126 -0.124781
-0.156533 -1.19724 0.00976646
-0.114966 -1.21542 0.0743175
-0.0640816 -1.21185 0.140495
-0.0500321 -1.15883 0.214162
-0.0490085 -1.0887 0.256488
-0.116919 -1.21286 -0.00895691
-0.0407865 -1.21968 -0.0536427
-0.0804023 -1.2189 -0.0326632
-0.0244296 -1.20803 -0.0872622
-0.0865213 -1.22715 0.0513377
-0.0336179 -1.23131 0.00051843
-0.0595701 -1.23065 0.0204018
-0.0483571 -1.2292 0.101914
-0.0360686 -1.23434 0.0586694
-0.0507484 -1.01234 0.27421
-0.0517236 -0.939566 0.27192
-0.0483535 -0.865145 0.238753
-0.0502169 -0.835112 0.211096
-0.0628766 -0.797458 0.165594
-0.0681894 -0.764473 0.0956865
-0.121215 -0.779699 0.104364
-0.0939922 -0.751366 0.00824628
-0.139339 -0.761612 0.0153849
-0.0707275 -0.74546 -0.0764844
-0.122596 -0.758143 -0.0620315
-0.0685873 -0.747242 0.0114122
-0.0581167 -0.756661 0.0748778
-0.0640981 -0.742199 -0.0619603
-0.198436 -0.869985 0.0861809
-0.186501 -0.835021 0.101425
-0.157271 -0.802427 0.108452
-0.175052 -0.778801 0.0447482
-0.210059 -0.834839 0.0615095
-0.189962 -0.801707 0.0660361
-0.212891 -0.805435 0.026697
-0.20943 -0.864919 0.0393617
-0.175551 -0.770995 -0.0275534
-0.198715 -0.784622 0.00289354
-0.155706 -0.769688 -0.0695838
-0.193305 -0.784909 -0.0600301
-0.173811 -0.780081 -0.0780612
-0.214512 -0.800473 -0.0375124
-0.0266134 -0.746102 0.0312895
-0.0418735 -0.743433 0.00706098
-0.0351043 -0.74031 -0.0298983
-0.252907 -1.04783 0.11036
-0.251366 -1.01391 0.113673
-0.199061 -0.988366 0.149925
-0.211113 -1.0222 0.146028
-0.223614 -1.05676 0.142526
-0.119206 -0.88198 0.214344
-0.0573746 -0.805887 -0.196168
-0.0273293 -0.80159 -0.216619
-0.0554918 -0.809637 -0.201466
-0.0267534 -0.804056 -0.22096
-0.0828492 -0.821592 -0.172988
-0.0556248 -0.810213 -0.195957
-0.026798 -0.804771 -0.214343
-0.26131 -1.09091 0.108903
-0.263828 -1.06855 0.111992
-0.230455 -1.18199 0.115412
-0.245196 -1.15428 0.109317
-0.217195 -1.19839 0.124347
-0.196887 -1.21372 0.154056
-0.205543 -1.208 0.137123
-0.187509 -1.19382 0.198837
-0.190963 -1.21063 0.174758
-0.191225 -1.13618 0.240232
-0.187678 -1.16728 0.222711
-0.200146 -0.99306 0.251841
-0.204409 -1.03341 0.256798
-0.195444 -0.904077 0.228926
-0.192893 -0.924527 0.235639
-0.202335 -1.06913 0.25708
-0.197015 -1.10114 0.251701
-0.263973 -1.06054 0.116158
-0.227783 -1.15683 0.143897
-0.235043 -1.09444 0.146275
-0.240476 -1.15192 0.124203
-0.234285 -1.15583 0.132546
-0.224275 -1.06343 0.179404
-0.23137 -1.08437 0.168551
-0.235915 -1.13744 0.201342
-0.237816 -1.12335 0.213515
-0.201795 -0.900554 0.223596
-0.209385 -0.956204 0.22106
-0.20686 -0.936467 0.21914
-0.176803 -0.941363 0.195721
-0.199468 -0.974989 0.192693
-0.208251 -1.00869 0.193538
-0.244698 -1.02845 0.236735
-0.227651 -0.992275 0.229511
-0.214475 -1.03398 0.189583
-0.245743 -1.05576 0.236931
-0.239865 -1.10929 0.225724
-0.243667 -1.0848 0.232274
-0.298248 -1.13526 0.142187
-0.304838 -1.16835 0.148391
-0.306815 -1.17611 0.156418
-0.298668 -1.13135 0.145651
-0.311349 -1.21459 0.158848
-0.316799 -1.25324 0.166973
-0.320902 -1.26091 0.176166
-0.313807 -1.22288 0.167544
-0.322255 -1.28891 0.181069
-0.325394 -1.30611 0.196103
-0.334945 -1.31202 0.206214
-0.329328 -1.29551 0.190737
-0.331547 -1.31592 0.214892
-0.345479 -1.32606 0.238031
-0.359991 -1.33177 0.248695
-0.343536 -1.32153 0.225362
-0.359259 -1.32532 0.265076
-0.364956 -1.30249 0.295586
-0.382282 -1.30989 0.305262
-0.375757 -1.3316 0.27555
-0.371862 -1.25663 0.327016
-0.377438 -1.20314 0.345873
-0.394856 -1.20831 0.35506
-0.389622 -1.2631 0.336667
-0.382532 -1.14107 0.355577
-0.377769 -1.08102 0.355034
-0.393609 -1.08131 0.3634
-0.399408 -1.14381 0.36455
-0.364434 -1.03314 0.332992
-0.374294 -1.02931 0.346562
-0.335852 -0.970303 0.297233
-0.331181 -0.975637 0.289161
-0.276722 -1.08758 0.122872
-0.289337 -1.10828 0.13294
-0.287213 -1.09711 0.135857
-0.276419 -1.07901 0.126739
-0.273503 -1.15193 0.129489
-0.275336 -1.11322 0.130341
-0.287892 -1.13953 0.145904
-0.289856 -1.18159 0.149296
-0.265018 -1.20026 0.13852
-0.268419 -1.179 0.133371
-0.290617 -1.2129 0.154821
-0.292682 -1.24001 0.163414
-0.255434 -1.21887 0.163589
-0.257976 -1.21374 0.151665
-0.29082 -1.25513 0.177187
-0.293402 -1.26274 0.19135
-0.265121 -1.22111 0.211213
-0.257737 -1.22331 0.181258
-0.302187 -1.27025 0.209702
-0.313152 -1.26915 0.23745
-0.27594 -1.18016 0.247892
-0.272068 -1.20406 0.230453
-0.319142 -1.25185 0.259525
-0.324483 -1.21901 0.282741
-0.285122 -1.11422 0.27073
-0.279925 -1.15114 0.264179
-0.32934 -1.1793 0.300074
-0.334532 -1.13173 0.308066
-0.283253 -1.03901 0.271078
-0.287558 -1.0736 0.276595
-0.334393 -1.08119 0.311156
-0.325185 -1.0398 0.300738
-0.268373 -0.928797 0.249719
-0.324252 -0.97223 0.295319
-0.297935 -0.983618 0.280247
-0.254964 -0.943077 0.249844
-0.359939 -1.0305 0.339884
-0.332408 -1.0816 0.319736
-0.32188 -1.03706 0.309714
-0.327264 -1.18454 0.308582
-0.333063 -1.13251 0.318474
-0.317253 -1.26955 0.262537
-0.322105 -1.23013 0.290705
-0.305693 -1.29263 0.210143
-0.314051 -1.29116 0.23462
-0.296915 -1.27378 0.172934
-0.298031 -1.28362 0.189462
-0.298505 -1.22241 0.148406
-0.298364 -1.25661 0.160033
-0.293113 -1.14248 0.135973
-0.296734 -1.18585 0.142542
-0.238447 -0.959479 0.235748
-0.264503 -0.999372 0.25539
-0.302739 -0.985979 0.272606
-0.261511 -0.947216 0.240404
-0.255377 -1.12361 0.107903
-0.276926 -1.15386 0.125559
-0.279385 -1.10793 0.123233
-0.266533 -1.21752 0.137198
-0.273603 -1.18658 0.129173
-0.253881 -1.24405 0.161956
-0.260955 -1.23206 0.145146
-0.255101 -1.24855 0.20205
-0.254474 -1.25086 0.176164
-0.257552 -1.19741 0.252066
-0.2537 -1.22653 0.231879
-0.267373 -1.11742 0.279568
-0.261148 -1.15501 0.272213
-0.194345 -0.953021 0.243266
-0.226781 -0.952125 0.246887
-0.24911 -0.995963 0.263512
-0.265328 -1.03864 0.277776
-0.269033 -1.07228 0.283532
-0.274981 -1.08624 0.130549
-0.262384 -1.06733 0.118928
-0.25973 -1.08936 0.117832
-0.248377 -1.07416 0.116883
-0.254338 -1.12092 0.116552
-0.246289 -1.14042 0.118646
-0.23939 -1.09009 0.126955
-0.22455 -1.15502 0.163319
-0.226761 -1.15079 0.182688
-0.128941 -0.889815 0.209207
-0.20655 -0.916274 0.220428
-0.277488 -0.934158 0.2434
-0.276811 -0.926665 0.246715
-0.152872 -0.917863 0.202464
-0.306722 -1.21174 0.16607
-0.301001 -1.16645 0.156823
-0.295966 -1.13385 0.148553
-0.320862 -1.27978 0.187174
-0.313117 -1.24733 0.173723
-0.333713 -1.30528 0.219495
-0.325919 -1.29578 0.20163
-0.363396 -1.31477 0.265872
-0.348884 -1.3149 0.241146
-0.375672 -1.25167 0.322114
-0.36921 -1.295 0.292963
-0.384862 -1.14083 0.348707
-0.380336 -1.20095 0.339344
-0.380639 -1.08206 0.348172
-0.287099 -1.10641 0.141432
-0.164073 -0.958346 -0.113892
-0.145891 -0.945485 -0.131822
-0.137003 -0.94048 -0.138834
-0.131413 -0.937571 -0.144098
-0.225827 -0.845722 -0.0425221
-0.224778 -0.82332 -0.00781363
-0.218729 -0.842104 0.0278513
-0.22064 -0.858635 -0.00280957
-0.089103 -0.946346 -0.15584
-0.0887854 -0.949192 -0.15599
-0.10617 -0.951575 -0.153791
-0.105291 -0.948404 -0.153855
-0.122028 -0.947253 -0.149695
-0.119689 -0.944729 -0.149631
-0.075535 -0.937976 -0.158671
-0.0741689 -0.940278 -0.158926
-0.0662913 -0.928339 -0.160768
-0.0640932 -0.929555 -0.161649
-0.0623393 -0.914745 -0.16519
-0.0597688 -0.9151 -0.166488
-0.0627611 -0.902256 -0.167375
-0.0602357 -0.901476 -0.169025
-0.0682967 -0.891322 -0.169335
-0.0664985 -0.889501 -0.171226
-0.076703 -0.88506 -0.169616
-0.0757619 -0.882783 -0.171544
-0.0879911 -0.883137 -0.168762
-0.0881967 -0.880645 -0.170602
-0.101321 -0.884349 -0.164762
-0.102621 -0.881939 -0.166046
-0.112943 -0.890878 -0.159404
-0.11531 -0.888909 -0.159991
-0.121851 -0.900488 -0.15236
-0.124541 -0.899406 -0.152318
-0.12691 -0.913747 -0.146708
-0.129806 -0.913702 -0.146526
-0.128686 -0.925032 -0.14515
-0.131615 -0.925914 -0.144366
-0.127132 -0.935672 -0.146276
-0.130214 -0.937437 -0.145815
0.0801779 -0.918614 -0.123577
0.0838836 -0.921396 -0.1231
0.0857452 -0.915972 -0.12296
0.0838693 -0.914275 -0.123202
0.0879618 -0.923137 -0.122766
0.0878097 -0.916947 -0.122791
0.0920133 -0.923666 -0.122607
0.0898607 -0.917215 -0.122711
0.0956415 -0.922932 -0.12264
0.0916974 -0.916843 -0.122727
0.0984912 -0.921007 -0.12286
0.09314 -0.915735 -0.122839
0.100284 -0.918078 -0.123246
0.0940473 -0.913948 -0.123034
0.100843 -0.914005 -0.123761
0.0943307 -0.911724 -0.123295
0.100115 -0.909178 -0.124354
0.0939622 -0.909281 -0.123595
0.0981707 -0.904391 -0.124967
0.0929778 -0.906857 -0.123906
0.0952003 -0.900111 -0.12554
0.091474 -0.90469 -0.124196
0.0914944 -0.896758 -0.126017
0.0895982 -0.902993 -0.124437
0.0874163 -0.89466 -0.126352
0.0875334 -0.901931 -0.124606
0.0833648 -0.894022 -0.12651
0.0854826 -0.901608 -0.124687
0.0797367 -0.894907 -0.126478
0.0836459 -0.902056 -0.12467
0.0768869 -0.897228 -0.126258
0.0822031 -0.90323 -0.124559
0.0750944 -0.900757 -0.125871
0.0812958 -0.905017 -0.124363
0.0745349 -0.90515 -0.125356
0.0810127 -0.907241 -0.124102
0.0752629 -0.909977 -0.124763
0.0813811 -0.909684 -0.123802
0.0772072 -0.914764 -0.12415
0.0823654 -0.912108 -0.123492
0.0766826 -0.922428 -0.124526
0.0821268 -0.926515 -0.123825
0.0881183 -0.929072 -0.123334
0.0940706 -0.92985 -0.123101
0.0994009 -0.928772 -0.123149
0.103588 -0.925943 -0.123472
0.106221 -0.921641 -0.12404
0.107043 -0.916237 -0.124797
0.105973 -0.909147 -0.125668
0.103117 -0.902113 -0.126569
0.0987527 -0.895826 -0.12741
0.0933086 -0.8909 -0.128111
0.0873171 -0.887817 -0.128602
0.0813648 -0.88688 -0.128835
0.0760344 -0.88818 -0.128788
0.0718477 -0.891589 -0.128464
0.0692144 -0.896774 -0.127896
0.0683923 -0.903229 -0.12714
0.0694618 -0.910319 -0.126268
0.0723187 -0.917211 -0.125368
0.0734696 -0.926005 -0.126025
0.0805181 -0.931296 -0.125118
0.0882755 -0.934608 -0.124483
0.095982 -0.935615 -0.124181
0.102883 -0.934218 -0.124242
0.108304 -0.930556 -0.124661
0.111713 -0.924985 -0.125396
0.112778 -0.918052 -0.126376
0.111393 -0.909186 -0.127504
0.107694 -0.90008 -0.12867
0.102044 -0.89194 -0.12976
0.0949953 -0.885562 -0.130667
0.0872381 -0.881571 -0.131303
0.0795316 -0.880357 -0.131605
0.0726303 -0.88204 -0.131543
0.0672097 -0.886454 -0.131124
0.0638004 -0.893168 -0.130389
0.062736 -0.901524 -0.12941
0.0641209 -0.910705 -0.128282
0.0678195 -0.919251 -0.127115
0.0706178 -0.929256 -0.128039
0.0790974 -0.935622 -0.126947
0.0884293 -0.939606 -0.126183
0.0977001 -0.940817 -0.12582
0.106002 -0.939138 -0.125894
0.112523 -0.934732 -0.126397
0.116625 -0.92803 -0.127282
0.117905 -0.91969 -0.12846
0.116239 -0.909296 -0.129817
0.11179 -0.898342 -0.13122
0.104993 -0.888549 -0.132531
0.0965133 -0.880876 -0.133623
0.0871813 -0.876075 -0.134387
0.0779105 -0.874615 -0.13475
0.0696082 -0.876639 -0.134676
0.0630871 -0.88195 -0.134172
0.058986 -0.890026 -0.133288
0.0577054 -0.900079 -0.13211
0.0593714 -0.911123 -0.130753
0.0638207 -0.921131 -0.12935
0.0681976 -0.932103 -0.130516
0.077899 -0.939387 -0.129267
0.0885761 -0.943944 -0.128392
0.0991831 -0.94533 -0.127977
0.108682 -0.943409 -0.128061
0.116143 -0.938367 -0.128638
0.120835 -0.9307 -0.12965
0.1223 -0.921158 -0.130998
0.120394 -0.909474 -0.132551
0.115304 -0.896941 -0.134156
0.107527 -0.885736 -0.135656
0.0978251 -0.876958 -0.136905
0.0871483 -0.871464 -0.137779
0.0765412 -0.869794 -0.138195
0.0670424 -0.87211 -0.13811
0.0595816 -0.878186 -0.137534
0.054889 -0.887427 -0.136522
0.0534241 -0.898928 -0.135173
0.0553302 -0.911564 -0.133621
0.0604208 -0.922807 -0.132016
0.0662684 -0.934475 -0.133396
0.0769532 -0.942496 -0.132021
0.0887122 -0.947516 -0.131057
0.100394 -0.949042 -0.1306
0.110856 -0.946926 -0.130693
0.119073 -0.941374 -0.131328
0.124241 -0.93293 -0.132442
0.125854 -0.92242 -0.133927
0.123755 -0.909715 -0.135637
0.118148 -0.895911 -0.137405
0.109583 -0.883571 -0.139057
0.0988985 -0.873903 -0.140432
0.0871397 -0.867853 -0.141396
0.0754577 -0.866014 -0.141853
0.0649961 -0.868564 -0.14176
0.0567792 -0.875256 -0.141125
0.0516111 -0.885433 -0.14001
0.0499978 -0.8981 -0.138526
0.052097 -0.912017 -0.136816
0.0577038 -0.924236 -0.135048
0.0648778 -0.936313 -0.136608
0.0762828 -0.944875 -0.13514
0.0888342 -0.950233 -0.134112
0.101304 -0.951862 -0.133623
0.11247 -0.949603 -0.133723
0.121241 -0.943677 -0.134401
0.126757 -0.934664 -0.13559
0.128479 -0.923446 -0.137175
0.126238 -0.910013 -0.139
0.120254 -0.895279 -0.140887
0.111112 -0.882107 -0.142651
0.0997072 -0.871788 -0.144119
0.0871558 -0.86533 -0.145147
0.0746863 -0.863366 -0.145635
0.0635199 -0.866089 -0.145536
0.0547491 -0.873232 -0.144858
0.049233 -0.884095 -0.143668
0.0475105 -0.897615 -0.142084
0.0497514 -0.91247 -0.140258
0.0557357 -0.925384 -0.138372
0.0640601 -0.937572 -0.140073
0.0759043 -0.946464 -0.138549
0.0889392 -0.952028 -0.137481
0.101889 -0.95372 -0.136974
0.113485 -0.951374 -0.137077
0.122594 -0.94522 -0.137781
0.128323 -0.935859 -0.139016
0.130111 -0.924209 -0.140662
0.127784 -0.910361 -0.142558
0.121569 -0.89506 -0.144517
0.112075 -0.881381 -0.146349
0.100231 -0.870664 -0.147873
0.0871961 -0.863957 -0.148941
0.0742465 -0.861918 -0.149448
0.0626499 -0.864746 -0.149345
0.0535413 -0.872163 -0.148641
0.0478124 -0.883445 -0.147406
0.046024 -0.897486 -0.14576
0.0483511 -0.912913 -0.143864
0.0545659 -0.926223 -0.141905
0.0638354 -0.938221 -0.143706
0.0758271 -0.947224 -0.142163
0.0890247 -0.952858 -0.141081
0.102136 -0.954571 -0.140568
0.113877 -0.952195 -0.140672
0.123099 -0.945964 -0.141385
0.128899 -0.936487 -0.142636
0.13071 -0.924692 -0.144302
0.128354 -0.910751 -0.146221
0.122061 -0.895258 -0.148205
0.112449 -0.881409 -0.15006
0.100457 -0.870558 -0.151603
0.0872598 -0.863768 -0.152684
0.0741488 -0.861704 -0.153198
0.0624076 -0.864566 -0.153093
0.0531855 -0.872077 -0.152381
0.0473851 -0.883499 -0.15113
0.0455742 -0.897715 -0.149463
0.0479305 -0.913334 -0.147544
0.0542228 -0.92673 -0.14556
0.0642092 -0.938245 -0.147417
0.0760534 -0.947137 -0.145893
0.0890884 -0.952701 -0.144825
0.102038 -0.954393 -0.144318
0.113634 -0.952047 -0.144421
0.122743 -0.945892 -0.145125
0.128472 -0.936532 -0.14636
0.13026 -0.924882 -0.148006
0.127933 -0.911172 -0.149902
0.121718 -0.89587 -0.151861
0.112224 -0.882192 -0.153693
0.10038 -0.871474 -0.155217
0.0873451 -0.864768 -0.156285
0.0743956 -0.862729 -0.156792
0.0627989 -0.865557 -0.156689
0.0536904 -0.872974 -0.155985
0.0479615 -0.884256 -0.15475
0.046173 -0.898297 -0.153104
0.0485003 -0.913723 -0.151208
0.054715 -0.926895 -0.149249
0.0651723 -0.937642 -0.151115
0.0765772 -0.946204 -0.149647
0.0891287 -0.951562 -0.148619
0.101598 -0.953191 -0.14813
0.112765 -0.950932 -0.14823
0.121535 -0.945006 -0.148908
0.127052 -0.935992 -0.150097
0.128774 -0.924775 -0.151682
0.126533 -0.911615 -0.153507
0.120549 -0.896881 -0.155394
0.111407 -0.883709 -0.157158
0.100002 -0.873389 -0.158626
0.0874502 -0.866932 -0.159654
0.0749809 -0.864968 -0.160142
0.0638142 -0.867691 -0.160043
0.0550436 -0.874834 -0.159365
0.049527 -0.885697 -0.158176
0.0478051 -0.899217 -0.156591
0.0500458 -0.914072 -0.154765
0.0560302 -0.926713 -0.152879
0.0667009 -0.936427 -0.154709
0.0773858 -0.944449 -0.153334
0.0891447 -0.949468 -0.15237
0.100827 -0.950995 -0.151913
0.111288 -0.948878 -0.152006
0.119505 -0.943326 -0.152641
0.124673 -0.934882 -0.153755
0.126287 -0.924373 -0.15524
0.124187 -0.912068 -0.15695
0.118581 -0.898264 -0.158718
0.110016 -0.885924 -0.16037
0.0993313 -0.876256 -0.161745
0.0875722 -0.870206 -0.162709
0.0758902 -0.868367 -0.163166
0.0654287 -0.870918 -0.163073
0.0572118 -0.877609 -0.162438
0.0520439 -0.887786 -0.161324
0.0504303 -0.900453 -0.159839
0.0525296 -0.91437 -0.158129
0.0581361 -0.926189 -0.156361
0.0687576 -0.934631 -0.15811
0.0784592 -0.941914 -0.156861
0.0891362 -0.946472 -0.155986
0.0997431 -0.947858 -0.155571
0.109242 -0.945936 -0.155656
0.116703 -0.940895 -0.156232
0.121395 -0.933228 -0.157244
0.12286 -0.923686 -0.158592
0.120954 -0.91252 -0.160145
0.115864 -0.899987 -0.16175
0.108087 -0.888783 -0.16325
0.0983852 -0.880004 -0.164499
0.0877084 -0.874511 -0.165374
0.0771013 -0.872841 -0.165789
0.0676025 -0.875157 -0.165704
0.0601417 -0.881233 -0.165128
0.0554491 -0.890474 -0.164116
0.0539842 -0.901975 -0.162768
0.0558903 -0.914611 -0.161215
0.0609809 -0.925335 -0.15961
0.0712915 -0.932297 -0.161234
0.0797711 -0.938663 -0.160143
0.0891031 -0.942647 -0.159378
0.0983739 -0.943858 -0.159015
0.106676 -0.942179 -0.159089
0.113197 -0.937773 -0.159593
0.117299 -0.931071 -0.160478
0.118579 -0.922731 -0.161656
0.116913 -0.912961 -0.163013
0.112464 -0.902007 -0.164416
0.105667 -0.892214 -0.165727
0.097187 -0.884541 -0.166819
0.0878551 -0.87974 -0.167583
0.0785842 -0.87828 -0.167946
0.070282 -0.880304 -0.167872
0.0637611 -0.885615 -0.167368
0.0596595 -0.893691 -0.166484
0.0583791 -0.903744 -0.165306
0.0600451 -0.914788 -0.163949
0.0644946 -0.924172 -0.162546
0.0742404 -0.929484 -0.164006
0.0812892 -0.934776 -0.163098
0.0890462 -0.938087 -0.162463
0.0967528 -0.939094 -0.162161
0.103654 -0.937698 -0.162223
0.109075 -0.934035 -0.162641
0.112484 -0.928465 -0.163377
0.113548 -0.921532 -0.164356
0.112163 -0.91338 -0.165484
0.108465 -0.904274 -0.16665
0.102815 -0.896133 -0.16774
0.0957661 -0.889755 -0.168647
0.0880089 -0.885764 -0.169283
0.0803025 -0.884551 -0.169585
0.0734012 -0.886233 -0.169523
0.0679806 -0.890648 -0.169105
0.0645712 -0.897362 -0.168369
0.0635068 -0.905718 -0.16739
0.0648918 -0.914898 -0.166262
0.0685903 -0.92273 -0.165096
0.0775316 -0.92626 -0.166355
0.0829758 -0.930347 -0.165655
0.0889673 -0.932904 -0.165164
0.0949196 -0.933682 -0.164931
0.10025 -0.932604 -0.164978
0.104437 -0.929775 -0.165302
0.10707 -0.925472 -0.165869
0.107892 -0.920117 -0.166626
0.106822 -0.913765 -0.167497
0.103966 -0.906732 -0.168398
0.0996018 -0.900444 -0.16924
0.0941575 -0.895518 -0.169941
0.0881661 -0.892435 -0.170431
0.0822138 -0.891498 -0.170665
0.0768834 -0.892798 -0.170617
0.0726967 -0.896207 -0.170293
0.0700634 -0.901393 -0.169726
0.0692413 -0.907847 -0.168969
0.070311 -0.914938 -0.168098
0.0731676 -0.921043 -0.167197
0.0810841 -0.922704 -0.168225
0.0847898 -0.925486 -0.167748
0.088868 -0.927227 -0.167414
0.0929195 -0.927756 -0.167256
0.0965476 -0.927022 -0.167288
0.0993975 -0.925097 -0.167508
0.10119 -0.922168 -0.167895
0.101749 -0.918523 -0.16841
0.101021 -0.914108 -0.169003
0.099077 -0.909321 -0.169616
0.0961065 -0.905041 -0.170189
0.0924008 -0.901688 -0.170666
0.0883226 -0.89959 -0.171
0.0842711 -0.898952 -0.171159
0.0806428 -0.899836 -0.171126
0.0777933 -0.902157 -0.170906
0.0760006 -0.905687 -0.17052
0.0754409 -0.91008 -0.170005
0.0761692 -0.914906 -0.169411
0.0781136 -0.919153 -0.168798
0.0848103 -0.918905 -0.16957
0.0866863 -0.920313 -0.169329
0.0887507 -0.921194 -0.169159
0.0908017 -0.921462 -0.169079
0.0926385 -0.921091 -0.169095
0.0940812 -0.920116 -0.169207
0.0949886 -0.918633 -0.169403
0.0952719 -0.916788 -0.169663
0.0949032 -0.9144 -0.169963
0.0939189 -0.911976 -0.170274
0.0924151 -0.90981 -0.170564
0.0905392 -0.908112 -0.170805
0.0884749 -0.90705 -0.170975
0.0864237 -0.906727 -0.171055
0.084587 -0.907175 -0.171038
0.0831443 -0.90835 -0.170927
0.0822369 -0.910137 -0.170731
0.0819537 -0.912361 -0.170471
0.0823224 -0.914804 -0.17017
0.0833066 -0.917107 -0.16986
0.0876658 -0.909451 -0.12341
0.0886186 -0.914634 -0.170356
-0.0857452 -0.915972 -0.12296
-0.0838836 -0.921396 -0.1231
-0.0801779 -0.918614 -0.123577
-0.0838693 -0.914275 -0.123202
-0.0878097 -0.916947 -0.122791
-0.0879618 -0.923137 -0.122766
-0.0898607 -0.917215 -0.122711
-0.0920133 -0.923666 -0.122607
-0.0916974 -0.916843 -0.122727
-0.0956415 -0.922932 -0.12264
-0.0931401 -0.915735 -0.122839
-0.0984913 -0.921007 -0.12286
-0.0940474 -0.913948 -0.123034
-0.100284 -0.918078 -0.123246
-0.0943307 -0.911724 -0.123295
-0.100843 -0.914005 -0.123761
-0.0939622 -0.909281 -0.123595
-0.100115 -0.909178 -0.124354
-0.0929778 -0.906857 -0.123906
-0.0981707 -0.904391 -0.124967
-0.0914741 -0.90469 -0.124196
-0.0952003 -0.900111 -0.12554
-0.0895982 -0.902993 -0.124437
-0.0914945 -0.896758 -0.126017
-0.0875334 -0.901931 -0.124606
-0.0874163 -0.89466 -0.126351
-0.0854826 -0.901608 -0.124687
-0.0833648 -0.894022 -0.12651
-0.0836459 -0.902056 -0.12467
-0.0797367 -0.894907 -0.126478
-0.0822031 -0.90323 -0.124559
-0.0768868 -0.897228 -0.126258
-0.0812958 -0.905017 -0.124363
-0.0750945 -0.900757 -0.125871
-0.0810126 -0.907241 -0.124102
-0.0745349 -0.90515 -0.125356
-0.0813811 -0.909684 -0.123802
-0.0752629 -0.909976 -0.124763
-0.0823654 -0.912108 -0.123492
-0.0772073 -0.914764 -0.12415
-0.0821268 -0.926515 -0.123825
-0.0766826 -0.922428 -0.124526
-0.0881183 -0.929072 -0.123334
-0.0940706 -0.92985 -0.123101
-0.099401 -0.928772 -0.123149
-0.103588 -0.925943 -0.123472
-0.106221 -0.921641 -0.12404
-0.107043 -0.916237 -0.124797
-0.105973 -0.909147 -0.125668
-0.103117 -0.902113 -0.126569
-0.0987527 -0.895826 -0.12741
-0.0933086 -0.8909 -0.128111
-0.087317 -0.887817 -0.128602
-0.0813648 -0.88688 -0.128835
-0.0760344 -0.88818 -0.128788
-0.0718477 -0.891589 -0.128464
-0.0692144 -0.896774 -0.127896
-0.0683923 -0.903229 -0.12714
-0.0694619 -0.910319 -0.126268
-0.0723186 -0.917211 -0.125368
-0.0805182 -0.931296 -0.125118
-0.0734696 -0.926005 -0.126025
-0.0882754 -0.934608 -0.124483
-0.095982 -0.935615 -0.124181
-0.102883 -0.934218 -0.124242
-0.108304 -0.930556 -0.124661
-0.111713 -0.924985 -0.125396
-0.112778 -0.918052 -0.126376
-0.111393 -0.909186 -0.127504
-0.107694 -0.90008 -0.12867
-0.102044 -0.89194 -0.12976
-0.0949952 -0.885562 -0.130667
-0.0872381 -0.881571 -0.131303
-0.0795316 -0.880357 -0.131605
-0.0726303 -0.88204 -0.131543
-0.0672097 -0.886454 -0.131124
-0.0638003 -0.893168 -0.130389
-0.062736 -0.901524 -0.12941
-0.0641209 -0.910705 -0.128282
-0.0678195 -0.919251 -0.127115
-0.0790974 -0.935622 -0.126947
-0.0706178 -0.929256 -0.128039
-0.0884293 -0.939606 -0.126183
-0.0977002 -0.940817 -0.12582
-0.106002 -0.939138 -0.125894
-0.112523 -0.934732 -0.126397
-0.116625 -0.92803 -0.127282
-0.117905 -0.91969 -0.12846
-0.116239 -0.909296 -0.129817
-0.11179 -0.898342 -0.13122
-0.104993 -0.888549 -0.132531
-0.0965133 -0.880876 -0.133623
-0.0871813 -0.876075 -0.134387
-0.0779105 -0.874615 -0.13475
-0.0696082 -0.876639 -0.134676
-0.0630872 -0.88195 -0.134172
-0.0589859 -0.890027 -0.133288
-0.0577053 -0.900079 -0.13211
-0.0593714 -0.911123 -0.130753
-0.0638207 -0.921131 -0.12935
-0.0778991 -0.939387 -0.129267
-0.0681975 -0.932103 -0.130516
-0.0885761 -0.943944 -0.128392
-0.0991831 -0.94533 -0.127977
-0.108682 -0.943409 -0.128061
-0.116143 -0.938367 -0.128638
-0.120835 -0.9307 -0.12965
-0.1223 -0.921158 -0.130998
-0.120394 -0.909474 -0.132551
-0.115303 -0.896941 -0.134156
-0.107527 -0.885736 -0.135656
-0.0978252 -0.876958 -0.136905
-0.0871483 -0.871464 -0.137779
-0.0765412 -0.869794 -0.138195
-0.0670424 -0.87211 -0.13811
-0.0595816 -0.878186 -0.137534
-0.054889 -0.887427 -0.136522
-0.0534241 -0.898928 -0.135173
-0.0553302 -0.911564 -0.133621
-0.0604208 -0.922807 -0.132016
-0.0769532 -0.942496 -0.132021
-0.0662684 -0.934475 -0.133396
-0.0887122 -0.947516 -0.131057
-0.100394 -0.949042 -0.1306
-0.110856 -0.946926 -0.130693
-0.119073 -0.941374 -0.131328
-0.124241 -0.93293 -0.132442
-0.125854 -0.92242 -0.133927
-0.123755 -0.909715 -0.135637
-0.118148 -0.895911 -0.137405
-0.109583 -0.883571 -0.139057
-0.0988985 -0.873903 -0.140432
-0.0871397 -0.867853 -0.141396
-0.0754577 -0.866014 -0.141853
-0.0649962 -0.868564 -0.14176
-0.0567793 -0.875256 -0.141125
-0.0516111 -0.885433 -0.14001
-0.0499978 -0.8981 -0.138526
-0.052097 -0.912017 -0.136816
-0.0577037 -0.924236 -0.135048
-0.0762828 -0.944875 -0.13514
-0.0648778 -0.936313 -0.136608
-0.0888342 -0.950233 -0.134112
-0.101303 -0.951862 -0.133623
-0.11247 -0.949603 -0.133723
-0.121241 -0.943677 -0.134401
-0.126757 -0.934664 -0.13559
-0.128479 -0.923446 -0.137175
-0.126239 -0.910013 -0.139
-0.120254 -0.895279 -0.140887
-0.111112 -0.882107 -0.142651
-0.0997072 -0.871788 -0.144119
-0.0871558 -0.86533 -0.145147
-0.0746863 -0.863366 -0.145635
-0.0635199 -0.866089 -0.145536
-0.0547491 -0.873232 -0.144858
-0.0492329 -0.884095 -0.143668
-0.0475106 -0.897615 -0.142084
-0.0497514 -0.91247 -0.140258
-0.0557357 -0.925384 -0.138372
-0.0759043 -0.946464 -0.138549
-0.0640601 -0.937572 -0.140073
-0.0889392 -0.952028 -0.137481
-0.101889 -0.95372 -0.136974
-0.113485 -0.951374 -0.137077
-0.122594 -0.94522 -0.137781
-0.128323 -0.935859 -0.139016
-0.130111 -0.924209 -0.140662
-0.127784 -0.910361 -0.142558
-0.121569 -0.89506 -0.144517
-0.112075 -0.881381 -0.146349
-0.100231 -0.870664 -0.147873
-0.0871961 -0.863957 -0.148941
-0.0742465 -0.861918 -0.149448
-0.0626499 -0.864746 -0.149345
-0.0535413 -0.872163 -0.148641
-0.0478124 -0.883445 -0.147406
-0.046024 -0.897486 -0.14576
-0.0483511 -0.912913 -0.143864
-0.0545659 -0.926223 -0.141905
-0.0758271 -0.947224 -0.142163
-0.0638354 -0.938221 -0.143706
-0.0890247 -0.952858 -0.141081
-0.102136 -0.954571 -0.140568
-0.113877 -0.952195 -0.140673
-0.123099 -0.945964 -0.141385
-0.128899 -0.936487 -0.142636
-0.13071 -0.924692 -0.144302
-0.128354 -0.910751 -0.146221
-0.122061 -0.895258 -0.148205
-0.112449 -0.881409 -0.15006
-0.100457 -0.870558 -0.151603
-0.0872598 -0.863768 -0.152685
-0.0741488 -0.861704 -0.153198
-0.0624075 -0.864566 -0.153093
-0.0531855 -0.872077 -0.152381
-0.0473851 -0.883499 -0.15113
-0.0455742 -0.897715 -0.149463
-0.0479305 -0.913334 -0.147544
-0.0542229 -0.92673 -0.14556
-0.0760534 -0.947137 -0.145893
-0.0642092 -0.938245 -0.147417
-0.0890883 -0.952701 -0.144825
-0.102038 -0.954393 -0.144318
-0.113634 -0.952047 -0.144421
-0.122743 -0.945892 -0.145125
-0.128472 -0.936532 -0.14636
-0.13026 -0.924882 -0.148006
-0.127933 -0.911172 -0.149902
-0.121718 -0.89587 -0.151861
-0.112224 -0.882192 -0.153693
-0.10038 -0.871474 -0.155217
-0.0873452 -0.864768 -0.156285
-0.0743956 -0.862729 -0.156792
-0.0627989 -0.865557 -0.156689
-0.0536903 -0.872974 -0.155985
-0.0479614 -0.884256 -0.15475
-0.046173 -0.898297 -0.153104
-0.0485002 -0.913723 -0.151208
-0.054715 -0.926895 -0.149249
-0.0765772 -0.946204 -0.149647
-0.0651723 -0.937642 -0.151115
-0.0891287 -0.951562 -0.148619
-0.101598 -0.953191 -0.14813
-0.112764 -0.950932 -0.14823
-0.121535 -0.945006 -0.148908
-0.127052 -0.935992 -0.150097
-0.128774 -0.924775 -0.151682
-0.126533 -0.911615 -0.153507
-0.120549 -0.896881 -0.155394
-0.111407 -0.883709 -0.157158
-0.100002 -0.873389 -0.158626
-0.0874502 -0.866932 -0.159654
-0.0749809 -0.864968 -0.160142
-0.0638142 -0.867691 -0.160043
-0.0550436 -0.874834 -0.159365
-0.049527 -0.885697 -0.158176
-0.047805 -0.899217 -0.156591
-0.0500458 -0.914072 -0.154765
-0.0560302 -0.926713 -0.152879
-0.0773858 -0.944449 -0.153334
-0.066701 -0.936427 -0.154709
-0.0891447 -0.949468 -0.15237
-0.100827 -0.950995 -0.151913
-0.111288 -0.948878 -0.152006
-0.119505 -0.943326 -0.152641
-0.124673 -0.934882 -0.153755
-0.126287 -0.924373 -0.15524
-0.124187 -0.912068 -0.15695
-0.118581 -0.898264 -0.158718
-0.110016 -0.885924 -0.16037
-0.0993312 -0.876256 -0.161745
-0.0875722 -0.870206 -0.162709
-0.0758902 -0.868367 -0.163166
-0.0654288 -0.870918 -0.163073
-0.0572118 -0.877609 -0.162438
-0.0520438 -0.887786 -0.161324
-0.0504303 -0.900453 -0.159839
-0.0525297 -0.91437 -0.158129
-0.0581361 -0.926189 -0.156361
-0.0784592 -0.941914 -0.156861
-0.0687576 -0.934631 -0.15811
-0.0891362 -0.946472 -0.155986
-0.0997432 -0.947858 -0.155571
-0.109242 -0.945936 -0.155656
-0.116703 -0.940895 -0.156232
-0.121395 -0.933228 -0.157244
-0.12286 -0.923686 -0.158592
-0.120954 -0.91252 -0.160145
-0.115864 -0.899987 -0.16175
-0.108087 -0.888783 -0.16325
-0.0983851 -0.880004 -0.164499
-0.0877084 -0.874511 -0.165374
-0.0771013 -0.872841 -0.165789
-0.0676025 -0.875157 -0.165704
-0.0601416 -0.881233 -0.165128
-0.0554491 -0.890474 -0.164116
-0.0539842 -0.901975 -0.162768
-0.0558903 -0.914611 -0.161215
-0.0609809 -0.925335 -0.15961
-0.0797711 -0.938663 -0.160143
-0.0712915 -0.932297 -0.161234
-0.089103 -0.942647 -0.159378
-0.0983739 -0.943858 -0.159015
-0.106676 -0.942179 -0.159089
-0.113197 -0.937773 -0.159593
-0.117299 -0.931071 -0.160478
-0.118579 -0.922731 -0.161656
-0.116913 -0.912961 -0.163013
-0.112464 -0.902007 -0.164416
-0.105667 -0.892214 -0.165727
-0.097187 -0.884541 -0.166819
-0.0878551 -0.87974 -0.167583
-0.0785842 -0.87828 -0.167946
-0.070282 -0.880304 -0.167872
-0.063761 -0.885615 -0.167368
-0.0596594 -0.893692 -0.166484
-0.0583791 -0.903744 -0.165306
-0.0600451 -0.914788 -0.163949
-0.0644945 -0.924172 -0.162546
-0.0812891 -0.934776 -0.163098
-0.0742404 -0.929484 -0.164006
-0.0890463 -0.938087 -0.162463
-0.0967528 -0.939094 -0.162161
-0.103654 -0.937698 -0.162223
-0.109075 -0.934035 -0.162641
-0.112484 -0.928465 -0.163377
-0.113548 -0.921532 -0.164356
-0.112163 -0.91338 -0.165484
-0.108465 -0.904274 -0.16665
-0.102815 -0.896133 -0.16774
-0.0957661 -0.889755 -0.168647
-0.0880089 -0.885764 -0.169283
-0.0803025 -0.884551 -0.169585
-0.0734012 -0.886233 -0.169523
-0.0679805 -0.890648 -0.169105
-0.0645712 -0.897362 -0.168369
-0.0635068 -0.905718 -0.16739
-0.0648918 -0.914898 -0.166262
-0.0685903 -0.92273 -0.165096
-0.0829758 -0.930347 -0.165655
-0.0775317 -0.92626 -0.166355
-0.0889673 -0.932904 -0.165164
-0.0949195 -0.933682 -0.164931
-0.10025 -0.932604 -0.164978
-0.104437 -0.929775 -0.165302
-0.10707 -0.925472 -0.165869
-0.107892 -0.920117 -0.166626
-0.106822 -0.913765 -0.167497
-0.103966 -0.906732 -0.168398
-0.0996018 -0.900444 -0.16924
-0.0941575 -0.895518 -0.169941
-0.0881661 -0.892435 -0.170431
-0.0822138 -0.891498 -0.170665
-0.0768834 -0.892798 -0.170617
-0.0726967 -0.896207 -0.170293
-0.0700633 -0.901393 -0.169726
-0.0692413 -0.907847 -0.168969
-0.070311 -0.914938 -0.168098
-0.0731676 -0.921043 -0.167197
-0.0847898 -0.925486 -0.167748
-0.0810841 -0.922704 -0.168225
-0.0888679 -0.927227 -0.167414
-0.0929195 -0.927756 -0.167256
-0.0965476 -0.927022 -0.167288
-0.0993975 -0.925097 -0.167508
-0.10119 -0.922168 -0.167895
-0.101749 -0.918523 -0.16841
-0.101021 -0.914108 -0.169003
-0.099077 -0.909321 -0.169616
-0.0961065 -0.905041 -0.170189
-0.0924008 -0.901688 -0.170666
-0.0883226 -0.89959 -0.171
-0.0842711 -0.898951 -0.171159
-0.0806428 -0.899836 -0.171126
-0.0777932 -0.902157 -0.170906
-0.0760006 -0.905687 -0.17052
-0.075441 -0.91008 -0.170005
-0.0761693 -0.914906 -0.169411
-0.0781137 -0.919153 -0.168798
-0.0866863 -0.920313 -0.169329
-0.0848103 -0.918905 -0.16957
-0.0887508 -0.921194 -0.169159
-0.0908017 -0.921462 -0.169079
-0.0926385 -0.921091 -0.169095
-0.0940812 -0.920116 -0.169207
-0.0949886 -0.918633 -0.169403
-0.0952718 -0.916788 -0.169663
-0.0949032 -0.9144 -0.169963
-0.0939189 -0.911976 -0.170274
-0.0924152 -0.90981 -0.170564
-0.0905392 -0.908112 -0.170805
-0.0884748 -0.90705 -0.170975
-0.0864237 -0.906727 -0.171055
-0.084587 -0.907175 -0.171038
-0.0831443 -0.90835 -0.170927
-0.0822369 -0.910137 -0.170731
-0.0819537 -0.912361 -0.170471
-0.0823224 -0.914804 -0.17017
-0.0833066 -0.917107 -0.16986
-0.0876658 -0.909451 -0.12341
-0.0886186 -0.914634 -0.170356
-0.343274 0.776692 -0.528121
-0.281069 0.868859 -0.407535
-0.172037 0.825199 -0.538006
-0.209023 0.76338 -0.611196
-0.196005 0.928172 -0.316353
-0.120492 0.867397 -0.482809
-0.0999781 0.960141 -0.261026
-0.0615202 0.891184 -0.449452
7.04258e-08 0.970113 -0.242652
0 0.898746 -0.43847
0.0999771 0.960141 -0.261024
0.0615192 0.891183 -0.449452
0.196005 0.928172 -0.316353
0.120491 0.867397 -0.48281
0.28107 0.868858 -0.407536
0.172039 0.825198 -0.538006
0.343274 0.776693 -0.52812
0.209024 0.763379 -0.611197
0.366925 0.653899 -0.661651
0.22291 0.685244 -0.693363
0.343274 0.518929 -0.782864
0.209023 0.602152 -0.770533
0.281071 0.397267 -0.873601
0.17204 0.528245 -0.83148
0.196006 0.305396 -0.931834
0.120492 0.472557 -0.873024
0.0999749 0.249692 -0.963151
0.0615153 0.438913 -0.896421
1.19366e-09 0.231205 -0.972905
0 0.427846 -0.903852
-0.0999752 0.249692 -0.963151
-0.0615156 0.438914 -0.896421
-0.196006 0.305395 -0.931834
-0.120493 0.472556 -0.873025
-0.281071 0.397268 -0.8736
-0.17204 0.528245 -0.83148
-0.343274 0.518928 -0.782865
-0.209024 0.602152 -0.770533
-0.366925 0.653897 -0.661654
-0.222909 0.685242 -0.693365
-0.425402 0.783959 -0.452151
-0.360323 0.896021 -0.259449
-0.297205 0.923209 -0.243627
-0.108396 0.969831 -0.218352
0.0680957 0.990424 -0.120098
0.132777 0.988542 -0.0717943
0.262919 0.954201 -0.142737
0.382743 0.88558 -0.263167
0.474261 0.76957 -0.427597
0.510039 0.604624 -0.611793
0.474259 0.418497 -0.774557
0.382742 0.252711 -0.88862
0.262921 0.131481 -0.955817
0.132778 0.0601375 -0.98932
2.25876e-08 0.0368126 -0.999322
-0.132778 0.0601376 -0.98932
-0.262921 0.131481 -0.955817
-0.382742 0.252711 -0.88862
-0.474259 0.418496 -0.774558
-0.487648 0.577212 -0.655001
-0.625088 0.719902 -0.301672
-0.435646 0.895303 -0.0929823
-0.414236 0.908047 -0.0621277
-0.132481 0.973623 0.185761
0.0927363 0.994775 0.0426893
0.145887 0.989301 0.00104878
0.303507 0.951303 -0.053902
0.445869 0.876683 -0.180631
0.584112 0.736177 -0.341844
0.639215 0.540571 -0.54698
0.589481 0.309744 -0.746037
0.466977 0.110425 -0.877348
0.314969 -0.0282907 -0.94868
0.157165 -0.10659 -0.981803
-4.27515e-09 -0.131631 -0.991299
-0.157166 -0.10659 -0.981803
-0.314969 -0.0282908 -0.94868
-0.466977 0.110425 -0.877348
-0.589481 0.309744 -0.746037
-0.633641 0.481693 -0.605368
-0.696805 0.671186 -0.252927
-0.464115 0.875017 -0.137635
-0.309593 0.950768 -0.0138419
-0.135496 0.930446 0.340458
0.00605991 0.926289 0.376766
0.163151 0.949812 0.266907
0.355332 0.919951 0.165619
0.516804 0.853382 0.0682111
0.699254 0.679421 -0.222331
0.750066 0.46489 -0.470402
0.685623 0.197908 -0.700538
0.533023 -0.0230966 -0.845786
0.353352 -0.168677 -0.920158
0.174416 -0.247416 -0.953081
-1.98417e-07 -0.272052 -0.962283
-0.174417 -0.247416 -0.953081
-0.353352 -0.168676 -0.920158
-0.533024 -0.0230965 -0.845785
-0.685624 0.197908 -0.700537
-0.772231 0.450921 -0.447583
-0.761969 0.6476 0.00411842
-0.568105 0.788554 0.235456
-0.228011 0.899114 0.373638
-0.119492 0.967689 0.222037
-0.0212285 0.978441 0.205434
0.190701 0.954621 0.228764
0.297276 0.948279 0.111326
0.595485 0.802203 -0.0432248
0.783338 0.603622 -0.148397
0.860304 0.363391 -0.357525
0.778593 0.097726 -0.619873
0.582704 -0.145521 -0.799549
0.380736 -0.290303 -0.877932
0.186315 -0.365589 -0.911938
-1.39064e-07 -0.388689 -0.921369
-0.186316 -0.365589 -0.911938
-0.380737 -0.290303 -0.877931
-0.582705 -0.145522 -0.799549
-0.807485 0.0999439 -0.58136
-0.865188 0.350042 -0.359054
-0.835603 0.546727 0.0534538
-0.710118 0.616228 0.34058
-0.40482 0.784838 0.469201
-0.192476 0.872022 0.450035
1.9057e-07 0.856299 0.51648
0.190412 0.892479 0.408931
0.247925 0.850449 0.463971
0.640239 0.700421 0.315442
0.848912 0.525601 -0.0556166
0.909381 0.22437 -0.350264
0.807043 -0.00404098 -0.590479
0.621259 -0.246041 -0.743976
0.399618 -0.395892 -0.826786
0.194315 -0.465751 -0.863318
6.89224e-09 -0.486827 -0.873498
-0.194315 -0.465751 -0.863318
-0.399619 -0.395892 -0.826786
-0.618429 -0.256762 -0.742711
-0.855455 0.0528195 -0.515176
-0.92123 0.318766 -0.222987
-0.826942 0.539961 0.156875
-0.716322 0.636749 0.285364
-0.347105 0.76435 0.543403
-0.128263 0.772817 0.621533
-0.0683139 0.756139 0.650835
0.206474 0.826752 0.523306
0.44847 0.62461 0.639326
0.710767 0.57546 0.404544
0.84319 0.533708 0.0647062
0.940281 0.288589 -0.18052
0.846584 -0.210713 -0.48877
0.62605 -0.341495 -0.70103
0.411881 -0.488511 -0.769227
0.199417 -0.552153 -0.809543
-1.3235e-07 -0.571069 -0.820902
-0.199418 -0.552153 -0.809543
-0.411881 -0.488511 -0.769227
-0.628826 -0.341264 -0.698653
-0.827169 -0.0263295 -0.561337
-0.910784 0.284849 -0.298887
-0.85986 0.480723 0.171888
-0.723777 0.603793 0.334036
-0.406445 0.638224 0.653814
-0.197946 0.764864 0.613026
-0.134061 0.891956 0.43179
0.239849 0.816536 0.525111
0.527279 0.682384 0.506289
0.586196 0.66954 0.45617
0.896617 0.360796 0.256718
0.986615 0.057324 -0.152659
0.886363 -0.304558 -0.348719
0.629111 -0.484948 -0.607491
0.416342 -0.562184 -0.714568
0.202253 -0.628193 -0.75131
-2.21601e-07 -0.644994 -0.764187
-0.202253 -0.628193 -0.75131
-0.418774 -0.570881 -0.706203
-0.610087 -0.439464 -0.659292
-0.842596 -0.222058 -0.490635
-0.981023 0.183843 -0.0616062
-0.890784 0.332874 0.309353
-0.571907 0.562763 0.596843
-0.288354 0.710192 0.642246
-0.331558 0.703473 0.628646
-0.064079 0.612168 0.788127
0.292112 0.576775 0.76289
0.506679 0.676103 0.53494
0.656809 0.553053 0.512576
0.863783 0.177116 0.471709
0.998029 -0.0592958 -0.0205429
0.897203 -0.239856 -0.370804
0.626287 -0.535342 -0.566722
0.407676 -0.622566 -0.667991
0.210211 -0.651795 -0.72868
-0.00669527 -0.666875 -0.745139
-0.205554 -0.667043 -0.716101
-0.403308 -0.613671 -0.678786
-0.598541 -0.564343 -0.568564
-0.842176 -0.458538 -0.283695
-0.969956 0.116531 0.213554
-0.886816 0.244116 0.392384
-0.742997 0.372852 0.555821
-0.285803 0.616125 0.733967
-0.335501 0.592174 0.732645
0.0157646 0.63586 0.771643
0.199692 0.641073 0.741046
0.35518 0.584258 0.729719
0.742483 0.405824 0.532941
0.883774 0.227077 0.40912
0.993917 0.011411 0.109538
0.8874 -0.440091 -0.137266
0.613007 -0.611915 -0.499782
0.436267 -0.670663 -0.599903
0.210001 -0.734448 -0.645358
-0.0299625 -0.777071 -0.628699
-0.208361 -0.737732 -0.642135
-0.472199 -0.716922 -0.512885
-0.650099 -0.590419 -0.478305
-0.796916 -0.513301 -0.318508
-0.979446 -0.0283371 0.199707
-0.859299 0.156404 0.486974
-0.555528 0.418742 0.718362
-0.340437 0.615126 0.711142
-0.357042 0.695138 0.623943
0.0732266 0.662263 0.745685
0.199157 0.583014 0.787675
0.480016 0.430124 0.764577
0.729321 0.267855 0.629559
0.860167 0.126966 0.493957
0.931634 -0.159901 0.326327
0.810801 -0.585182 0.0127857
0.616003 -0.691245 -0.377784
0.444627 -0.780551 -0.439371
0.165333 -0.841031 -0.515104
-0.0335124 -0.856091 -0.515737
-0.209248 -0.816271 -0.53844
-0.371668 -0.792852 -0.482958
-0.627485 -0.677449 -0.383829
-0.828156 -0.526344 -0.192666
-0.939234 -0.0668506 0.336706
-0.815012 0.124896 0.565823
-0.592341 0.141921 0.793089
-0.490083 0.340934 0.802236
-0.251242 0.392449 0.884794
0.205882 0.268453 0.941034
0.114067 0.360485 0.925764
0.335182 0.439916 0.833143
0.719286 0.209006 0.662529
0.820004 0.0222036 0.571927
0.924907 -0.238765 0.295868
0.79094 -0.611885 -0.00329571
0.641677 -0.731512 -0.230524
0.472942 -0.828144 -0.300836
0.151357 -0.861145 -0.485304
-6.81027e-08 -0.817335 -0.576163
-0.194207 -0.833074 -0.517949
-0.413559 -0.768643 -0.488014
-0.585454 -0.774944 -0.238131
-0.712632 -0.701489 0.00826088
-0.90406 -0.282547 0.320691
-0.689411 -0.0762065 0.720351
-0.52919 0.261537 0.80719
-0.534925 0.185968 0.824179
-0.175108 0.197188 0.964601
0.172914 0.366961 0.914024
0.0949488 0.382156 0.919207
0.386868 0.108059 0.915782
0.634607 -0.0028548 0.77283
0.767989 0.00621316 0.640433
0.889936 -0.24714 0.383322
0.743782 -0.664489 0.0724
0.597594 -0.781833 -0.177816
0.403414 -0.901552 -0.156402
0.171996 -0.945982 -0.274838
-1.20303e-07 -0.97597 -0.217904
-0.171996 -0.945981 -0.274839
-0.333818 -0.914908 -0.226956
-0.65727 -0.751617 -0.0553849
-0.710338 -0.680348 0.180406
-0.707144 -0.611863 0.35436
-0.682802 -0.216476 0.697796
-0.570823 0.213065 0.792947
-0.341799 0.171268 0.924035
-0.158541 0.16541 0.973398
0.00436426 0.276646 0.960962
0.196205 0.418759 0.886648
0.354642 0.303367 0.88442
0.658784 0.0817545 0.747877
0.692886 -0.0555114 0.718907
0.776767 -0.321937 0.541286
0.71336 -0.682539 0.158929
0.565752 -0.824361 -0.0188132
0.32573 -0.936592 -0.129209
0.188521 -0.961667 -0.199137
-0.00822882 -0.977268 -0.211848
-0.182817 -0.966825 -0.178401
-0.248558 -0.963652 -0.0979544
-0.524604 -0.8392 0.143295
-0.758187 -0.611702 0.225772
-0.723512 -0.604124 0.334012
-0.6933 -0.241945 0.67882
-0.419047 -0.101495 0.902274
-0.190068 0.0345338 0.981163
-0.103927 0.0363126 0.993922
-0.123855 -0.0447259 0.991292
0.137755 -0.0593575 0.988686
0.264142 -0.0619585 0.962492
0.492324 -0.102505 0.864355
0.68683 -0.320813 0.652184
0.467475 -0.595394 0.653432
0.539629 -0.732098 0.415731
0.396758 -0.907798 0.135962
0.345771 -0.92312 -0.168202
0.14988 -0.986475 -0.0663601
-0.0185268 -0.965277 -0.260571
-0.138617 -0.984661 -0.105966
-0.364174 -0.928976 -0.0661855
-0.400774 -0.897668 0.183231
-0.628227 -0.683624 0.371468
-0.71122 -0.586919 0.3869
-0.317071 -0.658665 0.682368
-0.247522 -0.331818 0.910291
-0.155691 -0.103502 0.982368
-0.0499932 0.0910184 0.994594
-0.091145 -0.0112835 0.995774
0.151725 -0.245521 0.957444
0.229576 -0.305727 0.924027
0.118985 -0.223922 0.967317
0.477519 -0.559717 0.677269
0.585604 -0.659315 0.471563
0.490555 -0.669749 0.557487
0.225121 -0.904685 0.361753
0.298745 -0.887402 0.351098
0.116882 -0.965678 0.231959
-0.0207659 -0.997451 0.0682714
-0.0331708 -0.989252 0.142409
-0.365372 -0.91135 0.189588
-0.513525 -0.854268 0.0807307
-0.602641 -0.669858 0.433721
-0.513782 -0.600144 0.613071
-0.474923 -0.373114 0.797016
-0.230472 -0.289547 0.929002
-0.148387 -0.497737 0.854541
-0.137343 -0.171217 0.975614
-0.0665632 -0.107758 0.991946
0.354133 -0.148369 0.923351
0.253397 -0.30312 0.918645
0.147492 -0.184882 0.97163
0.202846 -0.634087 0.746181
0.381342 -0.62928 0.677189
0.400319 -0.749521 0.527222
0.224584 -0.944372 0.240258
0.456609 -0.838411 0.297615
0.0896916 -0.960504 0.263417
-0.0212249 -0.999344 -0.0293352
-0.0224258 -0.949866 0.311851
-0.241468 -0.891023 0.38441
-0.234595 -0.827035 0.51086
-0.225263 -0.592714 0.773271
-0.372133 -0.765228 0.525303
0.0334254 -0.4811 0.876028
-0.104648 -0.547138 0.830475
-0.088935 -0.517606 0.850984
-0.0885499 -0.37583 0.922448
-0.144719 -0.718689 0.680104
0.249426 -0.571692 0.781636
0.21657 -0.615862 0.757504
0.0281377 -0.390039 0.920368
0.233692 -0.531204 0.814377
0.162241 -0.642907 0.748564
0.0320815 -0.701063 0.712377
0.108371 -0.910269 0.399582
0.404729 -0.568 0.716638
-0.0211758 -0.763302 0.645695
-0.0131672 -0.878578 0.477417
0.0340428 -0.76739 0.640277
-0.44162 -0.526224 0.726677
0.022777 -0.752292 0.658437
-0.0633401 -0.874069 0.481656
-0.0241553 -0.835333 0.549213
-7.5274e-08 0.702926 -0.711263
-0.143332 -0.707112 0.692422
-0.0420831 -0.532737 0.845234
0.0994223 -0.532241 0.840735
0.0179223 -0.560595 0.827896
0.31308 0.269741 -0.910616
0.345619 0.41142 -0.843375
0.429915 0.513152 -0.742864
0.374203 0.524437 -0.764813
0.662369 0.199267 -0.722192
0.651822 0.240572 -0.719203
0.524982 0.485139 -0.69931
0.5465 0.421944 -0.723395
0.716762 -0.103437 -0.689604
0.679779 -0.427604 -0.595864
0.65577 -0.345336 -0.671348
0.676533 -0.0752778 -0.732555
0.603837 -0.60607 -0.517745
0.496403 -0.645975 -0.579914
0.376767 -0.597083 -0.708194
0.573495 -0.556763 -0.600932
0.365842 -0.5551 -0.74701
0.291295 -0.43407 -0.852485
0.355402 -0.152933 -0.922118
0.280125 -0.338195 -0.898418
0.364529 -0.368667 -0.855104
0.492231 -0.290213 -0.820661
0.571337 -0.133103 -0.809851
0.475918 -0.117405 -0.871618
0.593697 -0.166033 -0.787374
0.653194 -0.0351099 -0.756376
0.662394 -0.0317926 -0.748481
0.625469 -0.0882975 -0.775237
0.49309 -0.0956437 -0.864705
0.469846 0.131514 -0.872897
0.440509 0.204283 -0.874197
0.56958 0.127542 -0.81198
0.410224 0.257527 -0.874869
0.483791 0.0445661 -0.874048
0.387219 0.180278 -0.904191
0.567331 -0.208246 -0.796724
0.610601 -0.52491 -0.592989
0.584438 -0.690906 -0.425537
0.574553 -0.643861 -0.505303
0.471881 -0.42527 -0.772317
0.374861 -0.296188 -0.878495
0.496048 -0.290092 -0.818403
0.586885 -0.291248 -0.755474
0.622442 -0.215221 -0.752493
0.653331 -0.0850745 -0.752277
0.597739 -0.693711 -0.401836
0.676272 -0.566584 -0.470786
0.440666 -0.757871 -0.481086
0.428964 -0.793109 -0.432397
0.393978 0.0389484 -0.918294
0.665325 -0.258637 -0.700321
0.425666 0.215679 -0.878801
0.36502 0.399237 -0.841053
0.288938 0.376745 -0.880101
0.486827 0.291762 -0.823332
0.433783 0.64648 -0.627611
0.561753 0.414669 -0.715879
0.447919 0.683652 -0.576184
0.300871 0.777051 -0.552873
0.331271 0.62891 -0.703372
1.54919e-07 -0.895059 -0.445949
0.177593 -0.871144 -0.457787
0.134514 -0.811922 -0.568057
1.40346e-07 -0.826113 -0.563504
6.50213e-09 0.817702 -0.575642
-2.81227e-08 0.679013 -0.734126
0.419293 0.40713 -0.811442
0.601112 0.0905935 -0.794013
0.639482 0.421388 -0.643036
0.71 0.560768 -0.425957
0.610952 0.714258 -0.341428
0.679883 0.494966 -0.54108
0.249512 0.714272 -0.65388
0.172092 0.885082 -0.432452
0.583413 0.718325 -0.378997
0.788884 0.299689 -0.536516
0.783844 0.0151045 -0.620774
0.51064 -0.684688 -0.520048
0.672707 -0.512124 -0.534037
0.76126 -0.295059 -0.577428
0.669008 -0.0338261 -0.742485
0.709087 0.228674 -0.667011
0.796754 0.0288371 -0.603615
0.734252 -0.22034 -0.642125
0.308516 0.485129 -0.81821
0.339556 0.243797 -0.908441
-4.42732e-07 0.342982 -0.939342
7.33478e-08 0.544036 -0.839062
0.62617 -0.435081 -0.647005
-1.06766e-07 -0.815567 -0.578663
0.306442 -0.770499 -0.558949
0.263263 -0.822955 -0.503426
7.65047e-08 -0.86185 -0.507164
0.632711 -0.121903 -0.764733
0.330571 0.129581 -0.934843
-1.69327e-07 0.225211 -0.97431
0.311395 0.879043 -0.360994
0.351918 0.850218 -0.391514
0.198657 0.912941 -0.356475
3.85335e-08 0.896555 -0.442932
0.315644 -0.0187368 -0.948693
5.39876e-07 0.0435415 -0.999052
0.542329 -0.0790328 -0.836441
1.04861e-07 -0.528341 -0.849032
0.3176 -0.564095 -0.762186
0.582742 -0.494621 -0.644796
0.106423 -0.304919 -0.946413
3.6411e-08 -0.288375 -0.957518
-1.01432e-07 -0.566074 -0.824355
0.10797 -0.585842 -0.803201
0.426058 -0.57316 -0.699973
0.343584 -0.286597 -0.894322
0.297656 -0.0644315 -0.952497
0.284507 0.0962398 -0.953831
0.112344 -0.110255 -0.987534
0.132107 0.0659946 -0.989036
4.01972e-08 -0.104136 -0.994563
-2.95841e-08 0.0686967 -0.997638
0.325954 0.837008 -0.439513
0.386929 0.632549 -0.670946
0.464308 0.734395 -0.495058
0.726243 0.48638 -0.485805
0.670303 0.237556 -0.703037
0.462606 0.592177 -0.659789
0.899698 0.270528 -0.342577
0.797792 0.0313877 -0.602115
0.487936 0.161043 -0.857895
0.411172 0.185314 -0.892523
0.349349 0.176161 -0.920284
0.287858 0.150416 -0.945787
0.155841 0.130834 -0.979079
0.177904 0.171834 -0.968929
1.68166e-05 0.164286 -0.986413
-4.70011e-06 0.127782 -0.991802
0.552295 -0.0180889 -0.833452
0.469739 0.167654 -0.86674
0.556943 0.162014 -0.814596
0.645839 -0.0105333 -0.763401
0.379829 0.179175 -0.907539
0.452049 0.00293429 -0.891988
0.349921 0.0174655 -0.936616
0.306175 0.181303 -0.934551
0.203238 -0.00541146 -0.979115
-2.88398e-05 -0.0193071 -0.999814
0.834551 0.213265 -0.507979
0.777661 0.149921 -0.610547
0.724302 0.197116 -0.660705
0.766553 0.184991 -0.614959
0.661598 0.184295 -0.726858
0.723437 0.0483551 -0.688695
0.799279 0.0163489 -0.600738
0.89417 0.150769 -0.421579
0.621662 0.145529 -0.769648
0.679187 -0.238753 -0.694047
0.697138 -0.155414 -0.699889
0.45356 0.37335 -0.809255
0.476579 0.0488869 -0.877771
0.670749 -0.187086 -0.717701
0.616093 -0.0774607 -0.783856
0.958801 0.0305488 -0.282433
0.847759 -0.141049 -0.511283
0.90125 -0.149196 -0.406803
0.994695 -0.0508819 -0.0894002
0.334304 0.754506 0.564768
0.363443 0.647195 0.67011
0.52476 0.546537 0.652629
0.551235 0.604106 0.575496
0.775869 0.395757 0.491328
0.697155 0.377859 0.60926
0.803981 0.305553 0.510148
0.885618 0.260938 0.384177
0.890555 0.25959 0.373529
0.868234 0.30941 0.387861
0.880249 0.311487 0.357963
0.844096 0.357477 0.399641
0.999002 -0.0318596 0.0313048
0.937813 -0.33935 -0.073135
0.957671 -0.285757 0.0347715
0.994111 0.0250645 0.105424
0.672145 -0.735901 -0.0816757
0.801844 -0.590466 -0.0916287
0.758495 -0.621021 -0.19753
0.536865 -0.808088 -0.242426
0.256606 -0.959896 -0.112928
0.485433 -0.853824 0.187987
-0.034903 -0.896511 0.441644
0.284147 -0.831638 0.477116
-0.0920099 -0.631072 0.770248
0.204611 -0.6398 0.740804
0.225324 -0.351056 0.908839
-0.00939366 -0.298025 0.954512
0.0780838 -0.0109386 0.996887
0.152479 0.22751 0.961764
0.35103 0.239784 0.905142
0.289661 -0.0624187 0.955092
0.339031 0.480632 0.808735
0.318798 0.446654 0.835983
0.926149 0.173971 -0.334637
0.939427 0.267989 -0.213681
0.962858 0.269839 0.00957603
0.992177 0.104453 -0.0683743
0.862825 0.33387 0.379558
0.874185 -0.0745616 -0.479834
0.942495 -0.23933 -0.233289
0.921817 0.312159 0.229805
0.912681 0.395596 0.102553
0.959015 0.267192 -0.0943283
0.970844 0.225884 0.0802361
0.708149 -0.58286 -0.398497
0.716735 -0.333439 -0.612461
0.780464 -0.283492 -0.557233
0.786269 -0.504738 -0.356401
0.600814 -0.576411 -0.553871
0.618458 -0.319698 -0.717846
0.322645 -0.626004 -0.709943
0.366586 -0.30067 -0.880461
0.49458 -0.297993 -0.81645
0.44727 -0.614737 -0.649652
0.175272 -0.628153 -0.758092
0.207457 -0.313049 -0.926802
4.61011e-05 -0.625657 -0.780099
-3.92004e-05 -0.327147 -0.944973
0.607566 -0.738412 -0.292594
0.475379 -0.79924 -0.367737
0.230472 -0.849942 -0.473795
0.33158 -0.841115 -0.427294
0.132441 -0.832431 -0.538068
0.000259728 -0.83515 -0.550022
0.534796 -0.841603 -0.0754851
0.400291 -0.904814 0.145187
0.168346 -0.872491 0.458715
0.0923021 -0.681255 0.726204
0.109066 -0.363739 0.925094
0.358413 -0.920839 -0.153613
0.237564 -0.940824 -0.241688
0.116301 -0.95263 -0.281017
0.0782341 -0.926907 -0.367047
2.88645e-05 -0.936352 -0.351064
0.282408 -0.95825 0.0447531
0.164646 -0.982773 -0.0839546
0.0646337 -0.986898 -0.147837
-0.000133356 -0.680046 0.733169
0.000150463 -0.840291 0.542136
-0.000120715 -0.379413 0.925228
0.149762 -0.957336 0.247142
-0.000209896 -0.998624 -0.0524483
0.0866729 -0.995826 0.0285974
0.000234838 -0.968207 0.25015
0.157051 -0.0942086 0.983087
0.198995 0.226293 0.953516
-1.80933e-08 0.227953 0.973672
2.40375e-08 -0.108588 0.994087
0.203116 0.492252 0.846423
-1.25934e-08 0.499976 0.86604
0.162661 0.823499 0.543499
0.176519 0.71502 0.676452
0.287358 0.886774 0.362018
0.156869 0.926493 0.342056
0.223638 0.968209 0.112062
0.272441 0.951427 0.143394
0.264645 0.958226 -0.108473
0.237072 0.958571 -0.157922
-5.90123e-05 0.847945 0.530084
-1.42249e-05 0.735288 0.677755
-7.32287e-05 0.913314 0.407256
0.176148 0.976951 0.120579
0.106159 0.966999 0.231611
4.97422e-05 0.964762 0.263122
0.156774 0.987446 -0.0193139
-4.64441e-05 0.975835 -0.218509
7.6059e-05 0.998337 -0.0576439
0.932642 0.186346 0.308958
0.802602 0.391399 0.450153
0.504036 0.733295 0.456317
0.444157 0.848607 0.287385
0.690211 0.575155 0.439095
0.907047 0.16729 0.386367
0.833014 0.49158 0.253844
0.973566 0.0571161 0.221149
0.595463 0.797122 0.100104
0.385398 0.922579 -0.0177758
0.302392 0.937941 -0.169782
0.626287 0.751687 -0.206714
0.43482 0.852669 -0.289631
0.818092 0.566521 -0.0988923
-1.15978e-07 0.953921 0.300058
0.0922543 0.963012 0.253176
0.190034 0.974526 0.119109
0.161251 0.986904 -0.00428524
-1.51537e-09 0.998983 -0.0450947
2.38541e-07 0.840732 -0.541452
0.547094 0.761306 -0.347996
0.729753 0.667197 0.149359
0.464177 0.551116 0.693405
0 0.504531 0.863394
0.541869 -0.0788829 0.836753
3.18356e-07 -0.0213699 0.999772
0.980879 -0.188009 0.0502817
-9.72774e-08 -0.00239853 -0.999997
0.676007 -0.0982186 -0.73032
0.756423 0.145536 0.637686
0.864257 0.280109 0.41785
0.843873 0.235183 0.482252
0.869374 0.186175 0.457741
0.793951 0.0989839 0.59987
0.520034 0.811751 0.265755
0.591662 0.260621 -0.762898
0.269618 0.394129 -0.878618
-3.1794e-08 0.35178 -0.936083
0.465779 0.863942 -0.191451
0.0878346 0.98048 -0.175909
5.40262e-08 0.894413 -0.447242
4.629e-08 0.985971 -0.166918
0.655244 0.156744 -0.738976
0.642427 0.437488 -0.6292
0.296803 0.743585 -0.599157
0 0.870589 -0.492011
0.654237 -0.0305984 -0.755671
0.734438 0.056836 -0.676292
0.133691 -0.459454 -0.878083
0.369308 -0.295875 -0.880948
-0.0589001 -0.60997 -0.790232
-0.41704 -0.87778 -0.235753
-0.293596 -0.814179 -0.500913
-0.504698 -0.655192 0.562143
-0.535915 -0.793506 0.288345
-0.386045 -0.328331 0.862072
-0.471116 -0.530175 0.704957
-0.14776 0.159381 0.976097
-0.239204 0.0419991 0.970061
-0.0662867 0.27015 0.960534
-0.0302968 0.361332 0.931945
-0.280024 -0.0438231 0.958992
-0.347151 -0.208261 0.914393
0.840828 0.540886 0.0212349
0.601303 0.20027 0.773516
0.968793 -0.00684814 0.247775
0.944275 0.182456 0.27396
0.778738 0.217968 0.588267
0.909712 0.153753 -0.385726
0.997147 0.0740386 0.0147138
0.965191 0.233905 -0.117028
0.904585 0.213134 -0.369187
0.34742 0.835154 -0.426401
0.396461 0.0900147 -0.913628
0.648441 0.177765 -0.740219
0.856995 0.485225 -0.173542
0.729083 0.0982017 -0.677344
0.912194 0.239348 -0.332589
0.906473 0.326641 -0.267607
0.70149 0.152982 -0.696066
0.744119 0.049875 -0.666182
0.938549 0.236585 -0.251302
0.832416 0.139574 -0.536286
0.812683 0.0980849 -0.574392
0.884805 0.222808 0.40924
0.800354 -0.00317094 -0.59952
0.872196 0.0902072 -0.480768
0.918512 0.313744 0.240628
0.974739 0.218564 0.0459822
0.602984 -0.190436 -0.77469
0.799152 -0.0198975 -0.6008
0.903619 0.226164 0.363761
0.913597 -0.0494211 -0.403606
-0.353827 -0.796089 -0.490966
0.239343 -0.499861 -0.832378
0.965829 0.0818659 -0.24591
0.806851 -0.330681 -0.489533
-0.670834 -0.699696 0.245779
-0.584353 -0.80448 -0.106513
0.821717 -0.0710223 -0.565453
0.745962 -0.495456 0.445044
-0.660161 -0.438251 0.610019
-0.67366 -0.577014 0.461776
0.786374 -0.60831 0.107587
0.869092 -0.185074 0.458723
-0.593623 -0.147683 0.791076
-0.629113 -0.294733 0.71927
0.813615 -0.326613 0.480993
0.888831 0.207869 0.408375
-0.56965 0.00337887 0.82188
-0.573507 -0.0595909 0.817031
0.920058 -0.032422 0.390439
0.636899 0.734311 0.234834
0.751094 0.528509 0.395647
0.688492 -0.047529 -0.723685
0.657627 -0.0925208 -0.74764
0.840428 0.525264 0.133333
0.80052 0.110507 -0.58903
0.73222 0.119021 -0.670588
0.805311 0.58727 0.0811731
-0.673134 0.0520694 0.737685
-0.637705 0.0301853 0.769689
-0.566401 0.106365 0.817237
-0.613469 0.106555 0.782497
-0.497448 0.189287 0.846591
-0.339553 0.242633 0.908754
0.0900722 0.450693 0.888123
-0.0382054 0.503213 0.863318
0.468045 0.709203 0.527223
0.542436 0.587891 0.600124
0.813549 0.554282 0.175811
0.716922 0.693953 0.0667201
0.760213 0.598198 -0.253447
0.848508 0.508283 -0.147254
0.810278 0.420545 -0.408157
0.742742 0.492541 -0.453583
0.715641 0.373626 -0.590137
0.76805 0.306644 -0.5622
0.749361 0.273511 -0.603034
0.688653 0.277262 -0.669988
0.648503 0.145916 -0.747096
0.695551 0.154323 -0.701707
0.649986 0.0581887 -0.757715
0.621527 0.0580767 -0.781237
0.618135 0.00966423 -0.786013
0.636215 0.0165154 -0.771335
0.588434 -0.078835 -0.804693
0.59319 -0.123619 -0.795515
-0.466959 0.22177 0.856018
-0.472771 0.329424 0.817293
-0.24449 0.434031 0.867088
-0.301934 0.255314 0.918505
-0.561994 -0.00313798 0.827135
-0.548969 0.164754 0.819444
-0.544361 0.132239 0.828362
-0.589895 -0.168097 0.789789
-0.564437 -0.0630741 0.823063
-0.666185 -0.460926 0.586298
-0.627894 -0.310282 0.713775
-0.672213 -0.729064 0.128827
-0.68947 -0.595902 0.411743
-0.286375 -0.709356 -0.644053
-0.533028 -0.7919 -0.297954
0.431465 -0.221574 -0.874496
0.173167 -0.432215 -0.884988
0.631797 -0.0462866 -0.773751
0.578463 -0.0985041 -0.809739
0.521202 -0.201886 -0.829211
0.528812 -0.0987487 -0.842975
0.447756 -0.123746 -0.885552
0.406557 -0.168578 -0.897938
0.549273 -0.150795 -0.821925
0.613481 -0.0361939 -0.788879
0.515717 -0.118992 -0.848456
0.362429 -0.240125 -0.900547
0.163158 -0.39957 -0.902066
-0.142396 -0.645636 -0.750252
-0.362134 -0.784103 -0.504025
-0.557903 -0.827462 -0.0636411
-0.628405 -0.703382 0.332205
-0.604645 -0.538392 0.586973
-0.557349 -0.378046 0.739218
-0.507012 -0.222353 0.832765
-0.466624 -0.0907511 0.879788
-0.103738 0.182531 0.977712
-0.317005 0.213398 0.924104
-0.206541 0.239963 0.948556
-0.40026 0.141902 0.905348
-0.443458 0.00510251 0.896281
-0.316019 0.17815 0.931877
-0.544435 0.121121 0.830013
-0.234957 0.0429087 0.971058
0.54198 0.0609075 0.838182
-0.261788 0.0494012 0.96386
0.421397 0.147943 0.894727
0.772915 0.0590576 0.631756
0.981914 0.180333 -0.0576654
0.928269 0.161482 -0.335024
0.350772 0.248343 -0.902931
0.681314 0.701115 0.210355
0.473011 0.84618 -0.245439
0.518167 0.00965278 -0.855225
0.820746 0.569009 -0.0510468
-0.400031 0.128277 0.90748
-0.380186 0.145139 0.913451
-0.0512128 0.232725 0.971193
-0.262551 0.261015 0.928945
0.332321 0.594092 0.732542
0.707099 0.671837 0.220559
0.789504 0.591646 -0.163213
0.772375 0.506021 -0.3839
0.763052 0.437297 -0.475944
0.743901 0.354871 -0.566285
0.715086 0.247987 -0.65357
0.681136 0.125179 -0.721376
0.666573 0.0547904 -0.743424
0.674464 0.0298175 -0.737705
-0.460888 0.157621 0.873349
-0.0157076 0.422276 -0.906331
-0.382602 0.38013 -0.842091
-0.41914 0.16702 -0.892427
-0.0387461 0.20503 -0.977988
0.386997 0.157275 -0.908569
0.77492 0.052651 -0.629862
0.695735 0.334427 -0.635698
0.347085 0.411202 -0.842879
0.996243 0.0864494 0.00507995
0.914253 0.213332 -0.344429
0.955354 0.00677032 -0.295386
0.999141 -0.0136134 0.0391367
0.36255 -0.149188 0.919946
-0.0122835 -0.123146 0.992313
-0.0175823 -0.114524 0.993265
0.41405 -0.0908647 0.905708
0.951066 -0.0678885 0.301438
0.751347 -0.143947 0.644016
0.764558 -0.0414948 0.643218
0.94749 0.0100146 0.319629
-0.787758 -0.0823847 0.610451
-0.457776 -0.112506 0.88192
-0.437733 -0.101997 0.893301
-0.772328 -0.0577581 0.632592
-0.946887 -0.00840434 0.321457
-0.999137 0.0414912 -0.00212179
-0.998873 0.0427211 -0.0206779
-0.956647 -0.0303273 0.289668
-0.707059 0.286192 -0.646654
-0.919872 0.161854 -0.357267
-0.953214 0.0738013 -0.293148
-0.774476 0.0913478 -0.625973
-0.751177 0.172456 -0.637175
-0.927838 0.193422 -0.318911
-0.901929 0.330858 -0.277591
-0.730495 0.35221 -0.585086
-0.92054 0.22867 0.316727
-0.909125 0.277785 0.310367
-0.950955 0.308738 0.0191333
-0.976242 0.216677 0.00163511
-0.448255 0.20926 0.869067
-0.457022 0.155743 0.875714
-0.757152 0.228722 0.611888
-0.74928 0.227469 0.621962
0.394202 0.124947 0.910491
0.409107 -0.00138174 0.912486
-0.0259558 0.0678993 0.997355
-0.0359656 0.173713 0.98414
0.932612 0.0798082 0.351945
0.942438 0.0142707 0.334077
0.748488 -0.0199444 0.662849
0.724064 0.0898653 0.683854
0.944192 0.169909 -0.282193
0.943714 0.159053 -0.290011
0.995338 0.0761437 0.0591955
0.991462 0.10241 0.0807148
0.365735 0.209669 -0.906795
0.366655 0.328705 -0.870355
0.747703 0.24878 -0.615669
0.733486 0.212627 -0.645591
-0.440341 0.171361 -0.881326
-0.428771 0.369125 -0.824562
-0.0406135 0.366585 -0.929498
-0.0395976 0.18913 -0.981153
-0.740774 0.228846 0.631572
-0.441104 0.255135 0.860426
-0.991992 0.123469 -0.0265962
-0.93079 0.183912 0.315921
-0.728353 -0.0183094 -0.684957
-0.927619 0.0524881 -0.36982
-0.00394605 -0.0649727 -0.997879
-0.408763 -0.0623469 -0.910509
0.760808 0.0562468 -0.646535
0.388609 -0.0176589 -0.921233
-0.0589125 0.267806 0.96167
0.369275 0.25127 0.894706
0.698905 0.212766 0.682834
0.921037 0.162135 0.354123
0.990072 0.111983 0.0849592
0.964129 0.0901091 -0.249671
0.19155 0.978831 0.072098
-0.0959363 0.994927 0.0302607
-0.10037 0.987011 -0.125439
0.237014 0.94474 -0.226475
-0.512381 0.667172 -0.540692
-0.681247 0.551507 -0.481397
-0.641316 0.569206 -0.514509
-0.482907 0.666261 -0.56824
-0.849738 0.374899 -0.370671
-0.95064 0.201665 -0.235829
-0.926345 0.246154 -0.285121
-0.804451 0.412497 -0.427441
-0.991217 0.127705 -0.0343701
-0.945968 0.160429 0.281792
-0.930355 0.240303 0.276937
-0.980476 0.190527 -0.048641
-0.796816 0.268951 0.541064
-0.654654 0.403972 0.638932
-0.59852 0.48138 0.64035
-0.762233 0.34946 0.544865
-0.513198 0.542716 0.664896
-0.390424 0.644961 0.656959
-0.349367 0.727436 0.590576
-0.456045 0.620009 0.638444
-0.132191 0.932187 0.336977
-0.114718 0.980046 0.162328
0.106256 0.95488 0.277335
-0.0742852 0.85104 0.519819
-0.000296053 0.79697 0.604019
-0.107481 0.886804 0.449473
-0.256175 0.81361 0.521932
-0.225484 0.730942 0.644113
-0.27261 0.769319 -0.577782
-0.42261 0.715338 -0.5565
-0.386178 0.735512 -0.556677
-0.294426 0.817757 -0.494558
-0.00013263 0.830911 -0.556406
-0.123732 0.904417 -0.408314
-2.63654e-05 0.67312 -0.739534
-0.229538 0.652722 -0.721988
-0.403739 0.595199 -0.69479
-4.02365e-06 0.477929 -0.878399
-2.20302e-06 0.291895 -0.95645
-0.185114 0.274886 -0.943489
-0.192461 0.470487 -0.861163
-0.399721 0.219505 -0.889967
-0.392134 0.428164 -0.814191
-0.58165 0.34967 -0.734448
-0.609209 0.148967 -0.778892
-0.786933 0.0431252 -0.61553
-0.775654 0.216113 -0.593006
-0.545209 0.534987 -0.645396
-0.73433 0.406358 -0.54372
-0.91951 0.0810003 -0.384631
-0.915401 -0.0535834 -0.39896
-0.970661 -0.114749 -0.211307
-0.979149 -0.00758821 -0.203003
-0.895549 0.243636 -0.372337
-0.971671 0.110819 -0.208747
-0.998302 -0.0577427 -0.0076679
-0.985104 -0.171779 -0.00783446
-0.943752 -0.209138 0.256112
-0.9596 -0.0570776 0.275517
-0.998709 0.0471077 -0.0189845
-0.95781 0.0632578 0.280355
-0.839411 -0.202111 0.504519
-0.71549 -0.166764 0.678427
-0.727929 0.0879929 0.679982
-0.850067 0.00540771 0.526647
-0.831532 0.152575 0.534111
-0.704168 0.264441 0.658952
-0.55086 0.378836 0.743664
-0.388048 0.473144 0.790919
-0.207189 0.573827 0.792335
-5.55058e-05 0.611407 0.791317
-4.87103e-06 -0.0300115 0.99955
-9.01384e-06 0.33293 0.942952
-0.193323 0.310037 0.930862
-0.163765 -0.0449184 0.985476
-0.542413 -0.126308 0.830563
-0.337191 -0.0907943 0.937048
-0.374092 0.239717 0.895874
-0.563866 0.17104 0.807961
-3.53612e-07 -0.262284 -0.964991
-0.218486 -0.315763 -0.923341
-0.214057 0.0621532 -0.974842
-2.79512e-07 0.100724 -0.994915
-0.388663 -0.350044 -0.852297
-0.418167 -0.00368047 -0.908363
-0.723754 -0.346256 -0.596897
-0.786861 -0.0709968 -0.613033
-0.619792 -0.0412449 -0.783682
-0.563661 -0.347951 -0.749144
-0.844629 -0.353414 -0.402119
-0.876637 -0.420093 -0.234582
-0.96577 -0.149836 -0.21175
-0.910748 -0.102021 -0.400163
-0.819606 -0.567274 -0.0802925
-0.686471 -0.723413 0.073699
-0.906979 -0.358497 0.221063
-0.96749 -0.252651 -0.0114579
-0.553963 -0.795565 0.24536
-0.463743 -0.789522 0.401993
-0.650584 -0.443571 0.616429
-0.785298 -0.423209 0.451886
-0.344245 -0.767963 0.540118
-0.198184 -0.747986 0.633436
-0.276617 -0.44315 0.852702
-0.474707 -0.449392 0.75677
-2.28378e-09 -0.717809 0.69624
-3.89656e-07 -0.414656 0.909978
-0.12672 -0.423502 0.896988
-0.0914989 -0.727559 0.679916
-0.4702 -0.618058 -0.630013
-0.553615 -0.59397 -0.583704
-0.657696 -0.519984 -0.545026
-0.537521 -0.549652 -0.639495
-0.190951 -0.661339 -0.725375
-0.338959 -0.646263 -0.683704
-0.395643 -0.570734 -0.719534
-0.212499 -0.583184 -0.784054
0.00059301 -0.586991 -0.809594
0.00260389 -0.664469 -0.747311
-3.92334e-08 0.254787 -0.966997
1.37626e-07 -0.106318 -0.994332
-0.254087 -0.127125 -0.95879
-0.250304 0.226574 -0.941282
-0.46797 0.15514 -0.870021
-0.474767 -0.177678 -0.86199
-0.804915 -0.0385182 -0.592139
-0.637468 0.059247 -0.768196
-0.630582 -0.233173 -0.740268
-0.76992 -0.292727 -0.56704
-0.888578 -0.345319 -0.301966
-0.935351 -0.353036 -0.0219998
-0.98592 -0.166822 -0.0115017
-0.94204 -0.124367 -0.311598
-0.862517 -0.243839 0.443404
-0.955269 -0.192812 0.224245
-0.905935 -0.352345 0.234807
-0.801875 -0.391057 0.451742
-0.696435 -0.444119 0.563681
-0.57575 -0.480299 0.661684
-0.636604 -0.266046 0.723848
-0.760828 -0.264459 0.592623
-0.445507 -0.202874 0.871989
-0.535821 -0.24839 0.806969
-0.476185 -0.507507 0.718112
-0.380818 -0.549153 0.743914
7.19776e-08 -0.111461 0.993769
-0.252513 -0.142069 0.957107
-0.207195 -0.589458 0.780775
2.42313e-06 -0.604182 0.796846
-0.600332 -0.564399 -0.566618
-0.664148 -0.527884 -0.529383
-0.805743 -0.475984 -0.352444
-0.738036 -0.484314 -0.469832
-0.846605 -0.428754 -0.315324
-0.881507 -0.405516 -0.241873
-0.930058 -0.367333 -0.00765095
-0.925365 -0.378589 -0.0192406
-0.905168 -0.346396 0.246334
-0.915857 -0.33534 0.220802
-0.850733 -0.250291 0.462177
-0.80754 -0.297629 0.509212
-0.371857 -0.181891 0.910296
-0.383529 -0.211415 0.899005
-0.526939 -0.219148 0.821163
-0.563812 -0.197336 0.801982
-0.424847 -0.253501 0.869047
-0.524875 -0.273823 0.805933
-0.237814 -0.258088 0.936395
-0.273935 -0.285253 0.918472
-0.398385 -0.277708 0.874167
-0.368816 -0.255218 0.893778
0.000347989 -0.25656 0.966528
0.000172038 -0.298472 0.954418
-0.147349 -0.29063 0.945422
-0.116321 -0.255056 0.959904
-0.466427 -0.605143 -0.645173
-0.414031 -0.647939 -0.639338
-0.410428 -0.660286 -0.628945
-0.407232 -0.6857 -0.603306
-0.140137 -0.770038 -0.622417
-0.267956 -0.738487 -0.618738
0.00627058 -0.705044 -0.709136
0.117718 -0.254948 0.959762
0.00245209 -0.372309 0.928106
-0.233815 -0.347316 0.908131
-0.244078 -0.332118 0.911111
-0.307368 -0.324443 0.894573
1.45319e-07 -0.425617 -0.904903
-0.248563 -0.427697 -0.869075
-0.456302 -0.433812 -0.776915
-0.602527 -0.441851 -0.664627
-0.729361 -0.446177 -0.518613
-0.684096 -0.294609 0.667246
-0.714801 -0.196128 0.671263
-0.566173 -0.315103 0.761681
-0.445734 -0.331959 0.831339
-0.337241 -0.37414 0.86388
4.12699e-05 -0.432637 0.901568
-0.176904 -0.412619 0.893561
-0.269225 0.327731 -0.905599
-4.89497e-07 0.328993 -0.944332
-1.73088e-07 0.218355 -0.975869
-0.254073 0.22357 -0.940991
-0.453147 0.228241 -0.861721
-0.455436 0.317546 -0.831711
-0.613976 0.231403 -0.754643
-0.76562 0.236773 -0.598134
-0.778056 0.251142 -0.575809
-0.620184 0.2903 -0.728765
-0.891145 0.236071 -0.387467
-0.974095 0.172602 -0.14611
-0.98616 0.0284354 -0.163341
-0.910298 0.176164 -0.374598
-0.994948 -0.0291121 0.096075
-0.97063 -0.236444 0.0444071
-0.888754 -0.344061 0.302883
-0.818312 -0.539882 0.197211
-0.656401 -0.632389 0.411367
-0.558174 -0.784601 0.269894
-0.518802 -0.717201 0.46526
-0.424106 -0.844986 0.32578
-0.417531 -0.678749 0.604125
-0.305844 -0.544548 0.780978
-0.257029 -0.712443 0.652964
-0.343431 -0.816656 0.46382
-2.10351e-07 -0.503655 0.863905
-0.143411 -0.570585 0.80862
-0.16543 -0.3818 0.909319
4.70974e-07 -0.310629 0.950531
-0.00382786 0.809654 -0.586895
-0.129651 0.949681 -0.285124
-0.927123 0.214227 0.30749
-0.736457 0.285279 0.61339
-0.99109 0.127571 -0.0382958
-0.922086 0.0407834 -0.384831
-0.720575 -0.0385005 -0.692308
-0.4101 -0.104768 -0.906003
-0.0188446 -0.138496 -0.990184
0.371191 -0.113095 -0.921643
0.765808 -0.0279859 -0.64246
0.968381 0.0742912 -0.238157
0.97257 0.216314 0.085531
0.871744 0.321544 0.369691
0.606644 0.377858 0.699433
0.250086 0.409241 0.877484
-0.162263 0.388821 0.906912
-0.472726 0.339602 0.813143
-0.902347 0.287897 0.320757
-0.933389 0.356629 0.0400028
-0.750784 0.182603 0.634807
-0.42474 0.0477774 0.904054
0.0201226 -0.0695199 0.997378
0.43254 -0.125103 0.892894
0.760561 -0.114216 0.639142
0.945786 -0.050812 0.320791
0.998342 0.0155593 0.0554124
0.959285 0.0907167 -0.267473
0.801132 0.181468 -0.570313
0.422231 0.313435 -0.850576
0.00651312 0.402566 -0.915368
-0.393899 0.44664 -0.80334
-0.705048 0.444801 -0.552322
-0.880082 0.40816 -0.242611
-0.28797 -0.79027 -0.540877
-0.168556 -0.834016 -0.525362
-0.0292607 -0.958105 -0.28492
-0.160303 -0.952828 -0.257724
-0.121646 -0.991937 0.0355548
0.0259423 -0.999414 0.0223443
0.0212519 -0.95169 0.306326
-0.18776 -0.936842 0.295081
-0.0770863 -0.697755 0.712177
-0.282255 -0.70838 0.646939
-0.876399 -0.479449 0.0453174
-0.870743 -0.445845 0.207431
-0.851406 -0.358513 0.382854
-0.874299 -0.480364 -0.0696564
-0.842777 -0.486399 -0.230527
-0.740355 -0.504711 -0.444006
-0.6201 -0.554791 -0.554692
-0.476355 -0.733415 -0.484962
-0.35523 -0.899225 -0.255354
-0.323065 -0.945379 0.0434396
-0.470099 -0.810501 0.34942
-0.602185 -0.504795 0.61851
-0.513085 -0.321711 0.795767
-0.525174 -0.223307 0.821174
-0.691481 -0.215872 0.689387
-0.796768 -0.292704 0.528664
-0.128463 0.547639 -0.826795
-0.344146 0.377281 -0.859781
-0.576999 0.279365 -0.767481
-0.780548 0.210729 -0.588505
-0.923951 0.155926 -0.349289
-0.981489 0.187438 -0.0393256
-0.918222 0.266639 0.292868
-0.737748 0.355863 0.573663
-0.532089 0.453325 0.715107
-0.34218 0.571942 0.745517
-0.176697 0.72468 0.666046
1.60807e-06 0.99965 0.0264444
7.28255e-07 0.992293 -0.123914
6.44168e-07 0.987367 0.158452
-0.00075274 0.946207 0.323561
-0.000349484 0.965912 -0.25887
0.0360501 -0.642209 0.765681
0.0435486 -0.35215 0.93493
0.0359393 -0.398552 0.916441
0.0303736 -0.691302 0.721927
0.02878 -0.908113 0.417735
0.0110739 -0.889364 0.457066
0.0340032 -0.998888 0.0326732
0.0190274 -0.998723 0.0467957
-0.00441242 -0.942865 -0.333145
0.0222878 -0.938963 -0.343294
-0.0159077 -0.733815 -0.679163
0.018394 -0.738549 -0.673949
0.0207237 -0.452926 -0.891307
-0.00954945 -0.441558 -0.897182
-0.0225868 -0.11805 -0.992751
-0.0896611 -0.119032 -0.988834
-0.124547 0.217804 -0.968013
-0.293587 0.170212 -0.940656
-0.292761 0.51784 -0.803824
-0.535906 0.414422 -0.735567
-0.413554 0.78472 -0.461724
-0.683874 0.635262 -0.35883
-0.65345 0.741725 0.151156
-0.399583 0.91489 0.0575321
-0.495288 0.680941 0.539453
-0.285697 0.819854 0.496202
-0.296025 0.520674 0.800792
-0.14364 0.6137 0.776364
-0.135719 0.301149 0.94387
-0.0544578 0.312733 0.948279
0.00490034 -0.0160343 0.99986
-0.025251 0.0160541 0.999552
0.0776738 0.996827 0.0173853
0.0617947 0.997841 0.0222616
0.0611336 0.99787 0.0227479
0.0779619 0.996805 0.0173643
0.0537774 0.997914 0.0357039
0.0542107 0.998037 0.0313684
0.0544251 0.998054 0.0304414
0.0536344 0.997928 0.0355424
0.0451003 0.997841 0.0477334
0.0270519 0.996704 0.076484
0.0273219 0.996748 0.075804
0.0424478 0.997787 0.0511693
0.0717854 0.990847 0.11432
0.0291635 0.993764 0.10762
0.0333588 0.993438 0.109402
0.0737942 0.990701 0.114309
0.0123951 0.995611 0.0927609
0.0188657 0.996191 0.0851366
0.0157179 0.996214 0.0854997
0.0134971 0.995265 0.0962543
0.113809 0.987474 0.109283
0.133062 0.985812 0.102322
0.13346 0.9858 0.101915
0.116045 0.987291 0.10858
0.129022 0.988516 0.0786689
0.131971 0.986074 0.101202
0.13264 0.986 0.101045
0.129076 0.988363 0.0804838
0.119081 0.992012 0.0416138
0.0985535 0.994895 0.0217273
0.100064 0.994727 0.0224739
0.120149 0.991808 0.0433692
0.901929 0.330858 -0.277592
0.927838 0.193422 -0.318911
0.751178 0.172456 -0.637175
0.730495 0.352211 -0.585085
0.950954 0.308739 0.0191335
0.909124 0.277785 0.310368
0.92054 0.22867 0.316728
0.976242 0.216677 0.00163533
0.757153 0.228723 0.611887
0.457021 0.155743 0.875715
0.448254 0.20926 0.869068
0.749281 0.227469 0.621962
0.025956 0.0678996 0.997355
-0.409107 -0.00138213 0.912485
-0.394203 0.124953 0.910489
0.0359722 0.173715 0.984139
-0.748487 -0.0199441 0.662849
-0.942438 0.0142708 0.334077
-0.932613 0.0798115 0.351941
-0.72406 0.0898752 0.683856
-0.995338 0.0761435 0.0591962
-0.943714 0.159052 -0.290011
-0.944193 0.169932 -0.282175
-0.991462 0.10241 0.0807148
-0.747703 0.248779 -0.61567
-0.366655 0.328704 -0.870355
-0.365712 0.209686 -0.9068
-0.733473 0.212667 -0.645593
0.0406136 0.366585 -0.929498
0.428772 0.369125 -0.824561
0.440341 0.171361 -0.881326
0.0395986 0.189131 -0.981153
0.740774 0.228846 0.631572
0.441103 0.255135 0.860426
0.991992 0.123468 -0.0265963
0.93079 0.183912 0.315922
0.927619 0.0524872 -0.369821
0.728353 -0.0183104 -0.684958
0.408762 -0.0623467 -0.910509
0.00394491 -0.0649749 -0.997879
-0.760792 0.0562996 -0.646549
-0.388547 -0.0176469 -0.92126
-0.369277 0.251272 0.894705
0.0589245 0.267805 0.96167
-0.921042 0.162139 0.354107
-0.698904 0.21278 0.68283
-0.964143 0.0901506 -0.249603
-0.990072 0.111983 0.0849592
0.10037 0.987011 -0.125438
0.0959366 0.994927 0.0302608
-0.191557 0.97883 0.0720987
-0.237039 0.944737 -0.226459
0.641316 0.569205 -0.514509
0.681247 0.551506 -0.481397
0.512365 0.667197 -0.540676
0.482857 0.666297 -0.56824
0.926345 0.246154 -0.285121
0.95064 0.201665 -0.235829
0.849738 0.374899 -0.370671
0.80445 0.412497 -0.427441
0.930354 0.240304 0.276938
0.945968 0.160429 0.281793
0.991217 0.127705 -0.0343698
0.980476 0.190529 -0.0486411
0.598519 0.481379 0.640351
0.654654 0.403973 0.638932
0.796815 0.268951 0.541065
0.762233 0.349458 0.544867
0.349811 0.727215 0.590584
0.390565 0.644843 0.656991
0.513176 0.542767 0.664872
0.455942 0.620087 0.638442
-0.106245 0.954884 0.277325
0.114719 0.980046 0.162326
0.131977 0.932524 0.336127
0.0750344 0.851375 0.519163
0.256735 0.813369 0.522032
0.106581 0.887029 0.449244
0.225526 0.730564 0.644526
0.386377 0.735415 -0.556667
0.422685 0.715269 -0.556532
0.272644 0.769107 -0.578048
0.294708 0.817637 -0.494588
0.12326 0.904521 -0.408227
0.229521 0.652698 -0.722015
0.403741 0.595186 -0.6948
0.185112 0.274887 -0.943489
0.192456 0.470488 -0.861163
0.39213 0.428165 -0.814192
0.399719 0.219506 -0.889967
0.786933 0.0431249 -0.61553
0.609209 0.148965 -0.778893
0.581651 0.34967 -0.734448
0.775653 0.216114 -0.593007
0.73433 0.40636 -0.543719
0.54521 0.534988 -0.645394
0.97066 -0.114751 -0.211307
0.915401 -0.0535844 -0.39896
0.91951 0.0810006 -0.384631
0.979149 -0.00758946 -0.203002
0.971671 0.110819 -0.208747
0.895549 0.243636 -0.372336
0.943752 -0.209139 0.256113
0.985104 -0.17178 -0.00783509
0.998302 -0.0577436 -0.00766807
0.9596 -0.0570774 0.275518
0.95781 0.0632579 0.280356
0.998709 0.0471075 -0.0189838
0.72793 0.0879919 0.679982
0.71549 -0.166764 0.678427
0.839411 -0.202111 0.504519
0.850067 0.00540782 0.526647
0.704169 0.264441 0.658951
0.831532 0.152575 0.534111
0.388046 0.473126 0.790931
0.550863 0.378836 0.743662
0.207149 0.573784 0.792377
0.19331 0.310042 0.930862
0.163758 -0.0449124 0.985478
0.374081 0.239723 0.895878
0.337185 -0.0907875 0.937051
0.542415 -0.126308 0.830562
0.563868 0.171039 0.807959
0.218485 -0.315763 -0.923341
0.214057 0.0621541 -0.974842
0.388662 -0.350047 -0.852296
0.418166 -0.00367948 -0.908363
0.619793 -0.0412451 -0.783681
0.786861 -0.0709976 -0.613033
0.723754 -0.346256 -0.596898
0.563662 -0.347952 -0.749143
0.876636 -0.420095 -0.234582
0.844629 -0.353415 -0.40212
0.910748 -0.102022 -0.400163
0.96577 -0.149836 -0.211749
0.68647 -0.723413 0.0736992
0.819606 -0.567273 -0.0802925
0.96749 -0.252651 -0.0114587
0.906979 -0.358498 0.221063
0.463742 -0.789524 0.40199
0.553963 -0.795565 0.245359
0.785299 -0.423208 0.451886
0.650584 -0.443573 0.616428
0.198182 -0.747988 0.633433
0.344245 -0.767965 0.540116
0.474708 -0.449392 0.756769
0.276615 -0.443148 0.852704
0.126719 -0.423499 0.89699
0.0914972 -0.72756 0.679915
0.657951 -0.519875 -0.544821
0.554498 -0.593704 -0.583136
0.471917 -0.617809 -0.628973
0.537779 -0.549589 -0.639332
0.395985 -0.570751 -0.719333
0.341897 -0.645591 -0.682875
0.194503 -0.661037 -0.724706
0.212968 -0.583426 -0.783746
0.254087 -0.127126 -0.95879
0.250303 0.226574 -0.941282
0.46797 0.155141 -0.870021
0.474767 -0.177678 -0.86199
0.637468 0.0592481 -0.768195
0.804915 -0.0385177 -0.592139
0.76992 -0.292727 -0.56704
0.630582 -0.233173 -0.740268
0.98592 -0.166822 -0.0115014
0.935351 -0.353036 -0.0219995
0.888578 -0.345319 -0.301966
0.94204 -0.124367 -0.311598
0.955269 -0.192812 0.224245
0.862517 -0.243838 0.443404
0.801875 -0.391057 0.451742
0.905935 -0.352345 0.234807
0.636604 -0.266045 0.723848
0.57575 -0.480299 0.661684
0.696435 -0.444118 0.563681
0.760828 -0.264458 0.592623
0.53582 -0.248392 0.806968
0.445506 -0.202873 0.87199
0.38083 -0.549151 0.74391
0.476196 -0.507506 0.718105
0.252514 -0.14207 0.957107
0.2072 -0.589448 0.780781
0.254073 0.22357 -0.940991
0.269225 0.327731 -0.9056
0.453147 0.228241 -0.861722
0.455435 0.317546 -0.831711
0.76562 0.236772 -0.598134
0.613976 0.231403 -0.754643
0.620184 0.290301 -0.728764
0.778056 0.251144 -0.575809
0.974095 0.172601 -0.146111
0.891145 0.236071 -0.387468
0.910298 0.176167 -0.374597
0.98616 0.0284342 -0.163343
0.888754 -0.34406 0.302886
0.994948 -0.0291163 0.0960766
0.970629 -0.236449 0.0444047
0.818308 -0.539889 0.197211
0.518792 -0.717215 0.46525
0.6564 -0.63239 0.411366
0.558179 -0.784597 0.269898
0.42411 -0.844982 0.325785
0.305843 -0.544542 0.780983
0.417525 -0.678756 0.604122
0.343427 -0.81666 0.463816
0.257025 -0.712447 0.65296
0.143409 -0.57059 0.808616
0.165432 -0.381797 0.90932
0.80592 -0.47589 -0.352167
0.665026 -0.527571 -0.528592
0.601111 -0.563938 -0.566251
0.738235 -0.48417 -0.469669
0.930058 -0.367333 -0.00765124
0.881507 -0.405515 -0.241874
0.846605 -0.428753 -0.315326
0.925365 -0.378589 -0.0192406
0.850734 -0.250291 0.462176
0.915857 -0.335339 0.220803
0.905168 -0.346396 0.246334
0.80754 -0.297629 0.509212
0.527179 -0.219292 0.820971
0.38425 -0.211461 0.898686
0.372044 -0.180312 0.910533
0.563967 -0.197848 0.801746
0.525304 -0.273824 0.805653
0.425469 -0.253513 0.868739
0.398596 -0.277739 0.874061
0.274523 -0.285397 0.918251
0.239089 -0.257906 0.93612
0.368858 -0.255131 0.893785
0.147837 -0.290712 0.94532
0.467528 -0.604188 -0.645271
0.416829 -0.644494 -0.641
0.413764 -0.681038 -0.604141
0.416385 -0.657822 -0.62761
0.276614 -0.733839 -0.620456
0.14926 -0.768276 -0.622474
0.23736 -0.347925 0.906978
0.238243 -0.333537 0.912137
0.303959 -0.325563 0.895331
0.248563 -0.427697 -0.869075
0.456301 -0.433811 -0.776915
0.602528 -0.441851 -0.664626
0.729361 -0.446176 -0.518613
0.68411 -0.294612 0.667231
0.714816 -0.19613 0.671246
0.566202 -0.315131 0.761648
0.445848 -0.332006 0.831259
0.337426 -0.374189 0.863786
0.177007 -0.412637 0.893532
0.00420923 0.809877 -0.586584
0.12954 0.94983 -0.28468
0.927123 0.214227 0.307489
0.736457 0.28528 0.61339
0.737749 0.355861 0.573664
0.918222 0.266639 0.292869
0.99109 0.127571 -0.038296
0.981489 0.187439 -0.0393253
0.92395 0.155927 -0.349289
0.922085 0.0407834 -0.384831
0.780548 0.21073 -0.588504
0.720575 -0.0385 -0.692307
0.576999 0.279366 -0.767481
0.410099 -0.104767 -0.906004
0.344065 0.377256 -0.859824
0.0188326 -0.138505 -0.990183
-0.371151 -0.113149 -0.921653
0.128798 0.547659 -0.826729
-0.765806 -0.0280521 -0.64246
-0.968405 0.0742609 -0.238071
-0.97257 0.216314 0.085531
-0.87176 0.321534 0.369664
-0.606654 0.377837 0.699436
0.177407 0.724674 0.665864
-0.250109 0.409209 0.877493
0.342009 0.571893 0.745633
0.162254 0.388808 0.906919
0.472725 0.339602 0.813143
0.532088 0.453323 0.715109
0.933389 0.35663 0.0400032
0.902347 0.287898 0.320757
0.750783 0.182604 0.634807
0.42474 0.0477781 0.904054
-0.0201224 -0.0695198 0.997378
-0.43254 -0.125103 0.892893
-0.76056 -0.114216 0.639142
-0.945786 -0.0508117 0.320792
-0.998342 0.0155591 0.055413
-0.959286 0.0907156 -0.267473
-0.801132 0.181467 -0.570314
-0.42223 0.313435 -0.850577
-0.00651229 0.402566 -0.915368
0.3939 0.44664 -0.80334
0.705048 0.4448 -0.552323
0.880082 0.40816 -0.242613
0.286693 -0.790156 -0.54172
0.17171 -0.831756 -0.527919
0.159038 -0.953147 -0.257329
0.0295339 -0.957688 -0.286291
0.125237 -0.991555 0.0336779
-0.0259598 -0.999519 0.0169774
0.195965 -0.935231 0.294856
-0.0291879 -0.95159 0.30598
0.286956 -0.703934 0.649717
0.0564865 -0.704543 0.707409
0.138478 -0.929356 0.342231
0.168595 -0.908634 0.382048
0.0726199 -0.996033 0.0514351
0.0803847 -0.996758 0.00344098
0.223276 -0.933952 -0.279074
0.200623 -0.945794 -0.255389
0.394774 -0.724495 0.565031
0.416728 -0.704275 0.574748
0.62383 -0.507691 0.59421
0.628047 -0.504147 0.592783
0.791488 -0.3524 0.499361
0.790955 -0.352956 0.499812
0.931862 -0.174803 0.317928
0.931071 -0.176086 0.319532
0.994465 -0.0419495 0.0963269
0.993696 -0.0438799 0.103161
0.998477 -0.0299809 -0.0463132
0.998706 -0.0268851 -0.0431727
0.99878 -0.0276676 0.040894
0.998809 -0.0278421 0.0400592
0.989314 0.0693089 0.12827
0.988633 0.0811175 0.126588
0.984883 0.172381 0.0170133
0.984747 0.173658 0.0107866
0.970841 -0.0338765 -0.237318
0.966229 -0.0549995 -0.251749
0.835601 -0.312362 -0.451887
0.832195 -0.315735 -0.455811
0.687959 -0.534024 -0.491459
0.66914 -0.561126 -0.487226
0.440363 -0.792144 -0.422598
0.424737 -0.803132 -0.417824
0.037489 -0.724032 0.688747
0.0337077 -0.4422 0.896283
-0.0381239 -0.398201 0.916506
-0.0313506 -0.693386 0.719884
-0.00512285 -0.0138036 0.999892
0.0456969 -0.0499997 0.997703
0.0526362 0.316389 0.947168
0.0568488 0.31304 0.948037
0.0535281 0.683367 0.72811
0.149257 0.612282 0.776423
0.03357 0.919333 0.392045
0.294309 0.816199 0.497193
0.0322622 0.999109 -0.0272186
0.417106 0.906989 0.0582528
0.0593714 0.88054 -0.470239
0.450945 0.763296 -0.462632
0.0813716 0.644422 -0.760329
0.33179 0.501871 -0.798775
0.0765713 0.290287 -0.953871
0.149055 0.210421 -0.966181
0.0606884 -0.0871024 -0.994349
0.0356099 -0.120839 -0.992033
0.0487179 -0.441813 -0.895784
-0.0105077 -0.455283 -0.890285
0.0436696 -0.729571 -0.682509
-0.00960018 -0.737997 -0.674735
0.0431604 -0.929047 -0.367436
0.0337151 -0.999302 0.0160904
-0.0317701 -0.998943 0.0332173
-0.0176531 -0.937841 -0.346615
0.0349014 -0.917118 0.397084
-0.0266696 -0.908402 0.417247
0.249152 -0.731799 0.634344
0.2449 -0.485869 0.839021
0.226562 -0.478674 0.848258
0.236482 -0.727545 0.644015
0.242863 -0.108938 0.963924
0.220609 -0.105833 0.969604
0.248196 0.256205 0.934215
0.227279 0.265021 0.937074
0.249737 0.646699 0.720703
0.238976 0.6507 0.72075
0.254174 0.887445 0.384496
0.2527 0.885783 0.38927
0.257902 0.965931 -0.0215301
0.265702 0.963885 -0.0181245
0.25299 0.84853 -0.46475
0.249536 0.850457 -0.463093
0.247285 0.61834 -0.745993
0.231665 0.627341 -0.743488
0.241079 0.248435 -0.938169
0.221684 0.260481 -0.939684
0.238358 -0.0989933 -0.966119
0.218446 -0.0969764 -0.971018
0.241299 -0.431173 -0.869405
0.22389 -0.42915 -0.875045
0.248299 -0.714499 -0.654093
0.234317 -0.712214 -0.6617
0.253506 -0.900314 -0.353793
0.258598 -0.965767 -0.0205226
0.247596 -0.968808 -0.0104028
0.246824 -0.899431 -0.360696
0.253163 -0.90358 0.345618
0.244659 -0.900482 0.359547
-0.221216 -0.741402 0.633551
-0.247533 -0.482589 0.84014
-0.324967 -0.469856 0.82075
-0.336452 -0.712421 0.615838
-0.262109 -0.110896 0.958645
-0.313733 -0.108159 0.943331
-0.252132 0.273258 0.92831
-0.313285 0.265361 0.911831
-0.212763 0.661459 0.719169
-0.312956 0.640096 0.701667
-0.172953 0.907025 0.383919
-0.318898 0.871998 0.371381
-0.159922 0.98673 -0.0280931
-0.322766 0.94613 -0.0256968
-0.180771 0.872352 -0.45423
-0.318273 0.838372 -0.442532
-0.218495 0.63135 -0.744081
-0.315394 0.610855 -0.726211
-0.254781 0.255267 -0.932698
-0.311608 0.245918 -0.917837
-0.263851 -0.101098 -0.959251
-0.315394 -0.0985902 -0.943826
-0.251083 -0.434729 -0.864851
-0.323998 -0.421557 -0.846945
-0.223784 -0.720248 -0.656631
-0.334987 -0.69228 -0.639166
-0.195133 -0.912844 -0.358663
-0.18262 -0.982943 -0.0217703
-0.345523 -0.938163 -0.0215379
-0.342329 -0.872171 -0.349468
-0.193725 -0.918835 0.34382
-0.342226 -0.87744 0.336127
0.343055 -0.644524 0.683303
0.375655 -0.359051 0.85438
0.254173 -0.435156 0.863734
0.212701 -0.712665 0.668481
0.416359 -0.00420743 0.90919
0.282807 -0.0622246 0.957156
0.441737 0.319542 0.838309
0.280665 0.309044 0.908691
0.453047 0.630943 0.629809
0.25313 0.673931 0.694077
0.459076 0.826302 0.326305
0.226117 0.903053 0.365193
0.459108 0.888036 -0.0247333
0.215829 0.976041 -0.0275999
0.458634 0.796483 -0.394043
0.232576 0.870136 -0.434479
0.456181 0.608522 -0.649307
0.259012 0.646942 -0.717202
0.440183 0.309691 -0.842811
0.28534 0.291628 -0.912981
0.414356 0.00880872 -0.910072
0.288489 -0.0496173 -0.956197
0.380647 -0.310062 -0.871189
0.263319 -0.383665 -0.885135
0.346044 -0.620398 -0.703818
0.217799 -0.690291 -0.689973
0.314424 -0.860099 -0.401706
0.301822 -0.95308 -0.0233078
0.150884 -0.988297 -0.0224486
0.17212 -0.907422 -0.383354
0.315095 -0.866807 0.386474
0.171602 -0.913896 0.367896
-0.0435484 -0.352149 0.93493
-0.036045 -0.642209 0.765681
-0.0110674 -0.889363 0.457067
-0.0190323 -0.998723 0.0467958
0.0044056 -0.942866 -0.333143
0.0159087 -0.733816 -0.679163
0.00955032 -0.441555 -0.897184
0.0896605 -0.11903 -0.988834
0.293586 0.170212 -0.940657
0.535906 0.414423 -0.735567
0.683871 0.635263 -0.358834
0.653445 0.741729 0.151155
0.495282 0.680945 0.539454
0.296022 0.520677 0.800791
0.135718 0.30115 0.943869
0.025251 0.0160551 0.999552
0.0617115 0.988342 0.139179
1.38232e-09 0.985182 0.171513
-1.62146e-08 -0.981753 0.190163
0.0762738 -0.992806 0.0922996
0.106377 0.992695 0.0569241
0.0677946 -0.99639 -0.0510886
0.154411 0.980768 -0.119383
0.133236 0.990762 -0.0252635
0.080212 -0.988737 -0.126352
0.067952 -0.987264 -0.143852
0.0559576 0.977756 -0.202145
0.137341 0.967434 -0.212626
0.0506735 -0.984411 -0.168428
0.0654225 -0.982472 -0.174551
-0.0312934 0.995194 -0.0927897
0.145546 -0.970979 -0.189781
-0.0637543 0.996611 0.0519796
0.248003 -0.932972 -0.260879
-0.0350489 0.991882 0.122235
0.264779 -0.910097 -0.318772
0.00640925 0.991825 0.127441
0.185462 -0.940149 -0.285874
0.00753948 0.972579 0.232449
0.0261434 0.988811 0.146866
0.0942563 -0.968598 -0.230072
0.0364681 -0.982148 -0.184542
2.47734e-07 0.933045 0.35976
-0.0116297 0.945106 0.326558
0.0112694 -0.988501 -0.150795
-2.69671e-07 -0.990534 -0.137271
-0.0762776 -0.992805 0.0923092
-0.0617166 0.98834 0.139192
-0.0677944 -0.996391 -0.0510863
-0.106395 0.992691 0.0569606
-0.0679382 -0.987263 -0.143861
-0.0801992 -0.988737 -0.126365
-0.133262 0.99076 -0.0252241
-0.154432 0.980766 -0.119365
-0.0654149 -0.982473 -0.174552
-0.050669 -0.984411 -0.168429
-0.137344 0.967433 -0.212626
-0.0559544 0.977755 -0.202147
-0.247994 -0.932975 -0.260877
-0.145531 -0.970981 -0.18978
0.0312815 0.995194 -0.0927925
0.0637506 0.996611 0.0519804
-0.185462 -0.940149 -0.285872
-0.264781 -0.910096 -0.318773
0.0350626 0.99188 0.122248
-0.00639998 0.991824 0.127454
-0.0364722 -0.982145 -0.184555
-0.0942555 -0.968599 -0.230069
-0.0261438 0.988811 0.146864
-0.00754322 0.972582 0.23244
-0.0112724 -0.988498 -0.150814
0.0116275 0.945107 0.326554
0.251237 -0.0296047 -0.967473
-3.46823e-07 -0.0349238 -0.99939
0.464051 -0.0165387 -0.885654
0.626861 0.00681027 -0.779101
0.780566 0.0481096 -0.62322
0.909627 0.0959624 -0.404191
0.986261 0.0934797 -0.136201
0.990777 -0.0479705 0.126727
0.867986 -0.353748 0.348516
0.624947 -0.649029 0.433823
0.496597 -0.735563 0.460802
0.408646 -0.701517 0.583852
0.311763 -0.575696 0.755895
0.173996 -0.412663 0.894111
1.25895e-06 -0.33727 0.941408
-0.173993 -0.412673 0.894107
-0.311759 -0.575713 0.755884
-0.408642 -0.70153 0.583839
-0.4966 -0.735559 0.460806
-0.624951 -0.649024 0.433825
-0.867983 -0.353756 0.348516
-0.990777 -0.0479724 0.126728
-0.986261 0.0934798 -0.1362
-0.909627 0.095963 -0.40419
-0.780565 0.0481107 -0.62322
-0.626861 0.00681029 -0.779101
-0.464052 -0.0165395 -0.885654
-0.251237 -0.0296059 -0.967473
0.249181 -0.205009 -0.946509
5.83773e-08 -0.213429 -0.976959
0.462261 -0.179314 -0.868424
0.62349 -0.138269 -0.769508
0.777084 -0.0785763 -0.624473
0.909384 -0.0140883 -0.415718
0.988683 0.00733629 -0.149839
0.986643 -0.102569 0.126548
0.824622 -0.435919 0.360518
0.555065 -0.729757 0.399195
0.443261 -0.791559 0.42066
0.37341 -0.750663 0.545042
0.289707 -0.627622 0.722607
0.159952 -0.482512 0.861161
1.09238e-06 -0.421244 0.906947
-0.15995 -0.482515 0.86116
-0.289705 -0.627636 0.722596
-0.3734 -0.750677 0.54503
-0.443249 -0.79157 0.420652
-0.555067 -0.729755 0.399196
-0.824625 -0.435912 0.36052
-0.986643 -0.102567 0.126549
-0.988683 0.00733568 -0.14984
-0.909385 -0.014088 -0.415718
-0.777083 -0.0785761 -0.624474
-0.62349 -0.13827 -0.769507
-0.462262 -0.179316 -0.868424
-0.249182 -0.20501 -0.946509
-0.29055 0.345214 -0.892417
-0.478734 0.317937 -0.81837
-0.651403 0.265675 -0.710698
-0.81936 0.173958 -0.54625
-0.937694 0.0301062 -0.346156
-0.966195 -0.209196 -0.150678
-0.897263 -0.441494 -0.00161728
-0.721476 -0.683555 0.11057
-0.460125 -0.874222 0.154987
-0.336139 -0.91993 0.20184
-0.278431 -0.902729 0.327959
-0.217096 -0.834839 0.505879
-0.127614 -0.720416 0.6817
8.32999e-07 -0.653411 0.757003
0.127615 -0.720412 0.681704
0.217093 -0.83484 0.505878
0.278437 -0.902722 0.327972
0.336165 -0.919915 0.201865
0.46014 -0.874211 0.155004
0.721471 -0.683559 0.110574
0.897262 -0.441496 -0.00161772
0.966196 -0.209193 -0.15068
0.937694 0.0301063 -0.346155
0.819361 0.173959 -0.546248
0.651404 0.265677 -0.710696
0.478734 0.317939 -0.818369
0.29055 0.345214 -0.892417
-9.50671e-07 0.3526 -0.935774
0.246675 -0.874258 0.418119
0.248328 -0.633304 0.73298
0.252064 -0.967406 -0.0242731
0.245781 -0.866917 -0.433643
0.249342 -0.603046 -0.757737
0.26287 -0.277857 -0.923956
0.312342 0.0776703 -0.946789
0.377492 0.392174 -0.838868
0.4496 0.636572 -0.626607
0.489313 0.786815 -0.376157
0.511367 0.85907 -0.0224225
0.496072 0.814122 0.301859
0.452474 0.653413 0.606893
0.386309 0.370415 0.844724
0.321114 0.0660959 0.944731
0.263469 -0.315232 0.911709
-0.291753 -0.477273 0.828909
-0.314108 -0.715053 0.624528
-0.274168 -0.108327 0.955561
-0.277059 0.255369 0.926296
-0.287279 0.63597 0.71625
-0.305787 0.873098 0.379728
-0.314 0.949089 -0.0251984
-0.302519 0.837275 -0.455469
-0.288511 0.607184 -0.74033
-0.274368 0.239206 -0.931398
-0.27552 -0.102096 -0.955858
-0.289305 -0.424729 -0.857851
-0.311811 -0.695088 -0.647786
-0.332414 -0.873587 -0.355452
-0.340412 -0.940001 -0.0227522
-0.334581 -0.877532 0.343501
0.151767 -0.732016 0.664168
0.152223 -0.470103 0.869386
0.156845 -0.0907308 0.983447
0.160164 0.280998 0.946249
0.157396 0.665626 0.729499
0.147152 0.907428 0.3936
0.150017 0.988412 -0.0231736
0.150192 0.871063 -0.467644
0.154797 0.640891 -0.751862
0.161136 0.278594 -0.946795
0.158704 -0.0910776 -0.983116
0.154768 -0.43317 -0.887925
0.151181 -0.720486 -0.67679
0.152452 -0.915959 -0.371183
0.147131 -0.989117 0.00059611
0.148113 -0.913415 0.379126
-0.0396923 -0.762059 0.64629
-0.0410521 -0.510854 0.858687
-0.0446911 -0.118725 0.991921
-0.0431785 0.268391 0.962342
-0.0413902 0.672097 0.739306
-0.0399153 0.919993 0.389896
-0.0375538 0.998998 -0.0243424
-0.0397044 0.881275 -0.470933
-0.042381 0.642245 -0.765327
-0.0410985 0.251979 -0.96686
-0.0421986 -0.109435 -0.993098
-0.0391861 -0.45499 -0.889634
-0.0357216 -0.743228 -0.668084
-0.032608 -0.931189 -0.363075
-0.0284047 -0.999295 -0.0245561
-0.0373184 -0.935071 0.352491
-0.150449 -0.470616 0.869417
-0.151687 -0.728135 0.668439
-0.0379934 -0.719746 0.693197
-0.0350788 -0.442716 0.895976
-0.045375 -0.054768 0.997468
-0.1565 -0.0950731 0.983092
-0.16193 0.277756 0.946906
-0.0507147 0.314031 0.948057
-0.161413 0.663455 0.730598
-0.0500579 0.682721 0.728963
-0.152658 0.905663 0.395563
-0.0269338 0.919685 0.391733
-0.159707 0.987065 -0.0140414
-0.0204897 0.999606 -0.0191696
-0.169997 0.874899 -0.453489
-0.039251 0.891136 -0.452035
-0.17758 0.635278 -0.75159
-0.0559201 0.648779 -0.75892
-0.175908 0.262819 -0.948674
-0.0595903 0.284247 -0.956897
-0.166858 -0.0995854 -0.980939
-0.0511254 -0.0897524 -0.994651
-0.160689 -0.434157 -0.88639
-0.0426143 -0.44071 -0.896637
-0.156308 -0.722059 -0.673943
-0.0389219 -0.731524 -0.680704
-0.148032 -0.988983 -9.91784e-05
-0.154999 -0.91812 -0.364735
-0.0410501 -0.93179 -0.360668
-0.0326019 -0.999352 0.015287
-0.14945 -0.913097 0.379366
-0.0340073 -0.916948 0.397556
-0.224908 -0.479005 0.848511
-0.2449 -0.485869 0.839021
-0.249153 -0.7318 0.634343
-0.236223 -0.726058 0.645785
-0.22052 -0.107623 0.969427
-0.242863 -0.108938 0.963924
-0.229145 0.263499 0.937049
-0.248196 0.256206 0.934215
-0.242779 0.649227 0.720807
-0.249739 0.646698 0.720703
-0.258402 0.88388 0.389851
-0.254177 0.887443 0.384499
-0.275541 0.961183 -0.0142869
-0.257904 0.965931 -0.0215317
-0.269407 0.848048 -0.456328
-0.252989 0.84853 -0.46475
-0.255285 0.620176 -0.741762
-0.247285 0.61834 -0.745993
-0.237237 0.252156 -0.938156
-0.24108 0.248435 -0.938169
-0.227106 -0.10108 -0.96861
-0.238359 -0.0989917 -0.966119
-0.229762 -0.429371 -0.873413
-0.2413 -0.431172 -0.869405
-0.239274 -0.71226 -0.659874
-0.2483 -0.714498 -0.654094
-0.248539 -0.968563 -0.0107047
-0.258602 -0.965766 -0.0205211
-0.253509 -0.900313 -0.353794
-0.249229 -0.89988 -0.357911
-0.245872 -0.900127 0.359608
-0.253167 -0.903579 0.345618
-0.0181744 -0.488574 0.872333
-0.0118918 -0.755623 0.654899
0.22015 -0.741594 0.633697
0.246383 -0.482549 0.840501
-0.0218269 -0.10294 0.994448
0.260844 -0.110677 0.959016
-0.0241158 0.291721 0.956199
0.250589 0.273897 0.92854
-0.0277771 0.68397 0.728981
0.211392 0.661957 0.719115
-0.0344376 0.922872 0.383565
0.171438 0.907377 0.383764
-0.0365215 0.998916 -0.0288512
0.158507 0.986958 -0.0280819
-0.0337312 0.890408 -0.453912
0.179405 0.872743 -0.454018
-0.0288926 0.654412 -0.755586
0.216865 0.631898 -0.744093
-0.025386 0.276373 -0.960715
0.253462 0.255602 -0.932966
-0.0261619 -0.0924051 -0.995378
0.262582 -0.100809 -0.959629
-0.0214873 -0.439304 -0.898082
0.249914 -0.434538 -0.865286
-0.0131341 -0.734682 -0.678284
0.222707 -0.720445 -0.656781
-0.000858044 -0.999762 -0.0217875
-0.00507392 -0.930109 -0.367249
0.194072 -0.913076 -0.358647
0.181683 -0.983117 -0.0217569
-0.00549893 -0.936082 0.35174
0.192562 -0.919097 0.343774
-0.36831 -0.360019 0.857166
-0.335229 -0.646375 0.685435
-0.213762 -0.711822 0.66904
-0.255324 -0.434255 0.863848
-0.409475 -0.00390331 0.912313
-0.284125 -0.0612466 0.956829
-0.434791 0.32118 0.841309
-0.282218 0.309636 0.908008
-0.445881 0.633917 0.631933
-0.2547 0.674043 0.693393
-0.451569 0.829997 0.327399
-0.22787 0.902781 0.364776
-0.451362 0.891996 -0.0247915
-0.217807 0.975603 -0.0275635
-0.451178 0.800032 -0.395459
-0.234233 0.869885 -0.434091
-0.448997 0.611429 -0.65158
-0.260814 0.647085 -0.71642
-0.433251 0.311313 -0.8458
-0.286846 0.292224 -0.912318
-0.407406 0.00915693 -0.913201
-0.28967 -0.0486955 -0.955887
-0.373325 -0.310871 -0.874064
-0.264459 -0.38263 -0.885243
-0.33824 -0.622119 -0.706089
-0.218883 -0.689397 -0.690523
-0.293656 -0.955626 -0.0233467
-0.306412 -0.862367 -0.403033
-0.173032 -0.907014 -0.383909
-0.151914 -0.988139 -0.0224602
-0.307084 -0.869105 0.387758
-0.172456 -0.913502 0.368473
0.291753 -0.477273 0.828909
0.333631 -0.468442 0.818079
0.344419 -0.71034 0.613834
0.314109 -0.715052 0.624529
0.274168 -0.108326 0.955561
0.32329 -0.108004 0.940116
0.277059 0.25537 0.926296
0.323486 0.264117 0.908625
0.287279 0.635971 0.716249
0.323255 0.637674 0.699198
0.305786 0.873099 0.379727
0.32911 0.86876 0.370058
0.313999 0.949089 -0.0251956
0.332911 0.942611 -0.0255974
0.302521 0.837275 -0.455468
0.328476 0.835259 -0.44096
0.288512 0.607183 -0.74033
0.325723 0.608455 -0.723662
0.274369 0.239205 -0.931398
0.321592 0.244725 -0.914707
0.27552 -0.102096 -0.955858
0.324754 -0.0985359 -0.940652
0.289304 -0.424727 -0.857852
0.332726 -0.420221 -0.84422
0.31181 -0.695089 -0.647786
0.343027 -0.690203 -0.637144
0.332413 -0.873589 -0.35545
0.349741 -0.869654 -0.348401
0.340413 -0.940001 -0.0227531
0.352627 -0.935518 -0.0214555
0.334582 -0.877532 0.3435
0.349726 -0.874891 0.335048
-0.0742142 -0.632114 0.771313
-0.0892773 -0.892077 0.442977
-0.246676 -0.87426 0.418116
-0.248327 -0.633304 0.73298
-0.100044 -0.99473 -0.0224344
-0.252062 -0.967407 -0.0242725
-0.088793 -0.883529 -0.459884
-0.24578 -0.866918 -0.433641
-0.0755596 -0.595086 -0.800102
-0.249341 -0.603045 -0.757738
-0.0797666 -0.261073 -0.962018
-0.26287 -0.277855 -0.923957
-0.126824 0.129717 -0.983407
-0.312342 0.0776736 -0.946789
-0.204815 0.485949 -0.84965
-0.377492 0.392175 -0.838868
-0.304017 0.707161 -0.638355
-0.4496 0.636572 -0.626607
-0.357786 0.851124 -0.384158
-0.489312 0.786816 -0.376158
-0.38659 0.922022 -0.0205806
-0.511367 0.85907 -0.0224238
-0.366962 0.880535 0.299997
-0.496073 0.81412 0.301861
-0.304252 0.725943 0.616796
-0.452475 0.653411 0.606894
-0.212746 0.433952 0.875457
-0.386311 0.370416 0.844722
-0.137803 0.121778 0.982945
-0.321116 0.0660963 0.944731
-0.077669 -0.287166 0.954727
-0.263468 -0.315233 0.911708
0.0396939 -0.762059 0.64629
0.0410529 -0.510854 0.858687
0.0446916 -0.118725 0.991921
0.0431788 0.268391 0.962342
0.0413896 0.672098 0.739305
0.0399142 0.919993 0.389898
0.0375525 0.998998 -0.0243419
0.0397025 0.881275 -0.470933
0.042381 0.642244 -0.765328
0.0411 0.251977 -0.96686
0.0421998 -0.109436 -0.993098
0.0391859 -0.454989 -0.889634
0.0357208 -0.743228 -0.668084
0.0326064 -0.931189 -0.363074
0.028405 -0.999295 -0.024553
0.0373207 -0.935071 0.352491
0.0636911 -0.894899 0.441701
0.0620812 -0.633029 0.771635
0.054798 -0.99838 -0.0153096
0.0314286 -0.885269 -0.464016
0.0316246 -0.595185 -0.802966
0.0438392 -0.26291 -0.963824
0.0916718 0.1399 -0.985913
0.138431 0.496739 -0.856789
0.200885 0.735141 -0.647467
0.253931 0.885843 -0.388331
0.265743 0.96402 0.00675922
0.260939 0.917844 0.29912
0.224911 0.759593 0.610273
0.160726 0.451804 0.87752
0.110926 0.12378 0.98609
0.0698379 -0.278016 0.958034
0.876398 -0.479451 0.0453185
0.874298 -0.480365 -0.0696576
0.842777 -0.4864 -0.230527
0.741474 -0.504304 -0.442599
0.620638 -0.555082 -0.553798
0.476134 -0.733795 -0.484604
0.355227 -0.899226 -0.255355
0.323064 -0.94538 0.0434369
0.470098 -0.810503 0.349419
0.605369 -0.504282 0.615815
0.51907 -0.320092 0.792532
0.524824 -0.221831 0.821797
0.690298 -0.215893 0.690564
0.796768 -0.292705 0.528663
0.851406 -0.358514 0.382852
0.870743 -0.445846 0.207433
-0.394775 -0.724495 0.565031
-0.138476 -0.929357 0.342229
-0.168593 -0.908635 0.382046
-0.416729 -0.704274 0.574747
-0.623829 -0.50769 0.594212
-0.628047 -0.504146 0.592785
-0.790955 -0.352954 0.499814
-0.791487 -0.352399 0.499363
-0.931071 -0.176085 0.319531
-0.931861 -0.174803 0.317928
-0.993697 -0.0438796 0.103159
-0.994465 -0.0419495 0.0963263
-0.998706 -0.0268888 -0.0431724
-0.998477 -0.0299851 -0.0463128
-0.998809 -0.0278444 0.0400602
-0.99878 -0.02767 0.0408944
-0.988633 0.081119 0.126585
-0.989315 0.0693114 0.128267
-0.984746 0.173662 0.0107818
-0.984883 0.172385 0.0170099
-0.966228 -0.0549962 -0.251752
-0.970841 -0.0338728 -0.237321
-0.832195 -0.315736 -0.45581
-0.835602 -0.312362 -0.451885
-0.669138 -0.561127 -0.487228
-0.687958 -0.534023 -0.491461
-0.42473 -0.803131 -0.417835
-0.440354 -0.792143 -0.422608
-0.200605 -0.945795 -0.255399
-0.223259 -0.933953 -0.279083
-0.0803709 -0.996759 0.0034345
-0.0726075 -0.996034 0.0514307
-0.722797 0.127089 -0.679274
-0.398718 0.372452 -0.838035
-0.509377 0.615512 -0.601398
-0.757813 0.415655 -0.502942
-0.306242 -0.0786057 -0.948703
-0.58795 -0.248718 -0.769711
-0.191454 -0.394637 -0.898669
-0.155139 -0.674583 -0.721713
-0.360938 -0.527945 -0.768764
-0.168786 -0.796078 -0.581181
0.0981053 0.960816 0.259244
0.0283034 0.966161 0.256384
0.0127702 0.97655 0.214913
0.0490329 0.974246 0.220091
-0.0595143 0.869655 0.49006
-0.0499221 0.888571 0.456014
-0.0237752 0.956244 0.291603
-0.11372 0.843646 0.524718
0.0353837 0.95516 0.293968
-0.250028 0.348773 0.903241
-0.174837 0.63088 0.755925
-0.21302 0.587443 0.780726
-0.286166 0.305878 0.908046
-0.123907 0.656371 0.744193
-0.168439 0.358833 0.918078
-0.00800182 0.959911 0.280191
-0.0231539 0.975158 0.220299
-0.0696361 0.880328 0.469226
-0.0633679 0.842683 0.534668
-0.0131604 0.987732 0.155606
0.0354566 0.983404 0.177934
-0.105158 0.354944 0.928955
-0.095803 0.655873 0.748767
-0.0887547 0.630799 0.770854
-0.0918132 0.334719 0.937834
0.213106 -0.962151 0.169857
0.195524 -0.959877 0.201015
0.200273 -0.978586 0.0475309
0.212903 -0.975582 0.0539682
0.16496 -0.956938 0.238868
0.189371 -0.980834 0.0458701
0.182094 -0.946957 0.26479
0.122935 -0.927737 0.352409
0.209096 -0.953496 0.217084
0.180707 -0.961421 -0.207398
0.195302 -0.973 -0.122997
0.178498 -0.968733 -0.17232
0.132774 -0.92889 -0.345738
0.213635 -0.973963 -0.0758672
0.211515 -0.967398 -0.139292
0.0239455 -0.868534 -0.495052
0.0250203 -0.847216 -0.530659
-0.0652896 -0.680364 -0.72996
-0.081509 -0.707188 -0.702312
0.0562258 -0.840049 -0.539589
-0.0246986 -0.667124 -0.744537
0.102808 -0.923997 -0.368321
0.118716 -0.937723 -0.326468
0.664077 0.673962 -0.323693
0.654164 0.516976 -0.552092
0.895972 0.357813 -0.263068
0.80809 0.569456 -0.150701
0.545631 0.22003 -0.808624
0.862507 0.0657317 -0.501758
0.308104 0.592898 -0.744005
0.215004 0.278601 -0.936031
0.442964 0.769481 -0.46009
-0.0781647 -0.273956 0.958561
-0.0543456 -0.494272 0.867607
-0.0606491 -0.466258 0.882567
-0.0712773 -0.252134 0.965064
-0.00182336 -0.709527 0.704676
-0.00695844 -0.705071 0.709102
-0.100687 -0.499138 0.860653
-0.0359395 -0.708209 0.705088
-0.141967 -0.27553 0.950752
-0.169458 -0.509665 0.84352
-0.166427 -0.488391 0.856607
-0.220368 -0.266017 0.938442
-0.250539 -0.28714 0.924544
-0.0951112 -0.69039 0.717158
-0.124299 -0.66539 0.736075
0.193665 -0.673928 -0.712962
0.356745 -0.523507 -0.77374
0.164371 -0.498236 -0.851318
0.0860073 -0.718387 -0.690306
0.394515 -0.325402 -0.859343
0.154693 -0.274486 -0.949067
0.463559 -0.494021 -0.735566
0.564235 -0.354366 -0.745697
0.245684 -0.636365 -0.731217
-0.302098 0.952303 -0.0430913
-0.242842 0.946291 0.213448
-0.348676 0.914059 0.207173
-0.506817 0.858574 -0.0773825
-0.197788 0.91192 0.359558
-0.253367 0.879419 0.403023
-0.145345 0.970934 0.190162
-0.151934 0.953327 0.260927
0.0214664 0.997535 0.0668131
0.0508496 0.973902 0.221201
-0.0267426 0.980463 0.194878
-0.0412052 0.987818 0.150062
0.154279 0.931714 0.328795
0.127155 0.974321 0.185822
0.252322 0.910424 0.327815
0.149709 0.9876 0.0472578
-0.0934618 0.605595 0.790266
-0.0602279 0.804805 0.590475
-0.099565 0.313488 0.944358
0.243701 -0.953446 0.177623
0.236125 -0.970773 0.0429425
0.20065 -0.979182 0.0306986
0.225994 -0.949904 0.21589
0.300898 -0.8711 0.38813
0.262896 -0.943358 0.202388
0.288363 -0.949266 -0.125463
0.217401 -0.961514 -0.16801
0.221287 -0.970921 -0.0913497
0.354607 -0.928401 0.111022
0.103314 -0.953555 -0.282946
0.00469189 -0.884506 -0.466506
-0.103586 -0.717632 -0.688676
-0.197765 0.551376 -0.810478
-0.246886 0.229648 -0.94144
-0.191758 0.252886 -0.948303
-0.144735 0.573727 -0.806157
-0.0622435 0.836418 -0.544547
-0.117542 0.816524 -0.565219
-0.019216 -0.699033 0.714831
-0.07879 -0.429072 0.899828
-0.0858526 -0.222265 0.971199
0.0902598 0.995914 -0.00288283
-0.0167433 0.969407 -0.244889
0.0445585 0.970318 -0.237692
0.12914 0.991038 -0.0341492
-0.186093 -0.208585 -0.960136
-0.198083 -0.0292442 -0.979749
-0.250152 -0.0459556 -0.967115
-0.231422 -0.215807 -0.948615
0.374135 0.878093 0.298287
0.16597 0.923638 -0.345465
0.506258 0.841552 -0.188395
0.0712611 -0.861436 0.502842
0.0683315 -0.857592 0.509772
0.131524 -0.923817 0.359533
0.127692 -0.924579 0.358954
0.0466323 -0.861787 0.505122
0.0586119 -0.862317 0.502965
0.124262 -0.932634 0.338751
-0.19399 -0.43108 -0.881214
-0.16226 -0.426527 -0.889801
0.0337782 -0.953074 0.300847
0.104885 -0.957068 0.270222
0.0543566 -0.913731 0.402667
-0.00884285 -0.884461 0.466531
0.143948 -0.988413 0.0481442
0.0666539 -0.996481 0.05083
-0.0798454 -0.0161251 0.996677
-0.0884999 -0.02019 0.995872
-0.169655 0.00938782 0.985459
-0.0966109 -0.00310752 0.995317
-0.260247 0.0229122 0.96527
-0.304662 -0.00235704 0.952458
0.26025 -0.960241 -0.101028
0.277167 -0.89964 -0.337382
0.233291 -0.959063 -0.160541
0.560043 -0.822988 -0.0950912
0.188019 -0.951776 0.24243
0.358391 -0.933112 0.0292938
0.216852 -0.956241 0.196413
0.617104 -0.77315 0.146362
0.0490411 0.996658 -0.0653284
-0.0206667 0.991667 0.127161
0.00190062 0.941414 0.337247
0.0655093 0.981536 0.179711
0.974751 -0.222327 0.0207856
0.998258 -0.0319341 0.0496099
0.937023 0.000433053 0.349267
0.919942 -0.18989 0.342998
0.986162 0.15286 0.064181
0.923301 0.175962 0.341399
0.798342 -0.137885 -0.586207
0.813205 0.0713724 -0.577584
0.732419 -0.329592 -0.595762
-0.1626 -0.264459 0.950591
-0.210592 -0.087413 0.973658
-0.0923004 -0.035576 0.995095
-0.0540095 -0.195555 0.979204
-0.235468 0.231109 0.944004
-0.109386 0.269915 0.956651
0.281226 -0.285624 0.91615
0.362098 -0.0766402 0.928984
-0.072911 -0.155272 0.985178
-0.124386 -0.37585 0.918294
0.391602 0.149255 0.907949
-0.0552909 0.12293 0.990874
0.363682 -0.918518 0.155114
0.481443 -0.856646 -0.185394
0.383917 -0.892058 -0.238411
0.269691 -0.958428 0.0931792
0.190418 -0.933734 0.303121
0.279663 -0.895713 0.34567
0.0175076 -0.99012 -0.139126
0.127915 -0.900955 -0.41463
0.286249 -0.874613 -0.391296
0.241639 -0.965061 -0.101333
0.169452 -0.977617 0.124704
-0.0649727 -0.993852 0.0896524
0.32379 0.343627 -0.881522
0.352023 0.077704 -0.93276
0.336837 0.0854939 -0.937674
0.359113 0.313141 -0.879193
0.368815 0.666258 -0.648133
0.275659 0.658956 -0.699849
0.431908 0.271711 -0.860017
0.335807 0.611602 -0.716364
0.626445 0.575793 -0.525385
0.762852 0.284482 -0.580626
0.484898 0.0259089 -0.874187
0.159259 0.931792 -0.32619
0.255416 0.943299 -0.212016
0.119659 0.983117 0.13843
0.0232453 0.995909 0.0873217
0.226942 0.916754 -0.328723
0.112323 0.990928 0.0737914
0.545865 0.812652 0.20403
0.615942 0.780369 -0.10789
0.933661 0.352918 0.0610435
0.869349 0.377875 0.318501
0.404606 -0.401955 -0.821417
0.467479 -0.20216 -0.860578
0.373854 -0.0799267 -0.924037
0.392884 -0.148825 -0.907466
0.442407 -0.329309 -0.834165
0.4483 -0.242285 -0.860421
-0.090972 0.407354 0.908728
0.361272 0.374396 0.853996
0.272936 0.629802 0.727224
-0.109923 0.688339 0.717012
-0.0361869 0.76635 0.641403
-0.0850864 0.572909 0.81519
-0.217505 0.546695 0.808589
-0.175405 0.747495 0.64069
-0.371749 -0.187726 0.909154
-0.396035 0.128909 0.909142
-0.351288 0.174482 0.919866
-0.323003 -0.14285 0.935555
-0.277218 -0.334559 0.900678
-0.328194 -0.396559 0.857339
0.0526534 -0.969917 0.237673
0.140948 -0.989993 0.0069045
0.0746551 -0.995815 -0.0527224
-0.0170564 -0.982656 0.184653
0.254077 -0.911279 -0.324062
0.178383 -0.918391 -0.353183
0.314665 0.0456674 -0.948104
0.278695 0.316272 -0.906808
0.262014 0.294041 -0.919178
0.292248 0.0238245 -0.956046
0.206812 0.616107 -0.760027
0.191566 0.602403 -0.774864
0.0705714 0.900966 -0.428113
0.0599117 0.894309 -0.443421
-0.0990139 0.994805 0.0236463
-0.111427 0.993728 0.00942357
0.285199 -0.435979 -0.853571
0.312324 -0.227189 -0.922409
0.317288 0.0169403 -0.948178
-0.291727 0.688315 0.664166
-0.327728 0.425715 0.843422
-0.331881 0.111474 0.936712
-0.322526 -0.198133 0.925592
-0.307596 -0.418771 0.85441
-0.0617306 -0.98911 0.13361
0.0268127 -0.994303 -0.103168
0.124364 -0.916945 -0.379137
0.287625 0.282379 -0.915169
0.214981 0.610813 -0.762031
0.087295 0.908207 -0.409317
-0.064841 0.997626 0.0232114
0.29766 -0.223729 -0.928086
0.293379 -0.424315 -0.856671
0.350261 -0.379732 -0.856225
0.33512 -0.19498 -0.92178
-0.383032 0.448009 0.807821
-0.339109 0.686416 0.643303
-0.305368 0.707521 0.637311
-0.340151 0.492621 0.801013
0.0807615 0.985392 0.149932
0.238549 0.96671 -0.0925547
0.175732 0.979214 0.101281
0.422408 0.679572 -0.599795
0.408217 0.91068 -0.063421
0.29416 -0.943455 0.15285
0.19338 -0.921253 0.337487
0.450381 -0.865498 -0.219249
0.46641 -0.603558 -0.646668
0.526994 -0.538275 -0.657675
0.287213 -0.0480615 -0.95666
0.341985 -0.162541 -0.925541
0.286984 -0.099347 -0.95277
0.236306 -0.0412822 -0.970801
0.298406 0.028066 -0.954026
0.303706 0.0615394 -0.950776
0.476581 0.282374 -0.832548
0.381438 0.269266 -0.884308
-0.0859444 0.290186 0.953103
-0.0751112 0.584216 0.808115
-0.0412794 0.777885 0.62705
0.0341868 -0.721569 0.691498
-0.0814031 -0.461833 0.883224
0.0158964 -0.388295 0.921398
0.126035 -0.67916 0.723088
-0.0620784 -0.185775 0.980629
-0.0737209 -0.0196306 0.997086
-0.207759 -0.533224 0.820066
-0.110457 -0.761525 0.638654
-0.178441 -0.789271 0.587546
-0.263011 -0.595711 0.758916
-0.189187 -0.605085 0.773356
-0.275082 -0.625765 0.729896
-0.214393 -0.808245 0.54843
-0.203317 -0.815871 0.54131
0.266972 -0.678572 -0.684299
0.343334 -0.635058 -0.69197
0.290889 -0.653279 -0.699006
0.596672 -0.57201 -0.562838
0.226451 -0.69275 -0.684703
0.468847 -0.456298 -0.75629
0.488831 -0.415969 -0.766821
-0.0364801 -0.385093 0.922157
0.0423674 -0.688239 0.724246
-0.0478434 -0.819077 0.571685
0.149437 -0.541305 0.827441
0.849252 -0.527901 -0.00955127
0.789384 -0.534455 0.302044
0.0088456 0.922728 0.385351
-0.0981439 0.904313 0.415435
0.0294906 0.908726 0.416351
-0.23407 0.884008 0.40465
-0.25417 0.880664 0.399786
-0.202527 0.895235 0.396909
-0.0180858 0.906968 0.420812
0.434732 0.772383 0.463068
0.758575 0.373052 0.534225
0.799757 0.177823 0.573383
0.799644 -0.00137497 0.600473
0.765427 -0.189527 0.61498
0.64163 -0.505799 0.576609
0.0759275 -0.936568 0.342164
-0.145384 -0.938365 0.313583
-0.143614 -0.924694 0.352585
-0.099324 -0.913248 0.395112
-0.0258563 -0.899177 0.436821
0.120768 -0.866639 0.484099
0.210208 -0.833538 0.510909
0.121687 -0.853505 0.506677
0.356298 0.0657386 0.932057
0.285145 -0.0421323 -0.957558
0.457586 -0.072715 -0.886187
0.332748 -0.0888059 0.938825
0.408968 0.0129231 -0.912457
0.320364 0.258412 0.911367
0.596043 0.75732 0.266832
0.811152 0.4127 -0.414382
0.271844 0.450252 0.850514
0.16356 0.809791 0.563459
0.87619 -0.430802 -0.216101
0.356198 -0.391921 0.848246
0.736469 -0.2046 -0.644789
0.781808 -0.0276987 -0.622904
0.92248 -0.0215654 -0.385442
0.903366 -0.199645 -0.379569
0.794311 0.156123 -0.587108
0.913403 0.15576 -0.376076
0.327693 -0.102136 -0.939247
0.390528 0.123283 -0.912299
0.234703 -0.286617 -0.928852
0.410405 -0.107263 0.905573
0.374253 0.104425 0.921428
0.357734 0.118319 0.926298
0.375431 -0.037113 0.926107
0.421919 -0.167139 0.891094
0.460082 -0.255043 0.850457
0.624283 0.0329323 0.780504
0.595819 -0.205848 0.77629
0.876389 -0.149141 0.457929
0.901242 0.0710853 0.427447
0.529599 -0.393276 0.751571
0.807407 -0.330595 0.488672
0.0392186 -0.90688 -0.419559
0.134906 -0.964655 -0.226365
0.147288 -0.958312 -0.244836
0.0641345 -0.896503 -0.438371
-0.0307766 -0.74705 -0.664055
-0.0648892 -0.766481 -0.638981
-0.121246 -0.949464 -0.289511
-0.206179 -0.818633 -0.536031
-0.0403215 -0.815753 -0.576994
0.0947056 -0.935457 -0.340517
0.201043 -0.971796 -0.123261
-0.0190114 -0.997565 -0.0671022
-0.127896 0.775513 -0.618241
-0.21906 0.509982 -0.831824
-0.133007 0.53373 -0.83513
-0.0318553 0.785942 -0.617479
-0.266042 0.171536 -0.948576
-0.199099 0.201376 -0.959066
-0.0701588 0.401604 -0.913122
-0.0338656 0.72371 -0.689273
0.350971 0.631999 -0.690939
0.392164 0.368338 -0.842932
-0.0677031 0.108492 -0.991789
0.0855716 0.947458 -0.308223
0.0104215 0.95074 -0.309816
0.20474 0.978225 0.0340289
0.161408 0.985379 0.0545426
0.615148 0.757103 -0.219974
0.509231 0.742517 -0.435146
0.109301 0.931883 -0.345902
0.242709 0.969204 -0.0416714
0.864886 0.364175 -0.345469
0.761078 0.361709 -0.538448
-0.115723 -0.144902 -0.982656
-0.174358 -0.338629 -0.924624
-0.26479 -0.114532 -0.957481
-0.236427 -0.290194 -0.927302
-0.184041 -0.257481 -0.948595
-0.209113 -0.0838556 -0.974289
0.864743 0.302213 0.401106
0.579622 0.301857 0.756916
0.756462 0.559853 0.338127
0.481035 0.619152 0.62069
0.404679 0.620637 0.671599
0.388558 0.342285 0.855491
0.35993 0.368631 0.857066
0.341191 0.630988 0.696737
0.369807 -0.165193 0.914305
0.397938 -0.323982 0.858301
0.360149 -0.391775 0.846643
0.355928 -0.209343 0.910764
0.341799 0.0424536 0.938814
0.341791 0.0699151 0.937172
-0.0554767 -0.920205 -0.387486
-0.166246 -0.778811 -0.604827
-0.22026 -0.795794 -0.56409
-0.110512 -0.929329 -0.352327
-0.000912851 -0.990121 -0.140212
0.0492558 -0.981624 -0.184359
-0.360661 0.453725 -0.814897
-0.274845 0.741278 -0.612346
-0.316332 0.733099 -0.602079
-0.402601 0.424712 -0.810884
-0.43047 0.101823 -0.896843
-0.392104 0.126201 -0.911223
-0.16934 0.945107 -0.279456
-0.131009 0.945615 -0.29774
0.033462 0.995089 0.0931555
-0.0135703 0.995661 0.0920633
-0.356031 -0.358565 -0.862945
-0.354827 -0.162758 -0.920656
-0.341097 0.100224 -0.93467
0.306214 0.624722 0.718301
0.390523 0.312944 0.86577
0.43212 0.0278737 0.901385
0.426105 -0.221866 0.877046
0.394868 -0.415825 0.819249
-0.13484 -0.939187 -0.315827
-0.237316 -0.812072 -0.533123
-0.0262515 -0.994903 -0.0973594
-0.314487 0.416392 -0.853063
-0.234488 0.740529 -0.629788
-0.0919992 0.952208 -0.291267
0.0485525 0.997527 0.0508112
-0.421513 -0.16472 -0.891737
-0.391757 -0.34979 -0.850984
-0.343756 -0.317798 -0.883649
-0.378033 -0.143099 -0.914666
0.298912 0.328255 0.896047
0.228615 0.61407 0.755416
0.253751 0.612031 0.749018
0.305031 0.347115 0.88683
0.0096557 0.961819 -0.273516
-0.0848985 0.799853 -0.594162
0.118614 0.992322 0.0350423
-0.0863755 -0.737425 -0.669883
0.0100678 -0.897467 -0.440967
0.0953662 -0.964662 -0.245627
-0.174285 -0.506463 -0.844464
-0.129652 -0.473634 -0.871126
-0.245298 0.217784 -0.944669
-0.25442 -0.0645277 -0.964939
-0.229822 -0.23502 -0.94443
-0.178236 0.543506 -0.820264
0.449199 0.348139 0.822812
0.372355 0.299682 0.878375
0.403818 0.611811 0.680161
0.31999 0.0973393 0.942407
0.312914 0.105893 0.94386
0.487286 -0.501733 0.714714
0.460382 -0.432269 0.775366
0.389959 -0.833033 0.392414
0.400004 -0.843342 0.358847
0.33871 -0.106009 0.9349
0.303182 -0.00242862 0.95293
0.303895 0.00634633 0.952684
0.363503 -0.1031 0.925871
0.344289 -0.62398 0.701508
0.407517 -0.552493 0.727105
0.317822 -0.860352 0.398477
0.25266 -0.878877 0.404645
0.229305 -0.873376 0.429691
0.408749 -0.625597 0.664495
0.331571 -0.653214 0.680714
0.216522 -0.884872 0.412455
-0.278451 -0.530031 -0.800957
-0.327941 -0.566452 -0.756034
-0.220806 -0.572045 -0.789942
0.119887 -0.52166 -0.844688
-0.323561 -0.587247 -0.741923
-0.181284 -0.452234 -0.873282
0.449183 -0.423569 0.786654
0.390034 -0.37243 0.842122
0.349959 -0.827082 0.439847
0.670753 -0.55688 0.489872
0.37041 -0.847883 0.37933
0.778991 -0.531058 -0.333392
0.614772 -0.503523 -0.607058
0.28392 0.903151 0.322037
0.229855 0.956604 0.179095
0.33413 0.866028 0.371958
0.276933 0.865274 0.417862
0.124163 0.874397 0.469056
0.168013 0.861247 0.47961
0.359768 0.88713 0.289079
0.182088 0.894712 0.407841
0.699479 0.714343 0.0210453
0.930524 0.344889 -0.123197
0.98183 0.138511 -0.129712
0.992545 -0.0516361 -0.110399
0.970589 -0.229717 -0.0720194
0.853942 -0.519777 -0.024795
0.292268 -0.950688 0.103788
0.0896278 -0.982406 0.163846
0.0916497 -0.985656 0.141715
0.171775 -0.983387 0.0586746
0.121976 -0.987092 0.10378
0.249528 -0.968361 -0.00353175
0.250643 -0.968054 0.00706154
0.202264 -0.979329 -0.0022216
0.148051 0.441279 -0.885073
0.723879 0.679052 -0.122015
0.910058 0.393966 -0.128783
0.0440997 0.130083 -0.990522
0.783487 -0.410448 -0.466563
0.855175 -0.10628 -0.507327
0.015765 -0.0530479 -0.998468
0.043709 -0.164192 -0.98546
0.718691 -0.680981 -0.14053
0.156069 -0.443768 -0.882447
0.671845 -0.116197 -0.731521
0.971826 -0.0260434 -0.234257
0.949477 -0.192226 -0.248079
0.612634 -0.29019 -0.735166
0.999527 -0.00866455 0.0295231
0.984286 -0.173784 0.0313035
0.961229 0.158401 -0.225716
0.985979 0.165325 0.0226368
0.690551 0.102254 -0.716019
0.0722943 -0.0786624 0.994277
0.0426626 0.159586 0.986262
0.00184131 0.169318 0.98556
0.0349515 -0.0142514 0.999287
0.105248 -0.143123 0.984093
0.123322 -0.227935 0.965835
0.569588 -0.268638 0.77679
0.631481 -0.0927979 0.769818
0.246608 -0.154898 0.956656
0.196157 -0.344826 0.917942
0.650165 0.116012 0.750884
0.260073 0.0859569 0.961755
0.262161 -0.944172 -0.199527
0.261235 -0.808187 -0.527817
0.253476 -0.828212 -0.499815
0.260678 -0.947832 -0.183472
0.263594 -0.963561 0.0454768
0.257737 -0.965635 0.0334755
0.259498 -0.843133 -0.470944
0.300211 -0.938621 -0.169895
0.0245143 -0.981215 -0.191355
0.0409208 -0.866413 -0.497649
0.304613 -0.952031 0.0291076
0.0253002 -0.999368 0.0249531
0.110303 0.128909 -0.985503
0.144958 0.401253 -0.904424
0.0813396 0.401274 -0.91234
0.0729769 0.10759 -0.991513
0.199187 0.723941 -0.66048
0.118456 0.718577 -0.685285
0.268682 0.0511137 -0.961872
0.229595 0.333574 -0.914338
0.648667 0.342532 -0.679635
0.18211 0.673025 -0.716849
0.544001 0.614841 -0.570993
0.148075 0.936971 -0.31648
0.198317 0.942203 -0.270043
0.155004 0.98272 0.101167
0.154023 0.984025 0.0892903
0.175946 0.920242 -0.349567
0.169083 0.985597 0.00310373
0.597348 0.801848 -0.0146982
0.593299 0.756503 -0.275137
0.901086 0.369881 -0.226345
0.924303 0.381602 0.00661091
0.248715 -0.185513 -0.950645
0.199357 -0.364182 -0.909741
0.101868 -0.119529 -0.987591
0.122904 -0.0732935 -0.989708
0.150795 -0.283237 -0.947121
0.16372 -0.228387 -0.959706
0.610294 0.341577 0.714749
0.505179 0.601121 0.619232
0.150851 0.655915 0.739608
0.211926 0.357012 0.909742
0.0512641 0.425938 0.903299
0.0866102 0.644854 0.759382
0.0963962 0.618985 0.779464
0.035172 0.390219 0.92005
-0.0105307 0.125202 0.992075
0.011875 -0.134069 0.990901
-0.043547 -0.177078 0.983233
-0.0603764 0.0893375 0.99417
0.0414476 -0.298687 0.953451
-0.0227079 -0.361893 0.931943
0.128247 -0.969098 -0.210717
0.116423 -0.840004 -0.529943
0.0348716 -0.857839 -0.512734
0.0430485 -0.975672 -0.214969
0.0442393 -0.998665 0.0266826
0.132511 -0.990626 0.0331906
-0.00911916 0.0646204 -0.997868
-0.0145789 0.359619 -0.932985
-0.0440024 0.337869 -0.940164
-0.0358953 0.0393959 -0.998579
-0.00388599 0.682166 -0.731187
-0.0470213 0.672991 -0.738154
-0.0385141 0.925224 -0.377461
0.0162734 0.927716 -0.372931
0.0248994 0.998017 0.0578149
-0.0378256 0.998629 0.0361953
0.0183951 -0.387001 -0.921896
0.0266279 -0.205504 -0.978294
0.0280715 0.0325282 -0.999077
-0.0166293 0.658414 0.752472
0.00384196 0.370528 0.928813
0.0269613 0.0778596 0.9966
0.0305255 -0.182312 0.982767
0.021717 -0.378164 0.925484
0.010476 -0.978729 -0.204892
0.00713105 -0.869879 -0.493214
0.0126954 -0.999567 0.0265586
0.0157999 0.330791 -0.943572
0.00386637 0.6786 -0.734498
0.00232989 0.931398 -0.363996
-0.000793195 0.99973 0.0232338
0.0408158 -0.326002 -0.944487
0.0107919 -0.164417 -0.986332
-0.0272546 -0.196588 -0.980107
-0.0124191 -0.370738 -0.928654
-0.0223311 0.413216 0.910359
-0.0750595 0.385848 0.919504
-0.0769311 0.648407 0.757397
-0.0189505 0.645164 0.763809
0.0503849 0.99249 0.111472
0.117693 0.969616 -0.214461
0.151175 0.727096 -0.669685
0.186041 -0.797304 -0.574191
0.190002 -0.957883 -0.21531
0.17924 -0.983528 0.0233526
0.210625 -0.528908 -0.822128
0.219977 -0.480263 -0.849092
0.0457546 -0.0577918 -0.99728
0.0683156 -0.185795 -0.980211
0.056965 0.122795 -0.990796
0.104792 0.383876 -0.917419
-0.00327285 0.179228 0.983802
0.0252771 0.364979 0.930672
0.0675736 0.612026 0.787946
0.253469 -0.767314 0.589053
0.192072 -0.444889 0.874747
0.187353 -0.38019 0.905734
0.249175 -0.756035 0.605246
0.0920931 -0.0937482 0.991328
0.0292519 0.0308815 0.999095
0.0344532 -0.83131 0.55474
0.00799085 -0.583998 0.811716
0.0848381 -0.513378 0.853959
0.124244 -0.803921 0.581613
0.0121076 -0.610133 0.792207
0.113011 -0.580817 0.806151
0.0104615 -0.843282 0.53737
0.0352733 -0.839622 0.542024
0.0122478 -0.601285 -0.798941
0.0812954 -0.553566 -0.828828
0.503406 -0.516519 -0.692669
0.12069 -0.59526 -0.794418
0.00918128 -0.622196 -0.782808
0.124775 -0.429201 -0.894549
0.16365 -0.35827 0.919163
0.200194 -0.777995 0.595521
0.456639 -0.4997 0.736058
0.226807 -0.816508 0.530917
0.882758 -0.468755 0.0317327
0.855686 -0.460256 -0.23657
0.060253 0.886521 0.458749
0.0259712 0.944162 0.328457
0.132998 0.861527 0.489982
0.12907 0.860529 0.492779
0.00392301 0.870674 0.491846
-0.0570264 0.887095 0.458051
-0.0137666 0.905916 0.423233
0.148431 0.910425 0.386129
0.573036 0.767544 0.287239
0.891796 0.364575 0.267927
0.944151 0.15675 0.289841
0.950714 -0.0219811 0.309288
0.926543 -0.186019 0.326979
0.831568 -0.456929 0.31577
0.28276 -0.929848 0.235433
0.0207673 -0.968216 0.249254
0.0119941 -0.964513 0.263765
0.133739 -0.951774 0.276116
0.0431859 -0.961627 0.27094
0.258399 -0.927193 0.271188
0.265865 -0.923685 0.275901
0.183905 -0.947745 0.260688
-0.597755 0.0620971 -0.79927
-0.0930652 0.087856 -0.991776
-0.340304 -0.461222 -0.819431
-0.598339 -0.282581 -0.749759
0.134575 0.00684022 -0.99088
-0.151987 -0.545188 -0.824421
-0.0114031 0.287792 -0.957625
0.227934 0.215681 -0.949488
-0.533317 0.269295 -0.801906
0.354827 -0.706987 -0.611774
0.638357 -0.597544 -0.485223
0.543285 -0.506765 -0.669351
0.288223 -0.630631 -0.720577
0.752307 -0.524041 -0.399269
0.667949 -0.409878 -0.621163
0.323427 -0.661116 -0.676994
0.571548 -0.426519 -0.701009
0.571856 -0.685368 -0.450834
0.279661 -0.826794 -0.488059
0.670948 -0.245709 -0.699611
0.724359 -0.522339 -0.449962
-0.173639 -0.643578 -0.745424
-0.362384 -0.549564 -0.752766
-0.383427 -0.566656 -0.729304
-0.191325 -0.67773 -0.709984
-0.607934 -0.299508 -0.73533
-0.636764 -0.299925 -0.710335
-0.280255 -0.761915 -0.583903
-0.475471 -0.659288 -0.582466
-0.72618 -0.409074 -0.552558
-0.602365 0.738037 -0.30407
-0.378615 0.91427 -0.144088
-0.452228 0.880434 -0.142571
-0.670767 0.685935 -0.282073
-0.100078 0.994715 -0.0229631
-0.168698 0.985515 -0.0173878
-0.681904 0.618616 -0.390283
-0.556183 0.810014 -0.18584
-0.246932 0.812489 -0.528097
-0.334825 0.652845 -0.679474
-0.268627 0.961151 0.0634627
-0.0929481 0.952988 -0.2884
0.208525 0.97717 0.0407028
0.452322 0.890905 0.041146
0.463397 0.869185 0.172569
0.172532 0.979565 0.103369
0.160408 0.969584 0.18487
0.254928 0.931521 -0.259386
0.449158 0.871911 0.195007
0.468538 0.844582 -0.259138
0.398933 0.622795 -0.673037
0.218757 0.69557 -0.684345
0.150835 0.572709 -0.805763
0.348179 0.497834 -0.794313
-0.840657 -0.0892909 -0.534157
-0.830955 0.142904 -0.537672
-0.753913 0.0281518 -0.656371
-0.779099 0.2625 -0.569297
-0.825196 0.219308 -0.520534
-0.789976 0.0174639 -0.612889
0.838053 0.309122 -0.449567
0.829439 0.49767 -0.253683
0.909416 0.407902 0.081113
0.982773 0.131662 -0.129704
0.949182 -0.0839704 -0.303318
0.803025 0.145796 -0.577836
0.859525 0.508819 -0.0481771
0.950595 0.27716 -0.139824
0.983395 0.178226 0.0342119
0.897607 0.420333 0.132747
0.945114 -0.0290453 -0.325448
0.981733 -0.136629 -0.132413
0.730941 -0.674231 -0.105536
0.608298 -0.75865 -0.23329
0.564141 -0.790382 -0.238832
0.700113 -0.70678 -0.101507
0.324701 -0.853903 -0.406717
0.292761 -0.866324 -0.404689
-0.755758 -0.416988 -0.504927
-0.493534 -0.665208 -0.560288
-0.490026 -0.66112 -0.568151
-0.760228 -0.39599 -0.515021
-0.277935 -0.784561 -0.554271
-0.271746 -0.782849 -0.559733
-0.666598 0.726648 0.166224
-0.373603 0.870586 0.320158
-0.39315 0.846452 0.3591
-0.692011 0.696909 0.18825
-0.870518 0.491878 0.0159349
-0.854091 0.520123 0.00071635
0.0254875 0.897573 0.440129
0.397452 0.771698 0.496502
0.379604 0.757214 0.531534
0.0166372 0.876259 0.481552
-0.89757 -0.179881 -0.402506
-0.941629 0.0315195 -0.335173
-0.748299 -0.453292 -0.48433
0.981642 -0.00585617 0.190644
0.960533 -0.277484 0.0194771
0.885885 0.306022 0.348653
0.679622 -0.695975 -0.231803
0.515357 -0.79966 -0.308142
0.248382 -0.877204 -0.410877
-0.298217 -0.797539 -0.524403
-0.501457 -0.685673 -0.52763
-0.673111 0.734866 0.0830303
-0.348965 0.894856 0.278311
-0.847544 0.521114 -0.100547
0.0746313 0.910291 0.407185
0.394197 0.804695 0.443932
-0.912825 -0.141508 -0.383048
-0.914838 -0.102757 -0.390529
-0.956391 0.0789577 -0.281214
-0.961717 0.0450919 -0.270309
0.9352 -0.0312839 0.352736
0.932062 -0.303564 0.197763
0.915505 -0.335671 0.221754
0.922808 -0.0706293 0.378731
0.845688 0.208028 0.491463
0.86111 0.226838 0.455011
0.197473 0.952276 0.232754
0.299168 0.940418 0.161592
0.218937 0.971773 0.0878884
-0.0774912 0.993396 0.0846113
0.430925 0.902069 0.0240064
0.42811 0.903511 0.0197329
0.356216 0.911799 0.204284
0.438519 0.897975 0.0366392
0.300126 0.910094 0.285751
-0.220931 -0.696913 -0.682277
-0.430222 -0.594592 -0.679242
-0.385975 -0.57326 -0.72277
-0.190233 -0.661124 -0.725759
-0.667863 -0.363992 -0.649206
-0.630911 -0.33871 -0.698016
-0.420195 -0.586808 -0.692165
-0.653265 -0.36144 -0.665287
-0.221402 -0.698591 -0.680406
-0.815817 -0.0302891 -0.577516
-0.781315 -0.000611549 -0.624136
-0.838185 0.25953 -0.479677
-0.802885 0.266899 -0.533049
-0.815189 -0.0272254 -0.578555
-0.843796 0.273374 -0.461817
-0.651223 0.750165 -0.114721
-0.44134 0.894665 0.0692288
-0.383943 0.922076 -0.0486226
-0.614414 0.758212 -0.218196
-0.196793 0.960614 0.196196
-0.451117 0.883258 0.127865
-0.266695 0.923348 0.276229
-0.62542 0.77616 -0.0801563
0.493268 0.847682 -0.195249
0.574972 0.80431 -0.149973
0.635193 0.768896 -0.0730013
0.682402 0.730953 0.00596749
0.721038 0.668657 0.181666
0.663325 0.516565 0.541443
0.690167 0.520131 0.503124
0.685931 0.703805 0.184815
0.658825 0.613509 0.435381
0.645182 0.722336 -0.248939
0.551255 0.529594 -0.644708
0.515 0.400765 -0.757735
0.33323 -0.0928861 -0.938259
0.421215 0.0956821 -0.9019
0.0332238 -0.615747 -0.787243
-0.0681974 -0.829381 -0.554506
-0.0744766 -0.866429 -0.493715
-0.0331265 -0.851705 -0.522974
-0.0442206 -0.854894 -0.516914
0.0131807 -0.67304 -0.739489
0.0196898 -0.728527 -0.684734
-0.0144959 -0.728822 -0.68455
-0.0319249 -0.753385 -0.656805
0.000202574 -0.685026 -0.728519
-0.590377 0.806188 0.0389371
-0.797137 0.59398 -0.108449
-0.294743 0.940067 0.171468
-0.877898 -0.045188 -0.476711
-0.720751 -0.351462 -0.597489
-0.917703 0.139602 -0.37193
0.971962 0.0646776 0.226069
0.893073 0.308326 0.327653
0.971079 -0.229902 0.0644204
0.649564 -0.691306 -0.316484
0.760768 -0.614834 -0.207873
0.360513 -0.796029 -0.486178
-0.450507 -0.621562 -0.640862
-0.238303 -0.739745 -0.629276
-0.00409353 -0.802786 -0.596254
0.72321 0.579285 0.376026
0.437443 0.821885 0.364897
0.0876973 0.951589 0.294597
0.942269 -0.060974 0.329258
0.927651 -0.333411 0.168227
0.856299 0.240556 0.457038
0.525939 -0.805186 -0.273977
0.265142 -0.868384 -0.419057
0.676691 -0.721339 -0.147508
-0.692793 0.702918 0.161073
-0.381976 0.85926 0.340246
-0.870742 0.491609 -0.0113196
-0.901754 -0.170847 -0.397053
-0.956595 0.0239127 -0.290438
-0.744477 -0.432783 -0.508383
-0.281043 -0.781251 -0.557371
-0.491709 -0.665471 -0.561579
-0.0534732 -0.851644 -0.521386
0.652498 0.554013 0.517026
0.378279 0.772186 0.510523
0.0352906 0.884368 0.465455
0.201104 0.97411 0.103279
-0.126578 0.26344 -0.956335
-0.0825449 0.57492 -0.814035
0.00856522 0.831153 -0.555977
-0.0276292 0.582638 -0.812262
0.0856043 0.827542 -0.554839
-0.0736202 0.274881 -0.958656
-0.125012 -0.419723 -0.899002
-0.133445 -0.206664 -0.969269
-0.0849293 -0.417569 -0.904668
-0.0953645 -0.208724 -0.973314
0.226281 -0.972533 0.054562
0.227802 -0.971082 -0.0714546
0.218612 -0.966801 -0.132309
0.217419 -0.962059 0.164835
0.204479 -0.95715 0.205065
0.175764 -0.960756 -0.214606
0.17545 -0.947825 0.266167
0.233214 0.940489 -0.247166
0.128293 0.959198 -0.251954
0.192698 0.980836 -0.028795
0.304103 0.952515 0.015388
0.177745 0.97715 0.116554
0.281957 0.937317 0.204787
0.0769794 0.980341 0.181675
0.141462 0.953984 0.264391
-0.00982888 0.971852 0.235386
-0.0450782 0.98344 0.175537
-0.577338 0.81341 -0.0710233
-0.408484 0.895017 0.179125
-0.281534 0.888087 0.363374
-0.633973 -0.333517 -0.697742
-0.798857 0.0149065 -0.601336
-0.831965 0.314451 -0.457115
-0.408559 -0.581971 -0.703128
-0.231542 -0.710036 -0.66501
-0.105559 -0.937242 -0.332318
-0.0178304 -0.962628 -0.27024
-0.0115226 -0.998964 0.0440178
-0.0671234 -0.997112 0.0355264
0.0762189 -0.969783 -0.231759
-0.0375749 -0.875525 -0.48171
0.0639525 -0.901415 -0.428207
-0.0828043 -0.915021 0.394817
-0.0415869 -0.937759 0.344787
-0.0907723 -0.824017 0.559247
-0.12634 -0.682818 0.719582
-0.0108668 -0.84441 0.535586
-0.0609549 -0.783154 0.618832
-0.158948 0.825906 0.540939
-0.234856 0.539132 0.808814
-0.304787 0.219686 0.926738
-0.255426 0.508105 0.822549
-0.259414 0.166642 0.951281
-0.212879 0.813641 0.540991
0.276063 0.855825 0.437438
0.207611 0.891108 0.403515
0.103813 0.885864 0.452182
0.140217 0.852816 0.503035
0.413413 0.90937 0.0462152
0.370892 0.896145 0.243647
0.3318 0.882265 0.333943
0.11656 -0.914462 -0.387522
0.145842 -0.968085 -0.203819
0.0557374 -0.818044 -0.572448
-0.0477554 -0.796868 -0.602263
-0.0807529 -0.996498 0.0217038
-0.0411743 -0.902684 0.428331
-0.0235626 -0.645884 0.763072
-0.132052 -0.906595 -0.400809
-0.114954 -0.650286 0.750942
-0.269607 -0.418438 0.867307
-0.104955 0.149174 0.983225
-0.172092 0.505596 0.845433
-0.175098 0.817854 0.548138
-0.0917521 0.950311 0.297475
-0.154749 0.94632 0.283781
-0.0689264 0.953776 0.292507
-0.122637 0.952552 0.278576
-0.0909047 0.861001 0.500414
-0.0807898 0.897528 0.433493
0.222262 0.815296 -0.534689
0.372739 0.899259 -0.228909
0.0769679 0.593357 -0.801251
0.0175859 0.28381 -0.958719
-0.00320311 -0.438561 -0.898696
0.0413807 -0.665643 -0.745122
-0.0241027 -0.224772 -0.974113
0.0807491 -0.828328 -0.554393
0.0877114 0.953758 0.287494
0.249604 0.911579 0.326683
-0.0290728 0.93115 0.363475
0.162855 0.907746 0.386619
0.287824 0.873595 0.392415
0.153382 0.872704 0.463532
-0.0815331 0.88011 0.467716
-0.228351 -0.238305 0.943963
-0.3403 -0.112959 0.933507
-0.446517 0.799891 -0.400995
-0.678621 0.654789 -0.332753
-0.758738 0.579559 -0.297368
-0.782197 0.545552 -0.300901
-0.791949 0.516772 -0.325213
-0.762056 0.509001 -0.400237
-0.744634 0.483437 -0.460226
-0.802125 0.421507 -0.422998
-0.90652 0.330263 -0.262959
-0.949313 0.267712 -0.164725
-0.958729 0.241659 -0.1498
-0.95694 0.233189 -0.172883
-0.934073 0.254471 -0.250505
-0.777641 0.369894 -0.508383
-0.440008 0.457208 -0.772887
0.0696642 0.433179 -0.898612
0.289906 0.360863 -0.886415
0.741464 -0.0560622 -0.668647
0.469982 0.249816 -0.846587
0.848718 -0.326464 -0.416051
0.832447 -0.536975 -0.13671
0.812176 -0.58333 -0.00978152
0.814818 -0.578362 0.0396167
0.832546 -0.553615 0.0194468
0.858006 -0.50241 -0.106822
0.853678 -0.420983 -0.306607
0.791909 -0.301857 -0.530813
0.676567 -0.208786 -0.706163
0.16749 -0.0421467 -0.984972
0.425412 -0.100961 -0.899351
-0.0883489 -0.00881305 -0.996051
-0.00891407 -0.0136111 -0.999868
-0.135212 -0.0149428 -0.990704
-0.0167975 -0.255375 0.966696
0.509379 0.615513 -0.601396
0.398717 0.372453 -0.838036
0.7228 0.127087 -0.679271
0.757817 0.41565 -0.50294
0.302934 0.749376 -0.588783
0.218511 0.515193 -0.828752
0.0716861 0.184321 -0.980248
0.306245 -0.0786086 -0.948702
0.587957 -0.248717 -0.769706
0.0794593 -0.266597 -0.960527
0.191448 -0.394636 -0.898672
0.0885076 -0.589569 -0.802854
0.155132 -0.67458 -0.721718
0.168786 -0.796078 -0.581181
0.360943 -0.527944 -0.768762
-0.0127678 0.976548 0.214919
-0.0282994 0.96616 0.256387
-0.0980982 0.960815 0.259251
-0.0490388 0.974245 0.220097
0.0499277 0.888571 0.456015
0.0595149 0.869653 0.490064
0.113713 0.843644 0.524723
0.0237697 0.956242 0.291609
-0.0353856 0.95516 0.293967
0.213012 0.587444 0.780727
0.174837 0.630879 0.755926
0.250028 0.348771 0.903241
0.286161 0.305879 0.908047
0.123913 0.656374 0.74419
0.168443 0.358831 0.918078
0.0696392 0.880329 0.469225
0.0231539 0.975157 0.220302
0.00800329 0.959913 0.280184
0.0633659 0.842683 0.534668
0.0131533 0.987731 0.155612
-0.0354502 0.983403 0.17794
0.0958054 0.655875 0.748766
0.105157 0.354945 0.928954
0.0887535 0.630794 0.770857
0.0918106 0.334716 0.937836
-0.200276 -0.978586 0.0475295
-0.195521 -0.959877 0.201016
-0.213109 -0.96215 0.169862
-0.212899 -0.975583 0.0539676
-0.189368 -0.980834 0.0458729
-0.164958 -0.956939 0.238865
-0.122934 -0.927738 0.352406
-0.182091 -0.94696 0.264782
-0.209097 -0.953497 0.217074
-0.178499 -0.968734 -0.172318
-0.195311 -0.972998 -0.123
-0.180712 -0.961422 -0.207391
-0.132775 -0.92889 -0.345737
-0.21362 -0.973966 -0.07588
-0.211491 -0.967403 -0.139296
0.0653009 -0.680362 -0.729962
-0.0250179 -0.847216 -0.53066
-0.0239441 -0.868532 -0.495054
0.0815055 -0.707188 -0.702312
0.0246905 -0.667132 -0.74453
-0.0562285 -0.840049 -0.539589
-0.102813 -0.923996 -0.368321
-0.118714 -0.937725 -0.326465
-0.895967 0.357821 -0.263073
-0.654154 0.51698 -0.552099
-0.664052 0.673977 -0.323712
-0.808088 0.569457 -0.150708
-0.862509 0.0657407 -0.501753
-0.545621 0.220025 -0.808633
-0.215024 0.278603 -0.936026
-0.308152 0.59289 -0.743991
-0.442991 0.769479 -0.460067
0.0606475 -0.466258 0.882568
0.0543446 -0.494269 0.867609
0.078166 -0.273954 0.958561
0.0712776 -0.252135 0.965064
0.00695763 -0.705073 0.709101
0.00181975 -0.709532 0.704671
0.0359379 -0.708213 0.705084
0.100689 -0.499132 0.860656
0.141966 -0.275525 0.950753
0.220367 -0.266013 0.938443
0.166429 -0.488386 0.85661
0.169459 -0.509668 0.843518
0.250539 -0.287143 0.924543
0.095114 -0.690391 0.717156
0.124304 -0.665388 0.736076
-0.16436 -0.498228 -0.851325
-0.356759 -0.523516 -0.773727
-0.193677 -0.673933 -0.712954
-0.0860074 -0.718381 -0.690313
-0.154678 -0.274487 -0.949069
-0.39452 -0.325409 -0.859339
-0.564235 -0.35437 -0.745695
-0.463566 -0.494015 -0.735565
-0.245694 -0.636366 -0.731213
0.348674 0.91406 0.207175
0.242839 0.946293 0.213445
0.302093 0.952304 -0.0430923
0.50682 0.858572 -0.0773819
0.253367 0.87942 0.40302
0.197788 0.911924 0.359547
0.151942 0.953328 0.26092
0.145345 0.970933 0.190168
0.138723 0.986162 0.0907788
0.0267341 0.980463 0.19488
-0.0508464 0.973903 0.221197
-0.021464 0.997534 0.0668188
0.0412032 0.987817 0.150069
-0.154275 0.93172 0.328782
-0.252321 0.910426 0.327809
-0.12715 0.974322 0.185821
-0.149699 0.987602 0.0472526
0.0934614 0.605591 0.790269
0.0602244 0.804804 0.590478
0.0995678 0.313489 0.944358
-0.200647 -0.979183 0.0306987
-0.236125 -0.970773 0.0429432
-0.243695 -0.953447 0.177627
-0.225991 -0.949904 0.215893
-0.262896 -0.943359 0.202385
-0.300895 -0.871099 0.388134
-0.221284 -0.970921 -0.0913499
-0.217402 -0.961514 -0.168011
-0.288366 -0.949264 -0.125469
-0.354606 -0.928401 0.111027
-0.103312 -0.953555 -0.282947
-0.00469423 -0.884504 -0.46651
0.103585 -0.717632 -0.688676
0.191755 0.252887 -0.948303
0.246886 0.229648 -0.94144
0.197766 0.551376 -0.810477
0.144733 0.573726 -0.806158
0.117546 0.816521 -0.565223
0.0622425 0.836418 -0.544546
0.0787913 -0.429073 0.899827
0.0192172 -0.699034 0.71483
0.0858528 -0.222266 0.971199
-0.0445565 0.970317 -0.237696
0.0167468 0.969406 -0.244891
-0.0902694 0.995913 -0.00287887
-0.129137 0.991038 -0.0341515
0.250153 -0.0459568 -0.967115
0.198081 -0.0292447 -0.979749
0.186091 -0.208587 -0.960136
0.231425 -0.215809 -0.948614
-0.165977 0.92364 -0.345458
-0.374139 0.878097 0.298271
-0.506274 0.841551 -0.188358
-0.06833 -0.857591 0.509774
-0.0712589 -0.861436 0.502841
-0.127693 -0.924582 0.358947
-0.131522 -0.923817 0.359533
-0.0466345 -0.861788 0.505121
-0.0586095 -0.862315 0.502968
-0.124257 -0.932637 0.338746
0.162257 -0.426532 -0.8898
0.193992 -0.43108 -0.881213
-0.0543598 -0.913731 0.402666
-0.104892 -0.957068 0.270221
-0.0337751 -0.953073 0.30085
0.00884864 -0.884459 0.466533
-0.143954 -0.988412 0.0481478
-0.0666562 -0.99648 0.0508319
0.079845 -0.0161274 0.996677
0.0885014 -0.0201924 0.995871
0.0966119 -0.00311153 0.995317
0.169653 0.00938891 0.985459
0.260244 0.0229129 0.965271
0.304659 -0.00235565 0.952459
-0.277169 -0.899644 -0.337371
-0.260258 -0.960239 -0.101031
-0.233288 -0.959063 -0.160543
-0.560045 -0.822988 -0.0950801
-0.358395 -0.933111 0.0292743
-0.18802 -0.951776 0.242426
-0.216849 -0.956244 0.196404
-0.617092 -0.77316 0.146359
-0.0490416 0.996659 -0.065318
0.0206636 0.991665 0.127172
-0.00190143 0.941416 0.337243
-0.0655116 0.981535 0.179716
-0.937023 0.000430415 0.349266
-0.998258 -0.0319376 0.0495999
-0.974752 -0.222324 0.0207785
-0.919942 -0.189887 0.343002
-0.923303 0.175966 0.341392
-0.986162 0.152861 0.0641744
-0.81321 0.0713709 -0.577577
-0.798341 -0.137884 -0.586208
-0.732417 -0.329594 -0.595763
0.0922971 -0.0355754 0.995096
0.210595 -0.0874078 0.973658
0.162599 -0.264458 0.950591
0.0540076 -0.195555 0.979205
0.109385 0.26992 0.95665
0.235473 0.231117 0.944001
0.0729087 -0.155271 0.985178
-0.362102 -0.0766417 0.928982
-0.281223 -0.285617 0.916153
0.124384 -0.375845 0.918297
0.0552874 0.122931 0.990874
-0.391597 0.149254 0.907951
-0.383906 -0.892067 -0.238394
-0.481446 -0.856647 -0.185378
-0.363695 -0.918512 0.155118
-0.26969 -0.958429 0.0931703
-0.279673 -0.895711 0.345665
-0.190422 -0.933741 0.303097
-0.286244 -0.874606 -0.391316
-0.127913 -0.900955 -0.414631
-0.0175018 -0.990121 -0.139118
-0.241623 -0.965066 -0.101322
0.0649751 -0.993852 0.0896411
-0.16944 -0.977619 0.124707
-0.336837 0.0854928 -0.937674
-0.352023 0.0777031 -0.932761
-0.323791 0.343627 -0.881521
-0.359111 0.313135 -0.879196
-0.275659 0.658964 -0.699842
-0.368809 0.666267 -0.648127
-0.626447 0.575789 -0.525387
-0.335804 0.611597 -0.716369
-0.431908 0.271712 -0.860016
-0.762854 0.284476 -0.580626
-0.484899 0.025903 -0.874186
-0.159253 0.931802 -0.326166
-0.255406 0.943302 -0.21201
-0.0232414 0.995909 0.0873247
-0.119661 0.983118 0.138423
-0.545869 0.812647 0.204039
-0.112322 0.990928 0.0737908
-0.226938 0.916757 -0.328718
-0.615937 0.780373 -0.107892
-0.933663 0.352911 0.0610498
-0.869349 0.377875 0.318501
-0.404605 -0.40196 -0.821415
-0.467479 -0.202163 -0.860577
-0.37386 -0.079926 -0.924035
-0.392884 -0.148827 -0.907465
-0.448306 -0.242283 -0.860419
-0.442405 -0.329302 -0.834169
0.0909683 0.407351 0.90873
-0.361267 0.374397 0.853998
0.109922 0.688335 0.717016
-0.272944 0.629796 0.727227
0.217508 0.546697 0.808587
0.0850881 0.572908 0.815191
0.0361904 0.766349 0.641405
0.175404 0.747495 0.64069
0.351291 0.174487 0.919864
0.396034 0.128911 0.909142
0.371746 -0.187727 0.909155
0.323005 -0.142852 0.935554
0.32819 -0.396558 0.857341
0.277216 -0.334562 0.900677
-0.0746549 -0.995815 -0.052723
-0.140943 -0.989994 0.00689959
-0.0526602 -0.969923 0.237648
0.01705 -0.982658 0.184642
-0.178389 -0.918391 -0.35318
-0.254067 -0.911283 -0.324057
-0.262015 0.294044 -0.919177
-0.278698 0.316273 -0.906807
-0.314664 0.0456676 -0.948104
-0.292246 0.0238214 -0.956046
-0.191567 0.602404 -0.774862
-0.206813 0.616114 -0.760021
-0.0599075 0.894311 -0.443417
-0.0705694 0.900971 -0.428102
0.111428 0.993728 0.00942619
0.0990136 0.994805 0.0236558
-0.285203 -0.435977 -0.853571
-0.312324 -0.227189 -0.922409
-0.317286 0.0169351 -0.948179
0.291732 0.688312 0.664168
0.327728 0.425714 0.843423
0.331879 0.111474 0.936712
0.307595 -0.418761 0.854415
0.322524 -0.198132 0.925593
-0.0268122 -0.994303 -0.103167
0.0617315 -0.989111 0.1336
-0.124366 -0.916948 -0.37913
-0.287623 0.282378 -0.91517
-0.214982 0.61081 -0.762033
-0.0872936 0.908212 -0.409306
0.0648396 0.997626 0.0232086
-0.350259 -0.379724 -0.856229
-0.293382 -0.424307 -0.856674
-0.29766 -0.223723 -0.928087
-0.335117 -0.194978 -0.921781
0.305366 0.707524 0.637307
0.339112 0.686417 0.6433
0.383033 0.448012 0.807819
0.34015 0.492627 0.80101
-0.175739 0.979213 0.101283
-0.238552 0.966709 -0.0925521
-0.0807695 0.985392 0.149928
-0.408216 0.91068 -0.0634193
-0.422409 0.679576 -0.599789
-0.294168 -0.943454 0.152841
-0.193381 -0.921251 0.33749
-0.450387 -0.865495 -0.219251
-0.466406 -0.60356 -0.646668
-0.526997 -0.538276 -0.657673
-0.28698 -0.0993457 -0.952771
-0.341982 -0.162541 -0.925542
-0.287213 -0.0480595 -0.956661
-0.236306 -0.0412794 -0.970801
-0.303702 0.061539 -0.950778
-0.298406 0.0280642 -0.954026
-0.476591 0.282378 -0.832541
-0.381434 0.269262 -0.884311
0.0859454 0.290191 0.953102
0.0751107 0.584217 0.808114
0.0412768 0.777884 0.627051
-0.0158986 -0.388297 0.921397
0.0813998 -0.461833 0.883224
-0.034183 -0.721562 0.691505
-0.126037 -0.679164 0.723084
0.0737216 -0.0196297 0.997086
0.0620791 -0.185775 0.980629
0.178441 -0.789269 0.587548
0.110461 -0.761515 0.638665
0.207759 -0.533224 0.820066
0.263013 -0.59571 0.758916
0.189186 -0.605083 0.773359
0.275082 -0.625764 0.729896
0.203317 -0.815866 0.541318
0.21439 -0.808244 0.548432
-0.266976 -0.678579 -0.684291
-0.343334 -0.635057 -0.691971
-0.596667 -0.572016 -0.562838
-0.290883 -0.653292 -0.698997
-0.22645 -0.69276 -0.684692
-0.488834 -0.415973 -0.766817
-0.468844 -0.456303 -0.756289
0.0364803 -0.385095 0.922156
-0.04237 -0.688242 0.724243
-0.149438 -0.541298 0.827444
0.0478524 -0.819072 0.571691
-0.849253 -0.5279 -0.00955541
-0.789381 -0.534455 0.302052
-0.00885124 0.922728 0.385349
0.098142 0.904312 0.415436
-0.0294906 0.908726 0.41635
0.254172 0.88066 0.399792
0.234069 0.884005 0.404657
0.0180836 0.906972 0.420803
0.202528 0.895238 0.396901
-0.434738 0.772378 0.463071
-0.799752 0.177829 0.573389
-0.75857 0.373061 0.534226
-0.799639 -0.00138275 0.600479
-0.765419 -0.189524 0.614992
-0.641628 -0.505796 0.576614
-0.0759223 -0.936572 0.342152
0.145384 -0.938366 0.31358
0.143611 -0.924696 0.35258
0.0993142 -0.913251 0.395106
0.0258506 -0.89918 0.436816
-0.120765 -0.866648 0.484083
-0.210213 -0.833546 0.510893
-0.121688 -0.853504 0.506679
-0.457604 -0.0727223 -0.886177
-0.285154 -0.042133 -0.957555
-0.356263 0.0657303 0.932071
-0.33274 -0.0888074 0.938828
-0.408984 0.0129311 -0.91245
-0.320339 0.258409 0.911377
-0.271826 0.450254 0.850519
-0.811147 0.412701 -0.414389
-0.596051 0.757322 0.266809
-0.163548 0.809797 0.563455
-0.876186 -0.430825 -0.216074
-0.356194 -0.391926 0.848245
-0.92248 -0.0215567 -0.385444
-0.781811 -0.0276933 -0.6229
-0.736467 -0.204608 -0.644788
-0.903364 -0.19965 -0.379569
-0.913401 0.155766 -0.376079
-0.794314 0.156122 -0.587104
-0.390527 0.123287 -0.912299
-0.327696 -0.102135 -0.939246
-0.2347 -0.286625 -0.92885
-0.357733 0.118321 0.926298
-0.374255 0.10443 0.921427
-0.410408 -0.107267 0.905571
-0.37543 -0.0371148 0.926107
-0.460082 -0.255045 0.850457
-0.42192 -0.167138 0.891094
-0.876392 -0.149141 0.457923
-0.595821 -0.205849 0.776289
-0.62428 0.0329333 0.780507
-0.901243 0.0710883 0.427443
-0.807408 -0.330598 0.488669
-0.529595 -0.393281 0.751571
-0.147288 -0.958313 -0.244831
-0.134908 -0.964656 -0.226361
-0.0392161 -0.906878 -0.419566
-0.0641337 -0.896501 -0.438375
0.064888 -0.766483 -0.638978
0.030773 -0.747053 -0.664052
0.0403124 -0.81576 -0.576985
0.20618 -0.818632 -0.536033
0.121244 -0.949466 -0.289506
-0.0947137 -0.935453 -0.340525
0.0190157 -0.997565 -0.0671032
-0.201035 -0.971797 -0.123273
0.133008 0.533732 -0.835128
0.219057 0.509985 -0.831823
0.127893 0.775517 -0.618237
0.0318512 0.785946 -0.617474
0.1991 0.201377 -0.959066
0.266043 0.171534 -0.948577
-0.350968 0.632008 -0.690933
0.0338596 0.723718 -0.689264
0.0701599 0.401602 -0.913123
-0.392163 0.368339 -0.842932
0.0677033 0.108493 -0.991789
-0.0104175 0.950738 -0.309819
-0.085576 0.947457 -0.308223
-0.16141 0.985379 0.0545454
-0.204742 0.978224 0.0340334
-0.109297 0.931882 -0.345906
-0.509229 0.742516 -0.435151
-0.615144 0.757102 -0.219985
-0.24271 0.969203 -0.0416794
-0.76108 0.361702 -0.538451
-0.864885 0.364173 -0.345473
0.115725 -0.144902 -0.982655
0.174356 -0.338635 -0.924622
0.184041 -0.257483 -0.948595
0.236424 -0.290198 -0.927302
0.264791 -0.114538 -0.957479
0.209114 -0.0838592 -0.974289
-0.579619 0.301854 0.756919
-0.864743 0.302204 0.401115
-0.481033 0.619148 0.620696
-0.756468 0.55984 0.338135
-0.35993 0.36863 0.857066
-0.388555 0.342288 0.85549
-0.404675 0.620638 0.6716
-0.34119 0.630991 0.696735
-0.360152 -0.391775 0.846642
-0.397938 -0.323984 0.858301
-0.369807 -0.165193 0.914305
-0.355929 -0.209341 0.910764
-0.341791 0.0699141 0.937172
-0.341798 0.042452 0.938814
0.220261 -0.795791 -0.564094
0.166245 -0.778815 -0.604823
0.0554748 -0.920202 -0.387492
0.110511 -0.929331 -0.352322
-0.0492544 -0.981623 -0.184364
0.000916251 -0.99012 -0.140219
0.316333 0.733103 -0.602074
0.274843 0.741278 -0.612346
0.360658 0.453732 -0.814895
0.402601 0.424717 -0.810881
0.392102 0.126199 -0.911224
0.430468 0.101821 -0.896844
0.169344 0.945104 -0.279466
0.131014 0.945612 -0.297748
0.0135671 0.99566 0.0920684
-0.0334599 0.995089 0.0931608
0.356033 -0.35857 -0.862941
0.35483 -0.162756 -0.920655
0.341099 0.10022 -0.93467
-0.306213 0.624725 0.718298
-0.390523 0.312946 0.865769
-0.432117 0.027875 0.901387
-0.394869 -0.415828 0.819247
-0.426102 -0.221867 0.877047
0.134845 -0.939187 -0.315823
0.237319 -0.812068 -0.533128
0.0262613 -0.994903 -0.0973569
0.314484 0.416394 -0.853062
0.234487 0.740535 -0.62978
0.0920022 0.952206 -0.291272
-0.0485525 0.997527 0.0508117
0.34375 -0.317806 -0.883649
0.39176 -0.349796 -0.85098
0.421512 -0.164723 -0.891736
0.378029 -0.143104 -0.914667
-0.25375 0.612032 0.749018
-0.228615 0.614076 0.755412
-0.298913 0.328255 0.896047
-0.305029 0.347113 0.886831
0.0848969 0.799853 -0.594162
-0.0096573 0.961819 -0.273517
-0.118616 0.992321 0.0350511
0.0863818 -0.737429 -0.669879
-0.0100601 -0.897463 -0.440975
-0.0953662 -0.964661 -0.245629
0.129649 -0.473634 -0.871127
0.174283 -0.506461 -0.844466
0.245302 0.217783 -0.944668
0.254421 -0.0645312 -0.964938
0.229821 -0.235019 -0.94443
0.178238 0.543506 -0.820264
-0.372354 0.299683 0.878375
-0.449206 0.348148 0.822805
-0.403819 0.611812 0.680159
-0.312914 0.105896 0.94386
-0.319984 0.0973385 0.942409
-0.48729 -0.501736 0.71471
-0.460385 -0.432272 0.775362
-0.400003 -0.843346 0.358838
-0.389955 -0.833038 0.392406
-0.303891 0.00635144 0.952686
-0.303183 -0.00242928 0.952929
-0.338714 -0.106009 0.934898
-0.363495 -0.103097 0.925874
-0.344292 -0.623979 0.701508
-0.407516 -0.552494 0.727105
-0.252659 -0.878876 0.404648
-0.317822 -0.860352 0.398475
-0.331573 -0.653209 0.680718
-0.408747 -0.625593 0.664499
-0.229309 -0.873381 0.429677
-0.216524 -0.884875 0.412448
0.327947 -0.56645 -0.756033
0.27845 -0.530027 -0.80096
-0.119888 -0.521658 -0.844689
0.220804 -0.572037 -0.789949
0.323563 -0.587244 -0.741924
0.181288 -0.452236 -0.87328
-0.39003 -0.372437 0.842121
-0.449175 -0.423567 0.786659
-0.349959 -0.827082 0.439845
-0.670749 -0.556886 0.489871
-0.370416 -0.847887 0.379314
-0.614779 -0.503515 -0.607058
-0.778983 -0.531067 -0.333396
-0.22986 0.956606 0.179079
-0.28392 0.903153 0.322032
-0.334126 0.866028 0.371961
-0.276932 0.865275 0.417861
-0.124168 0.874394 0.469061
-0.168011 0.861248 0.479608
-0.182087 0.89471 0.407845
-0.359763 0.88713 0.289086
-0.699475 0.714347 0.0210484
-0.981829 0.138512 -0.129716
-0.930523 0.344889 -0.123203
-0.970588 -0.229721 -0.0720198
-0.992545 -0.0516318 -0.110402
-0.29228 -0.950685 0.103784
-0.853938 -0.519784 -0.024791
-0.0896295 -0.982408 0.163835
-0.0916415 -0.985659 0.141701
-0.121968 -0.987094 0.103773
-0.171773 -0.983387 0.0586825
-0.249526 -0.968362 -0.00353209
-0.250642 -0.968054 0.00706628
-0.202268 -0.979328 -0.00222459
-0.72387 0.679064 -0.122006
-0.148043 0.441272 -0.885078
-0.910051 0.393974 -0.128812
-0.0441005 0.130085 -0.990522
-0.0157652 -0.0530473 -0.998468
-0.855169 -0.10631 -0.507331
-0.78348 -0.410461 -0.466562
-0.0437117 -0.164191 -0.98546
-0.718673 -0.680989 -0.140579
-0.156072 -0.443772 -0.882444
-0.949476 -0.192222 -0.248084
-0.971826 -0.0260407 -0.234258
-0.671842 -0.116201 -0.731523
-0.612629 -0.290194 -0.735169
-0.984286 -0.173782 0.0313056
-0.999526 -0.00865851 0.0295281
-0.985979 0.165327 0.0226353
-0.961229 0.158403 -0.225716
-0.690548 0.102256 -0.716022
-0.00184517 0.169319 0.98556
-0.0426649 0.159584 0.986262
-0.072296 -0.0786624 0.994276
-0.0349517 -0.0142523 0.999287
-0.123322 -0.227935 0.965835
-0.105247 -0.143125 0.984093
-0.246608 -0.1549 0.956656
-0.631488 -0.0927946 0.769813
-0.569591 -0.268639 0.776788
-0.196157 -0.344831 0.91794
-0.260074 0.0859588 0.961755
-0.650167 0.116015 0.750882
-0.253477 -0.828218 -0.499804
-0.261233 -0.808186 -0.52782
-0.262161 -0.944171 -0.199533
-0.260681 -0.947831 -0.183474
-0.25774 -0.965634 0.0334827
-0.263599 -0.96356 0.0454731
-0.0245124 -0.981216 -0.191347
-0.300206 -0.938625 -0.169881
-0.259497 -0.843116 -0.470974
-0.0409252 -0.866406 -0.497661
-0.0253044 -0.999368 0.024974
-0.304615 -0.95203 0.0291209
-0.0813368 0.401274 -0.91234
-0.14496 0.401255 -0.904423
-0.110302 0.12891 -0.985503
-0.0729773 0.107586 -0.991514
-0.118454 0.718575 -0.685287
-0.199193 0.723941 -0.660478
-0.648663 0.342537 -0.679635
-0.229595 0.333575 -0.914338
-0.268684 0.0511158 -0.961871
-0.544004 0.614843 -0.570988
-0.182107 0.673028 -0.716848
-0.148076 0.936969 -0.316485
-0.198318 0.942203 -0.270043
-0.154021 0.984024 0.0892985
-0.155 0.982719 0.101186
-0.59735 0.801846 -0.0147064
-0.169078 0.985598 0.00309757
-0.175949 0.920242 -0.349567
-0.593301 0.756498 -0.275143
-0.924303 0.381602 0.00660181
-0.901084 0.369884 -0.226349
-0.248714 -0.18552 -0.950644
-0.199356 -0.364191 -0.909738
-0.122905 -0.0732907 -0.989708
-0.101869 -0.119528 -0.987591
-0.16372 -0.228392 -0.959705
-0.150796 -0.283234 -0.947121
-0.150847 0.655913 0.739611
-0.505175 0.601122 0.619234
-0.610291 0.341578 0.714751
-0.211925 0.357013 0.909742
-0.0964032 0.618991 0.779459
-0.0866088 0.644858 0.75938
-0.0512651 0.42594 0.903298
-0.0351787 0.39022 0.920049
0.0435488 -0.177075 0.983233
-0.0118747 -0.134068 0.990901
0.01053 0.1252 0.992076
0.0603767 0.0893366 0.99417
0.0227092 -0.361888 0.931945
-0.0414486 -0.298683 0.953452
-0.0348684 -0.857844 -0.512726
-0.116424 -0.840016 -0.529923
-0.128247 -0.9691 -0.210706
-0.0430413 -0.975674 -0.214961
-0.132513 -0.990626 0.0331857
-0.0442311 -0.998665 0.0266867
0.0440021 0.337867 -0.940165
0.0145771 0.35962 -0.932985
0.00911771 0.0646179 -0.997868
0.0358978 0.0393953 -0.998579
0.0470194 0.672985 -0.73816
0.00388658 0.682165 -0.731188
0.0385109 0.925225 -0.377459
-0.0162742 0.927715 -0.372933
0.0378198 0.998629 0.0361966
-0.0249002 0.998017 0.0578142
-0.0266283 -0.205508 -0.978293
-0.0183984 -0.387003 -0.921895
-0.0280725 0.0325315 -0.999076
-0.00384293 0.370529 0.928813
0.016631 0.658412 0.752474
-0.0269612 0.0778646 0.996599
-0.0305226 -0.18231 0.982767
-0.0217158 -0.378168 0.925482
-0.0104771 -0.978729 -0.204889
-0.00713535 -0.869878 -0.493215
-0.0126943 -0.999566 0.0265757
-0.0158008 0.330791 -0.943572
-0.00386777 0.678599 -0.734499
-0.00233139 0.931398 -0.363994
0.000793131 0.99973 0.0232325
0.0272572 -0.196585 -0.980108
-0.0107914 -0.164415 -0.986332
-0.040814 -0.325996 -0.94449
0.0124195 -0.370734 -0.928656
0.0223306 0.413217 0.910359
0.0750593 0.385851 0.919503
0.0189487 0.645166 0.763808
0.0769307 0.648409 0.757395
-0.0503849 0.992488 0.11149
-0.11769 0.969617 -0.214457
-0.151173 0.727092 -0.669689
-0.190004 -0.957883 -0.215311
-0.186043 -0.797304 -0.574191
-0.179243 -0.983528 0.0233589
-0.210622 -0.528912 -0.822126
-0.219973 -0.480261 -0.849094
-0.0457558 -0.0577903 -0.99728
-0.0683159 -0.185796 -0.980211
-0.0569697 0.122797 -0.990795
-0.104798 0.383881 -0.917416
0.00327504 0.179227 0.983802
-0.0252757 0.364979 0.930673
-0.0675724 0.612035 0.787938
-0.187351 -0.380186 0.905736
-0.192072 -0.444892 0.874745
-0.25347 -0.767324 0.589039
-0.249176 -0.756039 0.605241
-0.0920965 -0.0937501 0.991327
-0.0292509 0.0308803 0.999095
-0.0848377 -0.51338 0.853958
-0.00799241 -0.583994 0.811718
-0.0344506 -0.831314 0.554734
-0.124243 -0.80393 0.581601
-0.11301 -0.580816 0.806152
-0.0121084 -0.610131 0.792208
-0.0352736 -0.839621 0.542026
-0.0104624 -0.843281 0.537372
-0.0812953 -0.553566 -0.828828
-0.0122471 -0.601288 -0.798939
-0.503392 -0.516517 -0.69268
-0.120689 -0.595259 -0.794419
-0.00918769 -0.622197 -0.782807
-0.124777 -0.4292 -0.894549
-0.163655 -0.35827 0.919163
-0.2002 -0.777996 0.595518
-0.456635 -0.499696 0.736063
-0.226816 -0.81651 0.53091
-0.85568 -0.460267 -0.23657
-0.88275 -0.46877 0.0317411
-0.0259725 0.94416 0.328462
-0.0602531 0.886523 0.458744
-0.133 0.861527 0.489982
-0.129063 0.860527 0.492785
-0.00392455 0.870672 0.491849
0.0570229 0.887095 0.458052
0.013769 0.905918 0.42323
-0.148428 0.910425 0.386128
-0.573034 0.767544 0.287243
-0.891797 0.364576 0.267922
-0.944152 0.156753 0.289836
-0.950713 -0.0219708 0.309292
-0.926542 -0.186011 0.326986
-0.831558 -0.456943 0.315776
-0.28276 -0.929854 0.235411
-0.0207705 -0.968219 0.249241
-0.0119936 -0.964514 0.26376
-0.13374 -0.951777 0.276105
-0.0431793 -0.96163 0.27093
-0.258398 -0.927192 0.271195
-0.265866 -0.923686 0.275898
-0.18391 -0.947743 0.260691
0.340303 -0.461219 -0.819433
0.0930697 0.0878547 -0.991776
0.597751 0.0620946 -0.799273
0.598331 -0.282583 -0.749765
0.151989 -0.54519 -0.824419
-0.134575 0.00683954 -0.99088
-0.227934 0.215683 -0.949488
0.0114086 0.287791 -0.957625
0.533317 0.269287 -0.801909
-0.543286 -0.506763 -0.669352
-0.638361 -0.597543 -0.485219
-0.354836 -0.70699 -0.611765
-0.288232 -0.630627 -0.720578
-0.667947 -0.409884 -0.621162
-0.752304 -0.524041 -0.399274
-0.571858 -0.685365 -0.450836
-0.571552 -0.426516 -0.701009
-0.323434 -0.661113 -0.676994
-0.279665 -0.826794 -0.488057
-0.724362 -0.522335 -0.449962
-0.670952 -0.245706 -0.699609
0.383421 -0.56666 -0.729304
0.362381 -0.549572 -0.752762
0.173645 -0.64358 -0.745421
0.191329 -0.677731 -0.709982
0.636767 -0.299915 -0.710337
0.607936 -0.299509 -0.735329
0.47547 -0.659293 -0.582462
0.280263 -0.761917 -0.583897
0.726175 -0.409079 -0.552561
0.45223 0.880433 -0.14257
0.378617 0.914268 -0.144092
0.602362 0.738039 -0.30407
0.670765 0.685939 -0.282067
0.168702 0.985514 -0.0173934
0.100077 0.994715 -0.0229629
0.246936 0.812492 -0.528091
0.556185 0.810013 -0.185842
0.681906 0.618619 -0.390276
0.334826 0.652854 -0.679466
0.0929434 0.952987 -0.288406
0.268632 0.961151 0.0634551
-0.4634 0.869183 0.172575
-0.452316 0.890908 0.0411486
-0.208524 0.97717 0.040703
-0.172529 0.979565 0.10337
-0.254929 0.931519 -0.259392
-0.160409 0.969585 0.184864
-0.468537 0.844582 -0.259141
-0.449158 0.871913 0.195001
-0.21876 0.695567 -0.684347
-0.398929 0.622794 -0.67304
-0.150843 0.572707 -0.805763
-0.348177 0.49783 -0.794316
0.840657 -0.0892949 -0.534155
0.83096 0.142895 -0.537668
0.825197 0.219306 -0.520533
0.779099 0.2625 -0.569296
0.753914 0.0281566 -0.65637
0.789976 0.0174663 -0.612888
-0.909415 0.407901 0.0811238
-0.829436 0.497676 -0.253682
-0.838056 0.30912 -0.449564
-0.982773 0.131662 -0.129701
-0.803027 0.145793 -0.577833
-0.949183 -0.0839765 -0.303316
-0.983394 0.178227 0.0342127
-0.950596 0.27716 -0.139821
-0.859525 0.508818 -0.048179
-0.897608 0.420332 0.132746
-0.981734 -0.136622 -0.132415
-0.945115 -0.0290478 -0.325444
-0.564145 -0.790379 -0.238835
-0.608308 -0.758645 -0.23328
-0.730943 -0.674229 -0.105533
-0.700111 -0.706782 -0.101507
-0.292759 -0.866323 -0.404694
-0.324708 -0.853901 -0.406716
0.490033 -0.661116 -0.568149
0.493537 -0.665202 -0.560293
0.755761 -0.416983 -0.504927
0.760233 -0.395982 -0.515019
0.27175 -0.78285 -0.559731
0.277928 -0.784562 -0.554273
0.393151 0.84645 0.359102
0.373603 0.870585 0.320159
0.666605 0.726641 0.166224
0.692014 0.696906 0.18825
0.854093 0.520121 0.000716616
0.870515 0.491883 0.0159382
-0.379608 0.757208 0.531539
-0.397456 0.771695 0.496504
-0.0254839 0.897574 0.440127
-0.0166362 0.876259 0.481554
0.94163 0.0315169 -0.335171
0.897572 -0.179877 -0.402503
0.748293 -0.453299 -0.484332
-0.960534 -0.277479 0.019475
-0.981643 -0.00585931 0.19064
-0.885892 0.306007 0.348648
-0.679622 -0.695973 -0.231811
-0.515353 -0.799663 -0.308141
-0.248391 -0.877208 -0.410862
0.298227 -0.797539 -0.524397
0.501455 -0.685678 -0.527625
0.673111 0.734866 0.0830289
0.348972 0.894853 0.278311
0.847539 0.521121 -0.100548
-0.0746309 0.910291 0.407187
-0.394192 0.804696 0.443933
0.912828 -0.141507 -0.383042
0.914836 -0.102757 -0.390533
0.961717 0.0450889 -0.270309
0.95639 0.0789516 -0.281219
-0.915505 -0.335673 0.221752
-0.932059 -0.303568 0.197767
-0.935197 -0.031285 0.352743
-0.922808 -0.0706287 0.37873
-0.861108 0.226836 0.455015
-0.845683 0.208036 0.491469
-0.218937 0.971774 0.0878812
-0.299175 0.940418 0.161584
-0.197475 0.952279 0.23274
0.0774923 0.993396 0.0846117
-0.428104 0.903514 0.0197317
-0.43093 0.902066 0.0240181
-0.43851 0.897979 0.0366417
-0.356215 0.9118 0.204283
-0.300137 0.910094 0.285738
0.385973 -0.573266 -0.722767
0.430219 -0.594592 -0.679244
0.22093 -0.696909 -0.682281
0.190239 -0.661124 -0.725758
0.630916 -0.33871 -0.698012
0.667864 -0.363992 -0.649205
0.653257 -0.361437 -0.665296
0.420186 -0.586805 -0.692173
0.221399 -0.698589 -0.680409
0.781317 -0.00061243 -0.624135
0.815819 -0.0302839 -0.577513
0.802886 0.266895 -0.533049
0.838186 0.259533 -0.479673
0.843794 0.273376 -0.461821
0.815186 -0.0272167 -0.578559
0.383947 0.922074 -0.0486224
0.441336 0.894668 0.0692244
0.651222 0.750166 -0.11472
0.614413 0.758212 -0.218198
0.196789 0.960616 0.196192
0.266692 0.923348 0.276233
0.451117 0.883257 0.127867
0.625424 0.776157 -0.0801571
-0.574967 0.804314 -0.149977
-0.493269 0.847681 -0.19525
-0.635195 0.768894 -0.073004
-0.72104 0.668655 0.181662
-0.682404 0.730951 0.005967
-0.663322 0.51656 0.541451
-0.690169 0.520126 0.503126
-0.685935 0.703803 0.184813
-0.658831 0.613504 0.435379
-0.645185 0.722332 -0.248941
-0.514996 0.400765 -0.757738
-0.551255 0.529592 -0.64471
-0.421219 0.0956876 -0.901897
-0.333226 -0.0928858 -0.93826
-0.033226 -0.615747 -0.787243
0.0681943 -0.82938 -0.554507
0.0744772 -0.866433 -0.493708
0.0442211 -0.854891 -0.516919
0.033129 -0.851703 -0.522976
-0.0131781 -0.673039 -0.73949
-0.0196911 -0.728527 -0.684734
0.0319235 -0.75338 -0.65681
0.0144926 -0.728821 -0.684551
-0.000197754 -0.685028 -0.728517
0.79713 0.593988 -0.108457
0.59038 0.806186 0.038937
0.294749 0.940065 0.171466
0.877895 -0.0451894 -0.476715
0.72075 -0.351457 -0.597493
0.917702 0.139599 -0.371934
-0.893072 0.308333 0.327649
-0.971963 0.0646832 0.226064
-0.97108 -0.2299 0.0644166
-0.649574 -0.691297 -0.316484
-0.760769 -0.614832 -0.207878
-0.36052 -0.796028 -0.486174
0.450504 -0.62156 -0.640866
0.238311 -0.739742 -0.629277
0.00409821 -0.802787 -0.596252
-0.437449 0.82188 0.364899
-0.723213 0.579285 0.37602
-0.0876941 0.951591 0.294592
-0.942271 -0.0609686 0.329253
-0.927653 -0.333407 0.168222
-0.856304 0.240553 0.457031
-0.525938 -0.805185 -0.273982
-0.265149 -0.868382 -0.419057
-0.676685 -0.721345 -0.147511
0.381988 0.859256 0.340243
0.692794 0.702917 0.161072
0.870739 0.491616 -0.0113187
0.956595 0.0239089 -0.290437
0.901757 -0.170846 -0.397047
0.74448 -0.43278 -0.508382
0.491709 -0.665468 -0.561583
0.281043 -0.781252 -0.557369
0.0534775 -0.851644 -0.521385
-0.652498 0.554011 0.517028
-0.378279 0.772181 0.51053
-0.0352886 0.884366 0.465458
-0.20109 0.974115 0.103264
0.0825368 0.574918 -0.814038
0.12658 0.263437 -0.956336
-0.00858635 0.831157 -0.555972
-0.0855828 0.827539 -0.554847
0.0276558 0.58263 -0.812267
0.0736298 0.27488 -0.958655
0.133442 -0.206665 -0.969269
0.125013 -0.419727 -0.899
0.0953592 -0.208726 -0.973314
0.0849204 -0.417575 -0.904665
-0.227803 -0.971082 -0.0714583
-0.226278 -0.972533 0.0545684
-0.218618 -0.966798 -0.132314
-0.217418 -0.962059 0.164839
-0.204479 -0.957151 0.20506
-0.175768 -0.960754 -0.214609
-0.175452 -0.947827 0.26616
-0.128296 0.959198 -0.251951
-0.233213 0.94049 -0.247166
-0.192683 0.980839 -0.0287876
-0.30412 0.952509 0.0153984
-0.177734 0.977152 0.116555
-0.281967 0.937311 0.2048
-0.0769843 0.980342 0.181669
-0.141468 0.953986 0.264383
0.00982293 0.971851 0.235393
0.0450677 0.983441 0.175536
0.40849 0.895012 0.179136
0.577343 0.813407 -0.0710189
0.281536 0.888082 0.363384
0.798857 0.0149047 -0.601337
0.633977 -0.333512 -0.697741
0.831965 0.314454 -0.457114
0.408562 -0.581972 -0.703125
0.231545 -0.710036 -0.665008
0.0115251 -0.998964 0.0440154
0.0178321 -0.962627 -0.270241
0.105556 -0.937242 -0.33232
0.0671187 -0.997112 0.0355256
-0.0762249 -0.969783 -0.231757
-0.0639559 -0.901416 -0.428204
0.0375784 -0.875524 -0.48171
0.0907756 -0.824016 0.559247
0.0415904 -0.93776 0.344786
0.0828005 -0.915022 0.394815
0.126336 -0.68282 0.719581
0.0108665 -0.84441 0.535587
0.0609612 -0.783151 0.618837
0.234859 0.539137 0.80881
0.158952 0.825903 0.540942
0.304787 0.219692 0.926737
0.259413 0.16664 0.951281
0.255427 0.508104 0.822549
0.212886 0.813639 0.54099
-0.20761 0.891108 0.403515
-0.276067 0.855831 0.437425
-0.103808 0.885862 0.452187
-0.14021 0.852823 0.503025
-0.370884 0.896147 0.243652
-0.413405 0.909374 0.046218
-0.331808 0.882261 0.333943
-0.145841 -0.968085 -0.203818
-0.116561 -0.914462 -0.387521
0.047759 -0.796866 -0.602265
-0.0557398 -0.818042 -0.572452
0.0121932 -0.899762 0.436211
0.041173 -0.902683 0.428332
0.0807531 -0.996498 0.0217099
0.0757455 -0.997113 0.00533611
-0.0201179 -0.635462 0.77187
0.02356 -0.645884 0.763072
0.132048 -0.906598 -0.400803
0.119352 -0.875889 -0.467518
0.114955 -0.650284 0.750944
0.269607 -0.418438 0.867307
0.0904364 0.517142 0.851109
0.172091 0.505598 0.845432
0.104957 0.149177 0.983225
0.00751108 0.131477 0.991291
0.0792813 0.833356 0.547021
0.175091 0.817859 0.548133
0.0917539 0.950309 0.29748
0.154762 0.946318 0.283782
0.0689254 0.953779 0.2925
0.122635 0.952552 0.278577
0.0543974 0.959571 0.276159
0.0807923 0.897532 0.433485
0.0909106 0.861003 0.500409
-0.372746 0.899256 -0.228908
-0.222268 0.815286 -0.534702
-0.0175802 0.283814 -0.958718
-0.0769588 0.593352 -0.801255
-0.0413758 -0.665638 -0.745127
0.00321208 -0.438557 -0.898698
0.0241055 -0.224768 -0.974114
-0.0807503 -0.828326 -0.554397
-0.249605 0.91158 0.326681
-0.08771 0.953758 0.287493
-0.162838 0.907741 0.38664
0.0290755 0.931146 0.363485
-0.153371 0.872705 0.463534
-0.287835 0.873591 0.392414
0.0815373 0.88011 0.467716
0.340299 -0.112956 0.933508
0.228348 -0.238308 0.943963
0.678624 0.654787 -0.33275
0.446515 0.799892 -0.400996
0.295262 0.89356 -0.338187
0.758739 0.579559 -0.297367
0.782197 0.54555 -0.300904
0.791951 0.516771 -0.325211
0.762054 0.509002 -0.400238
0.744636 0.483435 -0.460227
0.802127 0.421505 -0.422997
0.906519 0.330261 -0.262966
0.949313 0.267712 -0.164725
0.958729 0.241658 -0.149798
0.956939 0.233192 -0.172885
0.934073 0.254469 -0.250505
0.777644 0.369895 -0.508377
0.440007 0.457208 -0.772887
-0.0696669 0.433177 -0.898612
-0.289908 0.360867 -0.886413
-0.469984 0.249819 -0.846584
-0.741466 -0.0560657 -0.668644
-0.848719 -0.326464 -0.41605
-0.83245 -0.536968 -0.136717
-0.812178 -0.583328 -0.00978215
-0.814814 -0.578368 0.0396194
-0.832543 -0.553619 0.0194477
-0.858002 -0.502414 -0.10683
-0.853671 -0.420986 -0.30662
-0.79191 -0.301865 -0.530807
-0.676566 -0.208794 -0.706161
-0.425397 -0.10096 -0.899358
-0.167483 -0.0421432 -0.984974
0.00890855 -0.0136149 -0.999868
0.0883457 -0.00881488 -0.996051
0.135216 -0.0149435 -0.990704
0.0167995 -0.255378 0.966695
-0.0406787 -0.243677 0.969003
-0.0165143 0.286517 0.957933
-0.40703 0.267123 0.873483
-0.403464 -0.25482 0.878797
0.00479213 -0.250959 0.967986
-0.762968 0.225808 0.605715
-0.7681 -0.248109 0.590309
-0.933443 -0.234032 0.271869
-0.933341 0.210893 0.290515
-0.973097 -0.224467 -0.0519367
-0.977986 0.206771 -0.0280939
-0.926728 0.233827 -0.29411
-0.924791 -0.220736 -0.309899
-0.734825 0.278492 -0.618445
-0.739856 -0.224649 -0.63415
-0.399902 0.326894 -0.856282
-0.394712 -0.223909 -0.891105
0.00764949 0.347988 -0.937468
0.0347591 -0.217012 -0.97555
0.465238 -0.202523 -0.861707
0.419829 0.355468 -0.835096
0.776224 -0.187946 -0.601791
0.734296 0.342441 -0.586126
0.907114 0.316875 -0.277008
0.937095 -0.180819 -0.298593
0.956272 0.292117 0.014561
0.982977 -0.183227 -0.0135416
0.938635 -0.195635 0.284061
0.906363 0.287004 0.310057
0.757777 -0.216465 0.615562
0.716992 0.293419 0.632319
0.384839 0.29522 0.874497
0.422502 -0.237582 0.87467
-0.386996 0.157275 -0.90857
0.0387455 0.205031 -0.977988
0.0157066 0.422276 -0.906331
-0.347084 0.411202 -0.84288
-0.774919 0.0526488 -0.629864
-0.695734 0.334428 -0.635698
-0.914253 0.213333 -0.344428
-0.955354 0.00677155 -0.295386
-0.996243 0.0864489 0.00508085
-0.999141 -0.0136143 0.0391374
-0.951066 -0.0678869 0.301438
-0.947491 0.0100145 0.319626
-0.751346 -0.143949 0.644017
-0.764557 -0.0414956 0.643219
-0.36255 -0.149188 0.919946
-0.414049 -0.090865 0.905708
0.0122838 -0.123146 0.992312
0.0175821 -0.114524 0.993265
0.457778 -0.112506 0.88192
0.437734 -0.101997 0.8933
0.787758 -0.0823833 0.610451
0.772329 -0.0577581 0.632592
0.946886 -0.00840466 0.321458
0.956646 -0.0303263 0.28967
0.999137 0.041491 -0.00212023
0.998873 0.0427212 -0.0206764
0.919872 0.161854 -0.357267
0.953214 0.0738016 -0.293148
0.707058 0.286193 -0.646655
0.774475 0.091349 -0.625974
0.419139 0.16702 -0.892428
0.3826 0.380131 -0.842091
-0.0617927 0.997841 0.0222609
-0.0611314 0.997871 0.0227473
-0.0542134 0.998036 0.0313756
-0.0544263 0.998053 0.030447
-0.053779 0.997914 0.0357055
-0.0536384 0.997928 0.0355479
-0.0450945 0.997842 0.0477279
-0.0424413 0.997788 0.0511643
-0.0270664 0.996703 0.0764844
-0.027335 0.996748 0.0758041
-0.0188898 0.99619 0.0851347
-0.0157372 0.996214 0.0854948
-0.0124039 0.995612 0.092753
-0.0135047 0.995266 0.0962475
-0.0291655 0.993765 0.107611
-0.0333597 0.993439 0.109392
-0.0717846 0.990848 0.114313
-0.0737932 0.990702 0.114302
-0.113814 0.987473 0.109286
-0.116051 0.98729 0.108584
-0.133064 0.985811 0.102326
-0.133459 0.9858 0.101918
-0.131962 0.986075 0.101199
-0.132631 0.986002 0.101043
-0.129017 0.988517 0.0786632
-0.129071 0.988364 0.0804784
-0.119078 0.992012 0.0416168
-0.120147 0.991808 0.0433714
-0.0985506 0.994895 0.0217347
-0.100061 0.994727 0.0224815
-0.0779606 0.996805 0.0173667
-0.0776725 0.996827 0.0173877
0.170964 0.942625 0.286758
0.056035 0.951556 0.302328
0.0165141 0.286517 0.957933
0.407031 0.267125 0.873482
0.296623 0.930507 0.214874
0.762968 0.225805 0.605716
0.93334 0.210898 0.290515
0.364105 0.921115 0.137748
0.977986 0.206771 -0.0280932
0.37821 0.924207 0.0529075
0.349163 0.936738 -0.0246487
0.926728 0.233824 -0.294111
0.257778 0.959374 -0.114681
0.734824 0.278493 -0.618446
0.151825 0.974744 -0.16378
0.399902 0.326895 -0.856282
0.0618388 0.982958 -0.173119
-0.00764878 0.347986 -0.937468
-0.419827 0.35547 -0.835096
-0.0283927 0.987909 -0.152412
-0.734295 0.342444 -0.586126
-0.125602 0.987736 -0.0927413
-0.19989 0.979818 -0.000762455
-0.907115 0.316875 -0.277009
-0.226509 0.971132 0.0748163
-0.956272 0.292117 0.0145604
-0.906365 0.286999 0.310056
-0.210035 0.967691 0.139496
-0.716994 0.293416 0.632319
-0.149831 0.964455 0.217662
-0.0541663 0.959087 0.277882
-0.384841 0.295217 0.874496
-0.0560409 0.951552 0.302337
-0.170965 0.942621 0.28677
0.0541679 0.959087 0.277882
0.149838 0.964453 0.217667
0.210054 0.967686 0.139502
0.22653 0.971126 0.0748191
0.199896 0.979817 -0.000760541
0.125601 0.987737 -0.09274
0.0283919 0.98791 -0.152406
-0.061843 0.982957 -0.173121
-0.151833 0.974741 -0.16379
-0.257777 0.959374 -0.114683
-0.34914 0.936746 -0.0246441
-0.378188 0.924216 0.0529093
-0.364097 0.921119 0.137746
-0.296617 0.930509 0.214877
-0.00478959 -0.250954 0.967987
0.403465 -0.254815 0.878798
-0.422502 -0.23758 0.87467
-0.757778 -0.216464 0.615561
-0.938635 -0.195634 0.284062
-0.982978 -0.183226 -0.0135414
-0.937095 -0.180819 -0.298593
-0.776225 -0.187946 -0.60179
-0.465238 -0.202523 -0.861707
-0.0347566 -0.217014 -0.97555
0.394714 -0.22391 -0.891104
0.739855 -0.224647 -0.634151
0.92479 -0.220736 -0.309901
0.973096 -0.22447 -0.0519372
0.933443 -0.234034 0.27187
0.768098 -0.248107 0.590312
-0.12603 -0.650767 0.748745
0.00557581 -0.632416 0.774609
0.129132 -0.64429 0.753801
-0.157969 -0.866802 -0.472969
0.162061 -0.865889 -0.473258
0.0019762 -0.886879 -0.461997
0.25024 -0.967938 0.0217961
0.0986814 -0.941477 0.322308
-0.105634 -0.93638 0.334716
-0.256085 -0.966544 0.0146004
0.0112933 -0.907174 0.420605
0.0375307 -0.97018 -0.239463
-0.0349111 -0.97049 -0.238603
-0.000178325 -0.962107 -0.272671
-0.676006 -0.0982196 -0.730321
-0.401026 -0.779438 -0.481306
0.000368063 -0.721209 -0.692718
-0.206859 -0.920327 -0.331976
0.000504984 -0.918009 -0.39656
0.207751 -0.919781 -0.33293
0.401549 -0.77882 -0.481868
-0.980879 -0.188011 0.0502784
-0.618313 -0.783281 0.0644968
-0.380594 -0.924061 -0.0354804
0.381145 -0.923806 -0.0362037
0.618551 -0.78312 0.0641728
-0.541869 -0.0788826 0.836753
-0.381301 -0.693178 0.611648
-0.233902 -0.862314 0.449115
0.233897 -0.862318 0.44911
0.381298 -0.693182 0.611646
-8.5037e-07 -0.680873 0.732402
-1.81022e-06 -0.877052 0.480396
0.321125 9.88607e-07 0.947037
-0.321504 -2.82481e-07 0.946908
0.916761 2.70098e-06 0.399437
-0.916625 3.1835e-06 0.399749
0.888982 6.52238e-07 -0.457943
-0.888981 4.70142e-06 -0.457944
0.328743 -9.16696e-07 -0.94442
-0.328744 4.5827e-06 -0.944419
0.961973 0.0590553 0.266685
0.842164 -0.537744 0.0398848
0.840858 -0.431675 -0.326519
0.983203 0.158857 -0.0898719
0.319353 -0.870472 -0.374555
0.202147 -0.628362 -0.751197
0.40984 -0.772857 -0.484483
0.408532 -0.457412 -0.789858
0.279053 -0.840775 -0.463926
0.311765 -0.510921 -0.801101
-0.466668 -0.827389 -0.312488
-0.465064 -0.517382 -0.718353
-0.451584 -0.843392 -0.291138
-0.52648 -0.470516 -0.70812
0.0368001 -0.950354 -0.308989
-0.0209989 -0.705059 -0.708838
-0.537038 -0.836516 -0.108773
-0.573095 -0.615161 -0.541424
-0.969612 -0.243973 0.0181779
-0.930251 -0.11107 -0.349708
0.883477 0.08779 0.460176
0.798912 -0.51946 0.303152
0.360662 -0.932272 -0.0281562
0.325037 -0.930889 -0.166723
0.274149 -0.959958 -0.0576401
-0.396935 -0.913908 0.084936
-0.375168 -0.925606 0.0500219
0.0565777 -0.997288 0.0470668
-0.476809 -0.82168 0.312242
-0.799171 -0.350353 0.488446
0.0234872 -0.201472 -0.979213
0.696399 -0.172294 -0.696666
0.317961 -0.0384118 -0.947326
0.202462 0.448457 -0.870572
-0.0538567 0.305511 -0.950664
0.289979 -0.0706887 -0.954419
0.218276 0.400721 -0.88982
-0.45582 -0.0751913 -0.88689
-0.426526 0.401383 -0.810535
-0.103242 0.956519 -0.272785
-0.299489 0.825767 -0.477928
-0.28531 0.541547 -0.790775
0.112857 0.805214 -0.582146
0.117616 0.914188 -0.387849
-0.0860285 0.849459 -0.520594
0.510314 0.840399 0.18251
0.443423 0.895196 -0.0447269
0.462568 0.834277 0.300021
-0.450342 0.000444058 -0.892856
-0.0736166 -0.1887 -0.979272
-0.108033 0.3839 -0.917033
-0.52111 -0.181721 -0.83392
-0.949679 0.305869 0.0674798
-0.690423 0.35516 -0.63022
-0.813384 0.255541 0.522595
-0.0636281 0.863435 -0.500431
-0.491271 0.822976 -0.285241
-0.332386 0.942777 0.0263098
-0.316918 0.920834 0.227218
0.714115 0.335502 -0.614393
0.367903 0.885053 -0.28518
0.393875 0.861833 0.319541
0.775074 0.151763 0.613374
0.584483 0.809236 0.0592958
0.992237 0.105677 0.0655661
0.994471 0.0400506 0.0970698
0.656021 0.751929 0.0651151
0.744287 -0.398218 0.536153
0.99849 -0.0437512 0.0332329
0.995265 -0.0710323 0.0663408
-0.946573 -0.255604 0.196639
-0.97344 -0.0138334 0.228526
-0.935248 0.0121448 0.353783
-0.88722 -0.306593 0.344734
-0.579288 0.802156 0.144818
-0.547339 0.819713 0.168794
-0.743506 0.158072 0.649779
-0.558321 0.707395 0.433439
-0.67153 -0.313321 0.671475
-0.461014 -0.727577 0.508034
-0.856834 -0.489926 0.160651
-0.944811 -0.320837 0.0663031
0.4352 -0.882856 0.176541
0.994683 -0.0982225 0.030951
0.990985 -0.133913 0.00400903
0.190815 -0.979583 0.0633025
-0.32239 -0.936053 0.14096
-0.365303 -0.930477 0.0276884
-0.15784 -0.983847 0.0844511
0.267199 -0.961904 -0.0578487
-0.171571 -0.544562 -0.820985
-0.456483 -0.469708 -0.755644
-0.42646 -0.869047 -0.250778
-0.276826 -0.938259 -0.207456
0.302041 -0.593153 -0.746284
0.165514 -0.955513 -0.244133
0.468947 0.837115 0.28165
0.611763 0.778829 0.138459
0.957515 0.0325875 0.286535
0.808194 0.125502 0.575388
0.949391 -0.132488 0.284786
0.78854 -0.257577 0.558443
0.688385 -0.697276 0.19983
0.938016 -0.341783 0.0575353
-0.744348 -0.320326 0.58595
-0.649766 -0.669486 0.359991
-0.811141 0.0710971 0.580513
-0.537673 0.781654 0.316108
-0.498032 -0.858461 -0.122513
-0.825781 -0.440568 -0.352114
0.75577 -0.520936 -0.396784
0.422114 -0.888209 -0.181396
0.985025 -0.168692 0.0356139
0.953378 -0.252616 -0.16509
-0.960907 0.00048789 0.276872
-0.586886 0.784823 0.199039
-0.955621 -0.199602 0.216673
-0.971669 -0.193665 0.135478
-0.998615 -0.0422804 0.0313226
-0.974117 -0.161732 -0.15792
3.18203e-05 1 -7.87415e-06
1.15571e-05 1 -5.27945e-06
0.000656383 1 -0.000363902
0.00424853 0.999989 -0.00185431
-6.13253e-05 1 -3.25893e-05
-1.80421e-07 1 4.93863e-06
0.00926777 0.999954 0.00251883
-0.000274132 0.999992 0.00407489
0.000691519 0.999995 0.00320111
-0.000462655 0.999811 0.0194445
0.0122325 0.999709 0.0207754
0.00387618 0.999873 0.0154502
0.00921026 0.999335 0.0352708
0.000942228 0.999019 0.0442796
0.00450255 0.997256 0.0738989
0.00299758 0.998729 0.0503149
-0.0586129 0.997295 -0.044365
0.0374452 0.995723 -0.0844572
0.00242391 0.996803 0.0798614
0.00902402 0.998737 0.0494351
-0.0171666 0.99981 0.00923806
0.00904173 0.999959 0.000128076
0.0264428 0.999565 -0.0130761
0.0358501 0.999356 0.00176191
0.0219875 0.99935 0.0285679
0.0155217 0.997993 0.0613853
0.00988296 0.998933 0.0451132
0.0367639 0.99927 -0.0104039
-0.0330197 0.997485 0.0627214
-0.0193091 0.998847 0.0439449
-0.0142713 0.999809 0.0133435
-0.00561281 0.999984 2.23934e-05
-0.00929691 0.999877 0.0126655
-0.0222442 0.999742 0.00452325
-0.0071368 0.999971 -0.00278838
-0.263273 0.822251 0.504571
0.0164214 0.847012 0.531321
-0.452563 0.0792843 0.888201
0.0141851 0.0309807 0.999419
-0.0113912 -0.323976 0.945997
-0.461712 -0.265566 0.846343
-0.0362737 -0.328253 0.943893
-0.0376447 -0.487806 0.87214
-0.418261 -0.460332 0.78304
-0.431989 -0.26905 0.860812
0.00479192 0.999988 0.000980432
0.248338 0.837407 0.486906
0.4066 0.0872712 0.909428
0.349045 -0.253021 0.902302
0.23189 -0.3762 0.897051
0.229644 -0.459692 0.857873
-0.948832 -0.0716895 0.307536
-0.791296 -0.16618 0.588417
0.715278 -0.38767 0.581455
0.954411 -0.237565 0.180729
-0.814378 -0.336584 0.472757
-0.952069 -0.202797 0.228996
0.980702 -0.176922 0.0831967
0.764095 -0.370216 0.528298
-0.962904 -0.152386 0.222697
-0.83124 -0.177245 0.526901
-0.94646 0.105885 0.304961
-0.820301 0.140168 0.554491
-0.452151 0.805769 0.382486
-0.505119 0.839767 0.199112
0.997363 -0.0480346 0.0544004
0.826285 -0.147459 0.543608
0.978786 0.179806 0.0982239
0.830589 0.179925 0.527018
0.585575 0.803844 0.104578
0.472793 0.802191 0.364633
-0.840857 -0.431675 -0.326521
-0.842164 -0.537745 0.0398831
-0.961973 0.0590546 0.266684
-0.983202 0.158859 -0.0898709
-0.319353 -0.870472 -0.374556
-0.202147 -0.628361 -0.751198
-0.408532 -0.457412 -0.789858
-0.40984 -0.772857 -0.484483
-0.311764 -0.510921 -0.801101
-0.27905 -0.840775 -0.463927
0.465064 -0.517381 -0.718354
0.466668 -0.827388 -0.312489
0.526479 -0.470515 -0.708121
0.451583 -0.843393 -0.291139
0.0209999 -0.70506 -0.708837
-0.036798 -0.950354 -0.308988
0.573094 -0.615163 -0.541422
0.537038 -0.836516 -0.108773
0.930252 -0.111072 -0.349707
0.969611 -0.243974 0.0181787
-0.883477 0.0877903 0.460175
-0.798911 -0.519462 0.303151
-0.360662 -0.932271 -0.0281572
-0.325038 -0.930889 -0.166723
-0.274148 -0.959959 -0.0576426
0.396935 -0.913908 0.0849341
0.375169 -0.925606 0.0500223
-0.0565758 -0.997288 0.047067
0.476808 -0.821681 0.312241
0.79917 -0.350354 0.488446
-0.696399 -0.172293 -0.696666
-0.0234883 -0.201471 -0.979213
-0.31796 -0.0384116 -0.947326
0.0538569 0.305511 -0.950664
-0.202461 0.448459 -0.870571
-0.289979 -0.0706889 -0.954419
-0.218276 0.400721 -0.889819
0.455819 -0.0751907 -0.886891
0.426526 0.401383 -0.810536
0.299487 0.825767 -0.477929
0.103246 0.956519 -0.272787
0.285311 0.541545 -0.790776
-0.112857 0.805214 -0.582145
-0.117614 0.914189 -0.387846
0.0860303 0.84946 -0.520593
-0.510314 0.840398 0.182513
-0.443422 0.895197 -0.0447207
-0.462568 0.834278 0.30002
0.450342 0.000443437 -0.892856
0.108034 0.383901 -0.917033
0.0736161 -0.1887 -0.979272
0.521109 -0.181722 -0.83392
0.690424 0.355161 -0.630219
0.949679 0.30587 0.0674813
0.813384 0.255542 0.522595
0.0636313 0.863435 -0.500431
0.491274 0.822975 -0.28524
0.332388 0.942776 0.0263101
0.31692 0.920833 0.227217
-0.714115 0.335502 -0.614393
-0.367901 0.885055 -0.285177
-0.808195 0.125503 0.575387
-0.468944 0.837119 0.281645
-0.393875 0.861835 0.319536
-0.775075 0.151764 0.613373
-0.994471 0.0400486 0.097071
-0.992237 0.105676 0.0655667
-0.584484 0.809236 0.0592954
-0.656022 0.751928 0.0651166
-0.788539 -0.257578 0.558444
-0.744286 -0.398219 0.536153
-0.995265 -0.0710327 0.0663415
-0.998489 -0.0437518 0.0332341
0.935249 0.0121459 0.353782
0.97344 -0.013835 0.228526
0.946572 -0.255605 0.19664
0.88722 -0.306593 0.344735
0.547336 0.819714 0.168795
0.579289 0.802154 0.144818
0.743506 0.158074 0.649778
0.558321 0.707398 0.433435
0.537672 0.781656 0.316104
0.811142 0.0710986 0.580511
0.744349 -0.320324 0.58595
0.67153 -0.31332 0.671475
0.649766 -0.669486 0.35999
0.461015 -0.727577 0.508033
0.944811 -0.320836 0.0663036
0.856833 -0.489927 0.160651
-0.435201 -0.882855 0.176542
-0.688386 -0.697275 0.199832
-0.990985 -0.133913 0.00400848
-0.994683 -0.0982216 0.0309525
0.276824 -0.93826 -0.207453
-0.165512 -0.955514 -0.24413
-0.190815 -0.979583 0.0633024
0.32239 -0.936053 0.14096
0.365304 -0.930477 0.0276884
0.42646 -0.869047 -0.250777
0.498032 -0.858461 -0.122512
0.15784 -0.983847 0.0844515
-0.267198 -0.961904 -0.0578478
-0.422112 -0.88821 -0.181395
0.171569 -0.544562 -0.820985
0.456483 -0.469708 -0.755644
-0.302039 -0.593154 -0.746285
-0.957515 0.032588 0.286536
-0.61176 0.778831 0.13846
-0.949391 -0.13249 0.284786
-0.938017 -0.341781 0.0575346
0.825782 -0.440568 -0.352114
-0.755769 -0.520936 -0.396786
-0.985025 -0.168691 0.0356157
-0.953378 -0.252615 -0.165091
0.586885 0.784825 0.199038
0.960906 0.000486846 0.276873
0.955621 -0.199602 0.216673
0.971669 -0.193663 0.135476
0.998615 -0.0422819 0.031324
0.974117 -0.161731 -0.15792
-0.000658232 1 -0.000363079
-1.30905e-05 1 -6.64733e-06
-2.79378e-05 1 -5.09285e-06
-0.00424781 0.999989 -0.00185067
6.40924e-05 1 -3.36864e-05
0.000280304 0.999992 0.00407776
-0.00927029 0.999954 0.00251913
-0.000688201 0.999995 0.00320365
0.00046402 0.999811 0.0194411
-0.0122359 0.999709 0.0207696
-0.00387458 0.999873 0.0154525
-0.00921111 0.999335 0.0352723
-0.000945084 0.999019 0.0442783
-0.0374464 0.995723 -0.084457
0.0586098 0.997295 -0.0443648
-0.00450592 0.997255 0.0739004
-0.00242534 0.996803 0.0798631
-0.00902541 0.998737 0.0494342
-0.00299818 0.998729 0.0503178
0.0171676 0.99981 0.0092396
-0.0264442 0.999565 -0.0130738
-0.00903872 0.999959 0.000128943
-0.0358524 0.999356 0.00176062
-0.0219892 0.99935 0.028563
-0.0098841 0.998933 0.0451107
-0.0367646 0.99927 -0.0104014
-0.0155232 0.997993 0.0613857
0.0330227 0.997485 0.0627229
0.0193116 0.998847 0.0439437
0.014269 0.999809 0.0133438
0.00560775 0.999984 2.41185e-05
0.00929443 0.999877 0.0126639
0.0222425 0.999742 0.00451972
0.00713616 0.999971 -0.00278805
-0.0164224 0.847012 0.53132
0.263271 0.822251 0.504571
-0.0141847 0.0309805 0.999419
0.452561 0.0792837 0.888202
0.0113921 -0.323975 0.945997
0.461711 -0.265567 0.846343
0.41826 -0.460331 0.783041
0.0376461 -0.487804 0.872141
0.0362748 -0.328252 0.943893
0.43199 -0.26905 0.860812
-0.00479106 0.999988 0.000979238
-0.248338 0.837407 0.486906
-0.4066 0.0872706 0.909429
-0.349043 -0.25302 0.902302
-0.229642 -0.459691 0.857875
-0.231889 -0.3762 0.897051
0.948832 -0.0716909 0.307537
0.791297 -0.166181 0.588416
-0.715277 -0.38767 0.581456
-0.954411 -0.237565 0.180728
0.814378 -0.336583 0.472758
0.952068 -0.202797 0.228996
-0.980702 -0.176922 0.0831954
-0.764095 -0.370216 0.528299
0.962905 -0.152385 0.222697
0.83124 -0.177245 0.5269
0.94646 0.105887 0.304961
0.820301 0.140169 0.554489
0.452151 0.805769 0.382486
0.505117 0.839769 0.199111
-0.997363 -0.0480344 0.0543993
-0.826285 -0.147459 0.543607
-0.978786 0.179805 0.0982233
-0.830591 0.179924 0.527017
-0.585572 0.803846 0.104577
-0.47279 0.802192 0.364633
0.662965 0.0482063 -0.747097
0.714076 0.0648236 -0.697061
0.606571 0.0143018 -0.7949
0.651796 -0.102074 -0.751494
0.994693 -0.0232105 -0.100232
0.968701 0.238109 0.0701536
0.974825 -0.0397379 0.219401
0.991774 -0.0945886 0.0862429
1.19937e-07 0.738888 -0.673828
-0.000174061 -0.976555 -0.215269
-0.00549711 -0.755651 0.654952
0.000481258 -0.48863 0.872491
0.0037125 -0.103028 0.994672
0.0052172 0.291664 0.956507
0.00813001 0.684042 0.729397
0.0141567 0.923251 0.383935
0.0160061 0.999456 -0.028844
0.013517 0.890726 -0.45434
0.00911369 0.654424 -0.756073
0.00653946 0.276241 -0.961066
0.00807702 -0.0925812 -0.995672
0.00377971 -0.439388 -0.89829
-0.00425075 -0.734629 -0.678456
-0.0117934 -0.930001 -0.367368
-0.0157273 -0.99964 -0.0217445
-0.0114179 -0.935998 0.351821
-0.464177 0.551117 0.693404
-0.729753 0.667197 0.149359
-0.547094 0.761307 -0.347995
0.190018 -0.332584 -0.923732
-0.00670507 -0.402191 -0.915531
0.169052 0.0171333 -0.985458
0.173636 0.0725013 -0.982137
0.389195 -0.21778 -0.895041
0.225435 0.153968 -0.962015
-0.0804951 -0.371857 -0.924793
0.239381 0.0207154 -0.970705
-0.0986215 -0.356759 -0.928976
0.367843 -0.0636027 -0.92771
-0.0388882 -0.271947 -0.961526
0.466302 -0.163356 -0.869412
-0.0230623 -0.187941 -0.98191
0.465926 -0.268831 -0.842996
0.00956885 -0.159995 -0.987071
0.40172 -0.432545 -0.807171
0.0813541 -0.125978 -0.988692
0.250798 -0.556025 -0.792424
0.206712 -0.116719 -0.971415
0.179799 -0.581651 -0.793318
0.33742 -0.0883612 -0.937198
0.16614 -0.527536 -0.833129
0.160564 -0.47516 -0.865125
0.437059 -0.142705 -0.88804
0.485977 -0.177518 -0.855753
0.151697 -0.412943 -0.898034
0.121111 -0.270812 -0.954983
0.460366 -0.130061 -0.87815
0.485311 -0.00847056 -0.874301
0.184796 -0.0408685 -0.981927
0.503915 -0.0359421 -0.863005
0.226892 0.136926 -0.964246
-0.429915 0.513153 -0.742864
-0.34562 0.411421 -0.843374
-0.313082 0.269743 -0.910614
-0.374204 0.524438 -0.764811
-0.524983 0.485139 -0.699309
-0.651822 0.240572 -0.719203
-0.662368 0.199267 -0.722192
-0.5465 0.421944 -0.723396
-0.65577 -0.345335 -0.671349
-0.679779 -0.427604 -0.595865
-0.716762 -0.103437 -0.689604
-0.676533 -0.0752777 -0.732554
-0.376767 -0.597084 -0.708193
-0.496403 -0.645975 -0.579914
-0.603837 -0.60607 -0.517745
-0.573495 -0.556763 -0.600932
-0.355403 -0.152933 -0.922117
-0.291296 -0.43407 -0.852485
-0.365841 -0.5551 -0.74701
-0.280125 -0.338197 -0.898417
-0.571335 -0.133102 -0.809852
-0.492232 -0.290213 -0.820661
-0.364529 -0.368667 -0.855104
-0.475918 -0.117405 -0.871618
-0.662393 -0.0317925 -0.748481
-0.653194 -0.0351104 -0.756376
-0.593697 -0.166033 -0.787374
-0.625468 -0.0882973 -0.775238
-0.493091 -0.0956444 -0.864704
-0.469846 0.131514 -0.872897
-0.44051 0.204283 -0.874197
-0.56958 0.127542 -0.81198
-0.410224 0.257527 -0.874869
-0.483791 0.044566 -0.874048
-0.387218 0.180278 -0.904191
-0.610601 -0.52491 -0.592989
-0.567332 -0.208246 -0.796723
-0.574553 -0.643862 -0.505303
-0.584438 -0.690905 -0.425537
-0.374719 -0.29619 -0.878554
-0.471881 -0.42527 -0.772317
-0.58689 -0.291276 -0.755459
-0.496196 -0.290187 -0.818279
-0.653331 -0.0850743 -0.752277
-0.622442 -0.215221 -0.752494
-0.676272 -0.566584 -0.470786
-0.597739 -0.693711 -0.401836
-0.428964 -0.793109 -0.432398
-0.440666 -0.757871 -0.481087
-0.665325 -0.258637 -0.700321
-0.394112 0.0392623 -0.918223
-0.425666 0.21568 -0.878801
-0.366037 0.400344 -0.840084
-0.288939 0.376746 -0.880101
-0.434006 0.646383 -0.627557
-0.486825 0.291762 -0.823333
-0.447973 0.683697 -0.576089
-0.561752 0.414668 -0.715881
-0.300871 0.77705 -0.552874
-0.33127 0.628909 -0.703373
-0.134514 -0.811922 -0.568058
-0.177593 -0.871144 -0.457787
-0.601113 0.0905938 -0.794013
-0.419293 0.407131 -0.811442
-0.610952 0.714258 -0.341428
-0.709999 0.560768 -0.425957
-0.639482 0.421388 -0.643035
-0.172092 0.885082 -0.432453
-0.249512 0.714272 -0.65388
-0.679883 0.494966 -0.54108
-0.583413 0.718325 -0.378997
-0.788884 0.299689 -0.536516
-0.783844 0.0151047 -0.620775
-0.510639 -0.684688 -0.520049
-0.672706 -0.512123 -0.534037
-0.76126 -0.295059 -0.577428
-0.796754 0.0288372 -0.603615
-0.709087 0.228674 -0.667011
-0.669008 -0.0338262 -0.742485
-0.734252 -0.22034 -0.642125
-0.308516 0.485129 -0.81821
-0.339555 0.243797 -0.908441
-0.62617 -0.43508 -0.647005
-0.263263 -0.822955 -0.503426
-0.306442 -0.770499 -0.55895
-0.632711 -0.121903 -0.764733
-0.330571 0.129581 -0.934843
-0.351806 0.850429 -0.391157
-0.311465 0.879058 -0.360896
-0.19868 0.912965 -0.356401
-0.315643 -0.0187366 -0.948693
-0.542329 -0.0790329 -0.836441
-0.3176 -0.564094 -0.762186
-0.582741 -0.49462 -0.644798
-0.106423 -0.304919 -0.946414
-0.10797 -0.585842 -0.803201
-0.426058 -0.57316 -0.699973
-0.343585 -0.286597 -0.894322
-0.297656 -0.0644317 -0.952497
-0.284506 0.0962396 -0.953831
-0.112343 -0.110255 -0.987534
-0.132107 0.0659945 -0.989036
-0.386413 0.633704 -0.670153
-0.325478 0.837598 -0.438741
-0.670513 0.237043 -0.70301
-0.72677 0.486444 -0.484951
-0.464313 0.735076 -0.49404
-0.462135 0.592894 -0.659475
-0.798142 0.030944 -0.601675
-0.899846 0.270477 -0.342228
-0.411169 0.185305 -0.892526
-0.487934 0.161033 -0.857898
-0.287861 0.150419 -0.945786
-0.349352 0.176159 -0.920283
-0.155845 0.130842 -0.979078
-0.177931 0.17187 -0.968918
-0.556883 0.161974 -0.814645
-0.469663 0.167505 -0.866809
-0.552325 -0.0187256 -0.833419
-0.645912 -0.0112931 -0.763329
-0.350025 0.017383 -0.936579
-0.452132 0.0025399 -0.891948
-0.379894 0.179083 -0.90753
-0.306241 0.181309 -0.934529
-0.203364 -0.00536449 -0.979089
-0.724309 0.197104 -0.660701
-0.777657 0.149203 -0.610728
-0.834553 0.213262 -0.507978
-0.766554 0.184979 -0.614962
-0.661593 0.184309 -0.72686
-0.72363 0.0477157 -0.688537
-0.89417 0.150769 -0.421579
-0.799279 0.0163489 -0.600738
-0.621662 0.145522 -0.769649
-0.697138 -0.155414 -0.699889
-0.679186 -0.238765 -0.694044
-0.452635 0.375407 -0.808821
-0.475485 0.0494589 -0.878333
-0.615729 -0.077333 -0.784154
-0.670742 -0.187738 -0.717537
-0.901253 -0.149224 -0.406788
-0.84776 -0.141049 -0.511282
-0.958801 0.0305488 -0.282432
-0.994695 -0.050882 -0.0894
-0.52476 0.546537 0.652629
-0.363385 0.647252 0.670086
-0.334262 0.755403 0.563592
-0.550762 0.604883 0.575133
-0.803981 0.305553 0.510149
-0.697155 0.377859 0.60926
-0.775869 0.395757 0.491328
-0.885618 0.260938 0.384177
-0.880249 0.311487 0.357963
-0.868234 0.30941 0.387861
-0.890555 0.259591 0.373529
-0.844095 0.357477 0.399641
-0.957667 -0.285771 0.0347553
-0.937813 -0.33935 -0.0731351
-0.999002 -0.0318595 0.0313046
-0.994111 0.0250649 0.105425
-0.758495 -0.621021 -0.19753
-0.801846 -0.590462 -0.0916418
-0.67226 -0.735818 -0.0814726
-0.536865 -0.808088 -0.242425
-0.486072 -0.853437 0.188093
-0.256609 -0.959896 -0.112923
-0.284346 -0.830874 0.478327
0.0348925 -0.896511 0.441646
-0.204297 -0.639973 0.740741
0.0920061 -0.631074 0.770247
-0.225172 -0.351156 0.908838
0.00939372 -0.298025 0.954512
-0.35103 0.239784 0.905142
-0.152479 0.22751 0.961764
-0.0780838 -0.0109386 0.996887
-0.289661 -0.0624187 0.955092
-0.318798 0.446654 0.835983
-0.339031 0.480631 0.808735
-0.962858 0.269839 0.00957599
-0.939427 0.267989 -0.213681
-0.926152 0.173964 -0.334633
-0.992176 0.104452 -0.0683795
-0.862825 0.33387 0.379558
-0.873976 -0.0748338 -0.480173
-0.94244 -0.2394 -0.23344
-0.959015 0.267192 -0.0943284
-0.912681 0.395596 0.102553
-0.921817 0.31216 0.229805
-0.970844 0.225884 0.080236
-0.780354 -0.283519 -0.557373
-0.716706 -0.333458 -0.612486
-0.708233 -0.5826 -0.398727
-0.786255 -0.504629 -0.356586
-0.618315 -0.320261 -0.717719
-0.600545 -0.576881 -0.553673
-0.494622 -0.298168 -0.816361
-0.366716 -0.300686 -0.880402
-0.322989 -0.625844 -0.709927
-0.447252 -0.615057 -0.649362
-0.207619 -0.312811 -0.926846
-0.175442 -0.627871 -0.758286
-0.474911 -0.79945 -0.367885
-0.607498 -0.738209 -0.293247
-0.230693 -0.849931 -0.473707
-0.331518 -0.841201 -0.427173
-0.132392 -0.832259 -0.538346
-0.534987 -0.841459 -0.0757357
-0.400829 -0.904649 0.144729
-0.168853 -0.873065 0.457435
-0.0923403 -0.68176 0.725725
-0.109085 -0.3639 0.925028
-0.35831 -0.920932 -0.15329
-0.11643 -0.952532 -0.281295
-0.237278 -0.940884 -0.241737
-0.0780613 -0.926989 -0.366876
-0.282051 -0.958411 0.0435428
-0.0646679 -0.9868 -0.148469
-0.164331 -0.982778 -0.0845172
-0.148514 -0.958122 0.244838
-0.0866278 -0.995849 0.0279299
-0.157051 -0.0942085 0.983087
-0.198995 0.226293 0.953516
-0.203116 0.492252 0.846423
-0.176538 0.715043 0.676423
-0.163135 0.823739 0.542993
-0.157435 0.926197 0.342597
-0.287298 0.887178 0.361076
-0.223654 0.968243 0.111736
-0.272397 0.951481 0.143124
-0.237081 0.958583 -0.157835
-0.264585 0.958261 -0.108304
-0.175833 0.977017 0.120502
-0.105707 0.967089 0.231441
-0.156639 0.987469 -0.0192246
-0.932642 0.186346 0.308958
-0.802602 0.391399 0.450153
-0.504235 0.732606 0.457203
-0.444374 0.848433 0.287564
-0.907047 0.16729 0.386367
-0.690211 0.575155 0.439096
-0.833014 0.49158 0.253844
-0.973566 0.0571163 0.221149
-0.385666 0.922468 -0.0177127
-0.595753 0.796883 0.100275
-0.302199 0.938053 -0.169508
-0.626387 0.751656 -0.206525
-0.434844 0.852886 -0.288956
-0.818341 0.566175 -0.0988133
-0.0922541 0.963011 0.253177
-0.190034 0.974526 0.119108
-0.161251 0.986904 -0.00428582
-0.793951 0.0989842 0.59987
-0.756423 0.145536 0.637686
-0.864257 0.280109 0.41785
-0.843873 0.235183 0.482252
-0.869374 0.186176 0.457741
-0.520034 0.811751 0.265755
-0.591662 0.260621 -0.762898
-0.269618 0.394129 -0.878618
-0.465779 0.863942 -0.191451
-0.0878345 0.98048 -0.175908
-0.655241 0.156745 -0.738979
-0.642426 0.437489 -0.6292
-0.296805 0.743588 -0.599153
-0.654237 -0.0305983 -0.755671
-0.734438 0.056836 -0.676292
-0.133691 -0.459454 -0.878083
-0.369308 -0.295875 -0.880948
0.0589001 -0.60997 -0.790233
0.41704 -0.87778 -0.235754
0.293596 -0.814178 -0.500915
0.504698 -0.655192 0.562143
0.535915 -0.793506 0.288345
0.386045 -0.32833 0.862072
0.471116 -0.530176 0.704957
0.14776 0.159381 0.976097
0.239204 0.0419992 0.970061
0.0302969 0.361332 0.931945
0.0662867 0.27015 0.960534
0.280024 -0.0438232 0.958992
0.347151 -0.208261 0.914393
-0.840828 0.540886 0.0212377
-0.944275 0.182456 0.27396
-0.968794 -0.00684811 0.247775
-0.601303 0.20027 0.773516
-0.778738 0.217968 0.588267
-0.96519 0.233905 -0.117028
-0.997147 0.0740385 0.0147138
-0.909712 0.153753 -0.385726
-0.904585 0.213134 -0.369187
-0.34742 0.835153 -0.426402
-0.648441 0.177765 -0.740218
-0.396462 0.0900151 -0.913628
-0.856995 0.485225 -0.173541
-0.906473 0.326641 -0.267607
-0.912194 0.239348 -0.332588
-0.729083 0.0982017 -0.677344
-0.70149 0.152982 -0.696066
-0.938549 0.236585 -0.251302
-0.744119 0.049875 -0.666183
-0.832416 0.139574 -0.536286
-0.812682 0.098085 -0.574392
-0.872196 0.0902067 -0.480768
-0.800353 -0.00317123 -0.59952
-0.884805 0.222808 0.40924
-0.918512 0.313744 0.240627
-0.799152 -0.019898 -0.6008
-0.602983 -0.190436 -0.774691
-0.974739 0.218564 0.0459845
-0.903619 0.226163 0.363761
-0.239344 -0.499862 -0.832378
0.353828 -0.79609 -0.490965
-0.913596 -0.0494198 -0.403609
-0.965829 0.0818662 -0.24591
0.584354 -0.804479 -0.106508
0.670835 -0.699696 0.245778
-0.806852 -0.330681 -0.48953
-0.821717 -0.0710226 -0.565453
0.673659 -0.577015 0.461777
0.660161 -0.438251 0.610019
-0.745963 -0.495454 0.445045
-0.786375 -0.608309 0.107589
0.629113 -0.294733 0.71927
0.593623 -0.147683 0.791076
-0.869092 -0.185074 0.458723
-0.813616 -0.326612 0.480993
0.573507 -0.0595911 0.81703
0.56965 0.00337869 0.82188
-0.88883 0.207869 0.408377
-0.920057 -0.0324229 0.39044
-0.688492 -0.047529 -0.723685
-0.751094 0.528509 0.395647
-0.636898 0.734312 0.234833
-0.657627 -0.0925206 -0.747641
-0.732221 0.119021 -0.670587
-0.800521 0.110507 -0.589028
-0.840429 0.525264 0.133333
-0.805311 0.587269 0.0811719
0.566401 0.106365 0.817237
0.637705 0.0301853 0.769689
0.673134 0.0520699 0.737685
0.613469 0.106555 0.782497
-0.0900722 0.450693 0.888123
0.339553 0.242633 0.908754
0.497449 0.189287 0.84659
0.0382056 0.503212 0.863318
-0.813549 0.554282 0.175811
-0.542435 0.58789 0.600124
-0.468045 0.709203 0.527224
-0.716922 0.693953 0.0667195
-0.810278 0.420546 -0.408156
-0.848508 0.508283 -0.147254
-0.760213 0.598198 -0.253447
-0.742743 0.492541 -0.453582
-0.749361 0.273511 -0.603034
-0.76805 0.306644 -0.5622
-0.715641 0.373626 -0.590137
-0.688653 0.277262 -0.669987
-0.649986 0.0581886 -0.757715
-0.695551 0.154323 -0.701707
-0.648503 0.145916 -0.747096
-0.621527 0.0580766 -0.781237
-0.588434 -0.0788352 -0.804693
-0.636214 0.0165153 -0.771336
-0.618135 0.00966405 -0.786013
-0.59319 -0.123619 -0.795515
0.24449 0.434031 0.867088
0.472771 0.329424 0.817293
0.466958 0.22177 0.856019
0.301934 0.255314 0.918505
0.548969 0.164754 0.819445
0.561994 -0.00313817 0.827135
0.544361 0.132239 0.828362
0.589895 -0.168097 0.789789
0.564437 -0.0630741 0.823063
0.666185 -0.460926 0.586298
0.627894 -0.310282 0.713775
0.672213 -0.729063 0.128829
0.68947 -0.595902 0.411742
0.286376 -0.709357 -0.644051
0.533028 -0.7919 -0.297951
-0.431465 -0.221574 -0.874496
-0.173167 -0.432215 -0.884988
-0.631797 -0.0462869 -0.773751
-0.578463 -0.0985041 -0.809739
-0.447756 -0.123746 -0.885552
-0.528812 -0.0987489 -0.842975
-0.521202 -0.201886 -0.829211
-0.406558 -0.168578 -0.897938
-0.549273 -0.150795 -0.821925
-0.515716 -0.118991 -0.848456
-0.613482 -0.0361937 -0.788879
-0.163157 -0.399569 -0.902067
-0.362429 -0.240124 -0.900547
0.362134 -0.784102 -0.504027
0.142396 -0.645636 -0.750252
0.628405 -0.703382 0.332205
0.557903 -0.827462 -0.0636404
0.557349 -0.378046 0.739218
0.604645 -0.538393 0.586973
0.466624 -0.090751 0.879788
0.507012 -0.222353 0.832765
0.103738 0.182531 0.977712
0.206541 0.239963 0.948556
0.317005 0.213399 0.924104
0.40026 0.141902 0.905348
0.443458 0.00510246 0.896281
0.544435 0.121121 0.830012
0.316019 0.17815 0.931877
0.234957 0.0429087 0.971058
-0.541979 0.0609075 0.838182
0.261788 0.0494013 0.96386
-0.421398 0.147943 0.894727
-0.772915 0.0590576 0.631756
-0.981914 0.180333 -0.0576657
-0.928269 0.161482 -0.335023
-0.681314 0.701115 0.210355
-0.350772 0.248344 -0.902931
-0.518167 0.00965247 -0.855225
-0.47301 0.84618 -0.24544
-0.820746 0.569009 -0.0510465
0.380189 0.145139 0.91345
0.400031 0.128277 0.90748
0.0512138 0.232727 0.971193
-0.33232 0.594091 0.732543
0.262551 0.261015 0.928945
-0.789504 0.591646 -0.163216
-0.707099 0.671838 0.220558
-0.763052 0.437297 -0.475944
-0.772375 0.506021 -0.3839
-0.715087 0.247987 -0.65357
-0.743901 0.354871 -0.566285
-0.666573 0.0547904 -0.743424
-0.681136 0.125179 -0.721376
-0.674465 0.0298174 -0.737705
0.460888 0.157621 0.873349
-0.714076 0.0648235 -0.697061
-0.662965 0.0482062 -0.747097
-0.606571 0.0143017 -0.7949
-0.651796 -0.102074 -0.751494
-0.994695 -0.0232044 -0.100217
-0.968702 0.238112 0.0701357
-0.974825 -0.039738 0.219401
-0.991774 -0.0945888 0.0862429
-0.169053 0.0171334 -0.985458
0.00670548 -0.402193 -0.91553
-0.190018 -0.332589 -0.92373
-0.173635 0.0724999 -0.982138
-0.389198 -0.217785 -0.895039
-0.225434 0.153966 -0.962016
-0.23938 0.020715 -0.970705
0.0804972 -0.371861 -0.924792
-0.367844 -0.0636032 -0.92771
0.0986224 -0.35676 -0.928976
-0.466302 -0.163356 -0.869412
0.0388869 -0.271946 -0.961527
-0.465925 -0.268831 -0.842997
0.0230614 -0.187941 -0.98191
-0.401719 -0.432546 -0.807172
-0.00956814 -0.159996 -0.987071
-0.250796 -0.556024 -0.792426
-0.081353 -0.125979 -0.988692
-0.179797 -0.581644 -0.793324
-0.206709 -0.116718 -0.971416
-0.166138 -0.527528 -0.833134
-0.337416 -0.0883595 -0.9372
-0.160562 -0.475157 -0.865128
-0.437057 -0.142705 -0.888041
-0.151695 -0.412942 -0.898036
-0.485974 -0.177517 -0.855755
-0.12111 -0.27081 -0.954984
-0.460363 -0.13006 -0.878152
-0.184797 -0.0408676 -0.981927
-0.485312 -0.00847012 -0.8743
-0.226895 0.136926 -0.964246
-0.503916 -0.0359425 -0.863005
-0.17872 -0.0252286 0.983577
-0.135153 -0.0524668 0.989435
-0.0882648 0.0271566 0.995727
-0.113099 0.0408642 0.992743
-0.0802283 -0.0626092 0.994808
-0.0563114 0.0222553 0.998165
-0.01757 -0.0529907 0.998441
-0.0195397 0.0279463 0.999418
0.0465235 -0.0232991 0.998645
0.0183615 0.0438915 0.998868
0.104101 0.0236204 0.994286
0.0523282 0.0693221 0.996221
0.148594 0.0791804 0.985723
0.0782897 0.0976004 0.992142
0.174597 0.128525 0.976216
0.0936599 0.124805 0.987751
0.180673 0.1733 0.968155
0.0973217 0.152114 0.98356
0.168855 0.217507 0.961342
0.0904685 0.177466 0.97996
0.140352 0.252816 0.95728
0.0742165 0.197698 0.977449
0.0968528 0.276583 0.956097
0.0492273 0.21149 0.97614
0.0410332 0.28602 0.957345
0.0167112 0.217091 0.976008
-0.02274 0.278794 0.960082
-0.0209059 0.212887 0.976853
-0.0877813 0.253926 0.963232
-0.0595766 0.198129 0.978364
-0.145523 0.213565 0.96603
-0.0939004 0.174101 0.980241
-0.188757 0.163483 0.96832
-0.119351 0.144469 0.982285
-0.213942 0.11024 0.970606
-0.133915 0.113341 0.98449
-0.220033 0.0595966 0.97367
-0.137395 0.0839384 0.986953
-0.208485 0.0148051 0.977914
-0.130274 0.0599316 0.989665
-0.25285 -0.106686 0.961605
-0.188594 -0.148072 0.970828
-0.107138 -0.162712 0.98084
-0.0147343 -0.148619 0.988785
0.079898 -0.104995 0.991258
0.16528 -0.0350058 0.985625
0.229774 0.0521245 0.971847
0.26604 0.131419 0.954962
0.274195 0.196928 0.941295
0.257629 0.261516 0.930181
0.215347 0.314052 0.92466
0.151163 0.349702 0.924586
0.0689781 0.364327 0.928713
-0.0248311 0.354304 0.934801
-0.120411 0.318038 0.9404
-0.205175 0.258673 0.943923
-0.268513 0.184677 0.945407
-0.305209 0.105812 0.946388
-0.313908 0.0307524 0.948955
-0.297179 -0.0420658 0.953895
-0.331556 -0.196767 0.922688
-0.245175 -0.25214 0.936117
-0.135981 -0.27339 0.952243
-0.0112384 -0.255993 0.966613
0.117431 -0.19781 0.973181
0.233526 -0.10271 0.966911
0.320064 0.0167077 0.947249
0.367048 0.132203 0.92076
0.375632 0.222509 0.899661
0.353242 0.307211 0.883652
0.296378 0.378558 0.876843
0.210506 0.428111 0.878867
0.100022 0.449981 0.887419
-0.0271049 0.43828 0.89843
-0.157251 0.389832 0.907361
-0.272319 0.308728 0.911334
-0.357161 0.207298 0.910749
-0.405019 0.0997512 0.908851
-0.415827 -0.00303747 0.909439
-0.392021 -0.106234 0.913802
-0.413386 -0.293157 0.862074
-0.304447 -0.364957 0.87984
-0.16653 -0.395324 0.90332
-0.00687195 -0.377009 0.926184
0.160216 -0.304609 0.938906
0.31141 -0.181582 0.932766
0.421834 -0.0257403 0.906308
0.478739 0.128909 0.868442
0.486283 0.24852 0.837715
0.455509 0.353847 0.816887
0.383447 0.445698 0.808901
0.275354 0.511799 0.813782
0.134801 0.544087 0.828129
-0.0295937 0.532873 0.845678
-0.199636 0.471557 0.858941
-0.349158 0.364993 0.863058
-0.456613 0.231385 0.859049
-0.514271 0.0914718 0.852736
-0.524884 -0.0422705 0.850123
-0.491098 -0.178069 0.85271
-0.4963 -0.395413 0.772875
-0.364827 -0.485119 0.794708
-0.198073 -0.528053 0.825789
-0.00132845 -0.513026 0.858372
0.209211 -0.428384 0.879044
0.400948 -0.274708 0.873943
0.53701 -0.0767141 0.840081
0.601186 0.12115 0.789872
0.604253 0.272615 0.748706
0.56334 0.399928 0.722984
0.475852 0.513944 0.713741
0.345806 0.599881 0.7215
0.173919 0.647262 0.742162
-0.0323245 0.640381 0.767377
-0.249265 0.565894 0.785895
-0.438376 0.428759 0.789932
-0.568751 0.256618 0.781454
-0.633167 0.0800836 0.769861
-0.639819 -0.0872179 0.763561
-0.592631 -0.256438 0.763562
-0.575264 -0.499431 0.647796
-0.422563 -0.607672 0.67244
-0.228629 -0.666954 0.709156
0.00567797 -0.661405 0.750007
0.264057 -0.569303 0.778568
0.501884 -0.383748 0.775145
0.66441 -0.137821 0.734551
0.731317 0.107491 0.673514
0.725173 0.292299 0.623447
0.672491 0.442062 0.59358
0.570217 0.57915 0.582613
0.419953 0.688244 0.591574
0.217023 0.756722 0.616663
-0.0352277 0.760348 0.64856
-0.307128 0.673519 0.672343
-0.541094 0.499519 0.676534
-0.692576 0.281356 0.664212
-0.758264 0.0644013 0.64876
-0.755764 -0.137453 0.640256
-0.691053 -0.338739 0.638515
-0.641525 -0.59674 0.482025
-0.470939 -0.721942 0.506967
-0.254282 -0.799723 0.54386
0.0140754 -0.809999 0.586262
0.320344 -0.718208 0.617703
0.606464 -0.503852 0.615089
0.793889 -0.207952 0.571398
0.857996 0.0860122 0.506403
0.838206 0.30334 0.453206
0.773079 0.47397 0.421546
0.658132 0.632879 0.407832
0.491578 0.766439 0.413426
0.261124 0.861215 0.436031
-0.0378698 0.882871 0.468085
-0.370307 0.786573 0.494141
-0.651375 0.570498 0.500243
-0.818415 0.300894 0.489551
-0.877927 0.0431659 0.476845
-0.861079 -0.19062 0.471389
-0.775819 -0.419016 0.471732
-0.68355 -0.674666 0.27854
-0.50096 -0.811614 0.300537
-0.269468 -0.904951 0.329318
0.0227377 -0.932314 0.360935
0.366098 -0.848011 0.38321
0.6921 -0.615317 0.377337
0.898892 -0.278887 0.337958
0.957605 0.0558666 0.282614
0.924061 0.300121 0.236725
0.848594 0.486777 0.207211
0.725036 0.662165 0.189367
0.548247 0.815751 0.184324
0.298463 0.934982 0.191646
-0.0387393 0.977147 0.209003
-0.425153 0.875742 0.228737
-0.745862 0.620921 0.241136
-0.919955 0.305695 0.245427
-0.968398 0.0157938 0.248911
-0.936123 -0.241242 0.255884
-0.831922 -0.487426 0.265184
-0.691554 -0.72043 0.0522779
-0.505046 -0.860332 0.0689705
-0.269406 -0.959445 0.0829858
0.0294596 -0.995273 0.0925425
0.384494 -0.918445 0.0928644
0.725282 -0.684003 0.0781487
0.941312 -0.333811 0.0500219
0.999656 0.0194798 0.0175455
0.9604 0.278413 -0.0108861
0.88064 0.47254 -0.0343436
0.754196 0.654172 -0.0569804
0.574225 0.814934 -0.0784072
0.317596 0.943167 -0.0978227
-0.0351378 0.993247 -0.110574
-0.445002 0.889065 -0.107404
-0.782184 0.617336 -0.08417
-0.957366 0.284362 -0.0508722
-0.999699 -0.0161041 -0.0185153
-0.959561 -0.281349 0.0092623
-0.845513 -0.532874 0.0339459
-0.663438 -0.727951 -0.173023
-0.481915 -0.861154 -0.161774
-0.253564 -0.95353 -0.162743
0.0326761 -0.983904 -0.175684
0.368332 -0.908348 -0.198081
0.690736 -0.688046 -0.222433
0.902305 -0.358378 -0.239608
0.96841 -0.017381 -0.248756
0.936002 0.23929 -0.25815
0.860097 0.430086 -0.274334
0.737048 0.605376 -0.300465
0.560859 0.756417 -0.336558
0.311438 0.870854 -0.380289
-0.0261914 0.906945 -0.420434
-0.413802 0.800837 -0.43293
-0.735282 0.546121 -0.401388
-0.909323 0.235767 -0.342848
-0.957498 -0.0480029 -0.284418
-0.922612 -0.304374 -0.236947
-0.812549 -0.548783 -0.196474
-0.606283 -0.701099 -0.375341
-0.437564 -0.820495 -0.367867
-0.226169 -0.897641 -0.378269
0.0329199 -0.914104 -0.404142
0.328179 -0.836783 -0.438283
0.609436 -0.640641 -0.467083
0.80334 -0.354074 -0.478828
0.87817 -0.0493944 -0.475791
0.86016 0.189429 -0.473542
0.794209 0.367045 -0.484262
0.680042 0.525777 -0.51098
0.514322 0.655292 -0.553232
0.284297 0.742672 -0.606311
-0.0153306 0.755389 -0.655097
-0.349351 0.652536 -0.672421
-0.631512 0.436681 -0.640705
-0.798617 0.173961 -0.57615
-0.857791 -0.074744 -0.508535
-0.836816 -0.309223 -0.451797
-0.741873 -0.536758 -0.40189
-0.531597 -0.650083 -0.542952
-0.381093 -0.752385 -0.537293
-0.193113 -0.812145 -0.550571
0.0316133 -0.814759 -0.578938
0.279676 -0.7384 -0.613635
0.513234 -0.570384 -0.64129
0.681465 -0.332869 -0.65177
0.758718 -0.0744405 -0.647152
0.754473 0.13687 -0.641901
0.700621 0.29479 -0.649791
0.599129 0.431659 -0.674325
0.449618 0.536474 -0.714171
0.246974 0.597435 -0.762939
-0.00591032 0.592433 -0.805598
-0.279156 0.499633 -0.820023
-0.514138 0.325896 -0.793381
-0.665801 0.114112 -0.737352
-0.731221 -0.0941176 -0.675616
-0.724389 -0.299936 -0.620725
-0.648887 -0.504368 -0.569701
-0.449609 -0.585469 -0.674595
-0.320226 -0.670261 -0.669481
-0.158919 -0.714526 -0.681321
0.0297313 -0.707673 -0.705914
0.2323 -0.636715 -0.735276
0.420928 -0.49688 -0.758901
0.56117 -0.305148 -0.769398
0.633778 -0.0929588 -0.767909
0.638568 0.0870656 -0.764625
0.596143 0.222342 -0.771478
0.509301 0.336141 -0.792226
0.379803 0.418408 -0.825037
0.208055 0.459561 -0.863433
0.00129813 0.445861 -0.895101
-0.216611 0.366871 -0.904702
-0.406497 0.229985 -0.884233
-0.537099 0.0627249 -0.841184
-0.601323 -0.106889 -0.791824
-0.604319 -0.281995 -0.745169
-0.54729 -0.460031 -0.699175
-0.366874 -0.51488 -0.774791
-0.259623 -0.583147 -0.769763
-0.125974 -0.615083 -0.778334
0.0277119 -0.603501 -0.79688
0.189306 -0.54134 -0.819216
0.338448 -0.427979 -0.838026
0.451636 -0.276329 -0.848332
0.515 -0.106326 -0.85057
0.524004 0.0422848 -0.850666
0.491331 0.154384 -0.857181
0.419733 0.24607 -0.873656
0.311996 0.309431 -0.898282
0.171486 0.337201 -0.925683
0.00672591 0.321209 -0.946985
-0.163951 0.256844 -0.952445
-0.313993 0.150473 -0.937426
-0.421641 0.0202062 -0.906538
-0.479182 -0.114849 -0.870169
-0.487281 -0.259634 -0.833755
-0.445631 -0.410006 -0.795807
-0.28659 -0.442701 -0.849636
-0.20138 -0.495814 -0.844757
-0.0951142 -0.518388 -0.849839
0.0257062 -0.505728 -0.86231
0.150928 -0.454315 -0.877963
0.265775 -0.365327 -0.892132
0.35399 -0.248464 -0.901641
0.405874 -0.115857 -0.906556
0.415581 0.0028295 -0.909552
0.390986 0.0923692 -0.91575
0.334423 0.1636 -0.928115
0.248756 0.211345 -0.945227
0.138273 0.230284 -0.96325
0.0109162 0.215557 -0.97643
-0.119613 0.165228 -0.978975
-0.235005 0.0842584 -0.968335
-0.319974 -0.0150882 -0.947306
-0.367763 -0.11955 -0.922203
-0.377405 -0.235322 -0.89565
-0.347886 -0.357884 -0.866542
-0.209936 -0.371049 -0.904571
-0.146137 -0.410322 -0.900155
-0.0663944 -0.42584 -0.902359
0.0237567 -0.414585 -0.909701
0.116455 -0.374865 -0.919736
0.20115 -0.308308 -0.929777
0.266564 -0.222039 -0.937892
0.306209 -0.122428 -0.944059
0.31443 -0.0317398 -0.94875
0.296582 0.0361766 -0.954322
0.254477 0.0886427 -0.963008
0.190396 0.123259 -0.973939
0.108201 0.136216 -0.984753
0.0142704 0.124494 -0.992118
-0.0815194 0.0871891 -0.992851
-0.166468 0.0278963 -0.985652
-0.229879 -0.0449338 -0.972181
-0.266543 -0.122068 -0.956062
-0.275419 -0.210186 -0.938065
-0.25535 -0.305304 -0.91738
-0.137503 -0.301212 -0.943591
-0.0941531 -0.327807 -0.940041
-0.0397261 -0.337922 -0.940336
0.0218764 -0.329584 -0.943873
0.0851825 -0.301852 -0.949542
0.142978 -0.256029 -0.956037
0.187595 -0.1971 -0.962268
0.215079 -0.126261 -0.9684
0.220597 -0.0616153 -0.973417
0.20855 -0.0146195 -0.977902
0.180119 0.0206606 -0.983428
0.136674 0.0439436 -0.989641
0.0808453 0.0526054 -0.995337
0.0170251 0.0445918 -0.99886
-0.0481156 0.0192333 -0.998657
-0.105947 -0.0210942 -0.994148
-0.149213 -0.0706239 -0.98628
-0.174389 -0.123062 -0.976957
-0.181175 -0.184524 -0.965985
-0.168568 -0.252839 -0.952711
-0.0704868 -0.234949 -0.969449
-0.0460538 -0.249845 -0.96719
-0.0152481 -0.255671 -0.966644
0.0200837 -0.251064 -0.967762
0.0569099 -0.23516 -0.970289
0.0908238 -0.208484 -0.9738
0.117023 -0.174044 -0.97776
0.134238 -0.127282 -0.982741
0.137731 -0.0859038 -0.986737
0.130555 -0.0584501 -0.989717
0.114322 -0.0382208 -0.992708
0.0893633 -0.0245898 -0.995696
0.0568484 -0.0192555 -0.998197
0.0192086 -0.0237297 -0.999534
-0.0194887 -0.0386663 -0.999062
-0.0538433 -0.0626821 -0.99658
-0.0793058 -0.0921091 -0.992586
-0.0938589 -0.122957 -0.987964
-0.0979583 -0.159631 -0.982305
-0.0900263 -0.203415 -0.974945
-0.0202184 0.119244 0.992659
0.0206496 -0.126337 -0.991772
0.0882611 0.0271561 0.995727
0.135153 -0.0524678 0.989435
0.178719 -0.0252292 0.983577
0.1131 0.0408649 0.992743
0.056312 0.0222561 0.998165
0.0802289 -0.0626098 0.994808
0.0195412 0.0279467 0.999418
0.0175683 -0.052991 0.998441
-0.0183641 0.0438927 0.998868
-0.0465257 -0.0232981 0.998645
-0.0523298 0.0693221 0.996221
-0.104101 0.023619 0.994286
-0.0782925 0.0976015 0.992141
-0.148592 0.07918 0.985723
-0.0936619 0.124806 0.98775
-0.174596 0.128525 0.976216
-0.09732 0.152114 0.98356
-0.180672 0.173299 0.968156
-0.0904666 0.177464 0.97996
-0.168854 0.217504 0.961343
-0.0742097 0.197695 0.977451
-0.14035 0.252814 0.957281
-0.0492226 0.21149 0.97614
-0.0968535 0.276585 0.956096
-0.0167174 0.21709 0.976008
-0.0410344 0.286021 0.957344
0.0209052 0.212889 0.976853
0.0227374 0.278794 0.960082
0.0595804 0.198126 0.978364
0.0877808 0.253922 0.963233
0.0939006 0.174102 0.980241
0.145527 0.213563 0.96603
0.119348 0.144472 0.982285
0.18876 0.163486 0.968319
0.133914 0.113342 0.98449
0.213946 0.110242 0.970605
0.137394 0.0839401 0.986953
0.220037 0.0595976 0.973669
0.130275 0.0599338 0.989665
0.208484 0.0148057 0.977914
0.188595 -0.148075 0.970827
0.252849 -0.106689 0.961605
0.107139 -0.162713 0.980839
0.0147328 -0.148618 0.988785
-0.0798991 -0.104995 0.991258
-0.165279 -0.0350055 0.985625
-0.229772 0.0521232 0.971848
-0.266038 0.131419 0.954962
-0.274193 0.196928 0.941296
-0.257628 0.261516 0.930181
-0.21535 0.314054 0.924659
-0.151164 0.349705 0.924584
-0.0689784 0.364328 0.928713
0.0248292 0.354303 0.934801
0.12041 0.318035 0.940402
0.205174 0.258669 0.943925
0.268512 0.184677 0.945408
0.30521 0.105811 0.946389
0.31391 0.0307527 0.948955
0.29718 -0.0420661 0.953894
0.245173 -0.252139 0.936118
0.331554 -0.196769 0.922688
0.135981 -0.273389 0.952244
0.0112374 -0.255994 0.966613
-0.11743 -0.197809 0.973181
-0.233524 -0.102708 0.966911
-0.320065 0.0167083 0.947248
-0.367051 0.132203 0.920758
-0.375635 0.222509 0.89966
-0.353243 0.307213 0.883651
-0.296378 0.378558 0.876843
-0.210506 0.428111 0.878868
-0.100023 0.449981 0.887419
0.0271033 0.438275 0.898432
0.15725 0.389826 0.907363
0.27232 0.308726 0.911334
0.35716 0.207298 0.91075
0.405015 0.0997498 0.908852
0.415827 -0.00303846 0.909439
0.392022 -0.106235 0.913802
0.304449 -0.364956 0.87984
0.413384 -0.293156 0.862075
0.16653 -0.395325 0.903319
0.00687073 -0.377015 0.926182
-0.160216 -0.30461 0.938905
-0.311408 -0.18158 0.932767
-0.421834 -0.0257409 0.906308
-0.478741 0.128909 0.868441
-0.486284 0.248521 0.837714
-0.45551 0.35385 0.816885
-0.383448 0.445699 0.8089
-0.275354 0.511799 0.813783
-0.134801 0.544086 0.82813
0.0295915 0.532872 0.845678
0.199638 0.471557 0.858941
0.34916 0.364993 0.863057
0.456614 0.231386 0.859048
0.51427 0.0914701 0.852737
0.524882 -0.0422701 0.850125
0.491096 -0.178067 0.852711
0.364825 -0.485118 0.79471
0.496293 -0.395412 0.77288
0.198071 -0.528053 0.825789
0.0013271 -0.513028 0.858371
-0.209208 -0.428387 0.879043
-0.400946 -0.274706 0.873945
-0.537009 -0.0767133 0.840082
-0.601185 0.121148 0.789874
-0.604251 0.272616 0.748706
-0.563336 0.39993 0.722986
-0.475853 0.513941 0.713742
-0.345808 0.599881 0.721498
-0.173919 0.64726 0.742164
0.0323228 0.640378 0.767379
0.249266 0.56589 0.785898
0.438377 0.428756 0.789933
0.568751 0.25662 0.781453
0.633167 0.0800833 0.769861
0.639816 -0.0872158 0.763563
0.592627 -0.256436 0.763566
0.422565 -0.607677 0.672434
0.575262 -0.499432 0.647797
0.22863 -0.66696 0.709149
-0.00567764 -0.661405 0.750008
-0.264055 -0.5693 0.778571
-0.501886 -0.383748 0.775144
-0.66441 -0.13782 0.734551
-0.731316 0.10749 0.673515
-0.725173 0.2923 0.623446
-0.672489 0.442063 0.593581
-0.570217 0.579148 0.582615
-0.419953 0.688243 0.591576
-0.217024 0.756721 0.616663
0.0352265 0.760351 0.648557
0.307128 0.673519 0.672342
0.541091 0.499517 0.676538
0.692574 0.281356 0.664214
0.758264 0.0644016 0.648758
0.755765 -0.137451 0.640255
0.691053 -0.338741 0.638514
0.47094 -0.721942 0.506967
0.641525 -0.596742 0.482022
0.254284 -0.799722 0.54386
-0.0140716 -0.810002 0.586258
-0.32034 -0.718211 0.617701
-0.606463 -0.503852 0.61509
-0.793891 -0.207951 0.571396
-0.857995 0.0860135 0.506405
-0.838206 0.303342 0.453204
-0.773081 0.473972 0.421542
-0.658132 0.632878 0.407833
-0.491579 0.766438 0.413428
-0.261127 0.861218 0.436023
0.03787 0.882877 0.468075
0.370313 0.786577 0.494132
0.651376 0.5705 0.500238
0.818415 0.300892 0.489551
0.877927 0.043166 0.476845
0.861079 -0.190621 0.471388
0.775819 -0.419017 0.471731
0.500959 -0.811611 0.300547
0.683551 -0.674665 0.27854
0.269468 -0.904948 0.329328
-0.0227378 -0.932315 0.360931
-0.366099 -0.848012 0.383206
-0.6921 -0.615316 0.377339
-0.898892 -0.278888 0.337956
-0.957608 0.0558654 0.282607
-0.924062 0.300121 0.236722
-0.848593 0.486776 0.207216
-0.725035 0.662165 0.189372
-0.548245 0.815752 0.184326
-0.298463 0.934981 0.191654
0.0387413 0.977147 0.209006
0.425155 0.875743 0.22873
0.745864 0.620922 0.241129
0.919956 0.305694 0.245423
0.968398 0.0157937 0.248908
0.936123 -0.24124 0.255885
0.831922 -0.487426 0.265182
0.505046 -0.860332 0.0689701
0.691554 -0.720431 0.0522832
0.269407 -0.959445 0.0829835
-0.029458 -0.995272 0.0925499
-0.384492 -0.918445 0.0928654
-0.725283 -0.684001 0.0781467
-0.941311 -0.333813 0.0500205
-0.999656 0.0194787 0.0175433
-0.960399 0.278414 -0.0108846
-0.880641 0.472539 -0.0343382
-0.754197 0.654172 -0.0569734
-0.574226 0.814935 -0.0783976
-0.317595 0.943168 -0.0978124
0.0351411 0.993247 -0.110568
0.445004 0.889065 -0.107399
0.782182 0.617338 -0.0841673
0.957367 0.28436 -0.0508723
0.999699 -0.0161032 -0.0185128
0.959561 -0.281348 0.0092675
0.845512 -0.532875 0.0339497
0.481916 -0.861154 -0.161777
0.663438 -0.727952 -0.173019
0.253564 -0.953529 -0.162749
-0.032676 -0.983904 -0.175686
-0.368334 -0.908346 -0.198087
-0.690735 -0.688046 -0.222435
-0.902305 -0.35838 -0.239602
-0.968412 -0.0173799 -0.248749
-0.936001 0.239289 -0.258152
-0.860096 0.430085 -0.274338
-0.737047 0.605376 -0.300469
-0.560859 0.756415 -0.33656
-0.311438 0.870855 -0.380287
0.0261941 0.906947 -0.420429
0.413801 0.800841 -0.432924
0.735282 0.546121 -0.401388
0.909324 0.235766 -0.342846
0.9575 -0.0480009 -0.284412
0.922612 -0.304374 -0.236946
0.812547 -0.548785 -0.196475
0.437564 -0.820495 -0.367867
0.606281 -0.701098 -0.375345
0.226169 -0.897641 -0.378271
-0.0329206 -0.914102 -0.404146
-0.328179 -0.836783 -0.438283
-0.609437 -0.640641 -0.467082
-0.803342 -0.354076 -0.478824
-0.878169 -0.0493953 -0.475793
-0.860155 0.189427 -0.473551
-0.794207 0.367043 -0.484267
-0.680041 0.525773 -0.510987
-0.51432 0.655286 -0.553241
-0.284297 0.742671 -0.606313
0.0153304 0.755388 -0.655098
0.34935 0.652533 -0.672425
0.63151 0.436682 -0.640706
0.798618 0.173962 -0.576148
0.857792 -0.0747454 -0.508534
0.836813 -0.309223 -0.451801
0.74187 -0.536759 -0.401894
0.381093 -0.752386 -0.537293
0.531593 -0.650083 -0.542956
0.193114 -0.812147 -0.550567
-0.0316141 -0.814759 -0.578937
-0.279676 -0.738402 -0.613632
-0.513231 -0.570386 -0.641291
-0.681464 -0.332868 -0.651771
-0.758718 -0.0744376 -0.647152
-0.754473 0.136869 -0.641902
-0.700621 0.294791 -0.649792
-0.599129 0.431661 -0.674324
-0.449618 0.536472 -0.714172
-0.246976 0.597431 -0.762942
0.00590884 0.592432 -0.805598
0.279158 0.499632 -0.820023
0.514138 0.325898 -0.793381
0.665802 0.114111 -0.737351
0.731221 -0.0941181 -0.675617
0.724389 -0.299936 -0.620725
0.648884 -0.504366 -0.569706
0.320225 -0.670259 -0.669484
0.449606 -0.585468 -0.674598
0.15892 -0.714526 -0.68132
-0.0297332 -0.707673 -0.705914
-0.232299 -0.636711 -0.73528
-0.420925 -0.496878 -0.758904
-0.56117 -0.305146 -0.769399
-0.633778 -0.0929563 -0.767909
-0.63857 0.0870669 -0.764623
-0.596147 0.222342 -0.771474
-0.509304 0.336147 -0.792221
-0.379804 0.418412 -0.825034
-0.208055 0.459559 -0.863434
-0.00129865 0.44586 -0.895102
0.216615 0.366873 -0.9047
0.406499 0.229987 -0.884231
0.537098 0.0627243 -0.841185
0.601325 -0.10689 -0.791822
0.604322 -0.281994 -0.745167
0.54729 -0.460031 -0.699175
0.259623 -0.583144 -0.769766
0.366875 -0.514879 -0.774792
0.125977 -0.615085 -0.778332
-0.0277116 -0.603503 -0.796879
-0.189305 -0.541339 -0.819216
-0.338447 -0.427979 -0.838026
-0.451637 -0.276329 -0.848332
-0.515 -0.106325 -0.850571
-0.524002 0.0422835 -0.850667
-0.491328 0.154381 -0.857183
-0.419733 0.246071 -0.873655
-0.311997 0.309434 -0.898281
-0.171487 0.337201 -0.925682
-0.00672541 0.321207 -0.946985
0.163952 0.256844 -0.952445
0.313995 0.150473 -0.937425
0.421641 0.0202047 -0.906538
0.479182 -0.11485 -0.870169
0.487284 -0.259635 -0.833753
0.445633 -0.410008 -0.795804
0.201378 -0.495811 -0.844759
0.286592 -0.442701 -0.849636
0.0951139 -0.518386 -0.849841
-0.0257048 -0.505728 -0.86231
-0.150926 -0.454315 -0.877963
-0.265775 -0.365329 -0.892131
-0.353992 -0.248464 -0.901641
-0.405875 -0.115855 -0.906556
-0.415579 0.00282833 -0.909553
-0.390979 0.0923667 -0.915753
-0.33442 0.1636 -0.928116
-0.248757 0.211347 -0.945226
-0.138274 0.230285 -0.963249
-0.010915 0.215558 -0.97643
0.119613 0.165228 -0.978975
0.235005 0.0842578 -0.968336
0.319973 -0.0150893 -0.947306
0.367763 -0.11955 -0.922203
0.377402 -0.23532 -0.895652
0.347885 -0.357886 -0.866541
0.146136 -0.41032 -0.900157
0.209937 -0.371048 -0.904571
0.0663926 -0.425839 -0.90236
-0.0237555 -0.414586 -0.9097
-0.116454 -0.374868 -0.919735
-0.201152 -0.30831 -0.929776
-0.266565 -0.222038 -0.937892
-0.306208 -0.122426 -0.94406
-0.31443 -0.0317409 -0.94875
-0.296584 0.0361779 -0.954321
-0.254478 0.0886436 -0.963007
-0.190399 0.123261 -0.973938
-0.108203 0.136217 -0.984752
-0.014268 0.124494 -0.992118
0.0815209 0.0871889 -0.992851
0.166467 0.0278968 -0.985652
0.229881 -0.0449356 -0.972181
0.266543 -0.122066 -0.956062
0.275417 -0.210184 -0.938066
0.25535 -0.305306 -0.917379
0.0941506 -0.327805 -0.940042
0.137504 -0.301212 -0.943591
0.0397228 -0.337926 -0.940334
-0.0218741 -0.329587 -0.943872
-0.0851825 -0.301853 -0.949541
-0.142979 -0.256028 -0.956037
-0.187596 -0.197097 -0.962269
-0.215077 -0.126262 -0.968401
-0.220596 -0.0616164 -0.973417
-0.208553 -0.014618 -0.977902
-0.180121 0.0206601 -0.983428
-0.136673 0.0439435 -0.989641
-0.0808506 0.0526037 -0.995337
-0.0170264 0.0445908 -0.99886
0.0481147 0.0192328 -0.998657
0.105944 -0.0210942 -0.994148
0.149214 -0.0706259 -0.986279
0.174389 -0.123061 -0.976957
0.181175 -0.184523 -0.965985
0.168568 -0.252842 -0.95271
0.0460516 -0.249846 -0.96719
0.0704883 -0.234952 -0.969448
0.0152411 -0.255669 -0.966644
-0.0200762 -0.251066 -0.967762
-0.056908 -0.235159 -0.970289
-0.0908279 -0.208478 -0.9738
-0.117019 -0.174038 -0.977761
-0.134237 -0.127284 -0.982741
-0.137732 -0.0859049 -0.986737
-0.130553 -0.0584493 -0.989717
-0.114317 -0.0382248 -0.992709
-0.0893543 -0.0245902 -0.995696
-0.0568541 -0.0192554 -0.998197
-0.0192164 -0.0237299 -0.999534
0.019489 -0.0386659 -0.999062
0.0538421 -0.0626808 -0.99658
0.0793047 -0.0921086 -0.992586
0.0938586 -0.122956 -0.987964
0.0979621 -0.159632 -0.982304
0.090028 -0.203418 -0.974944
0.0202189 0.119245 0.992659
-0.020649 -0.126336 -0.991773
1 0 1 2 3 0 1 2 3
1 1 4 5 2 1 4 5 2
1 4 6 7 5 4 6 7 5
1 6 8 9 7 6 8 9 7
1 8 10 11 9 8 10 11 9
1 10 12 13 11 10 12 13 11
1 12 14 15 13 12 14 15 13
1 14 16 17 15 14 16 17 15
1 16 18 19 17 16 18 19 17
1 18 20 21 19 18 20 21 19
1 20 22 23 21 20 22 23 21
1 22 24 25 23 22 24 25 23
1 24 26 27 25 24 26 27 25
1 26 28 29 27 26 28 29 27
1 28 30 31 29 28 30 31 29
1 30 32 33 31 30 32 33 31
1 32 34 35 33 32 34 35 33
1 34 36 37 35 34 36 37 35
1 36 38 39 37 36 38 39 37
1 38 0 3 39 38 0 3 39
1 40 41 1 0 40 41 1 0
1 41 42 4 1 41 42 4 1
1 42 43 6 4 42 43 6 4
1 43 44 8 6 43 44 8 6
1 44 45 10 8 44 45 10 8
1 45 46 12 10 45 46 12 10
1 46 47 14 12 46 47 14 12
1 47 48 16 14 47 48 16 14
1 48 49 18 16 48 49 18 16
1 49 50 20 18 49 50 20 18
1 50 51 22 20 50 51 22 20
1 51 52 24 22 51 52 24 22
1 52 53 26 24 52 53 26 24
1 53 54 28 26 53 54 28 26
1 54 55 30 28 54 55 30 28
1 55 56 32 30 55 56 32 30
1 56 57 34 32 56 57 34 32
1 57 58 36 34 57 58 36 34
1 58 59 38 36 58 59 38 36
1 59 40 0 38 59 40 0 38
1 60 61 41 40 60 61 41 40
1 61 62 42 41 61 62 42 41
1 62 63 43 42 62 63 43 42
1 63 64 44 43 63 64 44 43
1 64 65 45 44 64 65 45 44
1 65 66 46 45 65 66 46 45
1 66 67 47 46 66 67 47 46
1 67 68 48 47 67 68 48 47
1 68 69 49 48 68 69 49 48
1 69 70 50 49 69 70 50 49
1 70 71 51 50 70 71 51 50
1 71 72 52 51 71 72 52 51
1 72 73 53 52 72 73 53 52
1 73 74 54 53 73 74 54 53
1 74 75 55 54 74 75 55 54
1 75 76 56 55 75 76 56 55
1 76 77 57 56 76 77 57 56
1 77 78 58 57 77 78 58 57
1 78 79 59 58 78 79 59 58
1 79 60 40 59 79 60 40 59
1 80 81 61 60 80 81 61 60
1 81 82 62 61 81 82 62 61
1 82 83 63 62 82 83 63 62
1 83 84 64 63 83 84 64 63
1 84 85 65 64 84 85 65 64
1 85 86 66 65 85 86 66 65
1 86 87 67 66 86 87 67 66
1 87 88 68 67 87 88 68 67
1 88 89 69 68 88 89 69 68
1 89 90 70 69 89 90 70 69
1 90 91 71 70 90 91 71 70
1 91 92 72 71 91 92 72 71
1 92 93 73 72 92 93 73 72
1 93 94 74 73 93 94 74 73
1 94 95 75 74 94 95 75 74
1 95 96 76 75 95 96 76 75
1 96 97 77 76 96 97 77 76
1 97 98 78 77 97 98 78 77
1 98 99 79 78 98 99 79 78
1 99 80 60 79 99 80 60 79
1 100 101 81 80 100 101 81 80
1 101 102 82 81 101 102 82 81
1 102 103 83 82 102 103 83 82
1 103 104 84 83 103 104 84 83
1 104 105 85 84 104 105 85 84
1 105 106 86 85 105 106 86 85
1 106 107 87 86 106 107 87 86
1 107 108 88 87 107 108 88 87
1 108 109 89 88 108 109 89 88
1 109 110 90 89 109 110 90 89
1 110 111 91 90 110 111 91 90
1 111 112 92 91 111 112 92 91
1 112 113 93 92 112 113 93 92
1 113 114 94 93 113 114 94 93
1 114 115 95 94 114 115 95 94
1 115 116 96 95 115 116 96 95
1 116 117 97 96 116 117 97 96
1 117 118 98 97 117 118 98 97
1 118 119 99 98 118 119 99 98
1 119 100 80 99 119 100 80 99
1 120 121 101 100 120 121 101 100
1 121 122 102 101 121 122 102 101
1 122 123 103 102 122 123 103 102
1 123 124 104 103 123 124 104 103
1 124 125 105 104 124 125 105 104
1 125 126 106 105 125 126 106 105
1 126 127 107 106 126 127 107 106
1 127 128 108 107 127 128 108 107
1 128 129 109 108 128 129 109 108
1 129 130 110 109 129 130 110 109
1 130 131 111 110 130 131 111 110
1 131 132 112 111 131 132 112 111
1 132 133 113 112 132 133 113 112
1 133 134 114 113 133 134 114 113
1 134 135 115 114 134 135 115 114
1 135 136 116 115 135 136 116 115
1 136 137 117 116 136 137 117 116
1 137 138 118 117 137 138 118 117
1 138 139 119 118 138 139 119 118
1 139 120 100 119 139 120 100 119
1 140 141 121 120 140 141 121 120
1 141 142 122 121 141 142 122 121
1 142 143 123 122 142 143 123 122
1 143 144 124 123 143 144 124 123
1 144 145 125 124 144 145 125 124
1 145 146 126 125 145 146 126 125
1 146 147 127 126 146 147 127 126
1 147 148 128 127 147 148 128 127
1 148 149 129 128 148 149 129 128
1 149 150 130 129 149 150 130 129
1 150 151 131 130 150 151 131 130
1 151 152 132 131 151 152 132 131
1 152 153 133 132 152 153 133 132
1 153 154 134 133 153 154 134 133
1 154 155 135 134 154 155 135 134
1 155 156 136 135 155 156 136 135
1 156 157 137 136 156 157 137 136
1 157 158 138 137 157 158 138 137
1 158 159 139 138 158 159 139 138
1 159 140 120 139 159 140 120 139
1 160 161 141 140 160 161 141 140
1 161 162 142 141 161 162 142 141
1 162 163 143 142 162 163 143 142
1 163 164 144 143 163 164 144 143
1 164 165 145 144 164 165 145 144
1 165 166 146 145 165 166 146 145
1 166 167 147 146 166 167 147 146
1 167 168 148 147 167 168 148 147
1 168 169 149 148 168 169 149 148
1 169 170 150 149 169 170 150 149
1 170 171 151 150 170 171 151 150
1 171 172 152 151 171 172 152 151
1 172 173 153 152 172 173 153 152
1 173 174 154 153 173 174 154 153
1 174 175 155 154 174 175 155 154
1 175 176 156 155 175 176 156 155
1 176 177 157 156 176 177 157 156
1 177 178 158 157 177 178 158 157
1 178 179 159 158 178 179 159 158
1 179 160 140 159 179 160 140 159
1 180 181 161 160 180 181 161 160
1 181 182 162 161 181 182 162 161
1 182 183 163 162 182 183 163 162
1 183 184 164 163 183 184 164 163
1 184 185 165 164 184 185 165 164
1 185 186 166 165 185 186 166 165
1 186 187 167 166 186 187 167 166
1 187 188 168 167 187 188 168 167
1 188 189 169 168 188 189 169 168
1 189 190 170 169 189 190 170 169
1 190 191 171 170 190 191 171 170
1 191 192 172 171 191 192 172 171
1 192 193 173 172 192 193 173 172
1 193 194 174 173 193 194 174 173
1 194 195 175 174 194 195 175 174
1 195 196 176 175 195 196 176 175
1 196 197 177 176 196 197 177 176
1 197 198 178 177 197 198 178 177
1 198 199 179 178 198 199 179 178
1 199 180 160 179 199 180 160 179
1 200 201 181 180 200 201 181 180
1 201 202 182 181 201 202 182 181
1 202 203 183 182 202 203 183 182
1 203 204 184 183 203 204 184 183
1 204 205 185 184 204 205 185 184
1 205 206 186 185 205 206 186 185
1 206 207 187 186 206 207 187 186
1 207 208 188 187 207 208 188 187
1 208 209 189 188 208 209 189 188
1 209 210 190 189 209 210 190 189
1 210 211 191 190 210 211 191 190
1 211 212 192 191 211 212 192 191
1 212 213 193 192 212 213 193 192
1 213 214 194 193 213 214 194 193
1 214 215 195 194 214 215 195 194
1 215 216 196 195 215 216 196 195
1 216 217 197 196 216 217 197 196
1 217 218 198 197 217 218 198 197
1 218 219 199 198 218 219 199 198
1 219 200 180 199 219 200 180 199
1 220 221 201 200 220 221 201 200
1 221 222 202 201 221 222 202 201
1 222 223 203 202 222 223 203 202
1 223 224 204 203 223 224 204 203
1 224 225 205 204 224 225 205 204
1 225 226 206 205 225 226 206 205
1 226 227 207 206 226 227 207 206
1 227 228 208 207 227 228 208 207
1 228 229 209 208 228 229 209 208
1 229 230 210 209 229 230 210 209
1 230 231 211 210 230 231 211 210
1 231 232 212 211 231 232 212 211
1 232 233 213 212 232 233 213 212
1 233 234 214 213 233 234 214 213
1 234 235 215 214 234 235 215 214
1 235 236 216 215 235 236 216 215
1 236 237 217 216 236 237 217 216
1 237 238 218 217 237 238 218 217
1 238 239 219 218 238 239 219 218
1 239 220 200 219 239 220 200 219
1 240 241 221 220 240 241 221 220
1 241 242 222 221 241 242 222 221
1 242 243 223 222 242 243 223 222
1 243 244 224 223 243 244 224 223
1 244 245 225 224 244 245 225 224
1 245 246 226 225 245 246 226 225
1 246 247 227 226 246 247 227 226
1 247 248 228 227 247 248 228 227
1 248 249 229 228 248 249 229 228
1 249 250 230 229 249 250 230 229
1 250 251 231 230 250 251 231 230
1 251 252 232 231 251 252 232 231
1 252 253 233 232 252 253 233 232
1 253 254 234 233 253 254 234 233
1 254 255 235 234 254 255 235 234
1 255 256 236 235 255 256 236 235
1 256 257 237 236 256 257 237 236
1 257 258 238 237 257 258 238 237
1 258 259 239 238 258 259 239 238
1 259 240 220 239 259 240 220 239
1 260 261 241 240 260 261 241 240
1 261 262 242 241 261 262 242 241
1 262 263 243 242 262 263 243 242
1 263 264 244 243 263 264 244 243
1 264 265 245 244 264 265 245 244
1 265 266 246 245 265 266 246 245
1 266 267 247 246 266 267 247 246
1 267 268 248 247 267 268 248 247
1 268 269 249 248 268 269 249 248
1 269 270 250 249 269 270 250 249
1 270 271 251 250 270 271 251 250
1 271 272 252 251 271 272 252 251
1 272 273 253 252 272 273 253 252
1 273 274 254 253 273 274 254 253
1 274 275 255 254 274 275 255 254
1 275 276 256 255 275 276 256 255
1 276 277 257 256 276 277 257 256
1 277 278 258 257 277 278 258 257
1 278 279 259 258 278 279 259 258
1 279 260 240 259 279 260 240 259
1 280 281 261 260 280 281 261 260
1 281 282 262 261 281 282 262 261
1 282 283 263 262 282 283 263 262
1 283 284 264 263 283 284 264 263
1 284 285 265 264 284 285 265 264
1 285 286 266 265 285 286 266 265
1 286 287 267 266 286 287 267 266
1 287 288 268 267 287 288 268 267
1 288 289 269 268 288 289 269 268
1 289 290 270 269 289 290 270 269
1 290 291 271 270 290 291 271 270
1 291 292 272 271 291 292 272 271
1 292 293 273 272 292 293 273 272
1 293 294 274 273 293 294 274 273
1 294 295 275 274 294 295 275 274
1 295 296 276 275 295 296 276 275
1 296 297 277 276 296 297 277 276
1 297 298 278 277 297 298 278 277
1 298 299 279 278 298 299 279 278
1 299 280 260 279 299 280 260 279
1 300 301 281 280 300 301 281 280
1 301 302 282 281 301 302 282 281
1 302 303 283 282 302 303 283 282
1 303 304 284 283 303 304 284 283
1 304 305 285 284 304 305 285 284
1 305 306 286 285 305 306 286 285
1 306 307 287 286 306 307 287 286
1 307 308 288 287 307 308 288 287
1 308 309 289 288 308 309 289 288
1 309 310 290 289 309 310 290 289
1 310 311 291 290 310 311 291 290
1 311 312 292 291 311 312 292 291
1 312 313 293 292 312 313 293 292
1 313 314 294 293 313 314 294 293
1 314 315 295 294 314 315 295 294
1 315 316 296 295 315 316 296 295
1 316 317 297 296 316 317 297 296
1 317 318 298 297 317 318 298 297
1 318 319 299 298 318 319 299 298
1 319 300 280 299 319 300 280 299
1 320 321 301 300 320 321 301 300
1 321 322 302 301 321 322 302 301
1 322 323 303 302 322 323 303 302
1 323 324 304 303 323 324 304 303
1 324 325 305 304 324 325 305 304
1 325 326 306 305 325 326 306 305
1 326 327 307 306 326 327 307 306
1 327 328 308 307 327 328 308 307
1 328 329 309 308 328 329 309 308
1 329 330 310 309 329 330 310 309
1 330 331 311 310 330 331 311 310
1 331 332 312 311 331 332 312 311
1 332 333 313 312 332 333 313 312
1 333 334 314 313 333 334 314 313
1 334 335 315 314 334 335 315 314
1 335 336 316 315 335 336 316 315
1 336 337 317 316 336 337 317 316
1 337 338 318 317 337 338 318 317
1 338 339 319 318 338 339 319 318
1 339 320 300 319 339 320 300 319
1 340 341 321 320 340 341 321 320
1 341 342 322 321 341 342 322 321
1 342 343 323 322 342 343 323 322
1 343 344 324 323 343 344 324 323
1 344 345 325 324 344 345 325 324
1 345 346 326 325 345 346 326 325
1 346 347 327 326 346 347 327 326
1 347 348 328 327 347 348 328 327
1 348 349 329 328 348 349 329 328
1 349 350 330 329 349 350 330 329
1 350 351 331 330 350 351 331 330
1 351 352 332 331 351 352 332 331
1 352 353 333 332 352 353 333 332
1 353 354 334 333 353 354 334 333
1 354 355 335 334 354 355 335 334
1 355 356 336 335 355 356 336 335
1 356 357 337 336 356 357 337 336
1 357 358 338 337 357 358 338 337
1 358 359 339 338 358 359 339 338
1 359 340 320 339 359 340 320 339
1 360 361 341 340 360 361 341 340
1 361 362 342 341 361 362 342 341
1 362 363 343 342 362 363 343 342
1 363 364 344 343 363 364 344 343
1 364 365 345 344 364 365 345 344
1 365 366 346 345 365 366 346 345
1 366 367 347 346 366 367 347 346
1 367 368 348 347 367 368 348 347
1 368 369 349 348 368 369 349 348
1 369 370 350 349 369 370 350 349
1 370 371 351 350 370 371 351 350
1 371 372 352 351 371 372 352 351
1 372 373 353 352 372 373 353 352
1 373 374 354 353 373 374 354 353
1 374 375 355 354 374 375 355 354
1 375 376 356 355 375 376 356 355
1 376 377 357 356 376 377 357 356
1 377 378 358 357 377 378 358 357
1 378 379 359 358 378 379 359 358
1 379 360 340 359 379 360 340 359
0 380 3 2 0 380 3 2 0
0 380 2 5 0 380 2 5 0
0 380 5 7 0 380 5 7 0
0 380 7 9 0 380 7 9 0
0 380 9 11 0 380 9 11 0
0 380 11 13 0 380 11 13 0
0 380 13 15 0 380 13 15 0
0 380 15 17 0 380 15 17 0
0 380 17 19 0 380 17 19 0
0 380 19 21 0 380 19 21 0
0 380 21 23 0 380 21 23 0
0 380 23 25 0 380 23 25 0
0 380 25 27 0 380 25 27 0
0 380 27 29 0 380 27 29 0
0 380 29 31 0 380 29 31 0
0 380 31 33 0 380 31 33 0
0 380 33 35 0 380 33 35 0
0 380 35 37 0 380 35 37 0
0 380 37 39 0 380 37 39 0
0 380 39 3 0 380 39 3 0
1 381 382 383 384 381 382 383 384
1 376 382 381 377 376 382 381 377
1 364 363 362 384 364 363 362 384
1 365 364 384 366 365 364 384 366
1 373 372 382 374 373 372 382 374
1 378 377 381 379 378 377 381 379
1 375 374 382 376 375 374 382 376
1 370 369 383 371 370 369 383 371
1 371 383 382 372 371 383 382 372
1 368 367 383 369 368 367 383 369
1 366 384 383 367 366 384 383 367
1 360 379 381 361 360 379 381 361
1 381 384 362 361 381 384 362 361
1 385 386 387 388 385 386 387 388
1 389 390 391 392 389 390 391 392
1 393 394 395 396 393 394 395 396
1 397 398 399 400 397 398 399 400
1 401 402 403 404 401 402 403 404
1 405 406 407 408 405 406 407 408
1 409 410 411 412 409 410 411 412
1 386 385 413 414 386 385 413 414
1 415 386 414 416 415 386 414 416
1 415 417 387 386 415 417 387 386
1 418 389 392 419 418 389 392 419
1 420 421 394 393 420 421 394 393
1 422 423 398 397 422 423 398 397
1 424 425 402 401 424 425 402 401
1 426 427 406 405 426 427 406 405
1 428 429 410 409 428 429 410 409
1 422 430 431 423 422 430 431 423
1 422 432 433 430 422 432 433 430
1 434 424 435 436 434 424 435 436
1 437 434 436 438 437 434 436 438
1 438 439 440 437 438 439 440 437
1 439 441 442 440 439 441 442 440
1 443 442 441 444 443 442 441 444
1 445 446 447 448 445 446 447 448
1 449 443 444 450 449 443 444 450
1 451 452 439 438 451 452 439 438
1 453 454 455 451 453 454 455 451
1 436 453 451 438 436 453 451 438
1 456 457 458 459 456 457 458 459
1 459 454 460 456 459 454 460 456
1 461 460 454 453 461 460 454 453
1 461 453 436 435 461 453 436 435
1 430 433 462 463 430 433 462 463
1 430 463 464 431 430 463 464 431
1 465 466 467 468 465 466 467 468
1 468 467 464 463 468 467 464 463
1 469 466 465 470 469 466 465 470
1 470 471 472 469 470 471 472 469
1 463 462 473 468 463 462 473 468
1 474 475 476 477 474 475 476 477
1 478 465 468 473 478 465 468 473
1 470 465 478 479 470 465 478 479
1 471 470 479 480 471 470 479 480
1 481 482 440 442 481 482 440 442
1 442 443 483 481 442 443 483 481
1 484 483 443 449 484 483 443 449
1 485 486 480 479 485 486 480 479
1 487 485 479 478 487 485 479 478
1 433 432 447 446 433 432 447 446
1 462 433 446 476 462 433 446 476
1 473 462 476 475 473 462 476 475
1 475 474 488 489 475 474 488 489
1 489 488 486 485 489 488 486 485
1 490 489 485 487 490 489 485 487
1 489 490 473 475 489 490 473 475
1 487 478 473 490 487 478 473 490
1 491 492 493 494 491 492 493 494
1 491 494 495 496 491 494 495 496
1 420 496 495 421 420 496 495 421
1 497 418 419 498 497 418 419 498
1 499 497 498 500 499 497 498 500
1 501 499 500 502 501 499 500 502
1 482 503 504 440 482 503 504 440
1 505 506 507 508 505 506 507 508
1 506 509 510 507 506 509 510 507
1 511 512 417 415 511 512 417 415
1 419 513 514 498 419 513 514 498
1 498 514 515 500 498 514 515 500
1 516 517 518 515 516 517 518 515
1 519 520 521 522 519 520 521 522
1 523 524 525 526 523 524 525 526
1 526 525 527 516 526 525 527 516
1 528 517 516 527 528 517 516 527
1 529 530 531 532 529 530 531 532
1 522 521 533 534 522 521 533 534
1 532 535 536 529 532 535 536 529
1 416 537 511 415 416 537 511 415
1 538 539 429 428 538 539 429 428
1 437 440 504 540 437 440 504 540
1 424 434 541 425 424 434 541 425
1 434 437 540 541 434 437 540 541
1 510 542 543 507 510 542 543 507
1 426 543 542 427 426 543 542 427
1 544 545 546 547 544 545 546 547
1 548 549 550 551 548 549 550 551
1 552 553 554 555 552 553 554 555
1 556 557 558 559 556 557 558 559
1 560 561 562 563 560 561 562 563
1 564 565 566 567 564 565 566 567
1 567 568 569 564 567 568 569 564
1 568 570 571 569 568 570 571 569
1 570 572 573 571 570 572 573 571
1 574 573 572 575 574 573 572 575
1 576 577 578 579 576 577 578 579
0 580 581 549 0 580 581 549 0
1 578 577 581 580 578 577 581 580
1 579 574 575 576 579 574 575 576
1 582 583 584 585 582 583 584 585
1 586 563 585 584 586 563 585 584
1 587 582 585 588 587 582 585 588
1 563 562 588 585 563 562 588 585
1 589 590 591 592 589 590 591 592
1 559 590 589 556 559 590 589 556
1 593 594 595 596 593 594 595 596
1 597 598 594 593 597 598 594 593
1 599 600 601 602 599 600 601 602
1 603 604 600 599 603 604 600 599
1 603 605 606 604 603 605 606 604
1 564 593 596 565 564 593 596 565
1 593 607 608 597 593 607 608 597
1 609 599 602 610 609 599 602 610
1 611 603 599 609 611 603 599 609
1 612 605 603 611 612 605 603 611
1 613 607 593 564 613 607 593 564
1 614 613 564 569 614 613 564 569
1 615 614 569 571 615 614 569 571
1 616 615 571 573 616 615 571 573
1 617 616 573 574 617 616 573 574
1 618 608 607 613 618 608 607 613
1 610 619 620 609 610 619 620 609
1 621 611 609 620 621 611 609 620
1 622 612 611 621 622 612 611 621
1 613 614 623 618 613 614 623 618
1 619 624 625 620 619 624 625 620
1 626 627 615 616 626 627 615 616
1 628 626 616 617 628 626 616 617
1 629 623 614 615 629 623 614 615
1 630 625 624 631 630 625 624 631
1 627 632 629 615 627 632 629 615
1 633 617 574 579 633 617 574 579
1 579 578 634 633 579 578 634 633
1 635 636 633 634 635 636 633 634
1 634 578 580 637 634 578 580 637
1 635 634 637 638 635 634 637 638
1 639 640 549 548 639 640 549 548
1 548 641 642 639 548 641 642 639
1 643 642 641 644 643 642 641 644
1 644 645 646 643 644 645 646 643
1 645 482 481 646 645 482 481 646
1 639 647 648 640 639 647 648 640
1 639 642 649 647 639 642 649 647
1 642 643 650 651 642 643 650 651
1 649 642 651 652 649 642 651 652
1 643 646 653 650 643 646 653 650
1 646 654 655 653 646 654 655 653
1 654 646 481 483 654 646 481 483
1 552 555 656 657 552 555 656 657
1 641 548 551 658 641 548 551 658
1 644 641 658 659 644 641 658 659
1 660 657 661 662 660 657 661 662
1 657 656 663 661 657 656 663 661
1 659 664 665 644 659 664 665 644
1 645 644 665 666 645 644 665 666
1 666 503 482 645 666 503 482 645
1 667 506 505 668 667 506 505 668
1 669 509 506 667 669 509 506 667
1 670 652 651 671 670 652 651 671
1 650 672 671 651 650 672 671 651
1 653 673 672 650 653 673 672 650
1 653 655 674 673 653 655 674 673
1 673 674 675 676 673 674 675 676
1 672 673 676 677 672 673 676 677
1 678 679 670 671 678 679 670 671
1 671 672 677 678 671 672 677 678
1 679 678 680 681 679 678 680 681
1 678 677 682 680 678 677 682 680
1 676 675 683 684 676 675 683 684
1 684 682 677 676 684 682 677 676
0 563 586 560 0 563 586 560 0
1 685 586 686 687 685 586 686 687
1 688 689 685 687 688 689 685 687
1 549 581 690 550 549 581 690 550
1 441 439 452 691 441 439 452 691
1 444 441 691 692 444 441 691 692
1 692 693 450 444 692 693 450 444
1 694 455 454 459 694 455 454 459
1 695 694 459 458 695 694 459 458
1 458 696 697 695 458 696 697 695
0 698 452 451 0 698 452 451 0
0 455 698 451 0 455 698 451 0
1 694 699 698 455 694 699 698 455
1 699 691 452 698 699 691 452 698
1 695 700 699 694 695 700 699 694
1 700 692 691 699 700 692 691 699
1 697 701 700 695 697 701 700 695
1 701 693 692 700 701 693 692 700
1 702 561 560 703 702 561 560 703
1 704 567 566 705 704 567 566 705
1 706 568 567 704 706 568 567 704
1 707 570 568 708 707 570 568 708
0 709 570 710 0 709 570 710 0
0 711 572 712 0 711 572 712 0
0 713 576 714 0 713 576 714 0
1 715 716 581 577 715 716 581 577
0 717 575 718 0 717 575 718 0
1 703 560 689 719 703 560 689 719
1 720 721 722 723 720 721 722 723
1 724 725 726 727 724 725 726 727
0 728 581 716 0 728 581 716 0
0 729 730 731 0 729 730 731 0
1 732 733 734 735 732 733 734 735
1 736 737 733 732 736 737 733 732
1 738 726 737 739 738 726 737 739
1 740 741 742 743 740 741 742 743
1 744 745 746 747 744 745 746 747
1 748 749 750 751 748 749 750 751
1 752 753 754 755 752 753 754 755
1 756 757 758 759 756 757 758 759
1 760 761 762 763 760 761 762 763
1 764 765 766 767 764 765 766 767
1 768 769 770 771 768 769 770 771
1 772 773 774 775 772 773 774 775
1 776 777 778 779 776 777 778 779
1 780 781 782 783 780 781 782 783
1 784 785 786 787 784 785 786 787
1 788 789 790 791 788 789 790 791
1 792 793 794 795 792 793 794 795
1 796 797 798 799 796 797 798 799
1 800 801 802 803 800 801 802 803
1 804 805 806 807 804 805 806 807
1 808 765 809 810 808 765 809 810
1 811 761 766 812 811 761 766 812
1 813 757 762 814 813 757 762 814
1 815 753 758 816 815 753 758 816
1 817 749 754 818 817 749 754 818
1 819 745 750 820 819 745 750 820
1 821 741 746 822 821 741 746 822
1 823 824 825 826 823 824 825 826
0 702 827 561 0 702 827 561 0
1 702 828 829 827 702 828 829 827
1 702 703 774 828 702 703 774 828
1 705 830 831 704 705 830 831 704
1 705 827 829 830 705 827 829 830
0 706 708 568 0 706 708 568 0
1 706 832 833 708 706 832 833 708
1 706 704 831 832 706 704 831 832
0 707 710 570 0 707 710 570 0
1 707 834 835 710 707 834 835 710
1 707 708 833 834 707 708 833 834
1 709 712 572 570 709 712 572 570
1 709 836 837 712 709 836 837 712
1 709 710 835 836 709 710 835 836
1 711 718 575 572 711 718 575 572
1 711 838 839 718 711 838 839 718
1 711 712 837 838 711 712 837 838
1 713 840 577 576 713 840 577 576
1 713 841 842 840 713 841 842 840
1 713 714 843 841 713 714 843 841
1 715 807 806 716 715 807 806 716
1 715 840 842 807 715 840 842 807
0 715 577 840 0 715 577 840 0
1 717 714 576 575 717 714 576 575
1 717 844 843 714 717 844 843 714
1 717 718 839 844 717 718 839 844
1 719 775 774 703 719 775 774 703
1 719 845 846 775 719 845 846 775
1 847 845 689 848 847 845 689 848
1 847 777 846 845 847 777 846 845
1 847 849 778 777 847 849 778 777
0 850 849 851 0 850 849 851 0
1 850 781 778 849 850 781 778 849
1 850 720 782 781 850 720 782 781
1 723 785 782 720 723 785 782 720
1 723 722 786 785 723 722 786 785
1 852 722 721 725 852 722 721 725
1 852 789 786 722 852 789 786 722
1 852 853 790 789 852 853 790 789
1 852 725 724 853 852 725 724 853
1 724 793 790 853 724 793 790 853
1 724 727 794 793 724 727 794 793
0 854 855 728 0 854 855 728 0
1 728 856 857 854 728 856 857 854
1 728 716 806 856 728 716 806 856
1 729 826 825 730 729 826 825 730
1 729 854 857 826 729 854 857 826
0 858 855 854 0 858 855 854 0
1 735 824 802 732 735 824 802 732
1 735 730 825 824 735 730 825 824
0 736 739 737 0 736 739 737 0
1 736 801 798 739 736 801 798 739
1 736 732 802 801 736 732 802 801
0 738 727 726 0 738 727 726 0
1 738 797 794 727 738 797 794 727
1 738 739 798 797 738 739 798 797
1 740 747 746 741 740 747 746 741
1 740 859 860 747 740 859 860 747
1 740 743 861 859 740 743 861 859
1 744 751 750 745 744 751 750 745
1 744 862 863 751 744 862 863 751
1 744 747 860 862 744 747 860 862
1 748 755 754 749 748 755 754 749
1 748 864 865 755 748 864 865 755
1 748 751 863 864 748 751 863 864
1 752 759 758 753 752 759 758 753
1 752 866 867 759 752 866 867 759
1 752 755 865 866 752 755 865 866
1 756 763 762 757 756 763 762 757
1 756 868 869 763 756 868 869 763
1 756 759 867 868 756 759 867 868
1 760 767 766 761 760 767 766 761
1 760 870 871 767 760 870 871 767
1 760 763 869 870 760 763 869 870
1 764 769 809 765 764 769 809 765
1 764 872 770 769 764 872 770 769
1 764 767 871 872 764 767 871 872
1 768 805 809 769 768 805 809 769
1 768 856 806 805 768 856 806 805
1 768 771 857 856 768 771 857 856
1 772 743 742 773 772 743 742 773
1 772 873 861 743 772 873 861 743
1 772 775 846 873 772 775 846 873
1 776 873 846 777 776 873 846 777
1 776 859 861 873 776 859 861 873
1 776 779 860 859 776 779 860 859
1 780 779 778 781 780 779 778 781
1 780 862 860 779 780 862 860 779
1 780 783 863 862 780 783 863 862
1 784 783 782 785 784 783 782 785
1 784 864 863 783 784 864 863 783
1 784 787 865 864 784 787 865 864
1 788 787 786 789 788 787 786 789
1 788 866 865 787 788 866 865 787
1 788 791 867 866 788 791 867 866
1 792 791 790 793 792 791 790 793
1 792 868 867 791 792 868 867 791
1 792 795 869 868 792 795 869 868
1 796 795 794 797 796 795 794 797
1 796 870 869 795 796 870 869 795
1 796 799 871 870 796 799 871 870
1 800 799 798 801 800 799 798 801
1 800 872 871 799 800 872 871 799
1 800 803 770 872 800 803 770 872
1 804 810 809 805 804 810 809 805
1 804 841 843 810 804 841 843 810
1 804 807 842 841 804 807 842 841
1 808 812 766 765 808 812 766 765
1 808 844 839 812 808 844 839 812
1 808 810 843 844 808 810 843 844
1 811 814 762 761 811 814 762 761
1 811 838 837 814 811 838 837 814
1 811 812 839 838 811 812 839 838
1 813 816 758 757 813 816 758 757
1 813 836 835 816 813 836 835 816
1 813 814 837 836 813 814 837 836
1 815 818 754 753 815 818 754 753
1 815 834 833 818 815 834 833 818
1 815 816 835 834 815 816 835 834
1 817 820 750 749 817 820 750 749
1 817 832 831 820 817 832 831 820
1 817 818 833 832 817 818 833 832
1 819 822 746 745 819 822 746 745
1 819 830 829 822 819 830 829 822
1 819 820 831 830 819 820 831 830
1 821 773 742 741 821 773 742 741
1 821 828 774 773 821 828 774 773
1 821 822 829 828 821 822 829 828
1 823 803 802 824 823 803 802 824
1 823 771 770 803 823 771 770 803
1 823 826 857 771 823 826 857 771
0 719 689 845 0 719 689 845 0
1 855 690 581 728 855 690 581 728
1 874 875 876 877 874 875 876 877
1 878 879 880 881 878 879 880 881
1 882 883 884 885 882 883 884 885
1 886 887 888 889 886 887 888 889
1 890 891 892 893 890 891 892 893
1 894 895 896 897 894 895 896 897
1 898 899 900 901 898 899 900 901
1 902 903 904 905 902 903 904 905
1 906 907 908 909 906 907 908 909
1 910 911 912 913 910 911 912 913
1 914 915 916 917 914 915 916 917
1 918 919 920 921 918 919 920 921
1 922 923 924 925 922 923 924 925
1 926 927 928 929 926 927 928 929
1 930 931 932 933 930 931 932 933
1 934 935 936 937 934 935 936 937
1 914 917 938 939 914 917 938 939
1 910 913 940 941 910 913 940 941
1 906 942 943 907 906 942 943 907
1 937 944 945 934 937 944 945 934
1 930 933 946 947 930 933 946 947
1 921 948 949 918 921 948 949 918
1 925 950 951 922 925 950 951 922
1 952 953 926 929 952 953 926 929
1 954 955 956 957 954 955 956 957
1 958 959 960 961 958 959 960 961
1 962 963 964 965 962 963 964 965
1 966 967 968 969 966 967 968 969
1 970 971 972 973 970 971 972 973
1 974 975 976 977 974 975 976 977
1 978 979 980 981 978 979 980 981
1 982 983 984 985 982 983 984 985
1 986 987 988 989 986 987 988 989
1 990 986 989 991 990 986 989 991
1 990 992 993 986 990 992 993 986
1 993 994 987 986 993 994 987 986
1 995 996 997 998 995 996 997 998
1 999 1000 998 997 999 1000 998 997
1 1001 1002 1003 1004 1001 1002 1003 1004
1 958 1005 1006 959 958 1005 1006 959
1 1007 1008 1009 1010 1007 1008 1009 1010
1 1011 1012 963 962 1011 1012 963 962
1 1013 1014 1015 1016 1013 1014 1015 1016
1 1017 1018 967 966 1017 1018 967 966
1 1019 1020 1021 1022 1019 1020 1021 1022
1 970 1023 1024 971 970 1023 1024 971
1 1025 1026 975 974 1025 1026 975 974
1 982 985 1027 1028 982 985 1027 1028
1 1029 1030 1031 1032 1029 1030 1031 1032
1 1033 1034 1035 1036 1033 1034 1035 1036
1 1037 1038 1039 1040 1037 1038 1039 1040
1 1038 1041 1042 1039 1038 1041 1042 1039
1 1043 1044 1045 1046 1043 1044 1045 1046
1 1047 1048 1049 1050 1047 1048 1049 1050
1 1051 1052 1053 1054 1051 1052 1053 1054
1 1055 1056 1057 1058 1055 1056 1057 1058
1 1059 1060 1061 1062 1059 1060 1061 1062
1 1063 1064 1065 1066 1063 1064 1065 1066
1 1067 1068 1069 1070 1067 1068 1069 1070
1 1071 1072 1073 1074 1071 1072 1073 1074
1 1075 1076 1071 1074 1075 1076 1071 1074
1 1077 1078 1079 1080 1077 1078 1079 1080
1 1081 1080 1079 1082 1081 1080 1079 1082
1 1083 1084 1085 1086 1083 1084 1085 1086
1 1087 1088 1089 1090 1087 1088 1089 1090
1 1091 1092 1093 1094 1091 1092 1093 1094
1 1095 1096 1097 1098 1095 1096 1097 1098
1 1099 1100 1101 1102 1099 1100 1101 1102
1 1103 1104 1105 1106 1103 1104 1105 1106
1 1107 1108 1109 1110 1107 1108 1109 1110
1 1111 1112 1113 1114 1111 1112 1113 1114
1 1115 1116 1117 1118 1115 1116 1117 1118
1 1119 1120 1121 1122 1119 1120 1121 1122
1 1120 1123 1124 1121 1120 1123 1124 1121
1 1125 1126 1127 1128 1125 1126 1127 1128
1 1129 1130 1131 1132 1129 1130 1131 1132
1 1133 1108 1107 1134 1133 1108 1107 1134
1 1067 1135 1136 1068 1067 1135 1136 1068
1 1071 1137 1138 1072 1071 1137 1138 1072
1 1076 1139 1137 1071 1076 1139 1137 1071
1 1140 1129 1132 1141 1140 1129 1132 1141
1 1123 1142 1125 1128 1123 1142 1125 1128
1 1142 1123 1120 1143 1142 1123 1120 1143
1 1143 1120 1119 1144 1143 1120 1119 1144
1 1145 1075 1074 1146 1145 1075 1074 1146
1 1146 1074 1073 1147 1146 1074 1073 1147
1 1148 1070 1069 1149 1148 1070 1069 1149
1 1110 1109 1112 1111 1110 1109 1112 1111
1 903 900 899 904 903 900 899 904
1 907 913 912 908 907 913 912 908
1 907 943 940 913 907 943 940 913
1 966 969 964 963 966 969 964 963
1 966 963 1012 1017 966 963 1012 1017
1 1013 1010 1009 1014 1013 1010 1009 1014
1 1054 1049 1048 1051 1054 1049 1048 1051
1 1088 1093 1092 1089 1088 1093 1092 1089
1 1115 1114 1113 1116 1115 1114 1113 1116
1 897 898 901 894 897 898 901 894
1 917 916 911 910 917 916 911 910
1 917 910 941 938 917 910 941 938
1 967 970 973 968 967 970 973 968
1 970 967 1018 1023 970 967 1018 1023
1 1022 1016 1015 1019 1022 1016 1015 1019
1 1055 1058 1053 1052 1055 1058 1053 1052
1 1098 1091 1094 1095 1098 1091 1094 1095
1 1150 1118 1117 1151 1150 1118 1117 1151
1 1151 1122 1121 1150 1151 1122 1121 1150
1 1150 1121 1124 1152 1150 1121 1124 1152
1 1153 1127 1126 1154 1153 1127 1126 1154
1 1130 1155 1156 1131 1130 1155 1156 1131
1 1157 1158 1159 1160 1157 1158 1159 1160
1 1160 1161 1162 1157 1160 1161 1162 1157
1 1163 1164 1165 1166 1163 1164 1165 1166
1 1167 1168 1169 1170 1167 1168 1169 1170
1 1168 1171 1172 1169 1168 1171 1172 1169
1 1171 1173 1174 1172 1171 1173 1174 1172
1 1173 1175 1176 1174 1173 1175 1176 1174
1 1175 1177 1178 1176 1175 1177 1178 1176
1 1179 1180 1181 1182 1179 1180 1181 1182
1 1183 1184 1185 1186 1183 1184 1185 1186
1 895 888 887 896 895 888 887 896
1 921 920 915 914 921 920 915 914
1 921 914 939 948 921 914 939 948
1 971 974 977 972 971 974 977 972
1 974 971 1024 1025 974 971 1024 1025
1 1033 1036 1021 1020 1033 1036 1021 1020
1 1062 1057 1056 1059 1062 1057 1056 1059
1 1177 1179 1182 1178 1177 1179 1182 1178
1 1100 1097 1096 1101 1100 1097 1096 1101
1 1152 1124 1127 1153 1152 1124 1127 1153
1 1128 1127 1124 1123 1128 1127 1124 1123
1 891 886 889 892 891 886 889 892
1 925 924 919 918 925 924 919 918
1 918 949 950 925 918 949 950 925
1 984 976 975 985 984 976 975 985
1 985 975 1026 1027 985 975 1026 1027
1 1032 1031 1035 1034 1032 1031 1035 1034
1 1065 1061 1060 1066 1065 1061 1060 1066
1 1184 1181 1180 1185 1184 1181 1180 1185
1 1104 1099 1102 1105 1104 1099 1102 1105
1 1156 1154 1126 1131 1156 1154 1126 1131
1 1132 1131 1126 1125 1132 1131 1126 1125
1 1125 1142 1141 1132 1125 1142 1141 1132
1 905 876 875 902 905 876 875 902
1 906 909 935 934 906 909 935 934
1 934 945 942 906 934 945 942 906
1 962 965 960 959 962 965 960 959
1 962 959 1006 1011 962 959 1006 1011
1 1007 1004 1003 1008 1007 1004 1003 1008
1 1047 1050 1044 1043 1047 1050 1044 1043
1 1164 1167 1170 1165 1164 1167 1170 1165
1 1090 1083 1086 1087 1090 1083 1086 1087
1 1149 1069 1110 1111 1149 1069 1110 1111
1 1107 1110 1069 1068 1107 1110 1069 1068
1 1068 1136 1134 1107 1068 1136 1134 1107
1 877 878 881 874 877 878 881 874
1 937 936 931 930 937 936 931 930
1 937 930 947 944 937 930 947 944
1 958 961 988 987 958 961 988 987
1 958 987 994 1005 958 987 994 1005
1 1002 1001 1000 999 1002 1001 1000 999
1 1046 1045 1042 1041 1046 1045 1042 1041
1 1161 1163 1166 1162 1161 1163 1166 1162
1 1084 1081 1082 1085 1084 1081 1082 1085
1 1147 1073 1070 1148 1147 1073 1070 1148
1 1067 1070 1073 1072 1067 1070 1073 1072
1 1072 1138 1135 1067 1072 1138 1135 1067
1 885 890 893 882 885 890 893 882
1 929 928 923 922 929 928 923 922
1 922 951 952 929 922 951 952 929
1 954 980 979 955 954 980 979 955
1 883 880 879 884 883 880 879 884
1 933 932 927 926 933 932 927 926
1 933 926 953 946 933 926 953 946
1 1187 957 956 1188 1187 957 956 1188
1 938 941 1189 1190 938 941 1189 1190
1 941 940 1191 1189 941 940 1191 1189
1 1192 1191 940 943 1192 1191 940 943
1 1193 1192 943 942 1193 1192 943 942
1 1194 1193 942 945 1194 1193 942 945
1 1195 1194 945 944 1195 1194 945 944
1 944 947 1196 1195 944 947 1196 1195
1 947 946 1197 1196 947 946 1197 1196
1 946 953 1198 1197 946 953 1198 1197
1 1199 1198 953 952 1199 1198 953 952
1 1200 1199 952 951 1200 1199 952 951
1 1201 1200 951 950 1201 1200 951 950
1 1202 1201 950 949 1202 1201 950 949
1 1203 1202 949 948 1203 1202 949 948
1 948 939 1204 1203 948 939 1204 1203
1 939 938 1190 1204 939 938 1190 1204
1 1205 1206 912 911 1205 1206 912 911
1 1207 1205 911 916 1207 1205 911 916
1 1208 1207 916 915 1208 1207 916 915
1 1209 1208 915 920 1209 1208 915 920
1 1210 1209 920 919 1210 1209 920 919
1 1211 1210 919 924 1211 1210 919 924
1 1212 1211 924 923 1212 1211 924 923
1 1213 1212 923 928 1213 1212 923 928
1 1214 1213 928 927 1214 1213 928 927
1 1215 1214 927 932 1215 1214 927 932
1 1216 1215 932 931 1216 1215 932 931
1 1217 1216 931 936 1217 1216 931 936
1 1218 1217 936 935 1218 1217 936 935
1 1219 1218 935 909 1219 1218 935 909
1 1219 909 908 1220 1219 909 908 1220
1 1220 908 912 1206 1220 908 912 1206
1 1221 1133 1134 1222 1221 1133 1134 1222
1 1222 1223 1224 1221 1222 1223 1224 1221
1 1225 1224 1223 1226 1225 1224 1223 1226
1 1226 1227 1228 1225 1226 1227 1228 1225
1 1227 1229 1230 1228 1227 1229 1230 1228
1 1229 1143 1144 1230 1229 1143 1144 1230
1 1116 1113 1231 1232 1116 1113 1231 1232
1 1232 1233 1117 1116 1232 1233 1117 1116
1 1234 1231 1113 1112 1234 1231 1113 1112
1 1109 1235 1234 1112 1109 1235 1234 1112
1 1109 1108 1236 1235 1109 1108 1236 1235
1 1108 1133 1237 1236 1108 1133 1237 1236
1 1133 1221 1238 1237 1133 1221 1238 1237
1 1221 1224 1239 1238 1221 1224 1239 1238
1 1224 1225 1240 1239 1224 1225 1240 1239
1 1225 1228 1241 1240 1225 1228 1241 1240
1 1228 1230 1242 1241 1228 1230 1242 1241
1 1230 1144 1243 1242 1230 1144 1243 1242
1 1144 1119 1244 1243 1144 1119 1244 1243
1 1119 1122 1245 1244 1119 1122 1245 1244
1 1122 1151 1246 1245 1122 1151 1246 1245
1 1151 1117 1233 1246 1151 1117 1233 1246
1 1187 1188 991 989 1187 1188 991 989
1 989 988 1247 1187 989 988 1247 1187
1 1248 1247 988 961 1248 1247 988 961
1 961 960 1249 1248 961 960 1249 1248
1 1250 1249 960 965 1250 1249 960 965
1 965 964 1251 1250 965 964 1251 1250
1 1252 1251 964 969 1252 1251 964 969
1 1252 969 968 1253 1252 969 968 1253
1 1253 968 973 1254 1253 968 973 1254
1 1254 973 972 1255 1254 973 972 1255
1 1255 972 977 1256 1255 972 977 1256
1 1256 977 976 1257 1256 977 976 1257
1 981 1257 976 984 981 1257 976 984
1 981 984 983 978 981 984 983 978
1 1258 1259 956 955 1258 1259 956 955
1 1258 955 979 1260 1258 955 979 1260
1 1261 1260 979 978 1261 1260 979 978
1 978 983 982 1261 978 983 982 1261
1 1188 1262 990 991 1188 1262 990 991
1 1263 1264 1265 1266 1263 1264 1265 1266
1 1263 1266 1267 1268 1263 1266 1267 1268
1 1268 1267 1269 1270 1268 1267 1269 1270
1 1271 1270 1269 1272 1271 1270 1269 1272
1 1273 1271 1272 1274 1273 1271 1272 1274
1 1273 1274 1275 1276 1273 1274 1275 1276
1 1276 1275 1277 1278 1276 1275 1277 1278
1 1278 1277 1279 1280 1278 1277 1279 1280
1 1280 1279 1281 1282 1280 1279 1281 1282
1 1282 1281 1283 1284 1282 1281 1283 1284
1 1285 1284 1283 1286 1285 1284 1283 1286
1 1287 1285 1286 1288 1287 1285 1286 1288
1 1289 1287 1288 1290 1289 1287 1288 1290
1 1291 1289 1290 1292 1291 1289 1290 1292
1 1291 1292 1293 1294 1291 1292 1293 1294
1 1294 1293 1265 1264 1294 1293 1265 1264
1 1188 956 1259 1262 1188 956 1259 1262
1 1295 1296 1297 1298 1295 1296 1297 1298
1 1299 1300 1301 1302 1299 1300 1301 1302
1 1303 1304 1305 1306 1303 1304 1305 1306
1 1307 1308 1309 1310 1307 1308 1309 1310
1 1311 1312 1313 1314 1311 1312 1313 1314
1 1315 1316 1317 1318 1315 1316 1317 1318
1 1319 1320 1321 1322 1319 1320 1321 1322
1 1323 1324 1325 1326 1323 1324 1325 1326
1 1327 1328 1329 1330 1327 1328 1329 1330
1 1331 1332 1333 1334 1331 1332 1333 1334
1 1335 1336 1337 1338 1335 1336 1337 1338
1 1339 1340 1341 1342 1339 1340 1341 1342
1 1343 1344 1345 1346 1343 1344 1345 1346
1 1347 1348 1349 1350 1347 1348 1349 1350
1 1351 1352 1353 1354 1351 1352 1353 1354
1 1355 1356 1357 1358 1355 1356 1357 1358
1 1359 1338 1337 1360 1359 1338 1337 1360
1 1361 1334 1333 1362 1361 1334 1333 1362
1 1363 1364 1329 1328 1363 1364 1329 1328
1 1365 1366 1358 1357 1365 1366 1358 1357
1 1367 1354 1353 1368 1367 1354 1353 1368
1 1369 1370 1342 1341 1369 1370 1342 1341
1 1371 1372 1346 1345 1371 1372 1346 1345
1 1349 1373 1374 1350 1349 1373 1374 1350
1 1375 1376 1377 1378 1375 1376 1377 1378
1 1379 1380 1381 1382 1379 1380 1381 1382
1 1383 1384 1385 1386 1383 1384 1385 1386
1 1387 1388 1389 1390 1387 1388 1389 1390
1 1391 1392 1393 1394 1391 1392 1393 1394
1 1395 1396 1397 1398 1395 1396 1397 1398
1 1399 1400 1401 1402 1399 1400 1401 1402
1 1403 1404 982 1405 1403 1404 982 1405
1 1406 1407 1408 1409 1406 1407 1408 1409
1 1409 1408 990 1410 1409 1408 990 1410
1 1411 992 990 1408 1411 992 990 1408
1 1407 1412 1411 1408 1407 1412 1411 1408
1 1413 996 995 1414 1413 996 995 1414
1 1414 1415 1416 1413 1414 1415 1416 1413
1 1417 1418 1419 1420 1417 1418 1419 1420
1 1421 1422 1381 1380 1421 1422 1381 1380
1 1423 1424 1425 1426 1423 1424 1425 1426
1 1384 1427 1428 1385 1384 1427 1428 1385
1 1429 1430 1431 1432 1429 1430 1431 1432
1 1388 1433 1434 1389 1388 1433 1434 1389
1 1435 1436 1437 1438 1435 1436 1437 1438
1 1439 1440 1393 1392 1439 1440 1393 1392
1 1396 1441 1442 1397 1396 1441 1442 1397
1 1405 982 1028 1443 1405 982 1028 1443
1 1444 1030 1029 1445 1444 1030 1029 1445
1 1446 1447 1448 1449 1446 1447 1448 1449
1 1450 1037 1040 1451 1450 1037 1040 1451
1 1452 1450 1451 1453 1452 1450 1451 1453
1 1454 1455 1456 1457 1454 1455 1456 1457
1 1458 1459 1460 1461 1458 1459 1460 1461
1 1462 1463 1464 1465 1462 1463 1464 1465
1 1466 1467 1468 1469 1466 1467 1468 1469
1 1470 1471 1472 1473 1470 1471 1472 1473
1 1474 1064 1063 1475 1474 1064 1063 1475
1 1476 1477 1478 1479 1476 1477 1478 1479
1 1480 1481 1482 1483 1480 1481 1482 1483
1 1482 1076 1075 1483 1482 1076 1075 1483
1 1484 1078 1077 1485 1484 1078 1077 1485
1 1485 1486 1487 1484 1485 1486 1487 1484
1 1488 1489 1490 1491 1488 1489 1490 1491
1 1492 1493 1494 1495 1492 1493 1494 1495
1 1496 1497 1498 1499 1496 1497 1498 1499
1 1500 1501 1502 1503 1500 1501 1502 1503
1 1504 1505 1506 1507 1504 1505 1506 1507
1 1508 1103 1106 1509 1508 1103 1106 1509
1 1510 1159 1158 1511 1510 1159 1158 1511
1 1512 1510 1511 1513 1512 1510 1511 1513
1 1514 1515 1516 1517 1514 1515 1516 1517
1 1518 1519 1520 1521 1518 1519 1520 1521
1 1522 1523 1524 1525 1522 1523 1524 1525
1 1526 1527 1528 1529 1526 1527 1528 1529
1 1530 1531 1532 1533 1530 1531 1532 1533
1 1534 1183 1186 1535 1534 1183 1186 1535
1 1536 1537 1538 1539 1536 1537 1538 1539
1 1540 1541 1542 1543 1540 1541 1542 1543
1 1544 1545 1546 1547 1544 1545 1546 1547
1 1548 1549 1550 1551 1548 1549 1550 1551
1 1552 1553 1549 1548 1552 1553 1549 1548
1 1554 1555 1556 1557 1554 1555 1556 1557
1 1558 1130 1129 1140 1558 1130 1129 1140
1 1538 1537 1559 1560 1538 1537 1559 1560
1 1561 1562 1478 1477 1561 1562 1478 1477
1 1563 1564 1482 1481 1563 1564 1482 1481
1 1564 1139 1076 1482 1564 1139 1076 1482
1 1549 1553 1565 1566 1549 1553 1565 1566
1 1550 1549 1566 1567 1550 1549 1566 1567
1 1483 1075 1145 1568 1483 1075 1145 1568
1 1480 1483 1568 1569 1480 1483 1568 1569
1 1476 1479 1570 1571 1476 1479 1570 1571
1 1541 1536 1539 1542 1541 1536 1539 1542
1 1322 1323 1326 1319 1322 1323 1326 1319
1 1331 1334 1328 1327 1331 1334 1328 1327
1 1361 1363 1328 1334 1361 1363 1328 1334
1 1383 1390 1389 1384 1383 1390 1389 1384
1 1384 1389 1434 1427 1384 1389 1434 1427
1 1423 1426 1431 1430 1423 1426 1431 1430
1 1458 1461 1464 1463 1458 1461 1464 1463
1 1523 1518 1521 1524 1523 1518 1521 1524
1 1496 1499 1493 1492 1496 1499 1493 1492
1 1540 1543 1546 1545 1540 1543 1546 1545
1 1320 1317 1316 1321 1320 1317 1316 1321
1 1332 1335 1338 1333 1332 1335 1338 1333
1 1362 1333 1338 1359 1362 1333 1338 1359
1 1394 1393 1388 1387 1394 1393 1388 1387
1 1388 1393 1440 1433 1388 1393 1440 1433
1 1429 1432 1438 1437 1429 1432 1438 1437
1 1465 1468 1467 1462 1465 1468 1467 1462
1 1527 1522 1525 1528 1527 1522 1525 1528
1 1497 1503 1502 1498 1497 1503 1502 1498
1 1544 1547 1572 1573 1544 1547 1572 1573
1 1548 1551 1573 1572 1548 1551 1573 1572
1 1552 1548 1572 1574 1552 1548 1572 1574
1 1555 1554 1575 1576 1555 1554 1575 1576
1 1577 1155 1130 1558 1577 1155 1130 1558
1 1310 1315 1318 1307 1310 1315 1318 1307
1 1336 1339 1342 1337 1336 1339 1342 1337
1 1360 1337 1342 1370 1360 1337 1342 1370
1 1398 1397 1392 1391 1398 1397 1392 1391
1 1392 1397 1442 1439 1392 1397 1442 1439
1 1435 1449 1448 1436 1435 1449 1448 1436
1 1466 1469 1472 1471 1466 1469 1472 1471
1 1529 1532 1531 1526 1529 1532 1531 1526
1 1500 1504 1507 1501 1500 1504 1507 1501
1 1554 1552 1574 1575 1554 1552 1574 1575
1 1552 1554 1557 1553 1552 1554 1557 1553
1 1556 1565 1553 1557 1556 1565 1553 1557
1 1308 1311 1314 1309 1308 1311 1314 1309
1 1340 1343 1346 1341 1340 1343 1346 1341
1 1372 1369 1341 1346 1372 1369 1341 1346
1 1396 1395 1403 1405 1396 1395 1403 1405
1 1396 1405 1443 1441 1396 1405 1443 1441
1 1446 1444 1445 1447 1446 1444 1445 1447
1 1470 1473 1474 1475 1470 1473 1474 1475
1 1533 1534 1535 1530 1533 1534 1535 1530
1 1505 1508 1509 1506 1505 1508 1509 1506
1 1555 1576 1577 1558 1555 1576 1577 1558
1 1555 1558 1140 1556 1555 1558 1140 1556
1 1141 1565 1556 1140 1141 1565 1556 1140
1 1298 1325 1324 1295 1298 1325 1324 1295
1 1356 1330 1329 1357 1356 1330 1329 1357
1 1364 1365 1357 1329 1364 1365 1357 1329
1 1379 1386 1385 1380 1379 1386 1385 1380
1 1380 1385 1428 1421 1380 1385 1428 1421
1 1417 1420 1425 1424 1417 1420 1425 1424
1 1455 1460 1459 1456 1455 1460 1459 1456
1 1517 1520 1519 1514 1517 1520 1519 1514
1 1489 1495 1494 1490 1489 1495 1494 1490
1 1539 1476 1571 1542 1539 1476 1571 1542
1 1476 1539 1538 1477 1476 1539 1538 1477
1 1560 1561 1477 1538 1560 1561 1477 1538
1 1300 1297 1296 1301 1300 1297 1296 1301
1 1352 1355 1358 1353 1352 1355 1358 1353
1 1368 1353 1358 1366 1368 1353 1358 1366
1 1406 1382 1381 1407 1406 1382 1381 1407
1 1407 1381 1422 1412 1407 1381 1422 1412
1 1415 1419 1418 1416 1415 1419 1418 1416
1 1453 1454 1457 1452 1453 1454 1457 1452
1 1513 1516 1515 1512 1513 1516 1515 1512
1 1486 1488 1491 1487 1486 1488 1491 1487
1 1479 1480 1569 1570 1479 1480 1569 1570
1 1480 1479 1478 1481 1480 1479 1478 1481
1 1562 1563 1481 1478 1562 1563 1481 1478
1 1312 1305 1304 1313 1312 1305 1304 1313
1 1344 1347 1350 1345 1344 1347 1350 1345
1 1374 1371 1345 1350 1374 1371 1345 1350
1 1400 1399 1377 1376 1400 1399 1377 1376
1 1302 1303 1306 1299 1302 1303 1306 1299
1 1348 1351 1354 1349 1348 1351 1354 1349
1 1373 1349 1354 1367 1373 1349 1354 1367
1 1375 1378 1578 1579 1375 1378 1578 1579
1 1580 1581 1582 1583 1580 1581 1582 1583
1 1584 1580 1583 1585 1584 1580 1583 1585
1 1585 1586 1587 1584 1585 1586 1587 1584
1 1586 1588 1589 1587 1586 1588 1589 1587
1 1588 1590 1591 1589 1588 1590 1591 1589
1 1590 1592 1593 1591 1590 1592 1593 1591
1 1594 1593 1592 1595 1594 1593 1592 1595
1 1596 1594 1595 1578 1596 1594 1595 1578
1 1597 1596 1578 1378 1597 1596 1578 1378
1 1378 1377 1598 1597 1378 1377 1598 1597
1 1377 1399 1599 1598 1377 1399 1599 1598
1 1399 1402 1600 1599 1399 1402 1600 1599
1 1402 1601 1602 1600 1402 1601 1602 1600
1 1601 1603 1604 1602 1601 1603 1604 1602
1 1605 1604 1603 1606 1605 1604 1603 1606
1 1581 1605 1606 1582 1581 1605 1606 1582
1 1331 1322 1321 1332 1331 1607 1608 1332
1 1332 1321 1316 1335 1332 1608 1609 1335
1 1335 1316 1315 1336 1335 1609 1610 1336
1 1336 1315 1310 1339 1336 1610 1611 1339
1 1339 1310 1309 1340 1339 1611 1612 1340
1 1340 1309 1314 1343 1340 1612 1613 1343
1 1343 1314 1313 1344 1343 1613 1614 1344
1 1344 1313 1304 1347 1344 1614 1615 1347
1 1347 1304 1303 1348 1347 1615 1616 1348
1 1348 1303 1302 1351 1348 1616 1617 1351
1 1351 1302 1301 1352 1351 1617 1618 1352
1 1352 1301 1296 1355 1352 1618 1619 1355
1 1355 1296 1295 1356 1355 1619 1620 1356
1 1356 1295 1324 1330 1356 1620 1621 1330
1 1327 1330 1324 1323 1327 1330 1621 1622
1 1331 1327 1323 1322 1331 1327 1622 1607
1 1560 1559 1607 1608 1560 1559 1623 1624
1 1609 1610 1608 1607 1625 1626 1624 1623
1 1610 1609 1611 1612 1626 1625 1627 1628
1 1613 1614 1612 1611 1629 1630 1628 1627
1 1615 1616 1614 1613 1631 1632 1630 1629
1 1567 1566 1616 1615 1567 1566 1632 1631
1 1617 1618 1619 1620 1633 1634 1635 1636
1 1621 1620 1619 1622 1637 1636 1635 1638
1 1617 1623 1624 1618 1633 1639 1640 1634
1 1623 1625 1626 1624 1639 1641 1642 1640
1 1627 1628 1626 1625 1643 1644 1642 1641
1 1629 1630 1628 1627 1645 1646 1644 1643
1 1631 1632 1630 1629 1647 1648 1646 1645
1 1633 1634 1632 1631 1649 1650 1648 1647
1 1635 1636 1634 1633 1651 1652 1650 1649
1 1637 1638 1636 1635 1653 1654 1652 1651
1 1639 1640 1638 1637 1655 1656 1654 1653
1 1641 1642 1640 1639 1657 1658 1656 1655
1 1643 1644 1642 1641 1659 1660 1658 1657
1 1645 1646 1644 1643 1661 1662 1660 1659
1 1647 1648 1646 1645 1663 1664 1662 1661
1 1621 1622 1648 1647 1637 1638 1664 1663
1 1410 1579 1578 1409 1410 1579 1578 1409
1 1595 1406 1409 1578 1595 1406 1409 1578
1 1406 1595 1592 1382 1406 1595 1592 1382
1 1590 1379 1382 1592 1590 1379 1382 1592
1 1379 1590 1588 1386 1379 1590 1588 1386
1 1586 1383 1386 1588 1586 1383 1386 1588
1 1383 1586 1585 1390 1383 1586 1585 1390
1 1387 1390 1585 1583 1387 1390 1585 1583
1 1394 1387 1583 1582 1394 1387 1583 1582
1 1391 1394 1582 1606 1391 1394 1582 1606
1 1398 1391 1606 1603 1398 1391 1606 1603
1 1395 1398 1603 1601 1395 1398 1603 1601
1 1395 1601 1402 1403 1395 1601 1402 1403
1 1404 1403 1402 1401 1404 1403 1402 1401
1 1375 1259 1258 1376 1375 1259 1258 1376
1 1400 1376 1258 1260 1400 1376 1258 1260
1 1400 1260 1261 1401 1400 1260 1261 1401
1 982 1404 1401 1261 982 1404 1401 1261
1 990 1262 1579 1410 990 1262 1579 1410
1 1649 1650 1651 1652 1665 1666 1667 1668
1 1653 1651 1650 1654 1669 1667 1666 1670
1 1654 1655 1656 1653 1670 1671 1672 1669
1 1655 1657 1658 1656 1671 1673 1674 1672
1 1657 1659 1660 1658 1673 1675 1676 1674
1 1659 1661 1662 1660 1675 1677 1678 1676
1 1661 1663 1664 1662 1677 1679 1680 1678
1 1663 1665 1666 1664 1679 1681 1682 1680
1 1665 1667 1668 1666 1681 1683 1684 1682
1 1667 1669 1670 1668 1683 1685 1686 1684
1 1669 1671 1672 1670 1685 1687 1688 1686
1 1671 1673 1674 1672 1687 1689 1690 1688
1 1675 1676 1677 1678 1691 1692 1693 1694
1 1673 1675 1678 1674 1689 1691 1694 1690
1 1676 1679 1680 1677 1692 1695 1696 1693
1 1679 1649 1652 1680 1695 1665 1668 1696
1 1681 1682 1683 1684 1697 1698 1699 1700
1 1682 1685 1686 1683 1698 1701 1702 1699
1 1685 1687 1688 1686 1701 1703 1704 1702
1 1687 1689 1690 1688 1703 1705 1706 1704
1 1689 1691 1692 1690 1705 1707 1708 1706
1 1691 1693 1694 1692 1707 1709 1710 1708
1 1693 1695 1696 1694 1709 1711 1712 1710
1 1695 1697 1698 1696 1711 1713 1714 1712
1 1697 1699 1700 1698 1713 1715 1716 1714
1 1699 1701 1702 1700 1715 1717 1718 1716
1 1701 1703 1704 1702 1717 1719 1720 1718
1 1703 1705 1706 1704 1719 1721 1722 1720
1 1707 1708 1709 1710 1723 1724 1725 1726
1 1705 1707 1710 1706 1721 1723 1726 1722
1 1708 1711 1712 1709 1724 1727 1728 1725
1 1711 1681 1684 1712 1727 1697 1700 1728
1 1713 1714 1715 1716 1729 1730 1731 1732
1 1714 1717 1718 1715 1730 1733 1734 1731
1 1717 1719 1720 1718 1733 1735 1736 1734
1 1719 1721 1722 1720 1735 1737 1738 1736
1 1721 1723 1724 1722 1737 1739 1740 1738
1 1723 1725 1726 1724 1739 1741 1742 1740
1 1725 1727 1728 1726 1741 1743 1744 1742
1 1727 1729 1730 1728 1743 1745 1746 1744
1 1729 1731 1732 1730 1745 1747 1748 1746
1 1731 1733 1734 1732 1747 1749 1750 1748
1 1733 1735 1736 1734 1749 1751 1752 1750
1 1735 1737 1738 1736 1751 1753 1754 1752
1 1739 1740 1741 1742 1755 1756 1757 1758
1 1737 1739 1742 1738 1753 1755 1758 1754
1 1740 1743 1744 1741 1756 1759 1760 1757
1 1743 1713 1716 1744 1759 1729 1732 1760
1 1745 1746 1747 1748 1761 1762 1763 1764
1 1746 1749 1750 1747 1762 1765 1766 1763
1 1749 1751 1752 1750 1765 1767 1768 1766
1 1751 1753 1754 1752 1767 1769 1770 1768
1 1753 1755 1756 1754 1769 1771 1772 1770
1 1755 1757 1758 1756 1771 1773 1774 1772
1 1757 1759 1760 1758 1773 1775 1776 1774
1 1759 1761 1762 1760 1775 1777 1778 1776
1 1761 1763 1764 1762 1777 1779 1780 1778
1 1763 1765 1766 1764 1779 1781 1782 1780
1 1765 1767 1768 1766 1781 1783 1784 1782
1 1767 1769 1770 1768 1783 1785 1786 1784
1 1771 1772 1773 1774 1787 1788 1789 1790
1 1769 1771 1774 1770 1785 1787 1790 1786
1 1772 1775 1776 1773 1788 1791 1792 1789
1 1775 1745 1748 1776 1791 1761 1764 1792
1 1651 1641 1639 1652 1667 1793 1794 1668
1 1680 1652 1639 1637 1696 1668 1794 1795
1 1677 1680 1637 1635 1693 1696 1795 1796
1 1677 1635 1633 1678 1693 1796 1797 1694
1 1678 1633 1631 1674 1694 1797 1798 1690
1 1672 1674 1631 1629 1688 1690 1798 1799
1 1670 1672 1629 1627 1686 1688 1799 1800
1 1668 1670 1627 1625 1684 1686 1800 1801
1 1666 1668 1625 1623 1682 1684 1801 1802
1 1664 1666 1623 1617 1680 1682 1802 1803
1 1664 1617 1620 1662 1680 1803 1804 1678
1 1662 1620 1621 1660 1678 1804 1805 1676
1 1660 1621 1647 1658 1676 1805 1806 1674
1 1658 1647 1645 1656 1674 1806 1807 1672
1 1653 1656 1645 1643 1669 1672 1807 1808
1 1651 1653 1643 1641 1667 1669 1808 1793
1 1259 1375 1579 1262 1259 1375 1579 1262
1 1568 1145 1078 1484 1568 1145 1078 1484
1 1484 1487 1569 1568 1484 1487 1569 1568
1 1487 1491 1570 1569 1487 1491 1570 1569
1 1491 1490 1571 1570 1491 1490 1571 1570
1 1490 1494 1542 1571 1490 1494 1542 1571
1 1543 1542 1494 1493 1543 1542 1494 1493
1 1546 1543 1493 1499 1546 1543 1493 1499
1 1499 1498 1547 1546 1499 1498 1547 1546
1 1498 1502 1572 1547 1498 1502 1572 1547
1 1574 1572 1502 1501 1574 1572 1502 1501
1 1501 1507 1575 1574 1501 1507 1575 1574
1 1507 1506 1576 1575 1507 1506 1576 1575
1 1506 1509 1577 1576 1506 1509 1577 1576
1 1509 1106 1155 1577 1509 1106 1155 1577
1 1155 1106 1105 1156 1155 1106 1105 1156
1 1156 1105 1102 1154 1156 1105 1102 1154
1 1154 1102 1101 1153 1154 1102 1101 1153
1 1153 1101 1096 1152 1153 1101 1096 1152
1 1150 1152 1096 1095 1150 1152 1096 1095
1 1150 1095 1094 1118 1150 1095 1094 1118
1 1118 1094 1093 1115 1118 1094 1093 1115
1 1114 1115 1093 1088 1114 1115 1093 1088
1 1111 1114 1088 1087 1111 1114 1088 1087
1 1111 1087 1086 1149 1111 1087 1086 1149
1 1149 1086 1085 1148 1149 1086 1085 1148
1 1148 1085 1082 1147 1148 1085 1082 1147
1 1147 1082 1079 1146 1147 1082 1079 1146
1 1145 1146 1079 1078 1145 1146 1079 1078
1 1777 1778 1077 1080 1809 1810 1077 1080
1 1779 1780 1038 1037 1811 1812 1038 1037
1 1781 1777 1080 1081 1813 1809 1080 1081
1 1780 1782 1041 1038 1812 1814 1041 1038
1 1783 1784 1084 1083 1815 1816 1084 1083
1 1785 1786 1043 1046 1817 1818 1043 1046
1 1787 1788 1090 1089 1819 1820 1090 1089
1 1789 1790 1048 1047 1821 1822 1048 1047
1 1791 1787 1089 1092 1823 1819 1089 1092
1 1790 1792 1051 1048 1822 1824 1051 1048
1 1793 1791 1092 1091 1825 1823 1092 1091
1 1792 1794 1052 1051 1824 1826 1052 1051
1 1795 1793 1091 1098 1827 1825 1091 1098
1 1794 1796 1055 1052 1826 1828 1055 1052
1 1797 1795 1098 1097 1829 1827 1098 1097
1 1796 1798 1056 1055 1828 1830 1056 1055
1 1799 1800 1100 1099 1831 1832 1100 1099
1 1801 1802 1060 1059 1833 1834 1060 1059
1 1803 1804 1104 1103 1835 1836 1104 1103
1 1805 1806 1063 1066 1837 1838 1063 1066
1 1800 1797 1097 1100 1832 1829 1097 1100
1 1798 1801 1059 1056 1830 1833 1059 1056
1 1804 1799 1099 1104 1836 1831 1099 1104
1 1802 1805 1066 1060 1834 1837 1066 1060
1 1788 1783 1083 1090 1820 1815 1083 1090
1 1786 1789 1047 1043 1818 1821 1047 1043
1 1784 1781 1081 1084 1816 1813 1081 1084
1 1782 1785 1046 1041 1814 1817 1046 1041
1 1807 1779 1037 1450 1839 1811 1037 1450
1 1778 1808 1485 1077 1810 1840 1485 1077
1 1809 1807 1450 1452 1841 1839 1450 1452
1 1808 1810 1486 1485 1840 1842 1486 1485
1 1811 1812 1457 1456 1843 1844 1457 1456
1 1813 1814 1489 1488 1845 1846 1489 1488
1 1815 1816 1459 1458 1847 1848 1459 1458
1 1817 1818 1492 1495 1849 1850 1492 1495
1 1819 1820 1463 1462 1851 1852 1463 1462
1 1821 1822 1497 1496 1853 1854 1497 1496
1 1823 1824 1467 1466 1855 1856 1467 1466
1 1825 1826 1500 1503 1857 1858 1500 1503
1 1827 1828 1471 1470 1859 1860 1471 1470
1 1829 1830 1505 1504 1861 1862 1505 1504
1 1806 1831 1475 1063 1838 1863 1475 1063
1 1832 1803 1103 1508 1864 1835 1103 1508
1 1820 1815 1458 1463 1852 1847 1458 1463
1 1818 1821 1496 1492 1850 1853 1496 1492
1 1824 1819 1462 1467 1856 1851 1462 1467
1 1822 1825 1503 1497 1854 1857 1503 1497
1 1828 1823 1466 1471 1860 1855 1466 1471
1 1826 1829 1504 1500 1858 1861 1504 1500
1 1831 1827 1470 1475 1863 1859 1470 1475
1 1830 1832 1508 1505 1862 1864 1508 1505
1 1816 1811 1456 1459 1848 1843 1456 1459
1 1814 1817 1495 1489 1846 1849 1495 1489
1 1812 1809 1452 1457 1844 1841 1452 1457
1 1810 1813 1488 1486 1842 1845 1488 1486
1 1039 1042 999 997 1039 1042 999 997
1 1002 999 1042 1045 1002 999 1042 1045
1 1003 1002 1045 1044 1003 1002 1045 1044
1 1008 1003 1044 1050 1008 1003 1044 1050
1 1008 1050 1049 1009 1008 1050 1049 1009
1 1014 1009 1049 1054 1014 1009 1049 1054
1 1054 1053 1015 1014 1054 1053 1015 1014
1 1019 1015 1053 1058 1019 1015 1053 1058
1 1019 1058 1057 1020 1019 1058 1057 1020
1 1033 1020 1057 1062 1033 1020 1057 1062
1 1033 1062 1061 1034 1033 1062 1061 1034
1 1032 1034 1061 1065 1032 1034 1061 1065
1 1029 1032 1065 1064 1029 1032 1065 1064
1 1445 1029 1064 1474 1445 1029 1064 1474
1 1447 1445 1474 1473 1447 1445 1474 1473
1 1473 1472 1448 1447 1473 1472 1448 1447
1 1436 1448 1472 1469 1436 1448 1472 1469
1 1469 1468 1437 1436 1469 1468 1437 1436
1 1429 1437 1468 1465 1429 1437 1468 1465
1 1429 1465 1464 1430 1429 1465 1464 1430
1 1423 1430 1464 1461 1423 1430 1464 1461
1 1461 1460 1424 1423 1461 1460 1424 1423
1 1417 1424 1460 1455 1417 1424 1460 1455
1 1418 1417 1455 1454 1418 1417 1455 1454
1 1416 1418 1454 1453 1416 1418 1454 1453
1 1416 1453 1451 1413 1416 1453 1451 1413
1 1451 1040 996 1413 1451 1040 996 1413
1 996 1040 1039 997 996 1040 1039 997
1 1833 1834 1159 1510 1865 1866 1159 1510
1 1835 1833 1510 1512 1867 1865 1510 1512
1 1512 1515 1836 1835 1512 1515 1868 1867
1 1837 1836 1515 1514 1869 1868 1515 1514
1 1514 1519 1838 1837 1514 1519 1870 1869
1 1839 1838 1519 1518 1871 1870 1519 1518
1 1840 1839 1518 1523 1872 1871 1518 1523
1 1841 1840 1523 1522 1873 1872 1523 1522
1 1842 1841 1522 1527 1874 1873 1522 1527
1 1843 1842 1527 1526 1875 1874 1527 1526
1 1526 1531 1844 1843 1526 1531 1876 1875
1 1845 1844 1531 1530 1877 1876 1531 1530
1 1530 1535 1846 1845 1530 1535 1878 1877
1 1535 1186 1847 1846 1535 1186 1879 1878
1 1186 1185 1848 1847 1186 1185 1880 1879
1 1185 1180 1849 1848 1185 1180 1881 1880
1 1850 1849 1180 1179 1882 1881 1180 1179
1 1851 1850 1179 1177 1883 1882 1179 1177
1 1852 1851 1177 1175 1884 1883 1177 1175
1 1853 1852 1175 1173 1885 1884 1175 1173
1 1854 1853 1173 1171 1886 1885 1173 1171
1 1855 1854 1171 1168 1887 1886 1171 1168
1 1856 1855 1168 1167 1888 1887 1168 1167
1 1857 1856 1167 1164 1889 1888 1167 1164
1 1858 1857 1164 1163 1890 1889 1164 1163
1 1859 1858 1163 1161 1891 1890 1163 1161
1 1860 1859 1161 1160 1892 1891 1161 1160
1 1160 1159 1834 1860 1160 1159 1866 1892
1 1361 1362 1580 1584 1361 1362 1580 1584
1 1361 1584 1587 1363 1361 1584 1587 1363
1 1363 1587 1589 1364 1363 1587 1589 1364
1 1364 1589 1591 1365 1364 1589 1591 1365
1 1365 1591 1593 1366 1365 1591 1593 1366
1 1368 1366 1593 1594 1368 1366 1593 1594
1 1367 1368 1594 1596 1367 1368 1594 1596
1 1373 1367 1596 1597 1373 1367 1596 1597
1 1373 1597 1598 1374 1373 1597 1598 1374
1 1374 1598 1599 1371 1374 1598 1599 1371
1 1371 1599 1600 1372 1371 1599 1600 1372
1 1372 1600 1602 1369 1372 1600 1602 1369
1 1369 1602 1604 1370 1369 1602 1604 1370
1 1360 1370 1604 1605 1360 1370 1604 1605
1 1359 1360 1605 1581 1359 1360 1605 1581
1 1362 1359 1581 1580 1362 1359 1581 1580
1 1253 1189 1191 1252 1253 1189 1191 1252
1 1251 1252 1191 1192 1251 1252 1191 1192
1 1250 1251 1192 1193 1250 1251 1192 1193
1 1249 1250 1193 1194 1249 1250 1193 1194
1 1248 1249 1194 1195 1248 1249 1194 1195
1 1248 1195 1196 1247 1248 1195 1196 1247
1 1247 1196 1197 1187 1247 1196 1197 1187
1 1187 1197 1198 957 1187 1197 1198 957
1 954 957 1198 1199 954 957 1198 1199
1 980 954 1199 1200 980 954 1199 1200
1 981 980 1200 1201 981 980 1200 1201
1 1257 981 1201 1202 1257 981 1201 1202
1 1256 1257 1202 1203 1256 1257 1202 1203
1 1256 1203 1204 1255 1256 1203 1204 1255
1 1255 1204 1190 1254 1255 1204 1190 1254
1 1254 1190 1189 1253 1254 1190 1189 1253
1 1414 995 992 1411 1414 995 992 1411
1 1415 1414 1411 1412 1415 1414 1411 1412
1 1412 1422 1419 1415 1412 1422 1419 1415
1 1420 1419 1422 1421 1420 1419 1422 1421
1 1420 1421 1428 1425 1420 1421 1428 1425
1 1426 1425 1428 1427 1426 1425 1428 1427
1 1427 1434 1431 1426 1427 1434 1431 1426
1 1432 1431 1434 1433 1432 1431 1434 1433
1 1433 1440 1438 1432 1433 1440 1438 1432
1 1435 1438 1440 1439 1435 1438 1440 1439
1 1435 1439 1442 1449 1435 1439 1442 1449
1 1446 1449 1442 1441 1446 1449 1442 1441
1 1441 1443 1444 1446 1441 1443 1444 1446
1 1443 1028 1030 1444 1443 1028 1030 1444
1 1030 1028 1027 1031 1030 1028 1027 1031
1 1031 1027 1026 1035 1031 1027 1026 1035
1 1036 1035 1026 1025 1036 1035 1026 1025
1 1025 1024 1021 1036 1025 1024 1021 1036
1 1022 1021 1024 1023 1022 1021 1024 1023
1 1022 1023 1018 1016 1022 1023 1018 1016
1 1013 1016 1018 1017 1013 1016 1018 1017
1 1013 1017 1012 1010 1013 1017 1012 1010
1 1007 1010 1012 1011 1007 1010 1012 1011
1 1011 1006 1004 1007 1011 1006 1004 1007
1 1001 1004 1006 1005 1001 1004 1006 1005
1 1001 1005 994 1000 1001 1005 994 1000
1 998 1000 994 993 998 1000 994 993
1 995 998 993 992 995 998 993 992
1 1808 1778 1834 1833 1893 1894 1866 1865
1 1810 1808 1833 1835 1895 1893 1865 1867
1 1810 1835 1836 1813 1895 1867 1868 1896
1 1814 1813 1836 1837 1897 1896 1868 1869
1 1814 1837 1838 1817 1897 1869 1870 1898
1 1818 1817 1838 1839 1899 1898 1870 1871
1 1821 1818 1839 1840 1900 1899 1871 1872
1 1822 1821 1840 1841 1901 1900 1872 1873
1 1825 1822 1841 1842 1902 1901 1873 1874
1 1826 1825 1842 1843 1903 1902 1874 1875
1 1826 1843 1844 1829 1903 1875 1876 1904
1 1830 1829 1844 1845 1905 1904 1876 1877
1 1830 1845 1846 1832 1905 1877 1878 1906
1 1832 1846 1847 1803 1906 1878 1879 1907
1 1847 1848 1804 1803 1879 1880 1908 1907
1 1848 1849 1799 1804 1880 1881 1909 1908
1 1800 1799 1849 1850 1910 1909 1881 1882
1 1797 1800 1850 1851 1911 1910 1882 1883
1 1795 1797 1851 1852 1912 1911 1883 1884
1 1793 1795 1852 1853 1913 1912 1884 1885
1 1791 1793 1853 1854 1914 1913 1885 1886
1 1787 1791 1854 1855 1915 1914 1886 1887
1 1788 1787 1855 1856 1916 1915 1887 1888
1 1783 1788 1856 1857 1917 1916 1888 1889
1 1784 1783 1857 1858 1918 1917 1889 1890
1 1781 1784 1858 1859 1919 1918 1890 1891
1 1777 1781 1859 1860 1920 1919 1891 1892
1 1860 1834 1778 1777 1892 1866 1894 1920
1 1780 1157 1162 1782 1921 1157 1162 1922
1 1782 1162 1166 1785 1922 1162 1166 1923
1 1785 1166 1165 1786 1923 1166 1165 1924
1 1786 1165 1170 1789 1924 1165 1170 1925
1 1789 1170 1169 1790 1925 1170 1169 1926
1 1790 1169 1172 1792 1926 1169 1172 1927
1 1792 1172 1174 1794 1927 1172 1174 1928
1 1794 1174 1176 1796 1928 1174 1176 1929
1 1796 1176 1178 1798 1929 1176 1178 1930
1 1798 1178 1182 1801 1930 1178 1182 1931
1 1801 1182 1181 1802 1931 1182 1181 1932
1 1805 1802 1181 1184 1933 1932 1181 1184
1 1806 1805 1184 1183 1934 1933 1184 1183
1 1831 1806 1183 1534 1935 1934 1183 1534
1 1827 1831 1534 1533 1936 1935 1534 1533
1 1533 1532 1828 1827 1533 1532 1937 1936
1 1823 1828 1532 1529 1938 1937 1532 1529
1 1529 1528 1824 1823 1529 1528 1939 1938
1 1528 1525 1819 1824 1528 1525 1940 1939
1 1525 1524 1820 1819 1525 1524 1941 1940
1 1524 1521 1815 1820 1524 1521 1942 1941
1 1521 1520 1816 1815 1521 1520 1943 1942
1 1811 1816 1520 1517 1944 1943 1520 1517
1 1517 1516 1812 1811 1517 1516 1945 1944
1 1809 1812 1516 1513 1946 1945 1516 1513
1 1513 1511 1807 1809 1513 1511 1947 1946
1 1511 1158 1779 1807 1511 1158 1948 1947
1 1780 1779 1158 1157 1921 1948 1158 1157
1 1861 1862 1745 1775 1949 1950 1761 1791
1 1863 1861 1775 1772 1951 1949 1791 1788
1 1864 1863 1772 1771 1952 1951 1788 1787
1 1865 1864 1771 1769 1953 1952 1787 1785
1 1866 1865 1769 1767 1954 1953 1785 1783
1 1867 1866 1767 1765 1955 1954 1783 1781
1 1868 1867 1765 1763 1956 1955 1781 1779
1 1869 1868 1763 1761 1957 1956 1779 1777
1 1870 1869 1761 1759 1958 1957 1777 1775
1 1871 1870 1759 1757 1959 1958 1775 1773
1 1872 1871 1757 1755 1960 1959 1773 1771
1 1873 1872 1755 1753 1961 1960 1771 1769
1 1874 1873 1753 1751 1962 1961 1769 1767
1 1875 1874 1751 1749 1963 1962 1767 1765
1 1876 1875 1749 1746 1964 1963 1765 1762
1 1746 1745 1862 1876 1762 1761 1950 1964
1 1716 1715 1877 1878 1732 1731 1965 1966
1 1715 1718 1879 1877 1731 1734 1967 1965
1 1718 1720 1880 1879 1734 1736 1968 1967
1 1720 1722 1881 1880 1736 1738 1969 1968
1 1722 1724 1882 1881 1738 1740 1970 1969
1 1724 1726 1883 1882 1740 1742 1971 1970
1 1726 1728 1884 1883 1742 1744 1972 1971
1 1728 1730 1885 1884 1744 1746 1973 1972
1 1730 1732 1886 1885 1746 1748 1974 1973
1 1732 1734 1887 1886 1748 1750 1975 1974
1 1734 1736 1888 1887 1750 1752 1976 1975
1 1736 1738 1889 1888 1752 1754 1977 1976
1 1738 1742 1890 1889 1754 1758 1978 1977
1 1742 1741 1891 1890 1758 1757 1979 1978
1 1741 1744 1892 1891 1757 1760 1980 1979
1 1744 1716 1878 1892 1760 1732 1966 1980
1 1893 1684 1683 1894 1981 1700 1699 1982
1 1894 1683 1686 1895 1982 1699 1702 1983
1 1895 1686 1688 1896 1983 1702 1704 1984
1 1896 1688 1690 1897 1984 1704 1706 1985
1 1897 1690 1692 1898 1985 1706 1708 1986
1 1898 1692 1694 1899 1986 1708 1710 1987
1 1899 1694 1696 1900 1987 1710 1712 1988
1 1900 1696 1698 1901 1988 1712 1714 1989
1 1901 1698 1700 1902 1989 1714 1716 1990
1 1902 1700 1702 1903 1990 1716 1718 1991
1 1903 1702 1704 1904 1991 1718 1720 1992
1 1904 1704 1706 1905 1992 1720 1722 1993
1 1905 1706 1710 1906 1993 1722 1726 1994
1 1906 1710 1709 1907 1994 1726 1725 1995
1 1907 1709 1712 1908 1995 1725 1728 1996
1 1908 1712 1684 1893 1996 1728 1700 1981
1 1909 1878 1877 1910 1997 1966 1965 1998
1 1910 1877 1879 1911 1998 1965 1967 1999
1 1911 1879 1880 1912 1999 1967 1968 2000
1 1912 1880 1881 1913 2000 1968 1969 2001
1 1913 1881 1882 1914 2001 1969 1970 2002
1 1914 1882 1883 1915 2002 1970 1971 2003
1 1915 1883 1884 1916 2003 1971 1972 2004
1 1916 1884 1885 1917 2004 1972 1973 2005
1 1917 1885 1886 1918 2005 1973 1974 2006
1 1918 1886 1887 1919 2006 1974 1975 2007
1 1919 1887 1888 1920 2007 1975 1976 2008
1 1920 1888 1889 1921 2008 1976 1977 2009
1 1921 1889 1890 1922 2009 1977 1978 2010
1 1922 1890 1891 1923 2010 1978 1979 2011
1 1923 1891 1892 1924 2011 1979 1980 2012
1 1924 1892 1878 1909 2012 1980 1966 1997
1 1924 1909 1681 1711 2012 1997 1697 1727
1 1923 1924 1711 1708 2011 2012 1727 1724
1 1922 1923 1708 1707 2010 2011 1724 1723
1 1921 1922 1707 1705 2009 2010 1723 1721
1 1920 1921 1705 1703 2008 2009 1721 1719
1 1919 1920 1703 1701 2007 2008 1719 1717
1 1918 1919 1701 1699 2006 2007 1717 1715
1 1917 1918 1699 1697 2005 2006 1715 1713
1 1916 1917 1697 1695 2004 2005 1713 1711
1 1915 1916 1695 1693 2003 2004 1711 1709
1 1914 1915 1693 1691 2002 2003 1709 1707
1 1913 1914 1691 1689 2001 2002 1707 1705
1 1912 1913 1689 1687 2000 2001 1705 1703
1 1911 1912 1687 1685 1999 2000 1703 1701
1 1910 1911 1685 1682 1998 1999 1701 1698
1 1909 1910 1682 1681 1997 1998 1698 1697
1 1925 1926 1927 1928 2013 2014 2015 2016
1 1928 1929 1930 1925 2016 2017 2018 2013
1 1931 1930 1929 1932 2019 2018 2017 2020
1 1933 1931 1932 1934 2021 2019 2020 2022
1 1935 1933 1934 1936 2023 2021 2022 2024
1 1937 1935 1936 1938 2025 2023 2024 2026
1 1939 1937 1938 1940 2027 2025 2026 2028
1 1941 1939 1940 1942 2029 2027 2028 2030
1 1943 1941 1942 1944 2031 2029 2030 2032
1 1945 1943 1944 1946 2033 2031 2032 2034
1 1947 1945 1946 1948 2035 2033 2034 2036
1 1949 1947 1948 1950 2037 2035 2036 2038
1 1951 1952 1953 1954 2039 2040 2041 2042
1 1952 1949 1950 1953 2040 2037 2038 2041
1 1955 1951 1954 1956 2043 2039 2042 2044
1 1926 1955 1956 1927 2014 2043 2044 2015
1 1957 1958 1959 1960 2045 2046 2047 2048
1 1961 1962 1958 1957 2049 2050 2046 2045
1 1963 1964 1962 1961 2051 2052 2050 2049
1 1965 1966 1964 1963 2053 2054 2052 2051
1 1967 1968 1966 1965 2055 2056 2054 2053
1 1969 1970 1968 1967 2057 2058 2056 2055
1 1971 1972 1970 1969 2059 2060 2058 2057
1 1973 1974 1972 1971 2061 2062 2060 2059
1 1975 1976 1974 1973 2063 2064 2062 2061
1 1977 1978 1976 1975 2065 2066 2064 2063
1 1979 1980 1978 1977 2067 2068 2066 2065
1 1981 1982 1980 1979 2069 2070 2068 2067
1 1983 1984 1985 1986 2071 2072 2073 2074
1 1986 1985 1982 1981 2074 2073 2070 2069
1 1987 1988 1984 1983 2075 2076 2072 2071
1 1960 1959 1988 1987 2048 2047 2076 2075
1 1989 1990 1991 1992 2077 2078 2079 2080
1 1993 1989 1992 1994 2081 2077 2080 2082
1 1995 1993 1994 1996 2083 2081 2082 2084
1 1997 1995 1996 1998 2085 2083 2084 2086
1 1999 1997 1998 2000 2087 2085 2086 2088
1 2001 1999 2000 2002 2089 2087 2088 2090
1 2003 2001 2002 2004 2091 2089 2090 2092
1 2005 2003 2004 2006 2093 2091 2092 2094
1 2007 2005 2006 2008 2095 2093 2094 2096
1 2009 2007 2008 2010 2097 2095 2096 2098
1 2011 2009 2010 2012 2099 2097 2098 2100
1 2013 2011 2012 2014 2101 2099 2100 2102
1 2015 2016 2017 2018 2103 2104 2105 2106
1 2016 2013 2014 2017 2104 2101 2102 2105
1 2019 2015 2018 2020 2107 2103 2106 2108
1 1990 2019 2020 1991 2078 2107 2108 2079
1 2021 2022 2023 2024 2109 2110 2111 2112
1 2025 2021 2024 2026 2113 2109 2112 2114
1 2027 2025 2026 2028 2115 2113 2114 2116
1 2029 2027 2028 2030 2117 2115 2116 2118
1 2031 2029 2030 2032 2119 2117 2118 2120
1 2033 2031 2032 2034 2121 2119 2120 2122
1 2035 2033 2034 2036 2123 2121 2122 2124
1 2037 2035 2036 2038 2125 2123 2124 2126
1 2039 2037 2038 2040 2127 2125 2126 2128
1 2041 2039 2040 2042 2129 2127 2128 2130
1 2043 2041 2042 2044 2131 2129 2130 2132
1 2045 2043 2044 2046 2133 2131 2132 2134
1 2047 2048 2049 2050 2135 2136 2137 2138
1 2048 2045 2046 2049 2136 2133 2134 2137
1 2051 2047 2050 2052 2139 2135 2138 2140
1 2022 2051 2052 2023 2110 2139 2140 2111
1 2053 2054 2055 2056 2141 2142 2143 2144
1 2057 2058 2054 2053 2145 2146 2142 2141
1 2059 2060 2058 2057 2147 2148 2146 2145
1 2061 2062 2060 2059 2149 2150 2148 2147
1 2063 2064 2062 2061 2151 2152 2150 2149
1 2065 2066 2064 2063 2153 2154 2152 2151
1 2067 2068 2066 2065 2155 2156 2154 2153
1 2069 2070 2068 2067 2157 2158 2156 2155
1 2071 2072 2070 2069 2159 2160 2158 2157
1 2073 2074 2072 2071 2161 2162 2160 2159
1 2075 2076 2074 2073 2163 2164 2162 2161
1 2077 2078 2076 2075 2165 2166 2164 2163
1 2079 2080 2078 2077 2167 2168 2166 2165
1 2081 2082 2080 2079 2169 2170 2168 2167
1 2083 2084 2082 2081 2171 2172 2170 2169
1 2056 2055 2084 2083 2144 2143 2172 2171
1 1957 1960 1926 1925 2045 2048 2014 2013
1 1961 1957 1925 1930 2049 2045 2013 2018
1 1963 1961 1930 1931 2051 2049 2018 2019
1 1965 1963 1931 1933 2053 2051 2019 2021
1 1967 1965 1933 1935 2055 2053 2021 2023
1 1969 1967 1935 1937 2057 2055 2023 2025
1 1971 1969 1937 1939 2059 2057 2025 2027
1 1973 1971 1939 1941 2061 2059 2027 2029
1 1975 1973 1941 1943 2063 2061 2029 2031
1 1977 1975 1943 1945 2065 2063 2031 2033
1 1979 1977 1945 1947 2067 2065 2033 2035
1 1981 1979 1947 1949 2069 2067 2035 2037
1 1986 1981 1949 1952 2074 2069 2037 2040
1 1983 1986 1952 1951 2071 2074 2040 2039
1 1987 1983 1951 1955 2075 2071 2039 2043
1 1960 1987 1955 1926 2048 2075 2043 2014
1 2085 2086 2087 2088 2173 2174 2175 2176
1 2086 2089 2090 2087 2174 2177 2178 2175
1 2089 2091 2092 2090 2177 2179 2180 2178
1 2091 2093 2094 2092 2179 2181 2182 2180
1 2093 2095 2096 2094 2181 2183 2184 2182
1 2095 2097 2098 2096 2183 2185 2186 2184
1 2097 2099 2100 2098 2185 2187 2188 2186
1 2099 2101 2102 2100 2187 2189 2190 2188
1 2101 2103 2104 2102 2189 2191 2192 2190
1 2103 2105 2106 2104 2191 2193 2194 2192
1 2105 2107 2108 2106 2193 2195 2196 2194
1 2107 2109 2110 2108 2195 2197 2198 2196
1 2109 2111 2112 2110 2197 2199 2200 2198
1 2111 2113 2114 2112 2199 2201 2202 2200
1 2113 2115 2116 2114 2201 2203 2204 2202
1 2115 2085 2088 2116 2203 2173 2176 2204
1 2053 2056 2117 2118 2141 2144 2205 2206
1 2057 2053 2118 2119 2145 2141 2206 2207
1 2059 2057 2119 2120 2147 2145 2207 2208
1 2061 2059 2120 2121 2149 2147 2208 2209
1 2063 2061 2121 2122 2151 2149 2209 2210
1 2065 2063 2122 2123 2153 2151 2210 2211
1 2067 2065 2123 2124 2155 2153 2211 2212
1 2069 2067 2124 2125 2157 2155 2212 2213
1 2071 2069 2125 2126 2159 2157 2213 2214
1 2073 2071 2126 2127 2161 2159 2214 2215
1 2075 2073 2127 2128 2163 2161 2215 2216
1 2077 2075 2128 2129 2165 2163 2216 2217
1 2079 2077 2129 2130 2167 2165 2217 2218
1 2081 2079 2130 2131 2169 2167 2218 2219
1 2083 2081 2131 2132 2171 2169 2219 2220
1 2056 2083 2132 2117 2144 2171 2220 2205
1 1959 2117 2132 1988 2047 2205 2220 2076
1 1988 2132 2131 1984 2076 2220 2219 2072
1 1984 2131 2130 1985 2072 2219 2218 2073
1 1985 2130 2129 1982 2073 2218 2217 2070
1 1982 2129 2128 1980 2070 2217 2216 2068
1 1980 2128 2127 1978 2068 2216 2215 2066
1 1978 2127 2126 1976 2066 2215 2214 2064
1 1976 2126 2125 1974 2064 2214 2213 2062
1 1974 2125 2124 1972 2062 2213 2212 2060
1 1972 2124 2123 1970 2060 2212 2211 2058
1 1970 2123 2122 1968 2058 2211 2210 2056
1 1968 2122 2121 1966 2056 2210 2209 2054
1 1966 2121 2120 1964 2054 2209 2208 2052
1 1964 2120 2119 1962 2052 2208 2207 2050
1 1962 2119 2118 1958 2050 2207 2206 2046
1 1958 2118 2117 1959 2046 2206 2205 2047
1 2133 2134 1862 1861 2221 2222 1950 1949
1 2135 2133 1861 1863 2223 2221 1949 1951
1 2136 2135 1863 1864 2224 2223 1951 1952
1 2137 2136 1864 1865 2225 2224 1952 1953
1 2138 2137 1865 1866 2226 2225 1953 1954
1 2139 2138 1866 1867 2227 2226 1954 1955
1 2140 2139 1867 1868 2228 2227 1955 1956
1 2141 2140 1868 1869 2229 2228 1956 1957
1 2142 2141 1869 1870 2230 2229 1957 1958
1 2143 2142 1870 1871 2231 2230 1958 1959
1 2144 2143 1871 1872 2232 2231 1959 1960
1 2145 2144 1872 1873 2233 2232 1960 1961
1 2146 2145 1873 1874 2234 2233 1961 1962
1 2147 2146 1874 1875 2235 2234 1962 1963
1 2148 2147 1875 1876 2236 2235 1963 1964
1 2148 1876 1862 2134 2236 1964 1950 2222
1 2022 2088 2087 2051 2110 2176 2175 2139
1 2051 2087 2090 2047 2139 2175 2178 2135
1 2047 2090 2092 2048 2135 2178 2180 2136
1 2048 2092 2094 2045 2136 2180 2182 2133
1 2045 2094 2096 2043 2133 2182 2184 2131
1 2043 2096 2098 2041 2131 2184 2186 2129
1 2041 2098 2100 2039 2129 2186 2188 2127
1 2039 2100 2102 2037 2127 2188 2190 2125
1 2037 2102 2104 2035 2125 2190 2192 2123
1 2035 2104 2106 2033 2123 2192 2194 2121
1 2033 2106 2108 2031 2121 2194 2196 2119
1 2031 2108 2110 2029 2119 2196 2198 2117
1 2029 2110 2112 2027 2117 2198 2200 2115
1 2027 2112 2114 2025 2115 2200 2202 2113
1 2025 2114 2116 2021 2113 2202 2204 2109
1 2021 2116 2088 2022 2109 2204 2176 2110
1 1895 1654 1650 1894 1983 1670 1666 1982
1 1893 1894 1650 1649 1981 1982 1666 1665
1 1908 1893 1649 1679 1996 1981 1665 1695
1 1907 1908 1679 1676 1995 1996 1695 1692
1 1906 1907 1676 1675 1994 1995 1692 1691
1 1905 1906 1675 1673 1993 1994 1691 1689
1 1904 1905 1673 1671 1992 1993 1689 1687
1 1903 1904 1671 1669 1991 1992 1687 1685
1 1902 1903 1669 1667 1990 1991 1685 1683
1 1901 1902 1667 1665 1989 1990 1683 1681
1 1900 1901 1665 1663 1988 1989 1681 1679
1 1899 1900 1663 1661 1987 1988 1679 1677
1 1898 1899 1661 1659 1986 1987 1677 1675
1 1897 1898 1659 1657 1985 1986 1675 1673
1 1896 1897 1657 1655 1984 1985 1673 1671
1 1895 1896 1655 1654 1983 1984 1671 1670
1 1265 1293 1929 1928 1265 1293 2017 2016
1 1265 1928 1927 1266 1265 2016 2015 1266
1 1266 1927 1956 1267 1266 2015 2044 1267
1 1267 1956 1954 1269 1267 2044 2042 1269
1 1269 1954 1953 1272 1269 2042 2041 1272
1 1272 1953 1950 1274 1272 2041 2038 1274
1 1274 1950 1948 1275 1274 2038 2036 1275
1 1275 1948 1946 1277 1275 2036 2034 1277
1 1277 1946 1944 1279 1277 2034 2032 1279
1 1279 1944 1942 1281 1279 2032 2030 1281
1 1281 1942 1940 1283 1281 2030 2028 1283
1 1283 1940 1938 1286 1283 2028 2026 1286
1 1286 1938 1936 1288 1286 2026 2024 1288
1 1288 1936 1934 1290 1288 2024 2022 1290
1 1290 1934 1932 1292 1290 2022 2020 1292
1 1292 1932 1929 1293 1292 2020 2017 1293
1 1540 1618 1624 1541 1540 2237 2238 1541
1 1624 1626 1536 1541 2238 2239 1536 1541
1 1537 1536 1626 1628 1537 1536 2239 2240
1 1559 1537 1628 1630 1559 1537 2240 2241
1 1607 1559 1630 1632 1623 1559 2241 2242
1 1609 1607 1632 1634 1625 1623 2242 2243
1 1611 1609 1634 1636 1627 1625 2243 2244
1 1613 1611 1636 1638 1629 1627 2244 2245
1 1615 1613 1638 1640 1631 1629 2245 2246
1 1567 1615 1640 1642 1567 1631 2246 2247
1 1550 1567 1642 1644 1550 1567 2247 2248
1 1551 1550 1644 1646 1551 1550 2248 2249
1 1573 1551 1646 1648 1573 1551 2249 2250
1 1544 1573 1648 1622 1544 1573 2250 2251
1 1544 1622 1619 1545 1544 2251 2252 1545
1 1540 1545 1619 1618 1540 1545 2252 2237
1 1282 1284 1231 1234 2253 2254 2255 2256
1 1280 1282 1234 1235 2257 2253 2256 2258
1 1235 1236 1278 1280 2258 2259 2260 2257
1 1236 1237 1276 1278 2259 2261 2262 2260
1 1237 1238 1273 1276 2261 2263 2264 2262
1 1238 1239 1271 1273 2263 2265 2266 2264
1 1239 1240 1270 1271 2265 2267 2268 2266
1 1240 1241 1268 1270 2267 2269 2270 2268
1 1241 1242 1263 1268 2269 2271 2272 2270
1 1242 1243 1264 1263 2271 2273 2274 2272
1 1243 1244 1294 1264 2273 2275 2276 2274
1 1244 1245 1291 1294 2275 2277 2278 2276
1 1245 1246 1289 1291 2277 2279 2280 2278
1 1246 1233 1287 1289 2279 2281 2282 2280
1 1285 1287 1233 1232 2283 2282 2281 2284
1 1232 1231 1284 1285 2284 2255 2254 2283
1 2149 2150 2151 2152 2285 2286 2287 2288
1 2150 2140 2141 2151 2286 2228 2229 2287
1 2153 2139 2140 2150 2289 2227 2228 2286
1 2154 2153 2150 2149 2290 2289 2286 2285
1 2153 2155 2138 2139 2289 2291 2226 2227
1 2155 2156 2137 2138 2291 2292 2225 2226
1 2157 2158 2156 2155 2293 2294 2292 2291
1 2154 2157 2155 2153 2290 2293 2291 2289
1 2159 2160 2161 2162 2295 2296 2297 2298
1 2160 2163 2164 2161 2296 2299 2300 2297
1 2165 2166 2163 2160 2301 2302 2299 2296
1 2167 2165 2160 2159 2303 2301 2296 2295
1 2168 2169 2170 2171 2304 2305 2306 2307
1 2169 2163 2166 2170 2305 2299 2302 2306
1 2172 2164 2163 2169 2308 2300 2299 2305
1 2173 2172 2169 2168 2309 2308 2305 2304
1 2174 2175 2176 2177 2310 2311 2312 2313
1 2175 2161 2164 2176 2311 2297 2300 2312
1 2178 2162 2161 2175 2314 2298 2297 2311
1 2179 2178 2175 2174 2315 2314 2311 2310
1 2180 2181 2172 2173 2316 2317 2308 2309
1 2181 2176 2164 2172 2317 2312 2300 2308
1 2182 2177 2176 2181 2318 2313 2312 2317
1 2183 2182 2181 2180 2319 2318 2317 2316
1 2184 2185 2186 2187 2320 2321 2322 2323
1 2185 2188 2189 2186 2321 2324 2325 2322
1 2190 2191 2188 2185 2326 2327 2324 2321
1 2192 2190 2185 2184 2328 2326 2321 2320
1 2193 2194 2195 2196 2329 2330 2331 2332
1 2194 2186 2189 2195 2330 2322 2325 2331
1 2197 2187 2186 2194 2333 2323 2322 2330
1 2198 2197 2194 2193 2334 2333 2330 2329
1 2199 2200 2201 2202 2335 2336 2337 2338
1 2200 2203 2204 2201 2336 2339 2340 2337
1 2205 2196 2203 2200 2341 2332 2339 2336
1 2206 2205 2200 2199 2342 2341 2336 2335
1 2207 2208 2209 2210 2343 2344 2345 2346
1 2208 2211 2212 2209 2344 2347 2348 2345
1 2213 2214 2211 2208 2349 2350 2347 2344
1 2215 2213 2208 2207 2351 2349 2344 2343
1 2216 2217 2218 2219 2352 2353 2354 2355
1 2217 2220 2221 2218 2353 2356 2357 2354
1 2222 2223 2220 2217 2358 2359 2356 2353
1 2224 2222 2217 2216 2360 2358 2353 2352
1 2225 2226 2227 2228 2361 2362 2363 2364
1 2226 2222 2224 2227 2362 2358 2360 2363
1 2229 2223 2222 2226 2365 2359 2358 2362
1 2230 2229 2226 2225 2366 2365 2362 2361
1 2231 2232 2233 2234 2367 2368 2369 2370
1 2232 2235 2236 2233 2368 2371 2372 2369
1 2237 2238 2235 2232 2373 2374 2371 2368
1 2239 2237 2232 2231 2375 2373 2368 2367
1 2240 2241 2242 2243 2376 2377 2378 2379
1 2241 2244 2245 2242 2377 2380 2381 2378
1 2246 2247 2244 2241 2382 2383 2380 2377
1 2143 2246 2241 2240 2231 2382 2377 2376
1 2248 2249 2250 2251 2384 2385 2386 2387
1 2249 2252 2162 2250 2385 2388 2298 2386
1 2253 2254 2252 2249 2389 2390 2388 2385
1 2255 2253 2249 2248 2391 2389 2385 2384
1 2177 2182 2256 2257 2313 2318 2392 2393
1 2182 2183 2258 2256 2318 2319 2394 2392
1 2259 2260 2261 2262 2395 2396 2397 2398
1 2263 2264 2259 2262 2399 2400 2395 2398
1 2265 2266 2267 2268 2401 2402 2403 2404
1 2266 2206 2269 2267 2402 2342 2405 2403
1 2199 2270 2269 2206 2335 2406 2405 2342
1 2199 2202 2271 2270 2335 2338 2407 2406
1 2272 2273 2274 2275 2408 2409 2410 2411
1 2276 2277 2272 2275 2412 2413 2408 2411
1 2278 2279 2218 2221 2414 2415 2354 2357
1 2279 2280 2219 2218 2415 2416 2355 2354
1 2281 2282 2283 2284 2417 2418 2419 2420
1 2282 2277 2276 2283 2418 2413 2412 2419
1 2285 2286 2287 2288 2421 2422 2423 2424
1 2286 2274 2273 2287 2422 2410 2409 2423
1 2289 2255 2290 2291 2425 2391 2426 2427
1 2220 2292 2293 2221 2356 2428 2429 2357
1 2292 2294 2295 2293 2428 2430 2431 2429
1 2296 2191 2294 2292 2432 2327 2430 2428
1 2223 2296 2292 2220 2359 2432 2428 2356
1 2297 2278 2221 2293 2433 2414 2357 2429
1 2295 2298 2297 2293 2431 2434 2433 2429
1 2299 2300 2285 2288 2435 2436 2421 2424
1 2299 2271 2202 2300 2435 2407 2338 2436
1 2301 2302 2303 2304 2437 2438 2439 2440
1 2302 2188 2191 2303 2438 2324 2327 2439
1 2305 2189 2188 2302 2441 2325 2324 2438
1 2306 2305 2302 2301 2442 2441 2438 2437
1 2307 2219 2280 2308 2443 2355 2416 2444
1 2258 2183 2307 2308 2394 2319 2443 2444
1 2309 2310 2180 2173 2445 2446 2316 2309
1 2310 2307 2183 2180 2446 2443 2319 2316
1 2216 2219 2307 2310 2352 2355 2443 2446
1 2224 2216 2310 2309 2360 2352 2446 2445
1 2309 2311 2227 2224 2445 2447 2363 2360
1 2311 2312 2228 2227 2447 2448 2364 2363
1 2168 2171 2312 2311 2304 2307 2448 2447
1 2173 2168 2311 2309 2309 2304 2447 2445
1 2313 2265 2314 2315 2449 2401 2450 2451
1 2261 2260 2313 2315 2397 2396 2449 2451
1 2314 2265 2268 2316 2450 2401 2404 2452
1 2317 2264 2318 2319 2453 2400 2454 2455
1 2298 2295 2317 2319 2434 2431 2453 2455
1 2318 2264 2263 2320 2454 2400 2399 2456
1 2248 2321 2290 2255 2384 2457 2426 2391
1 2248 2251 2322 2321 2384 2387 2458 2457
1 2174 2177 2257 2323 2310 2313 2393 2459
1 2324 2179 2174 2323 2460 2315 2310 2459
1 2325 2326 2327 2328 2461 2462 2463 2464
1 2326 2329 2330 2327 2462 2465 2466 2463
1 2331 2332 2329 2326 2467 2468 2465 2462
1 2333 2331 2326 2325 2469 2467 2462 2461
1 2334 2335 2336 2337 2470 2471 2472 2473
1 2335 2338 2339 2336 2471 2474 2475 2472
1 2340 2341 2342 2343 2476 2477 2478 2479
1 2341 2344 2345 2342 2477 2480 2481 2478
1 2346 2347 2348 2349 2482 2483 2484 2485
1 2350 2351 2346 2349 2486 2487 2482 2485
1 2352 2353 2354 2355 2488 2489 2490 2491
1 2356 2357 2352 2355 2492 2493 2488 2491
1 2358 2359 2360 2361 2494 2495 2496 2497
1 2362 2363 2358 2361 2498 2499 2494 2497
1 2364 2365 2366 2367 2500 2501 2502 2503
1 2332 2368 2364 2367 2468 2504 2500 2503
1 2369 2363 2362 2370 2505 2499 2498 2506
1 2371 2372 2369 2370 2507 2508 2505 2506
1 2373 2374 2375 2376 2509 2510 2511 2512
1 2366 2365 2373 2376 2502 2501 2509 2512
1 2367 2377 2329 2332 2503 2513 2465 2468
1 2377 2378 2330 2329 2513 2514 2466 2465
1 2376 2375 2378 2377 2512 2511 2514 2513
1 2366 2376 2377 2367 2502 2512 2513 2503
1 2331 2333 2379 2380 2467 2469 2515 2516
1 2368 2332 2331 2380 2504 2468 2467 2516
1 2381 2360 2359 2382 2517 2496 2495 2518
1 2383 2384 2381 2382 2519 2520 2517 2518
1 2385 2345 2344 2386 2521 2481 2480 2522
1 2387 2388 2385 2386 2523 2524 2521 2522
1 2389 2390 2391 2392 2525 2526 2527 2528
1 2390 2339 2338 2391 2526 2475 2474 2527
1 2393 2394 2395 2396 2529 2530 2531 2532
1 2397 2398 2393 2396 2533 2534 2529 2532
1 2399 2400 2401 2402 2535 2536 2537 2538
1 2400 2403 2404 2401 2536 2539 2540 2537
1 2405 2406 2407 2408 2541 2542 2543 2544
1 2406 2409 2410 2407 2542 2545 2546 2543
1 2411 2412 2410 2409 2547 2548 2546 2545
1 2411 2413 2414 2412 2547 2549 2550 2548
1 2380 2379 2415 2416 2516 2515 2551 2552
1 2417 2368 2380 2416 2553 2504 2516 2552
1 2385 2388 2418 2419 2521 2524 2554 2555
1 2420 2345 2385 2419 2556 2481 2521 2555
1 2421 2422 2343 2342 2557 2558 2479 2478
1 2345 2420 2421 2342 2481 2556 2557 2478
1 2423 2424 2352 2357 2559 2560 2488 2493
1 2424 2425 2353 2352 2560 2561 2489 2488
1 2365 2364 2426 2427 2501 2500 2562 2563
1 2364 2368 2417 2426 2500 2504 2553 2562
1 2374 2373 2428 2429 2510 2509 2564 2565
1 2373 2365 2427 2428 2509 2501 2563 2564
1 2430 2431 2432 2433 2566 2567 2568 2569
1 2405 2408 2430 2433 2541 2544 2566 2569
1 2434 2435 2436 2437 2570 2571 2572 2573
1 2395 2394 2434 2437 2531 2530 2570 2573
1 2438 2439 2440 2324 2574 2575 2576 2460
1 2439 2441 2442 2440 2575 2577 2578 2576
1 2298 2319 2443 2444 2434 2455 2579 2580
1 2319 2318 2445 2443 2455 2454 2581 2579
1 2446 2348 2347 2447 2582 2484 2483 2583
1 2384 2383 2446 2447 2520 2519 2582 2583
1 2448 2449 2450 2451 2584 2585 2586 2587
1 2452 2453 2448 2451 2588 2589 2584 2587
1 2454 2442 2441 2455 2590 2578 2577 2591
1 2453 2452 2454 2455 2589 2588 2590 2591
1 2256 2258 2456 2457 2392 2394 2592 2593
1 2458 2257 2256 2457 2594 2393 2392 2593
1 2459 2460 2461 2462 2595 2596 2597 2598
1 2460 2334 2337 2461 2596 2470 2473 2597
1 2463 2464 2308 2280 2599 2600 2444 2416
1 2464 2456 2258 2308 2600 2592 2394 2444
1 2465 2466 2467 2468 2601 2602 2603 2604
1 2398 2397 2465 2468 2534 2533 2601 2604
1 2469 2343 2422 2470 2605 2479 2558 2606
1 2471 2472 2469 2470 2607 2608 2605 2606
1 2473 2404 2403 2474 2609 2540 2539 2610
1 2432 2431 2473 2474 2568 2567 2609 2610
1 2475 2476 2354 2353 2611 2612 2490 2489
1 2475 2379 2333 2476 2611 2515 2469 2612
1 2477 2415 2379 2475 2613 2551 2515 2611
1 2353 2425 2477 2475 2489 2561 2613 2611
1 2478 2479 2450 2449 2614 2615 2586 2585
1 2478 2445 2318 2479 2614 2581 2454 2615
1 2480 2463 2280 2279 2616 2599 2416 2415
1 2278 2481 2480 2279 2414 2617 2616 2415
1 2482 2483 2469 2472 2618 2619 2605 2608
1 2483 2340 2343 2469 2619 2476 2479 2605
1 2476 2484 2355 2354 2612 2620 2491 2490
1 2484 2485 2356 2355 2620 2621 2492 2491
1 2325 2328 2485 2484 2461 2464 2621 2620
1 2333 2325 2484 2476 2469 2461 2620 2612
1 2486 2323 2257 2458 2622 2459 2393 2594
1 2486 2438 2324 2323 2622 2574 2460 2459
1 2487 2372 2371 2488 2623 2508 2507 2624
1 2389 2392 2487 2488 2525 2528 2623 2624
1 2489 2490 2414 2413 2625 2626 2550 2549
1 2489 2436 2435 2490 2625 2572 2571 2626
1 2491 2492 2374 2429 2627 2628 2510 2565
1 2491 2418 2388 2492 2627 2554 2524 2628
1 2492 2388 2387 2493 2628 2524 2523 2629
1 2375 2374 2492 2493 2511 2510 2628 2629
1 2378 2494 2495 2330 2514 2630 2631 2466
1 2494 2386 2344 2495 2630 2522 2480 2631
1 2493 2387 2386 2494 2629 2523 2522 2630
1 2375 2493 2494 2378 2511 2629 2630 2514
1 2495 2496 2327 2330 2631 2632 2463 2466
1 2496 2497 2328 2327 2632 2633 2464 2463
1 2341 2340 2497 2496 2477 2476 2633 2632
1 2344 2341 2496 2495 2480 2477 2632 2631
1 2497 2498 2485 2328 2633 2634 2621 2464
1 2498 2499 2356 2485 2634 2635 2492 2621
1 2483 2482 2499 2498 2619 2618 2635 2634
1 2340 2483 2498 2497 2476 2619 2634 2633
1 2500 2357 2356 2499 2636 2493 2492 2635
1 2482 2472 2500 2499 2618 2608 2636 2635
1 2501 2500 2472 2471 2637 2636 2608 2607
1 2501 2423 2357 2500 2637 2559 2493 2636
1 2502 2467 2466 2503 2638 2603 2602 2639
1 2399 2402 2502 2503 2535 2538 2638 2639
1 2504 2459 2462 2505 2640 2595 2598 2641
1 2351 2350 2504 2505 2487 2486 2640 2641
1 2297 2298 2444 2506 2433 2434 2580 2642
1 2481 2278 2297 2506 2617 2414 2433 2642
1 2409 2406 2358 2363 2545 2542 2494 2499
1 2406 2405 2359 2358 2542 2541 2495 2494
1 2433 2382 2359 2405 2569 2518 2495 2541
1 2433 2432 2383 2382 2569 2568 2519 2518
1 2348 2446 2474 2403 2484 2582 2610 2539
1 2446 2383 2432 2474 2582 2519 2568 2610
1 2478 2449 2384 2447 2614 2585 2520 2583
1 2347 2445 2478 2447 2483 2581 2614 2583
1 2444 2443 2346 2351 2580 2579 2482 2487
1 2443 2445 2347 2346 2579 2581 2483 2482
1 2505 2506 2444 2351 2641 2642 2580 2487
1 2505 2462 2481 2506 2641 2598 2617 2642
1 2455 2441 2362 2361 2591 2577 2498 2497
1 2360 2453 2455 2361 2496 2589 2591 2497
1 2439 2370 2362 2441 2575 2506 2498 2577
1 2439 2438 2371 2370 2575 2574 2507 2506
1 2389 2488 2486 2458 2525 2624 2622 2594
1 2488 2371 2438 2486 2624 2507 2574 2622
1 2391 2338 2395 2437 2527 2474 2531 2573
1 2436 2392 2391 2437 2572 2528 2527 2573
1 2397 2396 2335 2334 2533 2532 2471 2470
1 2396 2395 2338 2335 2532 2531 2474 2471
1 2466 2465 2460 2459 2602 2601 2596 2595
1 2465 2397 2334 2460 2601 2533 2470 2596
1 2400 2349 2348 2403 2536 2485 2484 2539
1 2400 2399 2350 2349 2536 2535 2486 2485
1 2503 2466 2459 2504 2639 2602 2595 2640
1 2350 2399 2503 2504 2486 2535 2639 2640
1 2372 2487 2489 2413 2508 2623 2625 2549
1 2487 2392 2436 2489 2623 2528 2572 2625
1 2411 2369 2372 2413 2547 2505 2508 2549
1 2411 2409 2363 2369 2547 2545 2499 2505
1 2394 2420 2419 2434 2530 2556 2555 2570
1 2393 2398 2422 2421 2529 2534 2558 2557
1 2407 2426 2417 2408 2543 2562 2553 2544
1 2407 2410 2427 2426 2543 2546 2563 2562
1 2430 2408 2417 2416 2566 2544 2553 2552
1 2401 2404 2425 2424 2537 2540 2561 2560
1 2402 2401 2424 2423 2538 2537 2560 2559
1 2502 2402 2423 2501 2638 2538 2559 2637
1 2502 2501 2471 2467 2638 2637 2607 2603
1 2435 2418 2491 2490 2571 2554 2627 2626
1 2412 2414 2429 2428 2548 2550 2565 2564
1 2448 2453 2360 2381 2584 2589 2496 2517
1 2384 2449 2448 2381 2520 2585 2584 2517
1 2480 2481 2462 2461 2616 2617 2598 2597
1 2337 2463 2480 2461 2473 2599 2616 2597
1 2456 2464 2336 2339 2592 2600 2472 2475
1 2464 2463 2337 2336 2600 2599 2473 2472
1 2390 2389 2458 2457 2526 2525 2594 2593
1 2456 2339 2390 2457 2592 2475 2526 2593
1 2415 2477 2473 2431 2551 2613 2609 2567
1 2477 2425 2404 2473 2613 2561 2540 2609
1 2415 2431 2430 2416 2551 2567 2566 2552
1 2427 2410 2412 2428 2563 2546 2548 2564
1 2491 2429 2414 2490 2627 2565 2550 2626
1 2419 2418 2435 2434 2555 2554 2571 2570
1 2420 2394 2393 2421 2556 2530 2529 2557
1 2471 2470 2468 2467 2607 2606 2604 2603
1 2470 2422 2398 2468 2606 2558 2534 2604
1 2507 2508 2509 2510 2643 2644 2645 2646
1 2508 2451 2450 2509 2644 2587 2586 2645
1 2511 2452 2451 2508 2647 2588 2587 2644
1 2512 2511 2508 2507 2648 2647 2644 2643
1 2513 2514 2515 2516 2649 2650 2651 2652
1 2514 2511 2512 2515 2650 2647 2648 2651
1 2454 2452 2511 2514 2590 2588 2647 2650
1 2442 2454 2514 2513 2578 2590 2650 2649
1 2479 2517 2509 2450 2615 2653 2645 2586
1 2517 2518 2510 2509 2653 2654 2646 2645
1 2320 2263 2518 2517 2456 2399 2654 2653
1 2318 2320 2517 2479 2454 2456 2653 2615
1 2519 2520 2521 2522 2655 2656 2657 2658
1 2520 2523 2524 2521 2656 2659 2660 2657
1 2525 2526 2523 2520 2661 2662 2659 2656
1 2527 2525 2520 2519 2663 2661 2656 2655
1 2528 2529 2530 2531 2664 2665 2666 2667
1 2532 2533 2528 2531 2668 2669 2664 2667
1 2534 2535 2536 2537 2670 2671 2672 2673
1 2535 2538 2539 2536 2671 2674 2675 2672
1 2540 2541 2542 2543 2676 2677 2678 2679
1 2544 2545 2540 2543 2680 2681 2676 2679
1 2546 2547 2548 2549 2682 2683 2684 2685
1 2550 2551 2546 2549 2686 2687 2682 2685
1 2552 2553 2554 2555 2688 2689 2690 2691
1 2553 2556 2557 2554 2689 2692 2693 2690
1 2558 2559 2560 2561 2694 2695 2696 2697
1 2526 2562 2558 2561 2662 2698 2694 2697
1 2563 2564 2552 2555 2699 2700 2688 2691
1 2563 2565 2566 2564 2699 2701 2702 2700
1 2567 2568 2569 2570 2703 2704 2705 2706
1 2568 2560 2559 2569 2704 2696 2695 2705
1 2571 2572 2568 2567 2707 2708 2704 2703
1 2572 2561 2560 2568 2708 2697 2696 2704
1 2523 2526 2561 2572 2659 2662 2697 2708
1 2524 2523 2572 2571 2660 2659 2708 2707
1 2573 2562 2526 2525 2709 2698 2662 2661
1 2527 2574 2573 2525 2663 2710 2709 2661
1 2575 2576 2577 2578 2711 2712 2713 2714
1 2557 2556 2575 2578 2693 2692 2711 2714
1 2579 2580 2534 2537 2715 2716 2670 2673
1 2579 2581 2582 2580 2715 2717 2718 2716
1 2583 2584 2585 2586 2719 2720 2721 2722
1 2584 2530 2529 2585 2720 2666 2665 2721
1 2587 2588 2589 2590 2723 2724 2725 2726
1 2591 2592 2587 2590 2727 2728 2723 2726
1 2593 2594 2595 2596 2729 2730 2731 2732
1 2597 2598 2593 2596 2733 2734 2729 2732
1 2599 2600 2601 2602 2735 2736 2737 2738
1 2603 2604 2599 2602 2739 2740 2735 2738
1 2605 2601 2600 2606 2741 2737 2736 2742
1 2607 2608 2605 2606 2743 2744 2741 2742
1 2573 2574 2609 2610 2709 2710 2745 2746
1 2611 2562 2573 2610 2747 2698 2709 2746
1 2580 2582 2612 2613 2716 2718 2748 2749
1 2614 2534 2580 2613 2750 2670 2716 2749
1 2615 2616 2538 2535 2751 2752 2674 2671
1 2534 2614 2615 2535 2670 2750 2751 2671
1 2547 2546 2617 2618 2683 2682 2753 2754
1 2546 2551 2619 2617 2682 2687 2755 2753
1 2558 2562 2611 2620 2694 2698 2747 2756
1 2621 2559 2558 2620 2757 2695 2694 2756
1 2570 2569 2622 2623 2706 2705 2758 2759
1 2569 2559 2621 2622 2705 2695 2757 2758
1 2624 2625 2626 2627 2760 2761 2762 2763
1 2604 2603 2624 2627 2740 2739 2760 2763
1 2628 2629 2630 2631 2764 2765 2766 2767
1 2592 2591 2628 2631 2728 2727 2764 2767
1 2632 2633 2277 2282 2768 2769 2413 2418
1 2281 2634 2632 2282 2417 2770 2768 2418
1 2270 2271 2635 2636 2406 2407 2771 2772
1 2637 2269 2270 2636 2773 2405 2406 2772
1 2638 2639 2577 2576 2774 2775 2713 2712
1 2638 2545 2544 2639 2774 2681 2680 2775
1 2287 2273 2640 2641 2423 2409 2776 2777
1 2642 2288 2287 2641 2778 2424 2423 2777
1 2643 2640 2273 2272 2779 2776 2409 2408
1 2277 2633 2643 2272 2413 2769 2779 2408
1 2289 2644 2645 2646 2425 2780 2781 2782
1 2644 2647 2648 2645 2780 2783 2784 2781
1 2649 2533 2532 2650 2785 2669 2668 2786
1 2651 2652 2649 2650 2787 2788 2785 2786
1 2653 2654 2655 2656 2789 2790 2791 2792
1 2654 2648 2647 2655 2790 2784 2783 2791
1 2657 2589 2588 2658 2793 2725 2724 2794
1 2659 2660 2657 2658 2795 2796 2793 2794
1 2661 2662 2663 2664 2797 2798 2799 2800
1 2662 2538 2616 2663 2798 2674 2752 2799
1 2665 2666 2595 2594 2801 2802 2731 2730
1 2665 2626 2625 2666 2801 2762 2761 2802
1 2667 2668 2548 2547 2803 2804 2684 2683
1 2667 2574 2527 2668 2803 2710 2663 2804
1 2669 2667 2547 2618 2805 2803 2683 2754
1 2669 2609 2574 2667 2805 2745 2710 2803
1 2670 2299 2288 2642 2806 2435 2424 2778
1 2670 2635 2271 2299 2806 2771 2407 2435
1 2671 2672 2653 2656 2807 2808 2789 2792
1 2671 2268 2673 2672 2807 2404 2809 2808
1 2674 2539 2538 2662 2810 2675 2674 2798
1 2661 2675 2674 2662 2797 2811 2810 2798
1 2676 2677 2519 2522 2812 2813 2655 2658
1 2677 2668 2527 2519 2813 2804 2663 2655
1 2549 2548 2668 2677 2685 2684 2804 2813
1 2550 2549 2677 2676 2686 2685 2813 2812
1 2678 2679 2289 2646 2814 2815 2425 2782
1 2678 2634 2281 2679 2814 2770 2417 2815
1 2680 2583 2586 2681 2816 2719 2722 2817
1 2566 2565 2680 2681 2702 2701 2816 2817
1 2682 2608 2607 2683 2818 2744 2743 2819
1 2630 2629 2682 2683 2766 2765 2818 2819
1 2684 2685 2612 2582 2820 2821 2748 2718
1 2684 2570 2623 2685 2820 2706 2759 2821
1 2684 2686 2567 2570 2820 2822 2703 2706
1 2684 2582 2581 2686 2820 2718 2717 2822
1 2571 2687 2688 2524 2707 2823 2824 2660
1 2687 2579 2537 2688 2823 2715 2673 2824
1 2686 2581 2579 2687 2822 2717 2715 2823
1 2567 2686 2687 2571 2703 2822 2823 2707
1 2521 2689 2690 2522 2657 2825 2826 2658
1 2689 2536 2539 2690 2825 2672 2675 2826
1 2688 2537 2536 2689 2824 2673 2672 2825
1 2524 2688 2689 2521 2660 2824 2825 2657
1 2676 2691 2692 2550 2812 2827 2828 2686
1 2691 2674 2675 2692 2827 2810 2811 2828
1 2690 2539 2674 2691 2826 2675 2810 2827
1 2522 2690 2691 2676 2658 2826 2827 2812
1 2693 2551 2550 2692 2829 2687 2686 2828
1 2675 2661 2693 2692 2811 2797 2829 2828
1 2694 2619 2551 2693 2830 2755 2687 2829
1 2661 2664 2694 2693 2797 2800 2830 2829
1 2695 2696 2660 2659 2831 2832 2796 2795
1 2695 2598 2597 2696 2831 2734 2733 2832
1 2697 2542 2541 2698 2833 2678 2677 2834
1 2652 2651 2697 2698 2788 2787 2833 2834
1 2267 2269 2637 2699 2403 2405 2773 2835
1 2673 2268 2267 2699 2809 2404 2403 2835
1 2600 2599 2553 2552 2736 2735 2689 2688
1 2599 2604 2556 2553 2735 2740 2692 2689
1 2576 2575 2627 2626 2712 2711 2763 2762
1 2575 2556 2604 2627 2711 2692 2740 2763
1 2665 2638 2576 2626 2801 2774 2712 2762
1 2665 2594 2545 2638 2801 2730 2681 2774
1 2639 2544 2635 2670 2775 2680 2771 2806
1 2642 2577 2639 2670 2778 2713 2775 2806
1 2637 2636 2543 2542 2773 2772 2679 2678
1 2636 2635 2544 2543 2772 2771 2680 2679
1 2699 2637 2542 2697 2835 2773 2678 2833
1 2651 2673 2699 2697 2787 2809 2835 2833
1 2640 2643 2554 2557 2776 2779 2690 2693
1 2643 2633 2555 2554 2779 2769 2691 2690
1 2632 2563 2555 2633 2768 2699 2691 2769
1 2632 2634 2565 2563 2768 2770 2701 2699
1 2678 2646 2583 2680 2814 2782 2719 2816
1 2565 2634 2678 2680 2701 2770 2814 2816
1 2592 2631 2585 2529 2728 2767 2721 2665
1 2631 2630 2586 2585 2767 2766 2722 2721
1 2587 2592 2529 2528 2723 2728 2665 2664
1 2533 2588 2587 2528 2669 2724 2723 2664
1 2649 2652 2659 2658 2785 2788 2795 2794
1 2588 2533 2649 2658 2724 2669 2785 2794
1 2541 2540 2593 2598 2677 2676 2729 2734
1 2540 2545 2594 2593 2676 2681 2730 2729
1 2698 2695 2659 2652 2834 2831 2795 2788
1 2698 2541 2598 2695 2834 2677 2734 2831
1 2566 2681 2683 2607 2702 2817 2819 2743
1 2681 2586 2630 2683 2817 2722 2766 2819
1 2606 2600 2552 2564 2742 2736 2688 2700
1 2566 2607 2606 2564 2702 2743 2742 2700
1 2591 2614 2613 2628 2727 2750 2749 2764
1 2657 2660 2664 2663 2793 2796 2800 2799
1 2601 2621 2620 2602 2737 2757 2756 2738
1 2603 2611 2610 2624 2739 2747 2746 2760
1 2595 2618 2617 2596 2731 2754 2753 2732
1 2629 2612 2685 2682 2765 2748 2821 2818
1 2605 2608 2623 2622 2741 2744 2759 2758
1 2605 2622 2621 2601 2741 2758 2757 2737
1 2578 2641 2640 2557 2714 2777 2776 2693
1 2578 2577 2642 2641 2714 2713 2778 2777
1 2650 2532 2653 2672 2786 2668 2789 2808
1 2673 2651 2650 2672 2809 2787 2786 2808
1 2531 2530 2648 2654 2667 2666 2784 2790
1 2653 2532 2531 2654 2789 2668 2667 2790
1 2645 2648 2530 2584 2781 2784 2666 2720
1 2583 2646 2645 2584 2719 2782 2781 2720
1 2617 2619 2597 2596 2753 2755 2733 2732
1 2609 2669 2666 2625 2745 2805 2802 2761
1 2669 2618 2595 2666 2805 2754 2731 2802
1 2610 2609 2625 2624 2746 2745 2761 2760
1 2620 2611 2603 2602 2756 2747 2739 2738
1 2685 2623 2608 2682 2821 2759 2744 2818
1 2613 2612 2629 2628 2749 2748 2765 2764
1 2616 2615 2590 2589 2752 2751 2726 2725
1 2615 2614 2591 2590 2751 2750 2727 2726
1 2616 2589 2657 2663 2752 2725 2793 2799
1 2694 2696 2597 2619 2830 2832 2733 2755
1 2694 2664 2660 2696 2830 2800 2796 2832
1 2700 2701 2291 2290 2836 2837 2427 2426
1 2701 2644 2289 2291 2837 2780 2425 2427
1 2702 2647 2644 2701 2838 2783 2780 2837
1 2703 2702 2701 2700 2839 2838 2837 2836
1 2704 2705 2706 2707 2840 2841 2842 2843
1 2705 2702 2703 2706 2841 2838 2839 2842
1 2655 2647 2702 2705 2791 2783 2838 2841
1 2656 2655 2705 2704 2792 2791 2841 2840
1 2671 2708 2316 2268 2807 2844 2452 2404
1 2708 2709 2314 2316 2844 2845 2450 2452
1 2704 2707 2709 2708 2840 2843 2845 2844
1 2656 2704 2708 2671 2792 2840 2844 2807
1 2710 2711 2712 2713 2846 2847 2848 2849
1 2711 2714 2715 2712 2847 2850 2851 2848
1 2716 2717 2714 2711 2852 2853 2850 2847
1 2718 2716 2711 2710 2854 2852 2847 2846
1 2719 2720 2721 2722 2855 2856 2857 2858
1 2723 2724 2719 2722 2859 2860 2855 2858
1 2725 2726 2727 2728 2861 2862 2863 2864
1 2726 2729 2730 2727 2862 2865 2866 2863
1 2731 2732 2733 2734 2867 2868 2869 2870
1 2735 2736 2731 2734 2871 2872 2867 2870
1 2737 2738 2739 2740 2873 2874 2875 2876
1 2738 2741 2742 2739 2874 2877 2878 2875
1 2743 2744 2745 2746 2879 2880 2881 2882
1 2744 2747 2748 2745 2880 2883 2884 2881
1 2749 2750 2751 2718 2885 2886 2887 2854
1 2750 2752 2753 2751 2886 2888 2889 2887
1 2754 2748 2747 2755 2890 2884 2883 2891
1 2756 2757 2754 2755 2892 2893 2890 2891
1 2758 2759 2760 2761 2894 2895 2896 2897
1 2753 2752 2758 2761 2889 2888 2894 2897
1 2716 2762 2763 2717 2852 2898 2899 2853
1 2762 2761 2760 2763 2898 2897 2896 2899
1 2751 2753 2761 2762 2887 2889 2897 2898
1 2718 2751 2762 2716 2854 2887 2898 2852
1 2710 2764 2749 2718 2846 2900 2885 2854
1 2710 2713 2765 2764 2846 2849 2901 2900
1 2766 2767 2743 2746 2902 2903 2879 2882
1 2766 2768 2769 2767 2902 2904 2905 2903
1 2770 2771 2772 2773 2906 2907 2908 2909
1 2730 2729 2770 2773 2866 2865 2906 2909
1 2774 2775 2776 2777 2910 2911 2912 2913
1 2721 2720 2774 2777 2857 2856 2910 2913
1 2778 2779 2780 2781 2914 2915 2916 2917
1 2779 2782 2783 2780 2915 2918 2919 2916
1 2784 2785 2786 2787 2920 2921 2922 2923
1 2788 2789 2784 2787 2924 2925 2920 2923
1 2790 2791 2792 2793 2926 2927 2928 2929
1 2791 2794 2795 2792 2927 2930 2931 2928
1 2796 2795 2794 2797 2932 2931 2930 2933
1 2798 2799 2796 2797 2934 2935 2932 2933
1 2800 2801 2764 2765 2936 2937 2900 2901
1 2801 2802 2749 2764 2937 2938 2885 2900
1 2803 2804 2773 2772 2939 2940 2909 2908
1 2804 2805 2730 2773 2940 2941 2866 2909
1 2728 2727 2806 2807 2864 2863 2942 2943
1 2727 2730 2805 2806 2863 2866 2941 2942
1 2740 2739 2808 2809 2876 2875 2944 2945
1 2739 2742 2810 2808 2875 2878 2946 2944
1 2811 2750 2749 2802 2947 2886 2885 2938
1 2811 2812 2752 2750 2947 2948 2888 2886
1 2758 2752 2812 2813 2894 2888 2948 2949
1 2814 2759 2758 2813 2950 2895 2894 2949
1 2815 2816 2817 2818 2951 2952 2953 2954
1 2816 2790 2793 2817 2952 2926 2929 2953
1 2819 2778 2781 2820 2955 2914 2917 2956
1 2821 2822 2819 2820 2957 2958 2955 2956
1 2321 2322 2823 2824 2457 2458 2959 2960
1 2825 2290 2321 2824 2961 2426 2457 2960
1 2826 2827 2315 2314 2962 2963 2451 2450
1 2827 2828 2261 2315 2963 2964 2397 2451
1 2829 2733 2732 2830 2965 2869 2868 2966
1 2769 2768 2829 2830 2905 2904 2965 2966
1 2707 2706 2831 2832 2843 2842 2967 2968
1 2706 2703 2833 2831 2842 2839 2969 2967
1 2834 2700 2290 2825 2970 2836 2426 2961
1 2834 2833 2703 2700 2970 2969 2839 2836
1 2515 2512 2835 2836 2651 2648 2971 2972
1 2837 2516 2515 2836 2973 2652 2651 2972
1 2838 2839 2840 2841 2974 2975 2976 2977
1 2839 2724 2723 2840 2975 2860 2859 2976
1 2507 2510 2842 2843 2643 2646 2978 2979
1 2835 2512 2507 2843 2971 2648 2643 2979
1 2844 2845 2846 2847 2980 2981 2982 2983
1 2845 2783 2782 2846 2981 2919 2918 2982
1 2848 2849 2728 2807 2984 2985 2864 2943
1 2848 2850 2851 2849 2984 2986 2987 2985
1 2852 2853 2815 2818 2988 2989 2951 2954
1 2852 2786 2785 2853 2988 2922 2921 2989
1 2854 2737 2740 2855 2990 2873 2876 2991
1 2765 2713 2854 2855 2901 2849 2990 2991
1 2856 2800 2765 2855 2992 2936 2901 2991
1 2740 2809 2856 2855 2876 2945 2992 2991
1 2857 2709 2707 2832 2993 2845 2843 2968
1 2857 2826 2314 2709 2993 2962 2450 2845
1 2518 2858 2842 2510 2654 2994 2978 2646
1 2518 2263 2859 2858 2654 2399 2995 2994
1 2860 2725 2728 2849 2996 2861 2864 2985
1 2851 2861 2860 2849 2987 2997 2996 2985
1 2862 2863 2712 2715 2998 2999 2848 2851
1 2863 2854 2713 2712 2999 2990 2849 2848
1 2738 2737 2854 2863 2874 2873 2990 2999
1 2741 2738 2863 2862 2877 2874 2999 2998
1 2864 2865 2516 2837 3000 3001 2652 2973
1 2864 2823 2322 2865 3000 2959 2458 3001
1 2866 2776 2775 2867 3002 2912 2911 3003
1 2757 2756 2866 2867 2893 2892 3002 3003
1 2868 2822 2821 2869 3004 2958 2957 3005
1 2799 2798 2868 2869 2935 2934 3004 3005
1 2870 2803 2772 2871 3006 2939 2908 3007
1 2759 2814 2870 2871 2895 2950 3006 3007
1 2872 2871 2772 2771 3008 3007 2908 2907
1 2872 2760 2759 2871 3008 2896 2895 3007
1 2872 2873 2763 2760 3008 3009 2899 2896
1 2873 2874 2717 2763 3009 3010 2853 2899
1 2770 2729 2874 2873 2906 2865 3010 3009
1 2771 2770 2873 2872 2907 2906 3009 3008
1 2726 2875 2874 2729 2862 3011 3010 2865
1 2875 2714 2717 2874 3011 2850 2853 3010
1 2876 2715 2714 2875 3012 2851 2850 3011
1 2725 2876 2875 2726 2861 3012 3011 2862
1 2876 2877 2862 2715 3012 3013 2998 2851
1 2877 2878 2741 2862 3013 3014 2877 2998
1 2860 2861 2878 2877 2996 2997 3014 3013
1 2725 2860 2877 2876 2861 2996 3013 3012
1 2878 2879 2742 2741 3014 3015 2878 2877
1 2878 2861 2851 2879 3014 2997 2987 3015
1 2879 2851 2850 2880 3015 2987 2986 3016
1 2810 2742 2879 2880 2946 2878 3015 3016
1 2881 2789 2788 2882 3017 2925 2924 3018
1 2844 2847 2881 2882 2980 2983 3017 3018
1 2883 2736 2735 2884 3019 2872 2871 3020
1 2838 2841 2883 2884 2974 2977 3019 3020
1 2262 2885 2859 2263 2398 3021 2995 2399
1 2262 2261 2828 2885 2398 2397 2964 3021
1 2746 2745 2791 2790 2882 2881 2927 2926
1 2745 2748 2794 2791 2881 2884 2930 2927
1 2768 2766 2816 2815 2904 2902 2952 2951
1 2766 2746 2790 2816 2902 2882 2926 2952
1 2829 2768 2815 2853 2965 2904 2951 2989
1 2785 2733 2829 2853 2921 2869 2965 2989
1 2830 2732 2826 2857 2966 2868 2962 2993
1 2832 2769 2830 2857 2968 2905 2966 2993
1 2731 2736 2828 2827 2867 2872 2964 2963
1 2826 2732 2731 2827 2962 2868 2867 2963
1 2885 2828 2736 2883 3021 2964 2872 3019
1 2841 2859 2885 2883 2977 2995 3021 3019
1 2744 2743 2833 2834 2880 2879 2969 2970
1 2825 2747 2744 2834 2961 2883 2880 2970
1 2756 2755 2824 2823 2892 2891 2960 2959
1 2755 2747 2825 2824 2891 2883 2961 2960
1 2866 2756 2823 2864 3002 2892 2959 3000
1 2837 2776 2866 2864 2973 2912 3002 3000
1 2778 2819 2774 2720 2914 2955 2910 2856
1 2819 2822 2775 2774 2955 2958 2911 2910
1 2779 2778 2720 2719 2915 2914 2856 2855
1 2724 2782 2779 2719 2860 2918 2915 2855
1 2847 2846 2839 2838 2983 2982 2975 2974
1 2846 2782 2724 2839 2982 2918 2860 2975
1 2784 2789 2735 2734 2920 2925 2871 2870
1 2733 2785 2784 2734 2869 2921 2920 2870
1 2881 2884 2735 2789 3017 3020 2871 2925
1 2881 2847 2838 2884 3017 2983 2974 3020
1 2868 2867 2775 2822 3004 3003 2911 2958
1 2868 2798 2757 2867 3004 2934 2893 3003
1 2797 2754 2757 2798 2933 2890 2893 2934
1 2797 2794 2748 2754 2933 2930 2884 2890
1 2792 2795 2812 2811 2928 2931 2948 2947
1 2817 2793 2802 2801 2953 2929 2938 2937
1 2817 2801 2800 2818 2953 2937 2936 2954
1 2818 2800 2856 2852 2954 2936 2992 2988
1 2788 2787 2808 2810 2924 2923 2944 2946
1 2787 2786 2809 2808 2923 2922 2945 2944
1 2788 2810 2880 2882 2924 2946 3016 3018
1 2869 2821 2803 2870 3005 2957 2939 3006
1 2796 2799 2814 2813 2932 2935 2950 2949
1 2796 2813 2812 2795 2932 2949 2948 2931
1 2831 2767 2769 2832 2967 2903 2905 2968
1 2831 2833 2743 2767 2967 2969 2879 2903
1 2840 2723 2842 2858 2976 2859 2978 2994
1 2859 2841 2840 2858 2995 2977 2976 2994
1 2835 2843 2722 2721 2971 2979 2858 2857
1 2843 2842 2723 2722 2979 2978 2859 2858
1 2777 2836 2835 2721 2913 2972 2971 2857
1 2777 2776 2837 2836 2913 2912 2973 2972
1 2856 2809 2786 2852 2992 2945 2922 2988
1 2802 2793 2792 2811 2938 2929 2928 2947
1 2814 2799 2869 2870 2950 2935 3005 3006
1 2805 2804 2820 2781 2941 2940 2956 2917
1 2804 2803 2821 2820 2940 2939 2957 2956
1 2807 2806 2780 2783 2943 2942 2916 2919
1 2806 2805 2781 2780 2942 2941 2917 2916
1 2850 2848 2845 2844 2986 2984 2981 2980
1 2848 2807 2783 2845 2984 2943 2919 2981
1 2880 2850 2844 2882 3016 2986 2980 3018
1 2886 2887 2888 2889 3022 3023 3024 3025
1 2887 2890 2891 2888 3023 3026 3027 3024
1 2892 2893 2890 2887 3028 3029 3026 3023
1 2894 2892 2887 2886 3030 3028 3023 3022
1 2895 2896 2897 2898 3031 3032 3033 3034
1 2896 2899 2900 2897 3032 3035 3036 3033
1 2901 2902 2903 2904 3037 3038 3039 3040
1 2902 2905 2906 2903 3038 3041 3042 3039
1 2907 2908 2909 2910 3043 3044 3045 3046
1 2908 2911 2912 2909 3044 3047 3048 3045
1 2913 2914 2888 2891 3049 3050 3024 3027
1 2914 2915 2889 2888 3050 3051 3025 3024
1 2916 2917 2918 2919 3052 3053 3054 3055
1 2917 2920 2921 2918 3053 3056 3057 3054
1 2922 2923 2924 2925 3058 3059 3060 3061
1 2923 2926 2927 2924 3059 3062 3063 3060
1 2928 2929 2930 2931 3064 3065 3066 3067
1 2921 2920 2928 2931 3057 3056 3064 3067
1 2932 2933 2927 2926 3068 3069 3063 3062
1 2932 2934 2935 2933 3068 3070 3071 3069
1 2936 2937 2933 2935 3072 3073 3069 3071
1 2937 2924 2927 2933 3073 3060 3063 3069
1 2938 2925 2924 2937 3074 3061 3060 3073
1 2939 2938 2937 2936 3075 3074 3073 3072
1 2940 2886 2889 2915 3076 3022 3025 3051
1 2940 2941 2894 2886 3076 3077 3030 3022
1 2942 2943 2944 2945 3078 3079 3080 3081
1 2912 2911 2942 2945 3048 3047 3078 3081
1 2946 2947 2948 2949 3082 3083 3084 3085
1 2950 2951 2946 2949 3086 3087 3082 3085
1 2952 2953 2954 2955 3088 3089 3090 3091
1 2953 2956 2957 2954 3089 3092 3093 3090
1 2958 2959 2960 2961 3094 3095 3096 3097
1 2959 2962 2963 2960 3095 3098 3099 3096
1 2964 2965 2966 2967 3100 3101 3102 3103
1 2965 2968 2969 2966 3101 3104 3105 3102
1 2970 2971 2972 2973 3106 3107 3108 3109
1 2974 2975 2970 2973 3110 3111 3106 3109
1 2976 2977 2978 2979 3112 3113 3114 3115
1 2972 2971 2976 2979 3108 3107 3112 3115
1 2980 2981 2941 2940 3116 3117 3077 3076
1 2915 2982 2980 2940 3051 3118 3116 3076
1 2983 2984 2950 2949 3119 3120 3086 3085
1 2948 2985 2983 2949 3084 3121 3119 3085
1 2903 2906 2986 2987 3039 3042 3122 3123
1 2988 2904 2903 2987 3124 3040 3039 3123
1 2914 2913 2989 2990 3050 3049 3125 3126
1 2982 2915 2914 2990 3118 3051 3050 3126
1 2926 2923 2991 2992 3062 3059 3127 3128
1 2923 2922 2993 2991 3059 3058 3129 3127
1 2994 2932 2926 2992 3130 3068 3062 3128
1 2994 2995 2934 2932 3130 3131 3070 3068
1 2996 2964 2967 2997 3132 3100 3103 3133
1 2998 2999 2996 2997 3134 3135 3132 3133
1 3000 3001 3002 3003 3136 3137 3138 3139
1 3004 3005 3000 3003 3140 3141 3136 3139
1 3006 3007 3008 3009 3142 3143 3144 3145
1 3007 3010 3011 3008 3143 3146 3147 3144
1 3012 3013 3010 3007 3148 3149 3146 3143
1 3014 3012 3007 3006 3150 3148 3143 3142
1 3015 3016 3017 3018 3151 3152 3153 3154
1 3016 3019 3020 3017 3152 3155 3156 3153
1 3021 3022 3019 3016 3157 3158 3155 3152
1 3023 3021 3016 3015 3159 3157 3152 3151
1 3019 3024 3025 3020 3155 3160 3161 3156
1 3024 3026 3027 3025 3160 3162 3163 3161
1 3028 3029 3026 3024 3164 3165 3162 3160
1 3022 3028 3024 3019 3158 3164 3160 3155
1 3030 3031 3032 3033 3166 3167 3168 3169
1 3031 3034 3009 3032 3167 3170 3145 3168
1 3035 3036 3034 3031 3171 3172 3170 3167
1 3037 3035 3031 3030 3173 3171 3167 3166
1 3038 3039 3010 3013 3174 3175 3146 3149
1 3039 3040 3011 3010 3175 3176 3147 3146
1 2207 2210 3040 3039 2343 2346 3176 3175
1 2215 2207 3039 3038 2351 2343 3175 3174
1 3041 3042 2930 2929 3177 3178 3066 3065
1 3041 2952 2955 3042 3177 3088 3091 3178
1 3043 2978 2977 3044 3179 3114 3113 3180
1 3005 3004 3043 3044 3141 3140 3179 3180
1 3045 2934 2995 3046 3181 3070 3131 3182
1 2985 2948 3045 3046 3121 3084 3181 3182
1 3047 3045 2948 2947 3183 3181 3084 3083
1 3047 2935 2934 3045 3183 3071 3070 3181
1 2936 3048 3049 2939 3072 3184 3185 3075
1 3048 2946 2951 3049 3184 3082 3087 3185
1 3047 2947 2946 3048 3183 3083 3082 3184
1 2935 3047 3048 2936 3071 3183 3184 3072
1 2902 3050 3051 2905 3038 3186 3187 3041
1 3050 2890 2893 3051 3186 3026 3029 3187
1 3052 2891 2890 3050 3188 3027 3026 3186
1 2901 3052 3050 2902 3037 3188 3186 3038
1 3053 2913 2891 3052 3189 3049 3027 3188
1 2901 2904 3053 3052 3037 3040 3189 3188
1 3053 2904 2988 3054 3189 3040 3124 3190
1 2989 2913 3053 3054 3125 3049 3189 3190
1 3055 3056 2963 2962 3191 3192 3099 3098
1 3055 2969 2968 3056 3191 3105 3104 3192
1 3057 2907 2910 3058 3193 3043 3046 3194
1 2895 2898 3057 3058 3031 3034 3193 3194
1 3015 3059 3060 3023 3151 3195 3196 3159
1 3059 2231 2234 3060 3195 2367 2370 3196
1 3061 2239 2231 3059 3197 2375 2367 3195
1 3018 3061 3059 3015 3154 3197 3195 3151
1 3062 3063 2919 2918 3198 3199 3055 3054
1 2921 3064 3062 2918 3057 3200 3198 3054
1 2912 2945 3065 3066 3048 3081 3201 3202
1 2945 2944 3067 3065 3081 3080 3203 3201
1 2942 2911 3020 3025 3078 3047 3156 3161
1 3027 2943 2942 3025 3163 3079 3078 3161
1 2908 2907 3018 3017 3044 3043 3154 3153
1 3020 2911 2908 3017 3156 3047 3044 3153
1 3057 3061 3018 2907 3193 3197 3154 3043
1 3057 2898 2239 3061 3193 3034 2375 3197
1 2920 2917 3032 3009 3056 3053 3168 3145
1 2917 2916 3033 3032 3053 3052 3169 3168
1 3008 2928 2920 3009 3144 3064 3056 3145
1 3008 3011 2929 2928 3144 3147 3065 3064
1 2952 3041 3040 2210 3088 3177 3176 2346
1 3041 2929 3011 3040 3177 3065 3147 3176
1 3068 3069 2955 2954 3204 3205 3091 3090
1 2957 3070 3068 2954 3093 3206 3204 3090
1 2899 2896 3071 3072 3035 3032 3207 3208
1 2896 2895 3073 3071 3032 3031 3209 3207
1 2910 2909 3074 3075 3046 3045 3210 3211
1 2909 2912 3066 3074 3045 3048 3202 3210
1 3076 3058 2910 3075 3212 3194 3046 3211
1 3076 3073 2895 3058 3212 3209 3031 3194
1 3077 3078 2930 3042 3213 3214 3066 3178
1 2955 3069 3077 3042 3091 3205 3213 3178
1 3079 2931 2930 3078 3215 3067 3066 3214
1 3079 3064 2921 2931 3215 3200 3057 3067
1 2984 2983 3080 3081 3120 3119 3216 3217
1 2983 2985 3082 3080 3119 3121 3218 3216
1 2988 2987 3083 3084 3124 3123 3219 3220
1 2987 2986 3085 3083 3123 3122 3221 3219
1 3086 3087 2992 2991 3222 3223 3128 3127
1 2993 3088 3086 2991 3129 3224 3222 3127
1 3089 3090 2981 2980 3225 3226 3117 3116
1 2982 3091 3089 2980 3118 3227 3225 3116
1 3092 3093 2990 2989 3228 3229 3126 3125
1 3093 3091 2982 2990 3229 3227 3118 3126
1 3054 3094 3092 2989 3190 3230 3228 3125
1 3054 2988 3084 3094 3190 3124 3220 3230
1 3046 3095 3082 2985 3182 3231 3218 3121
1 3046 2995 3096 3095 3182 3131 3232 3231
1 3097 2994 2992 3087 3233 3130 3128 3223
1 3097 3096 2995 2994 3233 3232 3131 3130
1 2238 2237 2897 2900 2374 2373 3033 3036
1 2237 2239 2898 2897 2373 2375 3034 3033
1 2953 2952 2210 2209 3089 3088 2346 2345
1 2212 2956 2953 2209 2348 3092 3089 2345
1 2965 2964 3091 3093 3101 3100 3227 3229
1 3092 2968 2965 3093 3228 3104 3101 3229
1 3090 3089 2996 2999 3226 3225 3132 3135
1 3089 3091 2964 2996 3225 3227 3100 3132
1 3087 3086 2973 2972 3223 3222 3109 3108
1 3086 3088 2974 2973 3222 3224 3110 3109
1 3097 3087 2972 2979 3233 3223 3108 3115
1 2978 3096 3097 2979 3114 3232 3233 3115
1 3082 3095 3043 3004 3218 3231 3179 3140
1 3095 3096 2978 3043 3231 3232 3114 3179
1 3081 3080 3003 3002 3217 3216 3139 3138
1 3080 3082 3004 3003 3216 3218 3140 3139
1 3083 3085 2961 2960 3219 3221 3097 3096
1 2963 3084 3083 2960 3099 3220 3219 3096
1 3056 3094 3084 2963 3192 3230 3220 3099
1 3056 2968 3092 3094 3192 3104 3228 3230
1 2971 2970 3062 3064 3107 3106 3198 3200
1 2970 2975 3063 3062 3106 3111 3199 3198
1 3066 3065 2997 2967 3202 3201 3133 3103
1 3065 3067 2998 2997 3201 3203 3134 3133
1 3079 3078 2977 2976 3215 3214 3113 3112
1 2971 3064 3079 2976 3107 3200 3215 3112
1 3071 3073 2962 2959 3207 3209 3098 3095
1 2958 3072 3071 2959 3094 3208 3207 3095
1 3069 3068 3000 3005 3205 3204 3136 3141
1 3068 3070 3001 3000 3204 3206 3137 3136
1 3076 3055 2962 3073 3212 3191 3098 3209
1 3076 3075 2969 3055 3212 3211 3105 3191
1 2966 3074 3066 2967 3102 3210 3202 3103
1 2966 2969 3075 3074 3102 3105 3211 3210
1 3044 3077 3069 3005 3180 3213 3205 3141
1 3044 2977 3078 3077 3180 3113 3214 3213
1 3098 2679 2281 2284 3234 2815 2417 2420
1 3098 2255 2289 2679 3234 2391 2425 2815
1 3099 3100 2275 2274 3235 3236 2411 2410
1 3100 3101 2276 2275 3236 3237 2412 2411
1 3102 3103 3101 3100 3238 3239 3237 3236
1 3104 3102 3100 3099 3240 3238 3236 3235
1 2300 3105 3106 2285 2436 3241 3242 2421
1 3105 3107 3108 3106 3241 3243 3244 3242
1 2201 2204 3107 3105 2337 2340 3243 3241
1 2202 2201 3105 2300 2338 2337 3241 2436
1 3109 3110 2313 2260 3245 3246 2449 2396
1 3110 3111 2265 2313 3246 3247 2401 2449
1 2197 2198 3111 3110 2333 2334 3247 3246
1 2187 2197 3110 3109 2323 2333 3246 3245
1 2259 3112 3109 2260 2395 3248 3245 2396
1 3112 2184 2187 3109 3248 2320 2323 3245
1 3113 2192 2184 3112 3249 2328 2320 3248
1 2264 3113 3112 2259 2400 3249 3248 2395
1 3111 3114 2266 2265 3247 3250 2402 2401
1 3114 2205 2206 2266 3250 2341 2342 2402
1 2193 2196 2205 3114 2329 2332 2341 3250
1 2198 2193 3114 3111 2334 2329 3250 3247
1 2294 3115 2317 2295 2430 3251 2453 2431
1 3115 3113 2264 2317 3251 3249 2400 2453
1 2190 2192 3113 3115 2326 2328 3249 3251
1 2191 2190 3115 2294 2327 2326 3251 2430
1 3116 3117 3101 3103 3252 3253 3237 3239
1 3117 2283 2276 3101 3253 2419 2412 3237
1 3118 2284 2283 3117 3254 2420 2419 3253
1 3119 3118 3117 3116 3255 3254 3253 3252
1 3118 3120 3098 2284 3254 3256 3234 2420
1 3120 2253 2255 3098 3256 2389 2391 3234
1 3121 2254 2253 3120 3257 2390 2389 3256
1 3119 3121 3120 3118 3255 3257 3256 3254
1 2440 3122 2179 2324 2576 3258 2315 2460
1 2440 2442 3123 3122 2576 2578 3259 3258
1 2513 2516 3123 2442 2649 2652 3259 2578
1 2865 3124 3123 2516 3001 3260 3259 2652
1 2865 2322 2251 3124 3001 2458 2387 3260
1 3122 3125 2178 2179 3258 3261 2314 2315
1 3125 2250 2162 2178 3261 2386 2298 2314
1 3124 2251 2250 3125 3260 2387 2386 3261
1 3123 3124 3125 3122 3259 3260 3261 3258
1 3126 3127 3035 3037 3262 3263 3171 3173
1 3127 3128 3036 3035 3263 3264 3172 3171
1 2242 2245 3128 3127 2378 2381 3264 3263
1 2243 2242 3127 3126 2379 2378 3263 3262
1 3129 3130 3028 3022 3265 3266 3164 3158
1 3130 3131 3029 3028 3266 3267 3165 3164
1 2149 2152 3131 3130 2285 2288 3267 3266
1 2154 2149 3130 3129 2290 2285 3266 3265
1 3021 3132 3129 3022 3157 3268 3265 3158
1 3132 2157 2154 3129 3268 2293 2290 3265
1 3133 2158 2157 3132 3269 2294 2293 3268
1 3023 3133 3132 3021 3159 3269 3268 3157
1 3134 3135 3136 3137 3270 3271 3272 3273
1 3135 3138 2306 3136 3271 3274 2442 3272
1 3139 3140 3138 3135 3275 3276 3274 3271
1 2158 3139 3135 3134 2294 3275 3271 3270
1 3141 3142 3143 3144 3277 3278 3279 3280
1 3142 2301 2304 3143 3278 2437 2440 3279
1 3136 2306 2301 3142 3272 2442 2437 3278
1 3137 3136 3142 3141 3273 3272 3278 3277
1 2296 3145 2303 2191 2432 3281 2439 2327
1 3145 3146 2304 2303 3281 3282 2440 2439
1 2229 2230 3146 3145 2365 2366 3282 3281
1 2223 2229 3145 2296 2359 2365 3281 2432
1 3147 3148 2170 2166 3283 3284 2306 2302
1 3148 3149 2171 2170 3284 3285 2307 2306
1 3150 3151 3149 3148 3286 3287 3285 3284
1 3152 3150 3148 3147 3288 3286 3284 3283
1 3153 3154 2252 2254 3289 3290 2388 2390
1 3154 2159 2162 2252 3290 2295 2298 2388
1 3155 2167 2159 3154 3291 2303 2295 3290
1 3156 3155 3154 3153 3292 3291 3290 3289
1 3157 3158 3121 3119 3293 3294 3257 3255
1 3158 3159 2254 3121 3294 3295 2390 3257
1 3012 3014 3159 3158 3148 3150 3295 3294
1 3013 3012 3158 3157 3149 3148 3294 3293
1 3160 3161 3138 3140 3296 3297 3274 3276
1 3161 2305 2306 3138 3297 2441 2442 3274
1 2195 2189 2305 3161 2331 2325 2441 3297
1 2196 2195 3161 3160 2332 2331 3297 3296
1 3162 3163 3060 2234 3298 3299 3196 2370
1 3163 3133 3023 3060 3299 3269 3159 3196
1 3139 2158 3133 3163 3275 2294 3269 3299
1 3140 3139 3163 3162 3276 3275 3299 3298
1 3164 3165 2133 2135 3300 3301 2221 2223
1 3165 3166 2134 2133 3301 3302 2222 2221
1 3141 3144 3166 3165 3277 3280 3302 3301
1 3137 3141 3165 3164 3273 3277 3301 3300
1 3134 3167 2156 2158 3270 3303 2292 2294
1 3167 2136 2137 2156 3303 2224 2225 2292
1 3164 2135 2136 3167 3300 2223 2224 3303
1 3137 3164 3167 3134 3273 3300 3303 3270
1 3146 3168 3143 2304 3282 3304 3279 2440
1 3168 3169 3144 3143 3304 3305 3280 3279
1 2225 2228 3169 3168 2361 2364 3305 3304
1 2230 2225 3168 3146 2366 2361 3304 3282
1 3170 3171 2146 2147 3306 3307 2234 2235
1 3171 3172 2145 2146 3307 3308 2233 2234
1 3150 3152 3172 3171 3286 3288 3308 3307
1 3151 3150 3171 3170 3287 3286 3307 3306
1 2165 3173 3147 2166 2301 3309 3283 2302
1 3173 3174 3152 3147 3309 3310 3288 3283
1 3175 2247 3174 3173 3311 2383 3310 3309
1 2167 3175 3173 2165 2303 3311 3309 2301
1 2246 3176 3174 2247 2382 3312 3310 2383
1 3176 3172 3152 3174 3312 3308 3288 3310
1 2144 2145 3172 3176 2232 2233 3308 3312
1 2143 2144 3176 2246 2231 2232 3312 2382
1 3177 3178 3155 3156 3313 3314 3291 3292
1 3178 3175 2167 3155 3314 3311 2303 3291
1 2244 2247 3175 3178 2380 2383 3311 3314
1 2245 2244 3178 3177 2381 2380 3314 3313
1 3179 3180 3116 3103 3315 3316 3252 3239
1 3180 3157 3119 3116 3316 3293 3255 3252
1 3038 3013 3157 3180 3174 3149 3293 3316
1 2215 3038 3180 3179 2351 3174 3316 3315
1 2213 3181 3182 2214 2349 3317 3318 2350
1 3181 3102 3104 3182 3317 3238 3240 3318
1 3179 3103 3102 3181 3315 3239 3238 3317
1 2215 3179 3181 2213 2351 3315 3317 2349
1 2233 3183 3184 2234 2369 3319 3320 2370
1 3183 3107 2204 3184 3319 3243 2340 3320
1 3185 3108 3107 3183 3321 3244 3243 3319
1 2236 3185 3183 2233 2372 3321 3319 2369
1 3184 3186 3162 2234 3320 3322 3298 2370
1 3186 3160 3140 3162 3322 3296 3276 3298
1 2203 2196 3160 3186 2339 2332 3296 3322
1 2204 2203 3186 3184 2340 2339 3322 3320
1 3006 3187 3188 3014 3142 3323 3324 3150
1 3187 3189 3190 3188 3323 3325 3326 3324
1 3034 3036 3189 3187 3170 3172 3325 3323
1 3009 3034 3187 3006 3145 3170 3323 3142
1 3153 3191 3192 3156 3289 3327 3328 3292
1 3191 3188 3190 3192 3327 3324 3326 3328
1 3159 3014 3188 3191 3295 3150 3324 3327
1 2254 3159 3191 3153 2390 3295 3327 3289
1 3192 3193 3177 3156 3328 3329 3313 3292
1 3193 3128 2245 3177 3329 3264 2381 3313
1 3189 3036 3128 3193 3325 3172 3264 3329
1 3190 3189 3193 3192 3326 3325 3329 3328
1 3194 3195 3149 3151 3330 3331 3285 3287
1 3195 2312 2171 3149 3331 2448 2307 3285
1 3169 2228 2312 3195 3305 2364 2448 3331
1 3144 3169 3195 3194 3280 3305 3331 3330
1 2151 3196 3197 2152 2287 3332 3333 2288
1 3196 2240 2243 3197 3332 2376 2379 3333
1 2142 2143 2240 3196 2230 2231 2376 3332
1 2141 2142 3196 2151 2229 2230 3332 2287
1 3126 3198 3197 2243 3262 3334 3333 2379
1 3198 3131 2152 3197 3334 3267 2288 3333
1 3199 3029 3131 3198 3335 3165 3267 3334
1 3037 3199 3198 3126 3173 3335 3334 3262
1 3199 3200 3026 3029 3335 3336 3162 3165
1 3200 3201 3027 3026 3336 3337 3163 3162
1 3030 3033 3201 3200 3166 3169 3337 3336
1 3037 3030 3200 3199 3173 3166 3336 3335
1 3202 2943 3027 3201 3338 3079 3163 3337
1 3033 2916 3202 3201 3169 3052 3338 3337
1 3203 2944 2943 3202 3339 3080 3079 3338
1 2916 2919 3203 3202 3052 3055 3339 3338
1 3203 3204 3067 2944 3339 3340 3203 3080
1 3203 2919 3063 3204 3339 3055 3199 3340
1 3205 2998 3067 3204 3341 3134 3203 3340
1 3063 2975 3205 3204 3199 3111 3341 3340
1 3205 2975 2974 3206 3341 3111 3110 3342
1 2999 2998 3205 3206 3135 3134 3341 3342
1 3207 3090 2999 3206 3343 3226 3135 3342
1 2974 3088 3207 3206 3110 3224 3343 3342
1 3208 2981 3090 3207 3344 3117 3226 3343
1 3088 2993 3208 3207 3224 3129 3344 3343
1 3208 3209 2941 2981 3344 3345 3077 3117
1 3208 2993 2922 3209 3344 3129 3058 3345
1 3210 2894 2941 3209 3346 3030 3077 3345
1 2922 2925 3210 3209 3058 3061 3346 3345
1 2938 3211 3210 2925 3074 3347 3346 3061
1 3211 2892 2894 3210 3347 3028 3030 3346
1 3212 2893 2892 3211 3348 3029 3028 3347
1 2939 3212 3211 2938 3075 3348 3347 3074
1 3213 3214 3049 2951 3349 3350 3185 3087
1 3214 3212 2939 3049 3350 3348 3075 3185
1 3051 2893 3212 3214 3187 3029 3348 3350
1 2905 3051 3214 3213 3041 3187 3350 3349
1 3213 2951 2950 3215 3349 3087 3086 3351
1 2906 2905 3213 3215 3042 3041 3349 3351
1 3216 3215 2950 2984 3352 3351 3086 3120
1 3216 2986 2906 3215 3352 3122 3042 3351
1 3216 2984 3081 3217 3352 3120 3217 3353
1 3085 2986 3216 3217 3221 3122 3352 3353
1 3217 3081 3002 3218 3353 3217 3138 3354
1 2961 3085 3217 3218 3097 3221 3353 3354
1 3218 3002 3001 3219 3354 3138 3137 3355
1 2958 2961 3218 3219 3094 3097 3354 3355
1 3220 3219 3001 3070 3356 3355 3137 3206
1 3220 3072 2958 3219 3356 3208 3094 3355
1 3221 3220 3070 2957 3357 3356 3206 3093
1 3221 2899 3072 3220 3357 3035 3208 3356
1 3222 3221 2957 2956 3358 3357 3093 3092
1 3222 2900 2899 3221 3358 3036 3035 3357
1 3222 3223 2238 2900 3358 3359 2374 3036
1 3222 2956 2212 3223 3358 3092 2348 3359
1 3224 3225 2211 2214 3360 3361 2347 2350
1 3225 3223 2212 2211 3361 3359 2348 2347
1 2235 2238 3223 3225 2371 2374 3359 3361
1 2236 2235 3225 3224 2372 2371 3361 3360
1 3226 3227 3182 3104 3362 3363 3318 3240
1 3227 3224 2214 3182 3363 3360 2350 3318
1 3185 2236 3224 3227 3321 2372 3360 3363
1 3108 3185 3227 3226 3244 3321 3363 3362
1 3226 3228 3106 3108 3362 3364 3242 3244
1 3228 2286 2285 3106 3364 2422 2421 3242
1 3099 2274 2286 3228 3235 2410 2422 3364
1 3104 3099 3228 3226 3240 3235 3364 3362
1 3194 3229 3166 3144 3330 3365 3302 3280
1 3229 2148 2134 3166 3365 2236 2222 3302
1 3170 2147 2148 3229 3306 2235 2236 3365
1 3151 3170 3229 3194 3287 3306 3365 3330
1 3230 3231 3232 3233 3366 3367 3368 3369
1 2101 2099 3231 3230 3370 3371 3367 3366
1 2099 2097 3234 3231 3371 3372 3373 3367
1 3231 3234 3235 3232 3367 3373 3374 3368
1 2095 3236 3234 2097 3375 3376 3373 3372
1 2093 3237 3236 2095 3377 3378 3376 3375
1 3237 3238 3239 3236 3378 3379 3380 3376
1 3236 3239 3235 3234 3376 3380 3374 3373
1 3240 3241 3242 3243 3381 3382 3383 3384
1 3244 3245 3241 3240 3385 3386 3382 3381
1 3245 3246 3247 3241 3386 3387 3388 3382
1 3241 3247 3248 3242 3382 3388 3389 3383
1 3249 3250 3251 3252 3390 3391 3392 3393
1 3246 3245 3250 3249 3387 3386 3391 3390
1 3245 3244 3253 3250 3386 3385 3394 3391
1 3250 3253 3254 3251 3391 3394 3395 3392
1 3255 3256 3257 3258 3396 3397 3398 3399
1 3244 3240 3256 3255 3385 3381 3397 3396
1 3240 3243 3259 3256 3381 3384 3400 3397
1 3256 3259 3260 3257 3397 3400 3401 3398
1 3253 3261 3262 3254 3394 3402 3403 3395
1 3244 3255 3261 3253 3385 3396 3402 3394
1 3255 3258 3263 3261 3396 3399 3404 3402
1 3261 3263 3264 3262 3402 3404 3405 3403
1 3265 3266 3267 3268 3406 3407 3408 3409
1 3269 3270 3266 3265 3410 3411 3407 3406
1 3270 3271 3272 3266 3411 3412 3413 3407
1 3266 3272 3273 3267 3407 3413 3414 3408
1 3274 3275 3276 3277 3415 3416 3417 3418
1 3269 3265 3275 3274 3410 3406 3416 3415
1 3265 3268 3278 3275 3406 3409 3419 3416
1 3275 3278 3279 3276 3416 3419 3420 3417
1 3280 3281 3282 3283 3421 3422 3423 3424
1 3284 3285 3281 3280 3425 3426 3422 3421
1 3285 3277 3286 3281 3426 3418 3427 3422
1 3281 3286 3287 3282 3422 3427 3428 3423
1 3288 3289 3290 3291 3429 3430 3431 3432
1 3292 3293 3289 3288 3433 3434 3430 3429
1 3293 3294 3295 3289 3434 3435 3436 3430
1 3289 3295 3296 3290 3430 3436 3437 3431
1 3297 3298 3299 3300 3438 3439 3440 3441
1 3301 3302 3298 3297 3442 3443 3439 3438
1 3302 3303 3304 3298 3443 3444 3445 3439
1 3298 3304 3305 3299 3439 3445 3446 3440
1 3306 3307 3308 3309 3447 3448 3449 3450
1 3305 3304 3307 3306 3446 3445 3448 3447
1 3304 3303 3310 3307 3445 3444 3451 3448
1 3307 3310 3311 3308 3448 3451 3452 3449
1 3312 3313 3314 3315 3453 3454 3455 3456
1 3316 3317 3313 3312 3457 3458 3454 3453
1 3317 3318 3319 3313 3458 3459 3460 3454
1 3313 3319 3320 3314 3454 3460 3461 3455
1 3321 3322 3323 3324 3462 3463 3464 3465
1 3325 3326 3322 3321 3466 3467 3463 3462
1 3326 3327 3328 3322 3467 3468 3469 3463
1 3322 3328 2105 3323 3463 3469 3470 3464
1 3329 3330 3331 3332 3471 3472 3473 3474
1 3243 3333 3330 3329 3384 3475 3472 3471
1 3333 3334 3335 3330 3475 3476 3477 3472
1 3330 3335 3336 3331 3472 3477 3478 3473
1 3337 3263 3258 3338 3479 3404 3399 3480
1 3339 3264 3263 3337 3481 3405 3404 3479
1 3340 3341 3342 3343 3482 3483 3484 3485
1 3342 3344 3345 3343 3484 3486 3487 3485
1 3346 3347 3348 3349 3488 3489 3490 3491
1 3350 3287 3347 3346 3492 3428 3489 3488
1 3350 3351 3282 3287 3492 3493 3423 3428
1 3352 3283 3282 3351 3494 3424 3423 3493
1 3353 3354 3355 3356 3495 3496 3497 3498
1 3355 3357 3358 3356 3497 3499 3500 3498
1 3297 3359 3360 3301 3438 3501 3502 3442
1 3300 3361 3359 3297 3441 3503 3501 3438
1 3362 3363 3364 3365 3504 3505 3506 3507
1 3358 3357 3363 3362 3500 3499 3505 3504
1 3366 3367 3368 3369 3508 3509 3510 3511
1 3354 3353 3367 3366 3496 3495 3509 3508
1 3370 3336 3371 3372 3512 3478 3513 3514
1 3373 3374 3302 3301 3515 3516 3443 3442
1 3375 3376 3374 3373 3517 3518 3516 3515
1 3376 3271 3377 3374 3518 3412 3519 3516
1 3374 3377 3303 3302 3516 3519 3444 3443
1 3301 3360 3378 3373 3442 3502 3520 3515
1 3378 3379 3375 3373 3520 3521 3517 3515
1 3368 3380 3381 3369 3510 3522 3523 3511
1 3283 3352 3381 3380 3424 3494 3523 3522
1 3382 3383 3384 3385 3524 3525 3526 3527
1 3271 3270 3383 3382 3412 3411 3525 3524
1 3270 3269 3386 3383 3411 3410 3528 3525
1 3383 3386 3387 3384 3525 3528 3529 3526
1 3361 3300 3388 3389 3503 3441 3530 3531
1 3388 3264 3339 3389 3530 3405 3481 3531
1 3262 3390 3391 3254 3403 3532 3533 3395
1 3264 3388 3390 3262 3405 3530 3532 3403
1 3388 3300 3299 3390 3530 3441 3440 3532
1 3390 3299 3305 3391 3532 3440 3446 3533
1 3306 3392 3391 3305 3447 3534 3533 3446
1 3309 3393 3392 3306 3450 3535 3534 3447
1 3393 3252 3251 3392 3535 3393 3392 3534
1 3392 3251 3254 3391 3534 3392 3395 3533
1 3394 3348 3395 3396 3536 3490 3537 3538
1 3395 3341 3340 3396 3537 3483 3482 3538
1 3349 3348 3394 3397 3491 3490 3536 3539
1 3398 3344 3399 3400 3540 3486 3541 3542
1 3399 3375 3379 3400 3541 3517 3521 3542
1 3345 3344 3398 3401 3487 3486 3540 3543
1 3370 3402 3331 3336 3512 3544 3473 3478
1 3403 3332 3331 3402 3545 3474 3473 3544
1 3338 3258 3257 3404 3480 3399 3398 3546
1 3257 3260 3405 3404 3398 3401 3547 3546
1 3406 3407 3408 3409 3548 3549 3550 3551
1 3410 3411 3407 3406 3552 3553 3549 3548
1 3411 3412 3413 3407 3553 3554 3555 3549
1 3407 3413 3414 3408 3549 3555 3556 3550
1 3415 3416 3417 3418 3557 3558 3559 3560
1 3419 3420 3416 3415 3561 3562 3558 3557
1 3421 3422 3423 3424 3563 3564 3565 3566
1 3425 3426 3422 3421 3567 3568 3564 3563
1 3427 3428 3429 3430 3569 3570 3571 3572
1 3429 3431 3432 3430 3571 3573 3574 3572
1 3433 3434 3435 3436 3575 3576 3577 3578
1 3435 3437 3438 3436 3577 3579 3580 3578
1 3439 3440 3441 3442 3581 3582 3583 3584
1 3441 3443 3444 3442 3583 3585 3586 3584
1 3445 3446 3447 3448 3587 3588 3589 3590
1 3447 3449 3412 3448 3589 3591 3554 3590
1 3444 3443 3450 3451 3586 3585 3592 3593
1 3450 3452 3453 3451 3592 3594 3595 3593
1 3454 3455 3456 3457 3596 3597 3598 3599
1 3456 3446 3445 3457 3598 3588 3587 3599
1 3411 3458 3448 3412 3553 3600 3590 3554
1 3410 3459 3458 3411 3552 3601 3600 3553
1 3459 3454 3457 3458 3601 3596 3599 3600
1 3458 3457 3445 3448 3600 3599 3587 3590
1 3460 3414 3413 3461 3602 3556 3555 3603
1 3413 3412 3449 3461 3555 3554 3591 3603
1 3440 3439 3462 3463 3582 3581 3604 3605
1 3462 3464 3465 3463 3604 3606 3607 3605
1 3426 3425 3466 3467 3568 3567 3608 3609
1 3466 3468 3469 3467 3608 3610 3611 3609
1 3470 3471 3472 3473 3612 3613 3614 3615
1 3420 3419 3471 3470 3562 3561 3613 3612
1 3474 3475 3476 3477 3616 3617 3618 3619
1 3476 3478 3479 3477 3618 3620 3621 3619
1 3480 3481 3482 3483 3622 3623 3624 3625
1 3484 3485 3481 3480 3626 3627 3623 3622
1 3486 3487 3488 3489 3628 3629 3630 3631
1 3490 3491 3487 3486 3632 3633 3629 3628
1 3490 3492 3493 3491 3632 3634 3635 3633
1 3494 3495 3493 3492 3636 3637 3635 3634
1 3496 3460 3461 3497 3638 3602 3603 3639
1 3461 3449 3498 3497 3603 3591 3640 3639
1 3499 3468 3466 3500 3641 3610 3608 3642
1 3466 3425 3501 3500 3608 3567 3643 3642
1 3424 3502 3503 3421 3566 3644 3645 3563
1 3503 3501 3425 3421 3645 3643 3567 3563
1 3435 3504 3505 3437 3577 3646 3647 3579
1 3434 3506 3504 3435 3576 3648 3646 3577
1 3507 3447 3446 3508 3649 3589 3588 3650
1 3498 3449 3447 3507 3640 3591 3589 3649
1 3509 3456 3455 3510 3651 3598 3597 3652
1 3508 3446 3456 3509 3650 3588 3598 3651
1 3511 3512 3513 3514 3653 3654 3655 3656
1 3513 3489 3488 3514 3655 3631 3630 3656
1 3515 3516 3517 3518 3657 3658 3659 3660
1 3517 3475 3474 3518 3659 3617 3616 3660
1 3519 3520 3521 3405 3661 3662 3663 3547
1 3522 3523 3520 3519 3664 3665 3662 3661
1 3524 3400 3379 3525 3666 3542 3521 3667
1 3526 3398 3400 3524 3668 3540 3542 3666
1 3428 3427 3527 3528 3570 3569 3669 3670
1 3527 3465 3464 3528 3669 3607 3606 3670
1 3529 3530 3531 3532 3671 3672 3673 3674
1 3531 3533 3534 3532 3673 3675 3676 3674
1 3523 3522 3535 3536 3665 3664 3677 3678
1 3535 3534 3533 3536 3677 3676 3675 3678
1 3537 3339 3337 3538 3679 3481 3479 3680
1 3337 3338 3539 3538 3479 3480 3681 3680
1 3540 3541 3542 3543 3682 3683 3684 3685
1 3418 3417 3541 3540 3560 3559 3683 3682
1 3389 3544 3545 3361 3531 3686 3687 3503
1 3339 3537 3544 3389 3481 3679 3686 3531
1 3546 3547 3548 3549 3688 3689 3690 3691
1 3548 3479 3478 3549 3690 3621 3620 3691
1 3502 3424 3550 3551 3644 3566 3692 3693
1 3550 3552 3553 3551 3692 3694 3695 3693
1 3485 3484 3554 3555 3627 3626 3696 3697
1 3554 3512 3511 3555 3696 3654 3653 3697
1 3433 3556 3557 3434 3575 3698 3699 3576
1 3414 3460 3557 3556 3556 3602 3699 3698
1 3460 3496 3558 3557 3602 3638 3700 3699
1 3558 3506 3434 3557 3700 3648 3576 3699
1 3529 3559 3560 3530 3671 3701 3702 3672
1 3398 3526 3560 3559 3540 3668 3702 3701
1 3361 3545 3561 3359 3503 3687 3703 3501
1 3561 3562 3360 3359 3703 3704 3502 3501
1 3550 3563 3564 3552 3692 3705 3706 3694
1 3424 3423 3563 3550 3566 3565 3705 3692
1 3436 3565 3556 3433 3578 3707 3698 3575
1 3438 3566 3565 3436 3580 3708 3707 3578
1 3566 3409 3408 3565 3708 3551 3550 3707
1 3565 3408 3414 3556 3707 3550 3556 3698
1 3338 3404 3567 3539 3480 3546 3709 3681
1 3405 3521 3567 3404 3547 3663 3709 3546
1 3453 3452 3568 3569 3595 3594 3710 3711
1 3568 3473 3472 3569 3710 3615 3614 3711
1 3494 3570 3571 3495 3636 3712 3713 3637
1 3516 3515 3571 3570 3658 3657 3713 3712
1 3455 3572 3573 3510 3597 3714 3715 3652
1 3468 3499 3573 3572 3610 3641 3715 3714
1 3469 3468 3572 3574 3611 3610 3714 3716
1 3572 3455 3454 3574 3714 3597 3596 3716
1 3575 3576 3459 3410 3717 3718 3601 3552
1 3426 3467 3576 3575 3568 3609 3718 3717
1 3467 3469 3574 3576 3609 3611 3716 3718
1 3576 3574 3454 3459 3718 3716 3596 3601
1 3406 3577 3575 3410 3548 3719 3717 3552
1 3409 3578 3577 3406 3551 3720 3719 3548
1 3578 3423 3422 3577 3720 3565 3564 3719
1 3577 3422 3426 3575 3719 3564 3568 3717
1 3566 3579 3578 3409 3708 3721 3720 3551
1 3438 3580 3579 3566 3580 3722 3721 3708
1 3580 3564 3563 3579 3722 3706 3705 3721
1 3579 3563 3423 3578 3721 3705 3565 3720
1 3438 3437 3581 3580 3580 3579 3723 3722
1 3581 3552 3564 3580 3723 3694 3706 3722
1 3552 3581 3582 3553 3694 3723 3724 3695
1 3437 3505 3582 3581 3579 3647 3724 3723
1 3547 3546 3583 3584 3689 3688 3725 3726
1 3583 3483 3482 3584 3725 3625 3624 3726
1 3543 3542 3585 3586 3685 3684 3727 3728
1 3585 3432 3431 3586 3727 3574 3573 3728
1 3525 3379 3378 3587 3667 3521 3520 3729
1 3378 3360 3562 3587 3520 3502 3704 3729
1 3441 3487 3491 3443 3583 3629 3633 3585
1 3440 3488 3487 3441 3582 3630 3629 3583
1 3440 3463 3514 3488 3582 3605 3656 3630
1 3465 3511 3514 3463 3607 3653 3656 3605
1 3555 3527 3427 3485 3697 3669 3569 3627
1 3511 3465 3527 3555 3653 3607 3669 3697
1 3464 3530 3560 3528 3606 3672 3702 3670
1 3560 3526 3428 3528 3702 3668 3570 3670
1 3429 3524 3525 3431 3571 3666 3667 3573
1 3428 3526 3524 3429 3570 3668 3666 3571
1 3525 3587 3586 3431 3667 3729 3728 3573
1 3562 3543 3586 3587 3704 3685 3728 3729
1 3444 3523 3536 3442 3586 3665 3678 3584
1 3536 3533 3439 3442 3678 3675 3581 3584
1 3444 3451 3520 3523 3586 3593 3662 3665
1 3453 3521 3520 3451 3595 3663 3662 3593
1 3567 3569 3472 3539 3709 3711 3614 3681
1 3521 3453 3569 3567 3663 3595 3711 3709
1 3474 3420 3470 3518 3616 3562 3612 3660
1 3470 3473 3515 3518 3612 3615 3657 3660
1 3416 3477 3479 3417 3558 3619 3621 3559
1 3420 3474 3477 3416 3562 3616 3619 3558
1 3541 3548 3547 3542 3683 3690 3689 3684
1 3417 3479 3548 3541 3559 3621 3690 3683
1 3427 3430 3481 3485 3569 3572 3623 3627
1 3432 3482 3481 3430 3574 3624 3623 3572
1 3542 3547 3584 3585 3684 3689 3726 3727
1 3584 3482 3432 3585 3726 3624 3574 3727
1 3571 3568 3452 3495 3713 3710 3594 3637
1 3515 3473 3568 3571 3657 3615 3710 3713
1 3452 3450 3493 3495 3594 3592 3635 3637
1 3443 3491 3493 3450 3585 3633 3635 3592
1 3500 3501 3475 3517 3642 3643 3617 3659
1 3502 3478 3476 3503 3644 3620 3618 3645
1 3498 3507 3486 3489 3640 3649 3628 3631
1 3508 3490 3486 3507 3650 3632 3628 3649
1 3498 3489 3513 3497 3640 3631 3655 3639
1 3506 3484 3480 3504 3648 3626 3622 3646
1 3504 3480 3483 3505 3646 3622 3625 3647
1 3505 3483 3583 3582 3647 3625 3725 3724
1 3553 3582 3583 3546 3695 3724 3725 3688
1 3573 3499 3516 3570 3715 3641 3658 3712
1 3510 3494 3492 3509 3652 3636 3634 3651
1 3439 3533 3531 3462 3581 3675 3673 3604
1 3531 3530 3464 3462 3673 3672 3606 3604
1 3543 3562 3561 3540 3685 3704 3703 3682
1 3561 3545 3418 3540 3703 3687 3560 3682
1 3415 3544 3537 3419 3557 3686 3679 3561
1 3418 3545 3544 3415 3560 3687 3686 3557
1 3539 3472 3471 3538 3681 3614 3613 3680
1 3471 3419 3537 3538 3613 3561 3679 3680
1 3554 3558 3496 3512 3696 3700 3638 3654
1 3484 3506 3558 3554 3626 3648 3700 3696
1 3513 3512 3496 3497 3655 3654 3638 3639
1 3492 3490 3508 3509 3634 3632 3650 3651
1 3494 3510 3573 3570 3636 3652 3715 3712
1 3516 3499 3500 3517 3658 3641 3642 3659
1 3476 3475 3501 3503 3618 3617 3643 3645
1 3549 3551 3553 3546 3691 3693 3695 3688
1 3478 3502 3551 3549 3620 3644 3693 3691
1 3588 3589 3590 3591 3730 3731 3732 3733
1 3529 3532 3589 3588 3671 3674 3731 3730
1 3532 3534 3592 3589 3674 3676 3734 3731
1 3589 3592 3593 3590 3731 3734 3735 3732
1 3594 3595 3596 3597 3736 3737 3738 3739
1 3593 3592 3595 3594 3735 3734 3737 3736
1 3592 3534 3535 3595 3734 3676 3677 3737
1 3595 3535 3522 3596 3737 3677 3664 3738
1 3588 3598 3559 3529 3730 3740 3701 3671
1 3591 3599 3598 3588 3733 3741 3740 3730
1 3599 3345 3401 3598 3741 3487 3543 3740
1 3598 3401 3398 3559 3740 3543 3540 3701
1 3600 3601 3602 3603 3742 3743 3744 3745
1 3604 3605 3601 3600 3746 3747 3743 3742
1 3605 3606 3607 3601 3747 3748 3749 3743
1 3601 3607 3608 3602 3743 3749 3750 3744
1 3609 3610 3611 3612 3751 3752 3753 3754
1 3611 3613 3614 3612 3753 3755 3756 3754
1 3615 3616 3617 3618 3757 3758 3759 3760
1 3619 3620 3616 3615 3761 3762 3758 3757
1 3621 3622 3623 3624 3763 3764 3765 3766
1 3623 3625 3626 3624 3765 3767 3768 3766
1 3627 3628 3629 3630 3769 3770 3771 3772
1 3629 3631 3632 3630 3771 3773 3774 3772
1 3633 3634 3635 3636 3775 3776 3777 3778
1 3637 3638 3634 3633 3779 3780 3776 3775
1 3639 3640 3641 3642 3781 3782 3783 3784
1 3641 3643 3606 3642 3783 3785 3748 3784
1 3635 3644 3645 3636 3777 3786 3787 3778
1 3646 3647 3645 3644 3788 3789 3787 3786
1 3648 3649 3650 3651 3790 3791 3792 3793
1 3640 3639 3649 3648 3782 3781 3791 3790
1 3649 3652 3653 3650 3791 3794 3795 3792
1 3639 3642 3652 3649 3781 3784 3794 3791
1 3642 3606 3605 3652 3784 3748 3747 3794
1 3652 3605 3604 3653 3794 3747 3746 3795
1 3606 3643 3654 3607 3748 3785 3796 3749
1 3654 3655 3608 3607 3796 3797 3750 3749
1 3656 3657 3658 3659 3798 3799 3800 3801
1 3658 3638 3637 3659 3800 3780 3779 3801
1 3617 3660 3661 3618 3759 3802 3803 3760
1 3662 3663 3661 3660 3804 3805 3803 3802
1 3664 3665 3666 3667 3806 3807 3808 3809
1 3610 3609 3665 3664 3752 3751 3807 3806
1 3668 3669 3670 3671 3810 3811 3812 3813
1 3670 3672 3673 3671 3812 3814 3815 3813
1 3674 3675 3676 3677 3816 3817 3818 3819
1 3676 3678 3679 3677 3818 3820 3821 3819
1 3680 3681 3682 3683 3822 3823 3824 3825
1 3682 3684 3685 3683 3824 3826 3827 3825
1 3681 3680 3686 3687 3823 3822 3828 3829
1 3686 3688 3689 3687 3828 3830 3831 3829
1 3690 3655 3654 3691 3832 3797 3796 3833
1 3654 3643 3692 3691 3796 3785 3834 3833
1 3693 3662 3660 3694 3835 3804 3802 3836
1 3660 3617 3695 3694 3802 3759 3837 3836
1 3620 3696 3697 3616 3762 3838 3839 3758
1 3697 3695 3617 3616 3839 3837 3759 3758
1 3698 3629 3628 3699 3840 3771 3770 3841
1 3700 3631 3629 3698 3842 3773 3771 3840
1 3692 3643 3641 3701 3834 3785 3783 3843
1 3641 3640 3702 3701 3783 3782 3844 3843
1 3703 3648 3651 3704 3845 3790 3793 3846
1 3702 3640 3648 3703 3844 3782 3790 3845
1 3705 3706 3707 3708 3847 3848 3849 3850
1 3707 3685 3684 3708 3849 3827 3826 3850
1 3709 3710 3711 3712 3851 3852 3853 3854
1 3711 3673 3672 3712 3853 3815 3814 3854
1 3357 3713 3714 3363 3499 3855 3856 3505
1 3714 3715 3364 3363 3856 3857 3506 3505
1 3716 3352 3351 3717 3858 3494 3493 3859
1 3351 3350 3718 3717 3493 3492 3860 3859
1 3656 3719 3720 3657 3798 3861 3862 3799
1 3626 3625 3720 3719 3768 3767 3862 3861
1 3721 3354 3366 3722 3863 3496 3508 3864
1 3366 3369 3723 3722 3508 3511 3865 3864
1 3354 3721 3724 3355 3496 3863 3866 3497
1 3724 3713 3357 3355 3866 3855 3499 3497
1 3725 3726 3371 3727 3867 3868 3513 3869
1 3728 3729 3726 3725 3870 3871 3868 3867
1 3614 3613 3730 3731 3756 3755 3872 3873
1 3730 3732 3733 3731 3872 3874 3875 3873
1 3734 3735 3736 3737 3876 3877 3878 3879
1 3729 3728 3735 3734 3871 3870 3877 3876
1 3669 3668 3738 3739 3811 3810 3880 3881
1 3738 3740 3741 3739 3880 3882 3883 3881
1 3742 3743 3744 3745 3884 3885 3886 3887
1 3696 3620 3743 3742 3838 3762 3885 3884
1 3674 3746 3747 3675 3816 3888 3889 3817
1 3706 3705 3747 3746 3848 3847 3889 3888
1 3627 3748 3749 3628 3769 3890 3891 3770
1 3608 3655 3749 3748 3750 3797 3891 3890
1 3628 3749 3750 3699 3770 3891 3892 3841
1 3655 3690 3750 3749 3797 3832 3892 3891
1 3369 3381 3751 3723 3511 3523 3893 3865
1 3352 3716 3751 3381 3494 3858 3893 3523
1 3736 3752 3753 3737 3878 3894 3895 3879
1 3754 3349 3753 3752 3896 3491 3895 3894
1 3620 3619 3755 3743 3762 3761 3897 3885
1 3755 3756 3744 3743 3897 3898 3886 3885
1 3602 3757 3758 3603 3744 3899 3900 3745
1 3608 3748 3757 3602 3750 3890 3899 3744
1 3748 3627 3630 3757 3890 3769 3772 3899
1 3757 3630 3632 3758 3899 3772 3774 3900
1 3371 3759 3760 3727 3513 3901 3902 3869
1 3364 3715 3760 3759 3506 3857 3902 3901
1 3667 3666 3761 3762 3809 3808 3903 3904
1 3761 3647 3646 3762 3903 3789 3788 3904
1 3689 3688 3763 3764 3831 3830 3905 3906
1 3763 3710 3709 3764 3905 3852 3851 3906
1 3693 3765 3766 3662 3835 3907 3908 3804
1 3704 3651 3766 3765 3846 3793 3908 3907
1 3650 3767 3766 3651 3792 3909 3908 3793
1 3663 3662 3766 3767 3805 3804 3908 3909
1 3768 3769 3653 3604 3910 3911 3795 3746
1 3618 3661 3769 3768 3760 3803 3911 3910
1 3661 3663 3767 3769 3803 3805 3909 3911
1 3769 3767 3650 3653 3911 3909 3792 3795
1 3770 3771 3600 3603 3912 3913 3742 3745
1 3619 3615 3771 3770 3761 3757 3913 3912
1 3615 3618 3768 3771 3757 3760 3910 3913
1 3771 3768 3604 3600 3913 3910 3746 3742
1 3772 3773 3758 3632 3914 3915 3900 3774
1 3756 3755 3773 3772 3898 3897 3915 3914
1 3755 3619 3770 3773 3897 3761 3912 3915
1 3773 3770 3603 3758 3915 3912 3745 3900
1 3632 3631 3774 3772 3774 3773 3916 3914
1 3774 3744 3756 3772 3916 3886 3898 3914
1 3631 3700 3775 3774 3773 3842 3917 3916
1 3775 3745 3744 3774 3917 3887 3886 3916
1 3740 3776 3777 3741 3882 3918 3919 3883
1 3679 3678 3777 3776 3821 3820 3919 3918
1 3622 3621 3778 3779 3764 3763 3920 3921
1 3778 3733 3732 3779 3920 3875 3874 3921
1 3718 3350 3346 3780 3860 3492 3488 3922
1 3346 3349 3754 3780 3488 3491 3896 3922
1 3634 3682 3681 3635 3776 3824 3823 3777
1 3638 3684 3682 3634 3780 3826 3824 3776
1 3708 3658 3657 3705 3850 3800 3799 3847
1 3684 3638 3658 3708 3826 3780 3800 3850
1 3657 3720 3747 3705 3799 3862 3889 3847
1 3625 3675 3747 3720 3767 3817 3889 3862
1 3716 3626 3719 3751 3858 3768 3861 3893
1 3719 3656 3723 3751 3861 3798 3865 3893
1 3624 3717 3718 3621 3766 3859 3860 3763
1 3626 3716 3717 3624 3768 3858 3859 3766
1 3621 3718 3780 3778 3763 3860 3922 3920
1 3780 3754 3733 3778 3922 3896 3875 3920
1 3633 3724 3721 3637 3775 3866 3863 3779
1 3636 3713 3724 3633 3778 3855 3866 3775
1 3636 3645 3714 3713 3778 3787 3856 3855
1 3647 3715 3714 3645 3789 3857 3856 3787
1 3666 3727 3760 3761 3808 3869 3902 3903
1 3760 3715 3647 3761 3902 3857 3789 3903
1 3664 3712 3672 3610 3806 3854 3814 3752
1 3667 3709 3712 3664 3809 3851 3854 3806
1 3610 3672 3670 3611 3752 3814 3812 3753
1 3670 3669 3613 3611 3812 3811 3755 3753
1 3741 3732 3730 3739 3883 3874 3872 3881
1 3730 3613 3669 3739 3872 3755 3811 3881
1 3676 3623 3622 3678 3818 3765 3764 3820
1 3675 3625 3623 3676 3817 3767 3765 3818
1 3741 3777 3779 3732 3883 3919 3921 3874
1 3678 3622 3779 3777 3820 3764 3921 3919
1 3764 3762 3646 3689 3906 3904 3788 3831
1 3709 3667 3762 3764 3851 3809 3904 3906
1 3635 3681 3687 3644 3777 3823 3829 3786
1 3687 3689 3646 3644 3829 3831 3788 3786
1 3694 3695 3673 3711 3836 3837 3815 3853
1 3745 3740 3738 3742 3887 3882 3880 3884
1 3701 3702 3680 3683 3843 3844 3822 3825
1 3691 3692 3685 3707 3833 3834 3827 3849
1 3698 3699 3674 3677 3840 3841 3816 3819
1 3765 3693 3710 3763 3907 3835 3852 3905
1 3704 3688 3686 3703 3846 3830 3828 3845
1 3702 3703 3686 3680 3844 3845 3828 3822
1 3721 3722 3659 3637 3863 3864 3801 3779
1 3723 3656 3659 3722 3865 3798 3801 3864
1 3736 3614 3731 3752 3878 3756 3873 3894
1 3731 3733 3754 3752 3873 3875 3896 3894
1 3728 3609 3612 3735 3870 3751 3754 3877
1 3612 3614 3736 3735 3754 3756 3878 3877
1 3609 3728 3725 3665 3751 3870 3867 3807
1 3725 3727 3666 3665 3867 3869 3808 3807
1 3679 3700 3698 3677 3821 3842 3840 3819
1 3746 3750 3690 3706 3888 3892 3832 3848
1 3674 3699 3750 3746 3816 3841 3892 3888
1 3706 3690 3691 3707 3848 3832 3833 3849
1 3685 3692 3701 3683 3827 3834 3843 3825
1 3688 3704 3765 3763 3830 3846 3907 3905
1 3710 3693 3694 3711 3852 3835 3836 3853
1 3671 3697 3696 3668 3813 3839 3838 3810
1 3673 3695 3697 3671 3815 3837 3839 3813
1 3738 3668 3696 3742 3880 3810 3838 3884
1 3679 3776 3775 3700 3821 3918 3917 3842
1 3740 3745 3775 3776 3882 3887 3917 3918
1 3372 3781 3782 3370 3514 3923 3924 3512
1 3371 3726 3781 3372 3513 3868 3923 3514
1 3726 3729 3783 3781 3868 3871 3925 3923
1 3781 3783 3784 3782 3923 3925 3926 3924
1 3785 3786 3787 3788 3927 3928 3929 3930
1 3784 3783 3786 3785 3926 3925 3928 3927
1 3783 3729 3734 3786 3925 3871 3876 3928
1 3786 3734 3737 3787 3928 3876 3879 3929
1 3397 3789 3753 3349 3539 3931 3895 3491
1 3394 3790 3789 3397 3536 3932 3931 3539
1 3790 3788 3787 3789 3932 3930 3929 3931
1 3789 3787 3737 3753 3931 3929 3879 3895
1 3791 3792 3793 3794 3933 3934 3935 3936
1 3795 3796 3792 3791 3937 3938 3934 3933
1 3796 3797 3798 3792 3938 3939 3940 3934
1 3792 3798 3799 3793 3934 3940 3941 3935
1 3800 3801 3802 3803 3942 3943 3944 3945
1 3802 3804 3805 3803 3944 3946 3947 3945
1 3806 3807 3808 3809 3948 3949 3950 3951
1 3810 3811 3807 3806 3952 3953 3949 3948
1 3812 3813 3814 3815 3954 3955 3956 3957
1 3814 3816 3817 3815 3956 3958 3959 3957
1 3818 3819 3820 3821 3960 3961 3962 3963
1 3822 3823 3819 3818 3964 3965 3961 3960
1 3824 3825 3826 3827 3966 3967 3968 3969
1 3828 3829 3825 3824 3970 3971 3967 3966
1 3830 3831 3832 3799 3972 3973 3974 3941
1 3833 3834 3831 3830 3975 3976 3973 3972
1 3829 3828 3835 3836 3971 3970 3977 3978
1 3835 3837 3838 3836 3977 3979 3980 3978
1 3839 3840 3841 3842 3981 3982 3983 3984
1 3841 3834 3833 3842 3983 3976 3975 3984
1 3843 3844 3798 3797 3985 3986 3940 3939
1 3839 3842 3844 3843 3981 3984 3986 3985
1 3842 3833 3830 3844 3984 3975 3972 3986
1 3844 3830 3799 3798 3986 3972 3941 3940
1 3832 3845 3793 3799 3974 3987 3935 3941
1 3846 3794 3793 3845 3988 3936 3935 3987
1 3826 3847 3848 3827 3968 3989 3990 3969
1 3849 3850 3848 3847 3991 3992 3990 3989
1 3851 3852 3853 3854 3993 3994 3995 3996
1 3853 3811 3810 3854 3995 3953 3952 3996
1 3855 3856 3857 3858 3997 3998 3999 4000
1 3857 3801 3800 3858 3999 3943 3942 4000
1 3859 3860 3861 3862 4001 4002 4003 4004
1 3863 3864 3860 3859 4005 4006 4002 4001
1 3865 3866 3867 3868 4007 4008 4009 4010
1 3867 3869 3870 3868 4009 4011 4012 4010
1 3871 3872 3873 3874 4013 4014 4015 4016
1 3875 3876 3872 3871 4017 4018 4014 4013
1 3876 3875 3877 3878 4018 4017 4019 4020
1 3877 3879 3880 3878 4019 4021 4022 4020
1 3845 3881 3882 3846 3987 4023 4024 3988
1 3832 3883 3881 3845 3974 4025 4023 3987
1 3854 3884 3885 3851 3996 4026 4027 3993
1 3810 3886 3884 3854 3952 4028 4026 3996
1 3887 3806 3809 3888 4029 3948 3951 4030
1 3886 3810 3806 3887 4028 3952 3948 4029
1 3889 3818 3821 3890 4031 3960 3963 4032
1 3891 3822 3818 3889 4033 3964 3960 4031
1 3832 3831 3892 3883 3974 3973 4034 4025
1 3834 3893 3892 3831 3976 4035 4034 3973
1 3893 3834 3841 3894 4035 3976 3983 4036
1 3841 3840 3895 3894 3983 3982 4037 4036
1 3896 3897 3898 3899 4038 4039 4040 4041
1 3874 3873 3897 3896 4016 4015 4039 4038
1 3862 3861 3900 3901 4004 4003 4042 4043
1 3900 3902 3903 3901 4042 4044 4045 4043
1 3904 3403 3402 3905 4046 3545 3544 4047
1 3402 3370 3906 3905 3544 3512 4048 4047
1 3396 3907 3908 3394 3538 4049 4050 3536
1 3340 3909 3907 3396 3482 4051 4049 3538
1 3813 3812 3910 3911 3955 3954 4052 4053
1 3910 3850 3849 3911 4052 3992 3991 4053
1 3912 3785 3788 3913 4054 3927 3930 4055
1 3914 3784 3785 3912 4056 3926 3927 4054
1 3370 3782 3915 3906 3512 3924 4057 4048
1 3784 3914 3915 3782 3926 4056 4057 3924
1 3916 3593 3594 3917 4058 3735 3736 4059
1 3594 3597 3918 3917 3736 3739 4060 4059
1 3919 3920 3921 3922 4061 4062 4063 4064
1 3805 3804 3920 3919 3947 3946 4062 4061
1 3923 3591 3590 3924 4065 3733 3732 4066
1 3590 3593 3916 3924 3732 3735 4058 4066
1 3925 3926 3927 3928 4067 4068 4069 4070
1 3864 3863 3926 3925 4006 4005 4068 4067
1 3809 3929 3930 3888 3951 4071 4072 4030
1 3931 3932 3930 3929 4073 4074 4072 4071
1 3898 3933 3934 3899 4040 4075 4076 4041
1 3866 3865 3934 3933 4008 4007 4076 4075
1 3821 3820 3935 3936 3963 3962 4077 4078
1 3935 3794 3846 3936 4077 3936 3988 4078
1 3846 3882 3937 3936 3988 4024 4079 4078
1 3937 3890 3821 3936 4079 4032 3963 4078
1 3788 3790 3938 3913 3930 3932 4080 4055
1 3394 3908 3938 3790 3536 4050 4080 3932
1 3923 3939 3599 3591 4065 4081 3741 3733
1 3940 3345 3599 3939 4082 3487 3741 4081
1 3809 3808 3941 3929 3951 3950 4083 4071
1 3941 3942 3931 3929 4083 4084 4073 4071
1 3791 3943 3944 3795 3933 4085 4086 3937
1 3794 3935 3943 3791 3936 4077 4085 3933
1 3935 3820 3819 3943 4077 3962 3961 4085
1 3943 3819 3823 3944 4085 3961 3965 4086
1 3597 3945 3946 3918 3739 4087 4088 4060
1 3403 3904 3946 3945 3545 4046 4088 4087
1 3856 3855 3947 3948 3998 3997 4089 4090
1 3947 3838 3837 3948 4089 3980 3979 4090
1 3903 3902 3949 3950 4045 4044 4091 4092
1 3949 3880 3879 3950 4091 4022 4021 4092
1 3851 3885 3951 3952 3993 4027 4093 4094
1 3951 3895 3840 3952 4093 4037 3982 4094
1 3851 3952 3953 3852 3993 4094 4095 3994
1 3840 3839 3953 3952 3982 3981 4095 4094
1 3843 3954 3953 3839 3985 4096 4095 3981
1 3797 3955 3954 3843 3939 4097 4096 3985
1 3955 3811 3853 3954 4097 3953 3995 4096
1 3954 3853 3852 3953 4096 3995 3994 4095
1 3955 3956 3807 3811 4097 4098 3949 3953
1 3797 3796 3956 3955 3939 3938 4098 4097
1 3796 3795 3957 3956 3938 3937 4099 4098
1 3956 3957 3808 3807 4098 4099 3950 3949
1 3944 3958 3957 3795 4086 4100 4099 3937
1 3823 3959 3958 3944 3965 4101 4100 4086
1 3959 3942 3941 3958 4101 4084 4083 4100
1 3958 3941 3808 3957 4100 4083 3950 4099
1 3822 3960 3959 3823 3964 4102 4101 3965
1 3931 3942 3959 3960 4073 4084 4101 4102
1 3932 3931 3960 3961 4074 4073 4102 4103
1 3960 3822 3891 3961 4102 3964 4033 4103
1 3870 3869 3962 3963 4012 4011 4104 4105
1 3962 3928 3927 3963 4104 4070 4069 4105
1 3817 3816 3964 3965 3959 3958 4106 4107
1 3964 3922 3921 3965 4106 4064 4063 4107
1 3940 3966 3343 3345 4082 4108 3485 3487
1 3909 3340 3343 3966 4051 3482 3485 4108
1 3872 3824 3827 3873 4014 3966 3969 4015
1 3876 3828 3824 3872 4018 3970 3966 4014
1 3897 3848 3850 3898 4039 3990 3992 4040
1 3873 3827 3848 3897 4015 3969 3990 4039
1 3898 3850 3910 3933 4040 3992 4052 4075
1 3910 3812 3866 3933 4052 3954 4008 4075
1 3908 3813 3911 3938 4050 3955 4053 4080
1 3911 3849 3913 3938 4053 3991 4055 4080
1 3909 3816 3814 3907 4051 3958 3956 4049
1 3814 3813 3908 3907 3956 3955 4050 4049
1 3816 3909 3966 3964 3958 4051 4108 4106
1 3966 3940 3922 3964 4108 4082 4064 4106
1 3914 3826 3825 3915 4056 3968 3967 4057
1 3825 3829 3906 3915 3967 3971 4048 4057
1 3905 3836 3838 3904 4047 3978 3980 4046
1 3906 3829 3836 3905 4048 3971 3978 4047
1 3904 3838 3947 3946 4046 3980 4089 4088
1 3947 3855 3918 3946 4089 3997 4060 4088
1 3857 3900 3861 3801 3999 4042 4003 3943
1 3856 3902 3900 3857 3998 4044 4042 3999
1 3801 3861 3860 3802 3943 4003 4002 3944
1 3860 3864 3804 3802 4002 4006 3946 3944
1 3920 3925 3928 3921 4062 4067 4070 4063
1 3804 3864 3925 3920 3946 4006 4067 4062
1 3817 3869 3867 3815 3959 4011 4009 3957
1 3867 3866 3812 3815 4009 4008 3954 3957
1 3817 3965 3962 3869 3959 4107 4104 4011
1 3921 3928 3962 3965 4063 4070 4104 4107
1 3856 3948 3949 3902 3998 4090 4091 4044
1 3837 3880 3949 3948 3979 4022 4091 4090
1 3837 3835 3878 3880 3979 3977 4020 4022
1 3828 3876 3878 3835 3970 4018 4020 3977
1 3893 3875 3871 3892 4035 4017 4013 4034
1 3883 3874 3896 3881 4025 4016 4038 4023
1 3882 3881 3896 3899 4024 4023 4038 4041
1 3937 3882 3899 3934 4079 4024 4041 4076
1 3889 3868 3870 3891 4031 4010 4012 4033
1 3890 3865 3868 3889 4032 4007 4010 4031
1 3961 3891 3870 3963 4103 4033 4012 4105
1 3885 3903 3950 3951 4027 4045 4092 4093
1 3895 3879 3877 3894 4037 4021 4019 4036
1 3893 3894 3877 3875 4035 4036 4019 4017
1 3849 3847 3912 3913 3991 3989 4054 4055
1 3826 3914 3912 3847 3968 4056 4054 3989
1 3923 3805 3919 3939 4065 3947 4061 4081
1 3919 3922 3940 3939 4061 4064 4082 4081
1 3803 3924 3916 3800 3945 4066 4058 3942
1 3805 3923 3924 3803 3947 4065 4066 3945
1 3916 3917 3858 3800 4058 4059 4000 3942
1 3918 3855 3858 3917 4060 3997 4000 4059
1 3865 3890 3937 3934 4007 4032 4079 4076
1 3871 3874 3883 3892 4013 4016 4025 4034
1 3950 3879 3895 3951 4092 4021 4037 4093
1 3901 3884 3886 3862 4043 4026 4028 4004
1 3903 3885 3884 3901 4045 4027 4026 4043
1 3859 3887 3888 3863 4001 4029 4030 4005
1 3862 3886 3887 3859 4004 4028 4029 4001
1 3926 3930 3932 3927 4068 4072 4074 4069
1 3863 3888 3930 3926 4005 4030 4072 4068
1 3927 3932 3961 3963 4069 4074 4103 4105
1 3967 3968 3969 3970 4109 4110 4111 4112
1 3971 3972 3968 3967 4113 4114 4110 4109
1 3972 3973 3974 3968 4114 4115 4116 4110
1 3968 3974 3975 3969 4110 4116 4117 4111
1 3976 3977 3978 3979 4118 4119 4120 4121
1 3980 3981 3977 3976 4122 4123 4119 4118
1 3982 3983 3984 3985 4124 4125 4126 4127
1 3986 3987 3983 3982 4128 4129 4125 4124
1 3988 3989 3990 3991 4130 4131 4132 4133
1 3992 3993 3989 3988 4134 4135 4131 4130
1 3967 3994 3995 3971 4109 4136 4137 4113
1 3970 3996 3994 3967 4112 4138 4136 4109
1 3997 3998 3999 4000 4139 4140 4141 4142
1 4001 4002 3998 3997 4143 4144 4140 4139
1 4003 4004 4005 4006 4145 4146 4147 4148
1 4007 4008 4004 4003 4149 4150 4146 4145
1 4009 4010 4011 4012 4151 4152 4153 4154
1 4011 4002 4001 4012 4153 4144 4143 4154
1 4007 4013 4014 4008 4149 4155 4156 4150
1 4015 4016 4014 4013 4157 4158 4156 4155
1 4013 4017 4018 4015 4155 4159 4160 4157
1 4007 4003 4017 4013 4149 4145 4159 4155
1 4003 4006 4019 4017 4145 4148 4161 4159
1 4017 4019 4020 4018 4159 4161 4162 4160
1 3970 3969 4021 3996 4112 4111 4163 4138
1 3975 4022 4021 3969 4117 4164 4163 4111
1 4023 4024 4025 4026 4165 4166 4167 4168
1 4025 3993 3992 4026 4167 4135 4134 4168
1 4027 4028 4029 4030 4169 4170 4171 4172
1 4029 4031 4032 4030 4171 4173 4174 4172
1 4033 4034 4035 4036 4175 4176 4177 4178
1 4037 4038 4034 4033 4179 4180 4176 4175
1 4039 4040 4041 4042 4181 4182 4183 4184
1 4043 4044 4040 4039 4185 4186 4182 4181
1 4045 4046 4047 4048 4187 4188 4189 4190
1 4049 4050 4046 4045 4191 4192 4188 4187
1 4051 4052 4053 4054 4193 4194 4195 4196
1 4053 4055 4056 4054 4195 4197 4198 4196
1 4057 4058 4059 4060 4199 4200 4201 4202
1 4059 4052 4051 4060 4201 4194 4193 4202
1 4022 4061 4062 4021 4164 4203 4204 4163
1 4062 4063 3996 4021 4204 4205 4138 4163
1 4032 4064 4065 4030 4174 4206 4207 4172
1 4065 4066 4027 4030 4207 4208 4169 4172
1 4067 3986 3982 4068 4209 4128 4124 4210
1 3982 3985 4069 4068 4124 4127 4211 4210
1 4070 3995 3994 4071 4212 4137 4136 4213
1 3994 3996 4063 4071 4136 4138 4205 4213
1 4072 4004 4008 4073 4214 4146 4150 4215
1 4074 4005 4004 4072 4216 4147 4146 4214
1 4008 4014 4075 4073 4150 4156 4217 4215
1 4016 4076 4075 4014 4158 4218 4217 4156
1 4048 4047 4077 4078 4190 4189 4219 4220
1 4077 4079 4080 4078 4219 4221 4222 4220
1 4081 4082 4083 4084 4223 4224 4225 4226
1 4083 4085 4086 4084 4225 4227 4228 4226
1 4087 4088 4089 4090 4229 4230 4231 4232
1 4091 4092 4088 4087 4233 4234 4230 4229
1 4092 4093 4094 4088 4234 4235 4236 4230
1 4088 4094 4095 4089 4230 4236 4237 4231
1 4096 4097 4098 4099 4238 4239 4240 4241
1 4100 4101 4097 4096 4242 4243 4239 4238
1 4101 4102 4103 4097 4243 4244 4245 4239
1 4097 4103 4104 4098 4239 4245 4246 4240
1 4105 4106 4101 4100 4247 4248 4243 4242
1 4107 4108 4106 4105 4249 4250 4248 4247
1 4108 4109 4110 4106 4250 4251 4252 4248
1 4106 4110 4102 4101 4248 4252 4244 4243
1 4111 4112 4113 4114 4253 4254 4255 4256
1 4090 4115 4112 4111 4232 4257 4254 4253
1 4115 4116 4117 4112 4257 4258 4259 4254
1 4112 4117 4118 4113 4254 4259 4260 4255
1 4092 4119 4120 4093 4234 4261 4262 4235
1 4091 4121 4119 4092 4233 4263 4261 4234
1 4121 3291 3290 4119 4263 3432 3431 4261
1 4119 3290 3296 4120 4261 3431 3437 4262
1 4009 4122 4123 4010 4151 4264 4265 4152
1 4036 4035 4123 4122 4178 4177 4265 4264
1 4058 4057 4124 4125 4200 4199 4266 4267
1 4124 4086 4085 4125 4266 4228 4227 4267
1 4076 4016 4126 4127 4218 4158 4268 4269
1 4126 4027 4066 4127 4268 4169 4208 4269
1 4027 4126 4128 4028 4169 4268 4270 4170
1 4016 4015 4128 4126 4158 4157 4270 4268
1 4129 4130 4018 4020 4271 4272 4160 4162
1 4031 4029 4130 4129 4173 4171 4272 4271
1 4029 4028 4128 4130 4171 4170 4270 4272
1 4130 4128 4015 4018 4272 4270 4157 4160
1 4131 4132 3983 3987 4273 4274 4125 4129
1 3973 3972 4132 4131 4115 4114 4274 4273
1 3972 3971 4133 4132 4114 4113 4275 4274
1 4132 4133 3984 3983 4274 4275 4126 4125
1 3971 3995 4134 4133 4113 4137 4276 4275
1 4134 3985 3984 4133 4276 4127 4126 4275
1 4069 3985 4134 4135 4211 4127 4276 4277
1 4134 3995 4070 4135 4276 4137 4212 4277
1 4043 4136 4137 4044 4185 4278 4279 4186
1 4050 4049 4137 4136 4192 4191 4279 4278
1 3991 3990 4138 4139 4133 4132 4280 4281
1 4138 3979 3978 4139 4280 4121 4120 4281
1 4140 4141 4098 4104 4282 4283 4240 4246
1 3315 3314 4141 4140 3456 3455 4283 4282
1 3314 3320 4142 4141 3455 3461 4284 4283
1 4141 4142 4099 4098 4283 4284 4241 4240
1 4000 4143 4144 3997 4142 4285 4286 4139
1 4144 4145 4001 3997 4286 4287 4143 4139
1 4146 4026 3992 4147 4288 4168 4134 4289
1 4148 4023 4026 4146 4290 4165 4168 4288
1 4100 3993 4025 4105 4242 4135 4167 4247
1 4025 4024 4107 4105 4167 4166 4249 4247
1 4099 3990 3989 4096 4241 4132 4131 4238
1 3989 3993 4100 4096 4131 4135 4242 4238
1 4099 4142 4138 3990 4241 4284 4280 4132
1 3320 3979 4138 4142 3461 4121 4280 4284
1 4111 3998 4002 4090 4253 4140 4144 4232
1 4114 3999 3998 4111 4256 4141 4140 4253
1 4002 4011 4087 4090 4144 4153 4229 4232
1 4010 4091 4087 4011 4152 4233 4229 4153
1 4121 4123 4035 3291 4263 4265 4177 3432
1 4091 4010 4123 4121 4233 4152 4265 4263
1 4036 4149 4150 4033 4178 4291 4292 4175
1 4150 4151 4037 4033 4292 4293 4179 4175
1 4152 3977 3981 4153 4294 4119 4123 4295
1 4154 3978 3977 4152 4296 4120 4119 4294
1 4155 3988 3991 4156 4297 4130 4133 4298
1 4147 3992 3988 4155 4289 4134 4130 4297
1 3991 4139 4157 4156 4133 4281 4299 4298
1 3978 4154 4157 4139 4120 4296 4299 4281
1 4009 4158 4159 4122 4151 4300 4301 4264
1 4159 4149 4036 4122 4301 4291 4178 4264
1 4009 4012 4160 4158 4151 4154 4302 4300
1 4001 4145 4160 4012 4143 4287 4302 4154
1 4161 4065 4064 4162 4303 4207 4206 4304
1 4163 4066 4065 4161 4305 4208 4207 4303
1 4164 4068 4069 4165 4306 4210 4211 4307
1 4166 4067 4068 4164 4308 4209 4210 4306
1 4073 4167 4168 4072 4215 4309 4310 4214
1 4168 4169 4074 4072 4310 4311 4216 4214
1 4061 4170 4171 4062 4203 4312 4313 4204
1 4171 4172 4063 4062 4313 4314 4205 4204
1 4071 4173 4174 4070 4213 4315 4316 4212
1 4063 4172 4173 4071 4205 4314 4315 4213
1 4174 4175 4135 4070 4316 4317 4277 4212
1 4165 4069 4135 4175 4307 4211 4277 4317
1 4163 4176 4127 4066 4305 4318 4269 4208
1 4177 4076 4127 4176 4319 4218 4269 4318
1 4073 4075 4178 4167 4215 4217 4320 4309
1 4076 4177 4178 4075 4218 4319 4320 4217
1 3976 3319 3318 3980 4118 3460 3459 4122
1 3979 3320 3319 3976 4121 3461 3460 4118
1 3291 4035 4034 3288 3432 4177 4176 3429
1 4034 4038 3292 3288 4176 4180 3433 3429
1 4172 4047 4046 4173 4314 4189 4188 4315
1 4046 4050 4174 4173 4188 4192 4316 4315
1 4077 4171 4170 4079 4219 4313 4312 4221
1 4047 4172 4171 4077 4189 4314 4313 4219
1 4054 4168 4167 4051 4196 4310 4309 4193
1 4056 4169 4168 4054 4198 4311 4310 4196
1 4051 4167 4178 4060 4193 4309 4320 4202
1 4178 4177 4057 4060 4320 4319 4199 4202
1 4124 4176 4163 4086 4266 4318 4305 4228
1 4057 4177 4176 4124 4199 4319 4318 4266
1 4084 4161 4162 4081 4226 4303 4304 4223
1 4086 4163 4161 4084 4228 4305 4303 4226
1 4042 4166 4164 4039 4184 4308 4306 4181
1 4164 4165 4043 4039 4306 4307 4185 4181
1 4165 4175 4136 4043 4307 4317 4278 4185
1 4174 4050 4136 4175 4316 4192 4278 4317
1 4144 4053 4052 4145 4286 4195 4194 4287
1 4143 4055 4053 4144 4285 4197 4195 4286
1 4078 4146 4147 4048 4220 4288 4289 4190
1 4080 4148 4146 4078 4222 4290 4288 4220
1 4058 4158 4160 4059 4200 4300 4302 4201
1 4160 4145 4052 4059 4302 4287 4194 4201
1 4044 4154 4152 4040 4186 4296 4294 4182
1 4152 4153 4041 4040 4294 4295 4183 4182
1 4083 4150 4149 4085 4225 4292 4291 4227
1 4082 4151 4150 4083 4224 4293 4292 4225
1 4044 4137 4157 4154 4186 4279 4299 4296
1 4049 4156 4157 4137 4191 4298 4299 4279
1 4147 4155 4045 4048 4289 4297 4187 4190
1 4156 4049 4045 4155 4298 4191 4187 4297
1 4149 4159 4125 4085 4291 4301 4267 4227
1 4158 4058 4125 4159 4300 4200 4267 4301
1 3364 3759 4179 3365 3506 3901 4321 3507
1 3371 3336 4179 3759 3513 3478 4321 3901
1 3356 4180 4181 3353 3498 4322 4323 3495
1 3358 4182 4180 3356 3500 4324 4322 3498
1 4182 4183 4184 4180 4324 4325 4326 4322
1 4180 4184 4185 4181 4322 4326 4327 4323
1 4186 4187 3380 3368 4328 4329 3522 3510
1 4188 4189 4187 4186 4330 4331 4329 4328
1 4189 3284 3280 4187 4331 3425 3421 4329
1 4187 3280 3283 3380 4329 3421 3424 3522
1 3395 4190 4191 3341 3537 4332 4333 3483
1 3348 4192 4190 3395 3490 4334 4332 3537
1 4192 3279 3278 4190 4334 3420 3419 4332
1 4190 3278 3268 4191 4332 3419 3409 4333
1 4191 4193 3342 3341 4333 4335 3484 3483
1 3268 3267 4193 4191 3409 3408 4335 4333
1 3267 3273 4194 4193 3408 3414 4336 4335
1 4193 4194 3344 3342 4335 4336 3486 3484
1 3347 4195 4192 3348 3489 4337 4334 3490
1 3287 3286 4195 3347 3428 3427 4337 3489
1 3286 3277 3276 4195 3427 3418 3417 4337
1 4195 3276 3279 4192 4337 3417 3420 4334
1 3399 4196 3376 3375 3541 4338 3518 3517
1 3344 4194 4196 3399 3486 4336 4338 3541
1 4194 3273 3272 4196 4336 3414 3413 4338
1 4196 3272 3271 3376 4338 3413 3412 3518
1 4182 4197 4198 4183 4324 4339 4340 4325
1 3358 3362 4197 4182 3500 3504 4339 4324
1 3362 3365 4199 4197 3504 3507 4341 4339
1 4197 4199 4200 4198 4339 4341 4342 4340
1 4179 4201 4199 3365 4321 4343 4341 3507
1 3336 3335 4201 4179 3478 3477 4343 4321
1 3335 3334 4202 4201 3477 3476 4344 4343
1 4201 4202 4200 4199 4343 4344 4342 4341
1 3260 4203 3519 3405 3401 4345 3661 3547
1 4204 3522 3519 4203 4346 3664 3661 4345
1 4204 3597 3596 3522 4346 3739 3738 3664
1 4204 4205 3945 3597 4346 4347 4087 3739
1 3332 3403 3945 4205 3474 3545 4087 4347
1 3259 4206 4203 3260 3400 4348 4345 3401
1 3243 3329 4206 3259 3384 3471 4348 3400
1 3329 3332 4205 4206 3471 3474 4347 4348
1 4206 4205 4204 4203 4348 4347 4346 4345
1 4117 4207 4208 4118 4259 4349 4350 4260
1 4116 4209 4207 4117 4258 4351 4349 4259
1 4209 3325 3321 4207 4351 3466 3462 4349
1 4207 3321 3324 4208 4349 3462 3465 4350
1 4110 4210 4211 4102 4252 4352 4353 4244
1 4109 4212 4210 4110 4251 4354 4352 4252
1 4212 3233 3232 4210 4354 3369 3368 4352
1 4210 3232 3235 4211 4352 3368 3374 4353
1 4211 4213 4103 4102 4353 4355 4245 4244
1 3235 3239 4213 4211 3374 3380 4355 4353
1 3239 3238 4214 4213 3380 3379 4356 4355
1 4213 4214 4104 4103 4355 4356 4246 4245
1 4215 4216 4217 4218 4357 4358 4359 4360
1 3387 4219 4216 4215 3529 4361 4358 4357
1 4219 4220 4221 4216 4361 4362 4363 4358
1 4216 4221 3238 4217 4358 4363 3379 4359
1 4222 4223 4224 4225 4364 4365 4366 4367
1 3385 3384 4223 4222 3527 3526 4365 4364
1 3384 3387 4215 4223 3526 3529 4357 4365
1 4223 4215 4218 4224 4365 4357 4360 4366
1 3382 4226 3377 3271 3524 4368 3519 3412
1 3385 4227 4226 3382 3527 4369 4368 3524
1 4227 3311 3310 4226 4369 3452 3451 4368
1 4226 3310 3303 3377 4368 3451 3444 3519
1 3249 4228 4229 3246 3390 4370 4371 3387
1 3252 4230 4228 3249 3393 4372 4370 3390
1 4230 4231 4232 4228 4372 4373 4374 4370
1 4228 4232 4233 4229 4370 4374 4375 4371
1 3333 4234 4235 3334 3475 4376 4377 3476
1 3243 3242 4234 3333 3384 3383 4376 3475
1 3242 3248 4236 4234 3383 3389 4378 4376
1 4234 4236 4237 4235 4376 4378 4379 4377
1 4202 4238 4239 4200 4344 4380 4381 4342
1 3334 4240 4238 4202 3476 4382 4380 4344
1 4240 4095 4094 4238 4382 4237 4236 4380
1 4238 4094 4093 4239 4380 4236 4235 4381
1 4219 4241 4242 4220 4361 4383 4384 4362
1 3387 3386 4241 4219 3529 3528 4383 4361
1 3386 3269 3274 4241 3528 3410 3415 4383
1 4241 3274 3277 4242 4383 3415 3418 4384
1 4140 4243 4244 3315 4282 4385 4386 3456
1 4104 4214 4243 4140 4246 4356 4385 4282
1 4214 3238 4221 4243 4356 3379 4363 4385
1 4243 4221 4220 4244 4385 4363 4362 4386
1 2086 4245 4246 2089 4387 4388 4389 4390
1 2085 4247 4245 2086 4391 4392 4388 4387
1 4247 4225 4224 4245 4392 4367 4366 4388
1 4245 4224 4218 4246 4388 4366 4360 4389
1 3237 4248 4217 3238 3378 4393 4359 3379
1 2093 2091 4248 3237 3377 4394 4393 3378
1 2091 2089 4246 4248 4394 4390 4389 4393
1 4248 4246 4218 4217 4393 4389 4360 4359
1 4222 4249 4227 3385 4364 4395 4369 3527
1 4225 4250 4249 4222 4367 4396 4395 4364
1 4250 3309 3308 4249 4396 3450 3449 4395
1 4249 3308 3311 4227 4395 3449 3452 4369
1 2111 4251 4252 2113 4397 4398 4399 4400
1 2109 4253 4251 2111 4401 4402 4398 4397
1 4253 4233 4232 4251 4402 4375 4374 4398
1 4251 4232 4231 4252 4398 4374 4373 4399
1 4229 4254 3247 3246 4371 4403 3388 3387
1 4233 4255 4254 4229 4375 4404 4403 4371
1 4255 3327 4256 4254 4404 3468 4405 4403
1 4254 4256 3248 3247 4403 4405 3389 3388
1 4255 4257 3328 3327 4404 4406 3469 3468
1 4233 4253 4257 4255 4375 4402 4406 4404
1 4253 2109 2107 4257 4402 4401 4407 4406
1 4257 2107 2105 3328 4406 4407 3470 3469
1 4236 4258 4259 4237 4378 4408 4409 4379
1 3248 4256 4258 4236 3389 4405 4408 4378
1 4256 3327 3326 4258 4405 3468 3467 4408
1 4258 3326 3325 4259 4408 3467 3466 4409
1 4198 4260 4261 4183 4340 4410 4411 4325
1 4200 4239 4260 4198 4342 4381 4410 4340
1 4239 4093 4120 4260 4381 4235 4262 4410
1 4260 4120 3296 4261 4410 4262 3437 4411
1 4262 4263 3295 3294 4412 4413 3436 3435
1 4185 4184 4263 4262 4327 4326 4413 4412
1 4184 4183 4261 4263 4326 4325 4411 4413
1 4263 4261 3296 3295 4413 4411 3437 3436
1 4264 4265 3312 3315 4414 4415 3453 3456
1 3284 4189 4265 4264 3425 4331 4415 4414
1 4189 4188 4266 4265 4331 4330 4416 4415
1 4265 4266 3316 3312 4415 4416 3457 3453
1 4244 4267 4264 3315 4386 4417 4414 3456
1 4220 4242 4267 4244 4362 4384 4417 4386
1 4242 3277 3285 4267 4384 3418 3426 4417
1 4267 3285 3284 4264 4417 3426 3425 4414
1 4268 4269 4089 4095 4418 4419 4231 4237
1 4270 4271 4269 4268 4420 4421 4419 4418
1 4271 4116 4115 4269 4421 4258 4257 4419
1 4269 4115 4090 4089 4419 4257 4232 4231
1 4272 4273 4235 4237 4422 4423 4377 4379
1 4270 4268 4273 4272 4420 4418 4423 4422
1 4268 4095 4240 4273 4418 4237 4382 4423
1 4273 4240 3334 4235 4423 4382 3476 4377
1 4259 4274 4272 4237 4409 4424 4422 4379
1 3325 4209 4274 4259 3466 4351 4424 4409
1 4209 4116 4271 4274 4351 4258 4421 4424
1 4274 4271 4270 4272 4424 4421 4420 4422
1 4230 4275 4276 4231 4372 4425 4426 4373
1 3252 3393 4275 4230 3393 3535 4425 4372
1 3393 3309 4250 4275 3535 3450 4396 4425
1 4275 4250 4225 4276 4425 4396 4367 4426
1 4277 4278 3230 3233 4427 4428 3366 3369
1 3324 3323 4278 4277 3465 3464 4428 4427
1 3323 2105 2103 4278 3464 3470 4429 4428
1 4278 2103 2101 3230 4428 4429 3370 3366
1 4277 4279 4208 3324 4427 4430 4350 3465
1 3233 4212 4279 4277 3369 4354 4430 4427
1 4212 4109 4280 4279 4354 4251 4431 4430
1 4279 4280 4118 4208 4430 4431 4260 4350
1 4108 4281 4280 4109 4250 4432 4431 4251
1 4107 4282 4281 4108 4249 4433 4432 4250
1 4282 4114 4113 4281 4433 4256 4255 4432
1 4281 4113 4118 4280 4432 4255 4260 4431
1 4107 4024 4283 4282 4249 4166 4434 4433
1 4283 3999 4114 4282 4434 4141 4256 4433
1 4024 4023 4284 4283 4166 4165 4435 4434
1 4284 4000 3999 4283 4435 4142 4141 4434
1 4148 4285 4284 4023 4290 4436 4435 4165
1 4143 4000 4284 4285 4285 4142 4435 4436
1 4148 4080 4286 4285 4290 4222 4437 4436
1 4286 4055 4143 4285 4437 4197 4285 4436
1 4056 4055 4286 4287 4198 4197 4437 4438
1 4286 4080 4079 4287 4437 4222 4221 4438
1 4079 4170 4288 4287 4221 4312 4439 4438
1 4288 4169 4056 4287 4439 4311 4198 4438
1 4170 4061 4289 4288 4312 4203 4440 4439
1 4289 4074 4169 4288 4440 4216 4311 4439
1 4022 4290 4289 4061 4164 4441 4440 4203
1 4005 4074 4289 4290 4147 4216 4440 4441
1 4022 3975 4291 4290 4164 4117 4442 4441
1 4291 4006 4005 4290 4442 4148 4147 4441
1 4291 4292 4019 4006 4442 4443 4161 4148
1 3975 3974 4292 4291 4117 4116 4443 4442
1 3974 3973 4293 4292 4116 4115 4444 4443
1 4292 4293 4020 4019 4443 4444 4162 4161
1 4129 4294 4295 4031 4271 4445 4446 4173
1 4020 4293 4294 4129 4162 4444 4445 4271
1 4293 3973 4131 4294 4444 4115 4273 4445
1 4294 4131 3987 4295 4445 4273 4129 4446
1 4032 4031 4295 4296 4174 4173 4446 4447
1 4295 3987 3986 4296 4446 4129 4128 4447
1 4032 4296 4297 4064 4174 4447 4448 4206
1 3986 4067 4297 4296 4128 4209 4448 4447
1 4162 4064 4297 4298 4304 4206 4448 4449
1 4297 4067 4166 4298 4448 4209 4308 4449
1 4081 4162 4298 4299 4223 4304 4449 4450
1 4298 4166 4042 4299 4449 4308 4184 4450
1 4082 4081 4299 4300 4224 4223 4450 4451
1 4299 4042 4041 4300 4450 4184 4183 4451
1 4082 4300 4301 4151 4224 4451 4452 4293
1 4041 4153 4301 4300 4183 4295 4452 4451
1 4151 4301 4302 4037 4293 4452 4453 4179
1 4153 3981 4302 4301 4295 4123 4453 4452
1 4037 4302 4303 4038 4179 4453 4454 4180
1 3981 3980 4303 4302 4123 4122 4454 4453
1 3318 4304 4303 3980 3459 4455 4454 4122
1 3292 4038 4303 4304 3433 4180 4454 4455
1 3293 4305 4306 3294 3434 4456 4457 3435
1 3292 4304 4305 3293 3433 4455 4456 3434
1 4304 3318 3317 4305 4455 3459 3458 4456
1 4305 3317 3316 4306 4456 3458 3457 4457
1 4262 4307 4308 4185 4412 4458 4459 4327
1 3294 4306 4307 4262 3435 4457 4458 4412
1 4306 3316 4266 4307 4457 3457 4416 4458
1 4307 4266 4188 4308 4458 4416 4330 4459
1 4186 4309 4308 4188 4328 4460 4459 4330
1 3368 3367 4309 4186 3510 3509 4460 4328
1 3367 3353 4181 4309 3509 3495 4323 4460
1 4309 4181 4185 4308 4460 4323 4327 4459
1 4247 4310 4276 4225 4392 4461 4426 4367
1 2085 2115 4310 4247 4391 4462 4461 4392
1 2115 2113 4252 4310 4462 4400 4399 4461
1 4310 4252 4231 4276 4461 4399 4373 4426
1 4311 4312 4313 4314 4463 4464 4465 4466
1 4312 4315 4316 4313 4464 4467 4468 4465
1 4317 4316 4315 4318 4469 4468 4467 4470
1 4319 4317 4318 4320 4471 4469 4470 4472
1 4320 4321 4322 4319 4472 4473 4474 4471
1 4321 4323 4324 4322 4473 4475 4476 4474
1 4323 4325 4326 4324 4475 4477 4478 4476
1 4325 4327 4328 4326 4477 4479 4480 4478
1 4329 4328 4327 4330 4481 4480 4479 4482
1 4331 4329 4330 4332 4483 4481 4482 4484
1 4332 4333 4334 4331 4484 4485 4486 4483
1 4333 4335 4336 4334 4485 4487 4488 4486
1 4337 4336 4335 4338 4489 4488 4487 4490
1 4339 4337 4338 4340 4491 4489 4490 4492
1 4340 4341 4342 4339 4492 4493 4494 4491
1 4314 4342 4341 4311 4466 4494 4493 4463
1 4343 4344 4345 4346 4495 4496 4497 4498
1 4347 4343 4346 4348 4499 4495 4498 4500
1 4347 4348 4349 4350 4499 4500 4501 4502
1 4350 4349 4351 4352 4502 4501 4503 4504
1 4353 4352 4351 4354 4505 4504 4503 4506
1 4355 4353 4354 4356 4507 4505 4506 4508
1 4357 4355 4356 4358 4509 4507 4508 4510
1 4359 4357 4358 4360 4511 4509 4510 4512
1 4359 4360 4361 4362 4511 4512 4513 4514
1 4362 4361 4363 4364 4514 4513 4515 4516
1 4365 4364 4363 4366 4517 4516 4515 4518
1 4367 4365 4366 4368 4519 4517 4518 4520
1 4367 4368 4369 4370 4519 4520 4521 4522
1 4370 4369 4371 4372 4522 4521 4523 4524
1 4373 4372 4371 4374 4525 4524 4523 4526
1 4373 4374 4345 4344 4525 4526 4497 4496
1 1217 4314 4313 1216 4527 4528 4529 4530
1 1216 4313 4316 1215 4530 4529 4531 4532
1 1214 1215 4316 4317 4533 4532 4531 4534
1 1213 1214 4317 4319 4535 4533 4534 4536
1 1213 4319 4322 1212 4535 4536 4537 4538
1 1212 4322 4324 1211 4538 4537 4539 4540
1 1211 4324 4326 1210 4540 4539 4541 4542
1 1210 4326 4328 1209 4542 4541 4543 4544
1 1208 1209 4328 4329 4545 4544 4543 4546
1 1207 1208 4329 4331 4547 4545 4546 4548
1 1207 4331 4334 1205 4547 4548 4549 4550
1 1205 4334 4336 1206 4550 4549 4551 4552
1 1220 1206 4336 4337 4553 4552 4551 4554
1 1219 1220 4337 4339 4555 4553 4554 4556
1 1219 4339 4342 1218 4555 4556 4557 4558
1 1217 1218 4342 4314 4527 4558 4557 4528
1 4346 4345 4375 4376 4559 4560 4561 4562
1 4348 4346 4376 4377 4563 4559 4562 4564
1 4377 4378 4349 4348 4564 4565 4566 4563
1 4378 4379 4351 4349 4565 4567 4568 4566
1 4354 4351 4379 4380 4569 4568 4567 4570
1 4356 4354 4380 4381 4571 4569 4570 4572
1 4358 4356 4381 4382 4573 4571 4572 4574
1 4360 4358 4382 4383 4575 4573 4574 4576
1 4383 4384 4361 4360 4576 4577 4578 4575
1 4384 4385 4363 4361 4577 4579 4580 4578
1 4366 4363 4385 4386 4581 4580 4579 4582
1 4368 4366 4386 4387 4583 4581 4582 4584
1 4387 4388 4369 4368 4584 4585 4586 4583
1 4388 4389 4371 4369 4585 4587 4588 4586
1 4374 4371 4389 4390 4589 4588 4587 4590
1 4390 4375 4345 4374 4590 4561 4560 4589
1 874 881 4312 4311 4591 4592 4464 4463
1 4311 4341 875 874 4463 4493 4593 4591
1 902 875 4341 4340 4594 4593 4493 4492
1 4340 4338 903 902 4492 4490 4595 4594
1 4338 4335 900 903 4490 4487 4596 4595
1 901 900 4335 4333 4597 4596 4487 4485
1 894 901 4333 4332 4598 4597 4485 4484
1 4332 4330 895 894 4484 4482 4599 4598
1 4330 4327 888 895 4482 4479 4600 4599
1 889 888 4327 4325 4601 4600 4479 4477
1 892 889 4325 4323 4602 4601 4477 4475
1 893 892 4323 4321 4603 4602 4475 4473
1 882 893 4321 4320 4604 4603 4473 4472
1 4320 4318 883 882 4472 4470 4605 4604
1 4318 4315 880 883 4470 4467 4606 4605
1 881 880 4315 4312 4592 4606 4467 4464
1 4376 4375 1297 1300 4562 4561 4607 4608
1 1298 1297 4375 4390 4609 4607 4561 4590
1 4390 4389 1325 1298 4590 4587 4610 4609
1 1326 1325 4389 4388 4611 4610 4587 4585
1 1319 1326 4388 4387 4612 4611 4585 4584
1 4387 4386 1320 1319 4584 4582 4613 4612
1 4386 4385 1317 1320 4582 4579 4614 4613
1 1318 1317 4385 4384 4615 4614 4579 4577
1 1307 1318 4384 4383 4616 4615 4577 4576
1 4383 4382 1308 1307 4576 4574 4617 4616
1 4382 4381 1311 1308 4574 4572 4618 4617
1 4381 4380 1312 1311 4572 4570 4619 4618
1 4380 4379 1305 1312 4570 4567 4620 4619
1 1306 1305 4379 4378 4621 4620 4567 4565
1 1299 1306 4378 4377 4622 4621 4565 4564
1 4377 4376 1300 1299 4564 4562 4608 4622
1 1141 1142 4391 4392 1141 1142 4623 4624
1 1565 1141 4392 4393 1565 1141 4624 4625
1 4391 1142 1143 1229 4623 1142 1143 1229
1 1565 4393 1616 1566 1565 4625 1632 1566
1 1134 1136 4394 1222 1134 1136 4626 1222
1 1563 1562 1561 4395 1563 1562 1561 4627
1 1137 4396 4394 1138 1137 4628 4626 1138
1 1564 4396 1137 1139 1564 4628 1137 1139
1 1563 4395 4396 1564 1563 4627 4628 1564
1 1560 1608 4395 1561 1560 1624 4627 1561
1 1138 4394 1136 1135 1138 4626 1136 1135
1 1227 1226 4397 4398 1227 1226 4629 4630
1 1612 1614 4399 4400 1628 1630 4631 4632
1 4393 4392 4401 4399 4625 4624 4633 4631
1 4392 4391 4398 4401 4624 4623 4630 4633
1 4398 4391 1229 1227 4630 4623 1229 1227
1 4393 4399 1614 1616 4625 4631 1630 1632
1 1226 1223 4402 4397 1226 1223 4634 4629
1 1610 1612 4400 4403 1626 1628 4632 4635
1 1223 1222 4394 4402 1223 1222 4626 4634
1 1608 1610 4403 4395 1624 1626 4635 4627
1 4396 4395 4403 4404 4628 4627 4635 4636
1 4402 4394 4396 4404 4634 4626 4628 4636
1 683 4405 4406 4407 683 4637 4638 4639
1 4406 4408 4409 4407 4638 4640 4641 4639
1 4410 4411 4407 4409 4642 4643 4639 4641
1 684 683 4407 4411 684 683 4639 4643
1 4405 4412 4413 4406 4637 4644 4645 4638
1 4413 4414 4408 4406 4645 4646 4640 4638
1 4415 4416 4411 4410 4647 4648 4643 4642
1 682 684 4411 4416 682 684 4643 4648
1 4412 4417 4418 4413 4644 4649 4650 4645
1 4418 4419 4414 4413 4650 4651 4646 4645
1 4420 4421 4416 4415 4652 4653 4648 4647
1 680 682 4416 4421 680 682 4648 4653
1 4417 681 4422 4418 4649 681 4654 4650
1 4422 4423 4419 4418 4654 4655 4651 4650
1 4423 4422 4421 4420 4655 4654 4653 4652
1 681 680 4421 4422 681 680 4653 4654
1 4409 4408 4402 4404 4656 4656 4634 4636
1 4410 4409 4404 4403 4657 4657 4636 4635
1 4408 4414 4397 4402 4658 4658 4629 4634
1 4415 4410 4403 4400 4659 4659 4635 4632
1 4414 4419 4398 4397 4660 4660 4630 4629
1 4420 4415 4400 4399 4661 4661 4632 4631
1 4419 4423 4401 4398 4662 4662 4633 4630
1 4423 4420 4399 4401 4663 4663 4631 4633
1 4424 4425 4426 4427 4664 4665 4666 4667
1 4426 4425 4428 4429 4666 4665 4668 4669
1 4430 4431 4429 4428 4670 4671 4669 4668
1 4430 4432 4433 4431 4670 4672 4673 4671
1 4432 4434 4435 4433 4672 4674 4675 4673
1 4436 4437 4435 4434 4676 4677 4675 4674
1 4436 4438 4439 4437 4676 4678 4679 4677
1 4438 4440 4441 4439 4678 4680 4681 4679
1 4440 4442 4443 4441 4680 4682 4683 4681
1 4425 4424 4444 4445 4665 4664 4684 4685
1 4425 4445 4446 4428 4665 4685 4686 4668
1 4446 4447 4430 4428 4686 4687 4670 4668
1 4447 4448 4432 4430 4687 4688 4672 4670
1 4448 4449 4434 4432 4688 4689 4674 4672
1 4434 4449 4450 4436 4674 4689 4690 4676
1 4450 4451 4438 4436 4690 4691 4678 4676
1 4451 4452 4440 4438 4691 4692 4680 4678
1 4442 4440 4452 4453 4682 4680 4692 4693
1 4429 4454 4455 4426 4669 4694 4695 4666
1 4454 4429 4431 4456 4694 4669 4671 4696
1 4457 4458 4454 4456 4697 4698 4694 4696
1 4431 4433 4459 4456 4671 4673 4699 4696
1 4456 4459 4460 4457 4696 4699 4700 4697
1 4459 4433 4435 4461 4699 4673 4675 4701
1 4462 4460 4459 4461 4702 4700 4699 4701
1 4463 4464 4462 4465 4703 4704 4702 4705
1 4462 4464 4466 4460 4702 4704 4706 4700
1 4460 4466 4467 4457 4700 4706 4707 4697
1 4458 4457 4467 4468 4698 4697 4707 4708
1 4469 4424 4427 4470 4709 4664 4667 4710
1 4471 4444 4424 4469 4711 4684 4664 4709
1 4472 4461 4435 4437 4712 4701 4675 4677
1 4465 4462 4461 4472 4705 4702 4701 4712
1 4472 4473 4474 4465 4712 4713 4714 4705
1 4437 4439 4473 4472 4677 4679 4713 4712
1 4475 4473 4439 4441 4715 4713 4679 4681
1 4442 4476 4477 4443 4682 4716 4717 4683
1 4453 4478 4476 4442 4693 4718 4716 4682
1 4477 4475 4441 4443 4717 4715 4681 4683
1 4474 4473 4475 4477 4714 4713 4715 4717
1 4465 4474 4479 4463 4705 4714 4719 4703
1 4474 4477 4480 4479 4714 4717 4720 4719
1 4476 4481 4480 4477 4716 4721 4720 4717
1 4481 4476 4478 4482 4721 4716 4718 4722
1 4427 4426 4455 4483 4667 4666 4695 4723
1 4454 4458 4483 4455 4694 4698 4723 4695
1 4483 4458 4468 4484 4723 4698 4708 4724
1 4484 4470 4427 4483 4724 4710 4667 4723
1 4471 4485 4486 4444 4711 4725 4726 4684
1 4487 4488 4489 4490 4727 4728 4729 4730
1 4444 4486 4491 4445 4684 4726 4731 4685
1 4488 4492 4493 4489 4728 4732 4733 4729
1 4494 4495 4496 4497 4734 4735 4736 4737
1 4495 4498 4499 4496 4735 4738 4739 4736
1 4482 4478 4500 4501 4722 4718 4740 4741
1 4453 4502 4500 4478 4693 4742 4740 4718
1 4452 4503 4502 4453 4692 4743 4742 4693
1 4497 4504 4505 4494 4737 4744 4745 4734
1 4446 4445 4491 4506 4686 4685 4731 4746
1 4507 4508 4493 4492 4747 4748 4733 4732
1 4509 4510 4449 4448 4749 4750 4689 4688
1 4450 4449 4510 4511 4690 4689 4750 4751
1 4450 4511 4512 4451 4690 4751 4752 4691
1 4452 4451 4512 4503 4692 4691 4752 4743
1 4447 4446 4506 4513 4687 4686 4746 4753
1 4447 4513 4509 4448 4687 4753 4749 4688
1 4514 877 876 4515 4754 877 876 4755
1 4514 4515 4516 4517 4754 4755 4756 4757
1 878 877 4514 4518 878 877 4754 4758
1 4518 4514 4517 4519 4758 4754 4757 4759
1 4520 4521 4522 4523 4760 4761 4762 4763
1 4523 4522 4524 4525 4763 4762 4764 4765
1 4526 4525 4524 4527 4766 4765 4764 4767
1 4528 4529 4504 4497 4768 4769 4744 4737
1 4528 4497 4496 4530 4768 4737 4736 4770
1 4530 4496 4499 4531 4770 4736 4739 4771
1 4532 4516 4515 4533 4772 4756 4755 4773
1 4532 4533 4504 4529 4772 4773 4744 4769
1 4527 4534 4535 4526 4767 4774 4775 4766
1 4535 4534 4518 4519 4775 4774 4758 4759
1 4536 885 884 4537 4776 885 884 4777
1 4490 4489 4522 4521 4730 4729 4762 4761
1 4489 4493 4524 4522 4729 4733 4764 4762
1 4527 4524 4493 4508 4767 4764 4733 4748
1 4508 4507 4536 4537 4748 4747 4776 4777
1 4537 4534 4527 4508 4777 4774 4767 4748
1 4537 884 879 4534 4777 884 879 4774
1 4534 879 878 4518 4774 879 878 4758
1 4538 4539 4498 4495 4778 4779 4738 4735
1 4540 4538 4495 4494 4780 4778 4735 4734
1 4540 4494 4505 4541 4780 4734 4745 4781
1 4542 4541 4505 4543 4782 4781 4745 4783
1 4543 904 899 4542 4783 904 899 4782
1 4505 4504 4533 4543 4745 4744 4773 4783
1 905 4533 4515 876 905 4773 4755 876
1 4533 905 904 4543 4773 905 904 4783
1 4544 4545 4546 4547 4784 4785 4786 4787
1 4548 4549 4545 4544 4788 4789 4785 4784
1 4547 4550 4551 4544 4787 4790 4791 4784
1 4552 4548 4544 4551 4792 4788 4784 4791
1 4553 4551 4550 4554 4793 4791 4790 4794
1 4551 4553 4555 4552 4791 4793 4795 4792
1 4556 4557 4558 4559 4796 4797 4798 4799
1 4560 4561 4466 4464 4800 4801 4706 4704
1 4561 4560 4558 4562 4801 4800 4798 4802
1 4562 4558 4557 4563 4802 4798 4797 4803
1 4560 4564 4559 4558 4800 4804 4799 4798
1 4564 4560 4464 4463 4804 4800 4704 4703
1 4565 4566 4547 4546 4805 4806 4787 4786
1 4566 4567 4550 4547 4806 4807 4790 4787
1 4567 4568 4554 4550 4807 4808 4794 4790
1 4569 4562 4563 4570 4809 4802 4803 4810
1 4569 4571 4561 4562 4809 4811 4801 4802
1 4571 4467 4466 4561 4811 4707 4706 4801
1 4481 4463 4479 4480 4721 4703 4719 4720
1 4463 4481 4482 4564 4703 4721 4722 4804
1 4564 4482 4572 4559 4804 4722 4812 4799
1 4572 4482 4501 4573 4812 4722 4741 4813
1 4573 4556 4559 4572 4813 4796 4799 4812
1 4552 4555 4574 4575 4792 4795 4814 4815
1 4575 4574 4531 4499 4815 4814 4771 4739
1 4575 4499 4498 4576 4815 4739 4738 4816
1 4575 4576 4548 4552 4815 4816 4788 4792
1 4576 4498 4539 4577 4816 4738 4779 4817
1 4549 4548 4576 4577 4789 4788 4816 4817
1 4467 4470 4484 4468 4707 4710 4724 4708
1 4571 4469 4470 4467 4811 4709 4710 4707
1 4469 4571 4569 4471 4709 4811 4809 4711
1 4570 4485 4471 4569 4810 4725 4711 4809
1 4567 4521 4520 4568 4807 4761 4760 4808
1 4521 4567 4566 4490 4761 4807 4806 4730
1 4490 4566 4565 4487 4730 4806 4805 4727
1 4578 4545 4549 4579 4789 4785 4789 4818
1 4579 4580 4581 4578 4818 4819 4820 4789
1 4580 4582 4583 4581 4819 4821 4822 4820
1 4584 4583 4582 4585 4823 4822 4821 4824
1 4586 4587 4588 4589 4825 4826 4827 4828
1 887 4586 4589 896 887 4825 4828 896
1 4545 4578 4590 4546 4785 4789 4829 4786
1 4578 4581 4591 4590 4789 4820 4830 4829
1 4581 4583 4592 4591 4820 4822 4831 4830
1 4593 4592 4583 4584 4832 4831 4822 4823
1 4594 4595 4587 4586 4833 4834 4826 4825
1 4586 887 886 4594 4825 887 886 4833
1 4542 899 898 4596 4782 899 898 4835
1 4596 898 897 4597 4835 898 897 4836
1 4597 897 896 4589 4836 897 896 4828
1 4594 886 891 4598 4833 886 891 4837
1 4598 891 890 4599 4837 891 890 4838
1 4599 890 885 4536 4838 890 885 4776
1 4584 4585 4588 4587 4823 4824 4827 4826
1 4593 4584 4587 4595 4832 4823 4826 4834
1 4588 4600 4597 4589 4827 4839 4836 4828
1 4600 4601 4596 4597 4839 4840 4835 4836
1 4601 4541 4542 4596 4840 4781 4782 4835
1 4599 4536 4507 4602 4838 4776 4747 4841
1 4598 4599 4602 4603 4837 4838 4841 4842
1 4603 4595 4594 4598 4842 4834 4833 4837
1 4541 4601 4604 4540 4781 4840 4843 4780
1 4605 4604 4601 4600 4844 4843 4840 4839
1 4585 4605 4600 4588 4824 4844 4839 4827
1 4604 4606 4538 4540 4843 4845 4778 4780
1 4604 4605 4607 4606 4843 4844 4846 4845
1 4607 4605 4585 4582 4846 4844 4824 4821
1 4607 4582 4580 4608 4846 4821 4819 4847
1 4609 4608 4580 4579 4848 4847 4819 4818
1 4608 4609 4606 4607 4847 4848 4845 4846
1 4609 4539 4538 4606 4848 4779 4778 4845
1 4579 4577 4539 4609 4818 4817 4779 4848
0 4577 4579 4549 0 4817 4818 4789 0
1 4602 4507 4492 4610 4841 4747 4732 4849
1 4603 4602 4610 4611 4842 4841 4849 4850
1 4492 4488 4612 4610 4732 4728 4851 4849
1 4611 4610 4612 4613 4850 4849 4851 4852
1 4613 4612 4614 4615 4852 4851 4853 4854
1 4487 4614 4612 4488 4727 4853 4851 4728
1 4565 4590 4614 4487 4805 4829 4853 4727
1 4591 4615 4614 4590 4830 4854 4853 4829
1 4592 4613 4615 4591 4831 4852 4854 4830
1 4592 4593 4611 4613 4831 4832 4850 4852
1 4595 4603 4611 4593 4834 4842 4850 4832
0 4565 4546 4590 0 4805 4786 4829 0
1 4616 4617 4618 4619 4855 4856 4857 4858
1 4620 4617 4616 4621 4859 4856 4855 4860
1 4621 4622 4623 4620 4860 4861 4862 4859
1 4624 4625 4623 4622 4863 4864 4862 4861
1 4626 4627 4625 4624 4865 4866 4864 4863
1 4626 4628 4629 4627 4865 4867 4868 4866
1 4630 4631 4629 4628 4869 4870 4868 4867
1 4632 4633 4631 4630 4871 4872 4870 4869
1 4634 4635 4633 4632 4873 4874 4872 4871
1 4636 4618 4617 4637 4875 4857 4856 4876
1 4638 4637 4617 4620 4877 4876 4856 4859
1 4623 4639 4638 4620 4862 4878 4877 4859
1 4625 4640 4639 4623 4864 4879 4878 4862
1 4627 4641 4640 4625 4866 4880 4879 4864
1 4642 4641 4627 4629 4881 4880 4866 4868
1 4631 4643 4642 4629 4870 4882 4881 4868
1 4633 4644 4643 4631 4872 4883 4882 4870
1 4644 4633 4635 4645 4883 4872 4874 4884
1 4646 4647 4621 4616 4885 4886 4860 4855
1 4622 4621 4647 4648 4861 4860 4886 4887
1 4647 4649 4650 4648 4886 4888 4889 4887
1 4651 4624 4622 4648 4890 4863 4861 4887
1 4652 4651 4648 4650 4891 4890 4887 4889
1 4626 4624 4651 4653 4865 4863 4890 4892
1 4651 4652 4654 4653 4890 4891 4893 4892
1 4654 4655 4656 4657 4893 4894 4895 4896
1 4658 4655 4654 4652 4897 4894 4893 4891
1 4659 4658 4652 4650 4898 4897 4891 4889
1 4659 4650 4649 4660 4898 4889 4888 4899
1 4619 4618 4661 4662 4858 4857 4900 4901
1 4618 4636 4663 4661 4857 4875 4902 4900
1 4626 4653 4664 4628 4865 4892 4903 4867
1 4653 4654 4657 4664 4892 4893 4896 4903
1 4665 4666 4664 4657 4904 4905 4903 4896
1 4666 4630 4628 4664 4905 4869 4867 4903
1 4630 4666 4667 4632 4869 4905 4906 4871
1 4668 4669 4635 4634 4907 4908 4874 4873
1 4669 4670 4645 4635 4908 4909 4884 4874
1 4632 4667 4668 4634 4871 4906 4907 4873
1 4667 4666 4665 4668 4906 4905 4904 4907
1 4671 4665 4657 4656 4910 4904 4896 4895
1 4672 4668 4665 4671 4911 4907 4904 4910
1 4672 4673 4669 4668 4911 4912 4908 4907
1 4670 4669 4673 4674 4909 4908 4912 4913
1 4646 4616 4619 4675 4885 4855 4858 4914
1 4675 4649 4647 4646 4914 4888 4886 4885
1 4660 4649 4675 4676 4899 4888 4914 4915
1 4619 4662 4676 4675 4858 4901 4915 4914
1 4677 4678 4679 4680 4916 4917 4918 4919
1 4681 4682 4683 4684 4920 4921 4922 4923
1 4685 4677 4680 4686 4924 4916 4919 4925
1 4687 4688 4682 4681 4926 4927 4921 4920
1 4689 4690 4691 4692 4928 4929 4930 4931
1 4693 4694 4690 4689 4932 4933 4929 4928
1 4695 4696 4697 4698 4934 4935 4936 4937
1 4698 4699 4700 4695 4937 4938 4939 4934
1 4699 4701 4702 4700 4938 4940 4941 4939
1 4703 4704 4692 4691 4942 4943 4931 4930
1 4686 4705 4706 4685 4925 4944 4945 4924
1 4687 4707 4708 4688 4926 4946 4947 4927
1 4709 4710 4711 4712 4948 4949 4950 4951
1 4712 4713 4714 4709 4951 4952 4953 4948
1 4715 4714 4713 4716 4954 4953 4952 4955
1 4716 4702 4701 4715 4955 4941 4940 4954
1 4705 4717 4718 4706 4944 4956 4957 4945
1 4710 4718 4717 4711 4949 4957 4956 4950
1 4373 4344 4719 4720 4525 4496 4958 4959
1 4714 4720 4719 4709 4953 4959 4958 4948
1 4719 4344 4343 4721 4958 4496 4495 4960
1 4709 4719 4721 4710 4948 4958 4960 4949
1 4722 4723 4678 4677 4961 4962 4917 4916
1 4724 4722 4677 4685 4963 4961 4916 4924
1 4724 4685 4706 4725 4963 4924 4945 4964
1 4704 4701 4699 4692 4943 4940 4938 4931
1 4689 4692 4699 4698 4928 4931 4938 4937
1 4693 4689 4698 4697 4932 4928 4937 4936
1 4720 4714 4715 4726 4959 4953 4954 4965
1 4704 4726 4715 4701 4943 4965 4954 4940
1 4718 4727 4725 4706 4957 4966 4964 4945
1 4721 4727 4718 4710 4960 4966 4957 4949
1 4350 4352 4728 4729 4502 4504 4967 4968
1 4722 4681 4684 4723 4961 4920 4923 4962
1 4724 4687 4681 4722 4963 4926 4920 4961
1 4687 4724 4725 4707 4926 4963 4964 4946
1 4728 4708 4707 4729 4967 4947 4946 4968
1 4725 4727 4729 4707 4964 4966 4968 4946
1 4347 4350 4729 4727 4499 4502 4968 4966
1 4343 4347 4727 4721 4495 4499 4966 4960
1 4694 4730 4731 4690 4933 4969 4970 4929
1 4690 4731 4732 4691 4929 4970 4971 4930
1 4703 4691 4732 4733 4942 4930 4971 4972
1 4703 4733 4734 4735 4942 4972 4973 4974
1 4367 4370 4735 4734 4519 4522 4974 4973
1 4726 4704 4703 4735 4965 4943 4942 4974
1 4720 4726 4372 4373 4959 4965 4524 4525
1 4370 4372 4726 4735 4522 4524 4965 4974
1 4736 4737 4738 4739 4975 4976 4977 4978
1 4737 4740 4741 4738 4976 4789 4979 4977
1 4742 4743 4739 4738 4980 4981 4978 4977
1 4738 4741 4744 4742 4977 4979 4982 4980
1 4743 4742 4745 4746 4981 4980 4983 4984
1 4747 4745 4742 4744 4985 4983 4980 4982
1 4745 4747 4748 4749 4983 4985 4986 4987
1 4658 4750 4751 4655 4897 4988 4989 4894
1 4752 4751 4750 4753 4990 4989 4988 4991
1 4749 4754 4746 4745 4987 4992 4984 4983
1 4755 4756 4751 4752 4993 4994 4989 4990
1 4655 4751 4756 4656 4894 4989 4994 4895
1 4739 4757 4758 4736 4978 4995 4996 4975
1 4743 4759 4757 4739 4981 4997 4995 4978
1 4746 4760 4759 4743 4984 4998 4997 4981
1 4754 4761 4760 4746 4992 4999 4998 4984
1 4750 4762 4763 4753 4988 5000 5001 4991
1 4658 4659 4762 4750 4897 4898 5000 4988
1 4671 4656 4673 4672 4910 4895 4912 4911
1 4674 4673 4656 4756 4913 4912 4895 4994
1 4764 4674 4756 4755 5002 4913 4994 4993
1 4696 4765 4766 4697 4935 5003 5004 4936
1 4747 4766 4765 4748 4985 5004 5003 4986
1 4766 4747 4744 4767 5004 4985 4982 5005
1 4697 4766 4767 4693 4936 5004 5005 4932
1 4694 4693 4767 4768 4933 4932 5005 5006
1 4741 4768 4767 4744 4979 5006 5005 4982
1 4730 4694 4768 4769 4969 4933 5006 5007
1 4768 4741 4740 4769 5006 4979 4789 5007
1 4676 4662 4659 4660 4915 4901 4898 4899
1 4662 4661 4762 4659 4901 4900 5000 4898
1 4763 4762 4661 4663 5001 5000 4900 4902
1 4678 4760 4761 4679 4917 4998 4999 4918
1 4678 4723 4759 4760 4917 4962 4997 4998
1 4757 4759 4723 4684 4995 4997 4962 4923
1 4758 4757 4684 4683 4996 4995 4923 4922
1 4740 4737 4770 4771 4789 4976 4789 5008
1 4772 4773 4771 4770 5009 5010 5008 4789
1 4774 4775 4773 4772 5011 5012 5010 5009
1 4775 4774 4776 4777 5012 5011 5013 5014
1 4778 4779 4780 4781 5015 5016 5017 5018
1 4781 4780 4359 4362 5018 5017 4511 4514
1 4782 4770 4737 4736 5019 4789 4976 4975
1 4783 4772 4770 4782 5020 5009 4789 5019
1 4784 4774 4772 4783 5021 5011 5009 5020
1 4774 4784 4785 4776 5011 5021 5022 5013
1 4779 4786 4787 4780 5016 5023 5024 5017
1 4357 4359 4780 4787 4509 4511 5017 5024
1 4365 4367 4734 4788 4517 4519 4973 5025
1 4364 4365 4788 4789 4516 4517 5025 5026
1 4362 4364 4789 4781 4514 4516 5026 5018
1 4355 4357 4787 4790 4507 4509 5024 5027
1 4353 4355 4790 4791 4505 4507 5027 5028
1 4352 4353 4791 4728 4504 4505 5028 4967
1 4778 4777 4776 4779 5015 5014 5013 5016
1 4779 4776 4785 4786 5016 5013 5022 5023
1 4789 4792 4778 4781 5026 5029 5015 5018
1 4788 4793 4792 4789 5025 5030 5029 5026
1 4734 4733 4793 4788 4973 4972 5030 5025
1 4708 4728 4791 4794 4947 4967 5028 5031
1 4794 4791 4790 4795 5031 5028 5027 5032
1 4787 4786 4795 4790 5024 5023 5032 5027
1 4796 4793 4733 4732 5033 5030 4972 4971
1 4793 4796 4797 4792 5030 5033 5034 5029
1 4792 4797 4777 4778 5029 5034 5014 5015
1 4731 4798 4796 4732 4970 5035 5033 4971
1 4799 4797 4796 4798 5036 5034 5033 5035
1 4777 4797 4799 4775 5014 5034 5036 5012
1 4773 4775 4799 4800 5010 5012 5036 5037
1 4773 4800 4801 4771 5010 5037 5038 5008
1 4798 4801 4800 4799 5035 5038 5037 5036
1 4731 4730 4801 4798 4970 4969 5038 5035
1 4730 4769 4771 4801 4969 5007 5008 5038
0 4771 4769 4740 0 5008 5007 4789 0
1 4688 4708 4794 4802 4927 4947 5031 5039
1 4802 4794 4795 4803 5039 5031 5032 5040
1 4804 4682 4688 4802 5041 4921 4927 5039
1 4804 4802 4803 4805 5041 5039 5040 5042
1 4806 4804 4805 4807 5043 5041 5042 5044
1 4804 4806 4683 4682 5041 5043 4922 4921
1 4806 4782 4758 4683 5043 5019 4996 4922
1 4806 4807 4783 4782 5043 5044 5020 5019
1 4807 4805 4784 4783 5044 5042 5021 5020
1 4803 4785 4784 4805 5040 5022 5021 5042
1 4803 4795 4786 4785 5040 5032 5023 5022
0 4736 4758 4782 0 4975 4996 5019 0
1 393 396 390 389 393 396 390 389
1 420 393 389 418 420 393 389 418
1 496 420 418 497 496 420 418 497
1 491 496 497 499 491 496 497 499
1 492 491 499 501 492 491 499 501
1 388 387 392 391 388 387 392 391
1 419 392 387 417 419 392 387 417
1 419 417 512 513 419 417 512 513
1 524 523 520 519 524 523 520 519
1 602 601 598 597 602 601 598 597
1 597 608 610 602 597 608 610 602
1 619 610 608 618 619 610 608 618
1 618 623 624 619 618 623 624 619
1 631 624 623 629 631 624 623 629
1 630 631 629 632 630 631 629 632
1 397 400 395 394 397 400 395 394
1 422 397 394 421 422 397 394 421
1 422 421 495 432 422 421 495 432
1 447 432 495 494 447 432 495 494
1 447 494 493 448 447 494 493 448
1 562 561 566 565 562 561 566 565
1 565 596 588 562 565 596 588 562
1 596 595 587 588 596 595 587 588
1 530 534 533 531 530 534 533 531
1 4808 4809 537 416 5045 5046 537 416
1 4808 416 414 4810 5045 416 414 5047
1 4810 414 413 4811 5047 414 413 5048
1 4810 4811 411 410 5047 5048 411 410
1 4808 4810 410 429 5045 5047 410 429
1 429 539 4809 4808 429 539 5046 5045
1 535 545 544 536 535 545 544 536
1 584 583 591 590 584 583 591 590
1 586 584 590 559 586 584 590 559
1 586 559 558 686 586 559 558 686
1 409 412 407 406 409 412 407 406
1 428 409 406 427 428 409 406 427
1 428 427 542 538 428 427 542 538
1 546 538 542 510 546 538 542 510
1 4812 546 510 509 5049 546 510 509
1 4813 4812 509 669 5050 5049 509 669
1 660 662 664 659 660 662 664 659
1 659 658 657 660 659 658 657 660
1 658 551 552 657 658 551 552 657
1 552 551 550 553 552 551 550 553
1 550 690 855 553 550 690 855 553
1 405 408 403 402 405 408 403 402
1 426 405 402 425 426 405 402 425
1 426 425 541 543 426 425 541 543
1 543 541 540 507 543 541 540 507
1 540 504 508 507 540 504 508 507
1 505 508 504 503 505 508 504 503
1 668 505 503 666 668 505 503 666
1 666 665 667 668 666 665 667 668
1 669 667 665 664 669 667 665 664
1 4813 669 664 662 5050 669 664 662
1 4813 662 661 4814 5050 662 661 5051
1 661 663 4815 4814 661 663 5052 5051
1 592 591 544 547 592 591 544 547
1 536 544 591 583 536 544 591 583
1 529 536 583 582 529 536 583 582
1 530 529 582 587 530 529 582 587
1 534 530 587 595 534 530 587 595
1 522 534 595 594 522 534 595 594
1 519 522 594 598 519 522 594 598
1 524 519 598 601 524 519 598 601
1 525 524 601 600 525 524 601 600
1 527 525 600 604 527 525 600 604
1 527 604 606 528 527 604 606 528
1 401 404 399 398 401 404 399 398
1 424 401 398 423 424 401 398 423
1 424 423 431 435 424 423 431 435
1 435 431 464 461 435 431 464 461
1 460 461 464 467 460 461 464 467
1 456 460 467 466 456 460 467 466
1 457 456 466 469 457 456 466 469
1 469 472 4816 457 469 472 5053 457
1 705 566 561 827 705 566 561 827
1 855 858 554 553 855 858 554 553
1 735 734 731 730 735 734 731 730
1 731 734 558 557 731 734 558 557
1 734 733 686 558 734 733 686 558
1 733 737 687 686 733 737 687 686
1 737 726 688 687 737 726 688 687
0 851 688 721 0 851 688 721 0
1 689 688 851 848 689 688 851 848
1 847 848 851 849 847 848 851 849
1 850 851 721 720 850 851 721 720
1 622 621 620 4817 622 621 620 5054
1 620 625 630 4817 620 625 630 5054
1 4815 547 546 4812 5052 547 546 5049
1 526 516 515 514 526 516 515 514
1 523 526 514 513 523 526 514 513
1 523 513 512 520 523 513 512 520
1 521 520 512 511 521 520 512 511
1 533 521 511 537 533 521 511 537
1 531 533 537 4809 531 533 537 5046
1 4809 535 532 531 5046 535 532 531
1 545 535 4809 539 545 535 5046 539
1 538 546 545 539 538 546 545 539
1 500 515 518 502 500 515 518 502
1 592 547 4815 663 592 547 5052 663
1 589 592 663 656 589 592 663 656
1 556 589 656 555 556 589 656 555
1 556 555 554 557 556 555 554 557
1 731 557 554 858 731 557 554 858
1 729 731 858 854 729 731 858 854
1 4814 4815 4812 4813 5051 5052 5049 5050
0 725 688 726 0 725 688 726 0
0 721 688 725 0 721 688 725 0
1 4818 1748 1747 4819 5055 1764 1763 5056
1 4819 1747 1750 4820 5056 1763 1766 5057
1 4820 1750 1752 4821 5057 1766 1768 5058
1 4821 1752 1754 4822 5058 1768 1770 5059
1 4822 1754 1756 4823 5059 1770 1772 5060
1 4823 1756 1758 4824 5060 1772 1774 5061
1 4824 1758 1760 4825 5061 1774 1776 5062
1 4825 1760 1762 4826 5062 1776 1778 5063
1 4826 1762 1764 4827 5063 1778 1780 5064
1 4827 1764 1766 4828 5064 1780 1782 5065
1 4828 1766 1768 4829 5065 1782 1784 5066
1 4829 1768 1770 4830 5066 1784 1786 5067
1 4830 1770 1774 4831 5067 1786 1790 5068
1 4831 1774 1773 4832 5068 1790 1789 5069
1 4832 1773 1776 4833 5069 1789 1792 5070
1 4833 1776 1748 4818 5070 1792 1764 5055
1 4833 4818 1713 1743 5070 5055 1729 1759
1 4832 4833 1743 1740 5069 5070 1759 1756
1 4831 4832 1740 1739 5068 5069 1756 1755
1 4830 4831 1739 1737 5067 5068 1755 1753
1 4829 4830 1737 1735 5066 5067 1753 1751
1 4828 4829 1735 1733 5065 5066 1751 1749
1 4827 4828 1733 1731 5064 5065 1749 1747
1 4826 4827 1731 1729 5063 5064 1747 1745
1 4825 4826 1729 1727 5062 5063 1745 1743
1 4824 4825 1727 1725 5061 5062 1743 1741
1 4823 4824 1725 1723 5060 5061 1741 1739
1 4822 4823 1723 1721 5059 5060 1739 1737
1 4821 4822 1721 1719 5058 5059 1737 1735
1 4820 4821 1719 1717 5057 5058 1735 1733
1 4819 4820 1717 1714 5056 5057 1733 1730
1 4818 4819 1714 1713 5055 5056 1730 1729
1 2054 1992 1991 2055 2142 2080 2079 2143
1 2055 1991 2020 2084 2143 2079 2108 2172
1 2084 2020 2018 2082 2172 2108 2106 2170
1 2082 2018 2017 2080 2170 2106 2105 2168
1 2080 2017 2014 2078 2168 2105 2102 2166
1 2078 2014 2012 2076 2166 2102 2100 2164
1 2076 2012 2010 2074 2164 2100 2098 2162
1 2074 2010 2008 2072 2162 2098 2096 2160
1 2072 2008 2006 2070 2160 2096 2094 2158
1 2070 2006 2004 2068 2158 2094 2092 2156
1 2068 2004 2002 2066 2156 2092 2090 2154
1 2066 2002 2000 2064 2154 2090 2088 2152
1 2064 2000 1998 2062 2152 2088 2086 2150
1 2062 1998 1996 2060 2150 2086 2084 2148
1 2060 1996 1994 2058 2148 2084 2082 2146
1 2058 1994 1992 2054 2146 2082 2080 2142
1 2024 2023 1990 1989 2112 2111 2078 2077
1 2023 2052 2019 1990 2111 2140 2107 2078
1 2052 2050 2015 2019 2140 2138 2103 2107
1 2050 2049 2016 2015 2138 2137 2104 2103
1 2049 2046 2013 2016 2137 2134 2101 2104
1 2046 2044 2011 2013 2134 2132 2099 2101
1 2044 2042 2009 2011 2132 2130 2097 2099
1 2042 2040 2007 2009 2130 2128 2095 2097
1 2040 2038 2005 2007 2128 2126 2093 2095
1 2038 2036 2003 2005 2126 2124 2091 2093
1 2036 2034 2001 2003 2124 2122 2089 2091
1 2034 2032 1999 2001 2122 2120 2087 2089
1 2032 2030 1997 1999 2120 2118 2085 2087
1 2030 2028 1995 1997 2118 2116 2083 2085
1 2028 2026 1993 1995 2116 2114 2081 2083
1 2026 2024 1989 1993 2114 2112 2077 2081
1 4680 4679 4663 4636 4919 4918 4902 4875
1 4663 4679 4761 4763 4902 4918 4999 5001
1 4753 4763 4761 4754 4991 5001 4999 4992
1 4752 4753 4754 4749 4990 4991 4992 4987
1 4752 4749 4748 4755 4990 4987 4986 4993
1 4755 4748 4765 4764 4993 4986 5003 5002
1 4674 4764 4765 4696 4913 5002 5003 4935
1 4670 4674 4696 4695 4909 4913 4935 4934
1 4695 4700 4645 4670 4934 4939 4884 4909
1 4700 4702 4644 4645 4939 4941 4883 4884
1 4643 4644 4702 4716 4882 4883 4941 4955
1 4716 4713 4642 4643 4955 4952 4881 4882
1 4641 4642 4713 4712 4880 4881 4952 4951
1 4641 4712 4711 4640 4880 4951 4950 4879
1 4711 4717 4639 4640 4950 4956 4878 4879
1 4638 4639 4717 4705 4877 4878 4956 4944
1 4637 4638 4705 4686 4876 4877 4944 4925
1 4686 4680 4636 4637 4925 4919 4875 4876
1 4520 4523 4486 4485 4760 4763 4726 4725
1 4568 4520 4485 4570 4808 4760 4725 4810
1 4568 4570 4563 4554 4808 4810 4803 4794
1 4554 4563 4557 4553 4794 4803 4797 4793
1 4555 4553 4557 4556 4795 4793 4797 4796
1 4574 4555 4556 4573 4814 4795 4796 4813
1 4574 4573 4501 4531 4814 4813 4741 4771
1 4531 4501 4500 4530 4771 4741 4740 4770
1 4528 4530 4500 4502 4768 4770 4740 4742
1 4529 4528 4502 4503 4769 4768 4742 4743
1 4529 4503 4512 4532 4769 4743 4752 4772
1 4516 4532 4512 4511 4756 4772 4752 4751
1 4516 4511 4510 4517 4756 4751 4750 4757
1 4519 4517 4510 4509 4759 4757 4750 4749
1 4535 4519 4509 4513 4775 4759 4749 4753
1 4535 4513 4506 4526 4775 4753 4746 4766
1 4526 4506 4491 4525 4766 4746 4731 4765
1 4523 4525 4491 4486 4763 4765 4731 4726
1 458 457 4816 696 458 457 5053 696
1 476 446 445 477 476 446 445 477
1 617 633 636 628 617 633 636 628
1 4417 4834 679 681 4649 5071 679 681
1 4412 4835 4834 4417 4644 5072 5071 4649
1 683 675 4836 4405 683 675 5073 4637
1 4835 4412 4405 4836 5072 4644 4637 5073
1 637 580 549 640 637 580 549 640
1 637 640 648 638 637 640 648 638
1 4837 4838 4839 4840 5074 5075 5076 5077
1 4841 4837 4840 4842 5078 5074 5077 5079
1 4838 4843 4844 4839 5075 5080 5081 5076
1 4843 4845 4846 4844 5080 5082 5083 5081
1 4845 4847 4848 4846 5082 5084 5085 5083
1 4847 4849 4850 4848 5084 5086 5087 5085
1 4849 4851 4852 4850 5086 5088 5089 5087
1 4851 4853 4854 4852 5088 5090 5091 5089
1 4853 4855 4856 4854 5090 5092 5093 5091
1 4855 4857 4858 4856 5092 5094 5095 5093
1 4859 4858 4857 4860 5096 5095 5094 5097
1 4860 4861 4862 4859 5097 5098 5099 5096
1 4863 4862 4861 4864 5100 5099 5098 5101
1 4864 4865 4866 4863 5101 5102 5103 5100
1 4865 4867 4868 4866 5102 5104 5105 5103
1 4867 4841 4842 4868 5104 5078 5079 5105
1 385 388 4838 4837 385 388 5075 5074
1 413 385 4837 4841 413 385 5074 5078
1 4811 413 4841 4867 5048 413 5078 5104
1 411 4811 4867 4865 411 5048 5104 5102
1 412 411 4865 4864 412 411 5102 5101
1 4864 4861 407 412 5101 5098 407 412
1 408 407 4861 4860 408 407 5098 5097
1 4860 4857 403 408 5097 5094 403 408
1 404 403 4857 4855 404 403 5094 5092
1 399 404 4855 4853 399 404 5092 5090
1 400 399 4853 4851 400 399 5090 5088
1 395 400 4851 4849 395 400 5088 5086
1 396 395 4849 4847 396 395 5086 5084
1 390 396 4847 4845 390 396 5084 5082
1 391 390 4845 4843 391 390 5082 5080
1 388 391 4843 4838 388 391 5080 5075
1 4869 4870 4871 4872 5106 5107 5108 5109
1 4873 4874 4875 4876 5110 5111 5112 5113
1 4877 4878 4879 4880 5114 5115 5116 5117
1 4881 4882 4883 4884 5118 5119 5120 5121
1 4885 4886 4887 4888 5122 5123 5124 5125
1 4889 4890 4891 4892 5126 5127 5128 5129
1 4893 4894 4895 4896 5130 5131 5132 5133
1 4897 4871 4870 4898 5134 5108 5107 5135
1 4898 4870 4899 4900 5135 5107 5136 5137
1 4869 4901 4899 4870 5106 5138 5136 5107
1 4876 4875 4902 4903 5113 5112 5139 5140
1 4878 4904 4905 4879 5115 5141 5142 5116
1 4882 4906 4907 4883 5119 5143 5144 5120
1 4886 4908 4909 4887 5123 5145 5146 5124
1 4890 4910 4911 4891 5127 5147 5148 5128
1 4894 4912 4913 4895 5131 5149 5150 5132
1 4914 4915 4907 4906 5151 5152 5144 5143
1 4916 4917 4907 4915 5153 5154 5144 5152
1 4918 4909 4919 4920 5155 5146 5156 5157
1 4920 4919 4921 4922 5157 5156 5158 5159
1 4923 4924 4922 4921 5160 5161 5159 5158
1 4925 4926 4924 4923 5162 5163 5161 5160
1 4926 4925 4927 4928 5163 5162 5164 5165
1 4929 4930 445 448 5166 5167 445 448
1 4928 4927 449 450 5165 5164 449 450
1 4924 4931 4932 4922 5161 5168 5169 5159
1 4933 4934 4935 4932 5170 5171 5172 5169
1 4932 4935 4920 4922 5169 5172 5157 5159
1 4936 4937 4938 4939 5173 5174 5175 5176
1 4940 4934 4939 4938 5177 5171 5176 5175
1 4934 4940 4941 4935 5171 5177 5178 5172
1 4920 4935 4941 4918 5157 5172 5178 5155
1 4942 4916 4915 4943 5179 5153 5152 5180
1 4944 4943 4915 4914 5181 5180 5152 5151
1 4945 4946 4947 4948 5182 5183 5184 5185
1 4944 4945 4948 4943 5181 5182 5185 5180
1 4947 4946 4949 4950 5184 5183 5186 5187
1 472 471 4950 4949 472 471 5187 5186
1 4951 4942 4943 4948 5188 5179 5180 5185
1 4952 4953 474 477 5189 5190 474 477
1 4948 4947 4954 4951 5185 5184 5191 5188
1 4954 4947 4950 4955 5191 5184 5187 5192
1 4955 4950 471 480 5192 5187 471 480
1 4923 4956 4957 4925 5160 5193 5194 5162
1 4958 4927 4925 4957 5195 5164 5162 5194
1 4927 4958 484 449 5164 5195 484 449
1 480 486 4959 4955 480 486 5196 5192
1 4955 4959 4960 4954 5192 5196 5197 5191
1 4929 4917 4916 4930 5166 5154 5153 5167
1 4930 4916 4942 4952 5167 5153 5179 5189
1 4952 4942 4951 4953 5189 5179 5188 5190
1 488 474 4953 4961 488 474 5190 5198
1 486 488 4961 4959 486 488 5198 5196
1 4959 4961 4962 4960 5196 5198 5199 5197
1 4951 4962 4961 4953 5188 5199 5198 5190
1 4951 4954 4960 4962 5188 5191 5197 5199
1 493 492 4963 4964 493 492 5200 5201
1 4965 4964 4963 4966 5202 5201 5200 5203
1 4965 4966 4905 4904 5202 5203 5142 5141
1 4903 4902 4967 4968 5140 5139 5204 5205
1 4968 4967 4969 4970 5205 5204 5206 5207
1 4970 4969 501 502 5207 5206 501 502
1 4971 4972 4956 4923 5208 5209 5193 5160
1 4973 4974 4975 4976 5210 5211 5212 5213
1 4977 4978 4974 4973 5214 5215 5211 5210
1 4901 4979 4980 4899 5138 5216 5217 5136
1 4981 4982 4903 4968 5218 5219 5140 5205
1 4983 4981 4968 4970 5220 5218 5205 5207
1 518 517 4984 4983 518 517 5221 5220
1 4985 4986 4987 4988 5222 5223 5224 5225
1 4989 4990 4991 4992 5226 5227 5228 5229
1 4993 4989 4992 4984 5230 5226 5229 5221
1 4984 517 528 4993 5221 517 528 5230
1 4994 4995 4996 4997 5231 5232 5233 5234
1 4998 4985 4988 4999 5235 5222 5225 5236
1 5000 5001 4997 4996 5237 5238 5234 5233
1 4980 5002 4900 4899 5217 5239 5137 5136
1 4912 5003 5004 4913 5149 5240 5241 5150
1 4971 4923 4921 5005 5208 5160 5158 5242
1 5006 4919 4909 4908 5243 5156 5146 5145
1 5005 4921 4919 5006 5242 5158 5156 5243
1 5007 5008 4977 4973 5244 5245 5214 5210
1 5008 5007 4911 4910 5245 5244 5148 5147
1 5009 5010 5011 5012 5246 5247 5248 5249
1 5013 5014 5015 5016 5250 5251 5252 5253
1 5017 5018 5019 5020 5254 5255 5256 5257
1 5021 5022 5023 5024 5258 5259 5260 5261
1 5025 5026 5027 5028 5262 5263 5264 5265
1 5029 5030 5031 5032 5266 5267 5268 5269
1 5033 5034 5032 5031 5270 5271 5269 5268
1 5035 5036 5034 5033 5272 5273 5271 5270
1 5037 5038 5036 5035 5274 5275 5273 5272
1 5038 5037 5039 5040 5275 5274 5276 5277
1 5041 5042 5043 5044 5278 5279 5280 5281
0 5045 5046 5014 0 5282 5283 5251 0
1 5045 5042 5041 5046 5282 5279 5278 5283
1 5040 5039 5044 5043 5277 5276 5281 5280
1 5047 5048 5049 5050 5284 5285 5286 5287
1 5050 5028 5051 5047 5287 5265 5288 5284
1 5050 5049 5052 5053 5287 5286 5289 5290
1 5053 5025 5028 5050 5290 5262 5265 5287
1 5054 5055 5056 5057 5291 5292 5293 5294
1 5056 5055 5024 5023 5293 5292 5261 5260
1 5058 5059 5060 5061 5295 5296 5297 5298
1 5059 5062 5063 5060 5296 5299 5300 5297
1 5064 5065 5066 5067 5301 5302 5303 5304
1 5065 5068 5069 5066 5302 5305 5306 5303
1 606 605 5069 5068 606 605 5306 5305
1 5061 5060 5031 5030 5298 5297 5268 5267
1 5070 5071 5060 5063 5307 5308 5297 5300
1 5067 5066 5072 5073 5304 5303 5309 5310
1 5066 5069 5074 5072 5303 5306 5311 5309
1 5069 605 612 5074 5306 605 612 5311
1 5060 5071 5075 5031 5297 5308 5312 5268
1 5031 5075 5076 5033 5268 5312 5313 5270
1 5033 5076 5077 5035 5270 5313 5314 5272
1 5035 5077 5078 5037 5272 5314 5315 5274
1 5037 5078 5079 5039 5274 5315 5316 5276
1 5071 5070 5080 5075 5308 5307 5317 5312
1 5081 5082 5073 5072 5318 5319 5310 5309
1 5072 5074 5083 5081 5309 5311 5320 5318
1 5074 612 622 5083 5311 612 622 5320
1 5084 5076 5075 5080 5321 5313 5312 5317
1 5085 5086 5082 5081 5322 5323 5319 5318
1 5077 627 626 5078 5314 627 626 5315
1 5078 626 628 5079 5315 626 628 5316
1 5076 5084 5087 5077 5313 5321 5324 5314
1 5086 5085 630 5088 5323 5322 630 5325
1 5087 632 627 5077 5324 632 627 5314
1 5039 5079 5089 5044 5276 5316 5326 5281
1 5090 5041 5044 5089 5327 5278 5281 5326
1 5089 636 635 5090 5326 636 635 5327
1 5046 5041 5090 5091 5283 5278 5327 5328
1 5091 5090 635 638 5328 5327 635 638
1 5014 5092 5093 5015 5251 5329 5330 5252
1 5094 5095 5015 5093 5331 5332 5252 5330
1 5095 5094 5096 5097 5332 5331 5333 5334
1 5098 5099 5097 5096 5335 5336 5334 5333
1 4957 4956 5099 5098 5194 5193 5336 5335
1 648 647 5093 5092 648 647 5330 5329
1 649 5094 5093 647 649 5331 5330 647
1 5100 5096 5094 5101 5337 5333 5331 5338
1 5101 5094 649 652 5338 5331 649 652
1 5102 5098 5096 5100 5339 5335 5333 5337
1 655 654 5098 5102 655 654 5335 5339
1 4957 5098 654 4958 5194 5335 654 5195
1 5103 5020 5019 5104 5340 5257 5256 5341
1 5016 5015 5095 5105 5253 5252 5332 5342
1 5105 5095 5097 5106 5342 5332 5334 5343
1 5107 5104 5108 5109 5344 5341 5345 5346
1 5110 5103 5104 5107 5347 5340 5341 5344
1 5111 5112 5106 5097 5348 5349 5343 5334
1 5111 5097 5099 5113 5348 5334 5336 5350
1 4956 4972 5113 5099 5193 5209 5350 5336
1 4975 4974 5114 5115 5212 5211 5351 5352
1 4974 4978 5116 5114 5211 5215 5353 5351
1 5101 652 670 5117 5338 652 670 5354
1 5117 5118 5100 5101 5354 5355 5337 5338
1 5118 5119 5102 5100 5355 5356 5339 5337
1 674 655 5102 5119 674 655 5339 5356
1 675 674 5119 4836 675 674 5356 5073
1 4836 5119 5118 4835 5073 5356 5355 5072
1 670 679 4834 5117 670 679 5071 5354
1 4835 5118 5117 4834 5072 5355 5354 5071
1 5120 5121 5051 5027 5357 5358 5288 5264
1 5122 5051 5121 5123 5359 5288 5358 5360
1 5121 5120 5124 5123 5358 5357 5361 5360
1 5125 5045 5014 5013 5362 5282 5251 5250
1 4931 4924 4926 5126 5168 5161 5163 5363
1 5126 4926 4928 5127 5363 5163 5165 5364
1 450 693 5127 4928 450 693 5364 5165
1 4934 4933 5128 4939 5171 5170 5365 5176
1 4939 5128 5129 4936 5176 5365 5366 5173
1 697 696 4936 5129 697 696 5173 5366
0 4931 5130 4932 0 5168 5367 5169 0
0 5130 4933 4932 0 5367 5170 5169 0
1 5130 5131 5128 4933 5367 5368 5365 5170
1 4931 5126 5131 5130 5168 5363 5368 5367
1 5131 5132 5129 5128 5368 5369 5366 5365
1 5126 5127 5132 5131 5363 5364 5369 5368
1 5132 701 697 5129 5369 701 697 5366
1 5127 693 701 5132 5364 693 701 5369
1 5027 5026 5133 5134 5264 5263 5370 5371
1 5029 5032 5135 5136 5266 5269 5372 5373
1 5032 5034 5137 5135 5269 5271 5374 5372
1 5034 5036 5138 5139 5271 5273 5375 5376
0 5036 5140 5141 0 5273 5377 5378 0
0 5038 5142 5143 0 5275 5379 5380 0
0 5043 5144 5145 0 5280 5381 5382 0
1 5045 5146 5147 5042 5282 5383 5384 5279
0 5040 5148 5149 0 5277 5385 5386 0
1 5120 5027 5134 5150 5357 5264 5371 5387
1 5151 5152 5153 5154 5388 5389 5390 5391
1 5155 5156 5157 5158 5392 5393 5394 5395
0 5045 5159 5146 0 5282 5396 5383 0
0 5160 5161 5162 0 5397 5398 5399 0
1 5163 5164 5165 5166 5400 5401 5402 5403
1 5164 5167 5168 5165 5401 5404 5405 5402
1 5167 5155 5169 5170 5404 5392 5406 5407
1 5171 5172 5173 5174 5408 5409 5410 5411
1 5175 5176 5177 5178 5412 5413 5414 5415
1 5179 5180 5181 5182 5416 5417 5418 5419
1 5183 5184 5185 5186 5420 5421 5422 5423
1 5187 5188 5189 5190 5424 5425 5426 5427
1 5191 5192 5193 5194 5428 5429 5430 5431
1 5195 5196 5197 5198 5432 5433 5434 5435
1 5199 5200 5201 5202 5436 5437 5438 5439
1 5203 5204 5205 5206 5440 5441 5442 5443
1 5207 5208 5209 5210 5444 5445 5446 5447
1 5211 5212 5213 5214 5448 5449 5450 5451
1 5215 5216 5217 5218 5452 5453 5454 5455
1 5219 5220 5221 5222 5456 5457 5458 5459
1 5223 5224 5225 5226 5460 5461 5462 5463
1 5227 5228 5229 5230 5464 5465 5466 5467
1 5231 5232 5233 5234 5468 5469 5470 5471
1 5235 5236 5237 5238 5472 5473 5474 5475
1 5239 5196 5240 5241 5476 5433 5477 5478
1 5195 5192 5242 5243 5432 5429 5479 5480
1 5191 5188 5244 5245 5428 5425 5481 5482
1 5187 5184 5246 5247 5424 5421 5483 5484
1 5183 5180 5248 5249 5420 5417 5485 5486
1 5179 5176 5250 5251 5416 5413 5487 5488
1 5175 5172 5252 5253 5412 5409 5489 5490
1 5254 5255 5256 5257 5491 5492 5493 5494
0 5258 5133 5026 0 5495 5370 5263 0
1 5259 5260 5133 5258 5496 5497 5370 5495
1 5203 5134 5133 5260 5440 5371 5370 5497
1 5261 5262 5136 5135 5498 5499 5373 5372
1 5259 5258 5136 5262 5496 5495 5373 5499
0 5139 5137 5034 0 5376 5374 5271 0
1 5263 5264 5137 5139 5500 5501 5374 5376
1 5261 5135 5137 5264 5498 5372 5374 5501
0 5141 5138 5036 0 5378 5375 5273 0
1 5265 5266 5138 5141 5502 5503 5375 5378
1 5263 5139 5138 5266 5500 5376 5375 5503
1 5038 5143 5140 5036 5275 5380 5377 5273
1 5267 5268 5140 5143 5504 5505 5377 5380
1 5265 5141 5140 5268 5502 5378 5377 5505
1 5040 5149 5142 5038 5277 5386 5379 5275
1 5269 5270 5142 5149 5506 5507 5379 5386
1 5267 5143 5142 5270 5504 5380 5379 5507
1 5042 5271 5144 5043 5279 5508 5381 5280
1 5272 5273 5144 5271 5509 5510 5381 5508
1 5274 5145 5144 5273 5511 5382 5381 5510
1 5235 5238 5147 5146 5472 5475 5384 5383
1 5272 5271 5147 5238 5509 5508 5384 5475
0 5042 5147 5271 0 5279 5384 5508 0
1 5043 5145 5148 5040 5280 5382 5385 5277
1 5274 5275 5148 5145 5511 5512 5385 5382
1 5269 5149 5148 5275 5506 5386 5385 5512
1 5203 5206 5150 5134 5440 5443 5387 5371
1 5276 5277 5150 5206 5513 5514 5387 5443
1 5120 5277 5278 5279 5357 5514 5515 5516
1 5276 5208 5278 5277 5513 5445 5515 5514
1 5207 5280 5278 5208 5444 5517 5515 5445
0 5280 5281 5282 0 5517 5518 5519 0
1 5207 5212 5281 5280 5444 5449 5518 5517
1 5211 5153 5281 5212 5448 5390 5518 5449
1 5211 5216 5154 5153 5448 5453 5391 5390
1 5215 5151 5154 5216 5452 5388 5391 5453
1 5152 5151 5283 5156 5389 5388 5520 5393
1 5215 5220 5283 5151 5452 5457 5520 5388
1 5219 5284 5283 5220 5456 5521 5520 5457
1 5157 5156 5283 5284 5394 5393 5520 5521
1 5219 5224 5157 5284 5456 5461 5394 5521
1 5223 5158 5157 5224 5460 5395 5394 5461
0 5285 5286 5159 0 5522 5523 5396 0
1 5287 5288 5159 5286 5524 5525 5396 5523
1 5235 5146 5159 5288 5472 5383 5396 5525
1 5254 5257 5161 5160 5491 5494 5398 5397
1 5287 5286 5161 5257 5524 5523 5398 5494
0 5285 5289 5286 0 5522 5526 5523 0
1 5231 5255 5166 5165 5468 5492 5403 5402
1 5254 5160 5166 5255 5491 5397 5403 5492
0 5170 5168 5167 0 5407 5405 5404 0
1 5227 5232 5168 5170 5464 5469 5405 5407
1 5231 5165 5168 5232 5468 5402 5405 5469
0 5158 5169 5155 0 5395 5406 5392 0
1 5223 5228 5169 5158 5460 5465 5406 5395
1 5227 5170 5169 5228 5464 5407 5406 5465
1 5175 5178 5173 5172 5412 5415 5410 5409
1 5290 5291 5173 5178 5527 5528 5410 5415
1 5292 5174 5173 5291 5529 5411 5410 5528
1 5179 5182 5177 5176 5416 5419 5414 5413
1 5293 5294 5177 5182 5530 5531 5414 5419
1 5290 5178 5177 5294 5527 5415 5414 5531
1 5183 5186 5181 5180 5420 5423 5418 5417
1 5295 5296 5181 5186 5532 5533 5418 5423
1 5293 5182 5181 5296 5530 5419 5418 5533
1 5187 5190 5185 5184 5424 5427 5422 5421
1 5297 5298 5185 5190 5534 5535 5422 5427
1 5295 5186 5185 5298 5532 5423 5422 5535
1 5191 5194 5189 5188 5428 5431 5426 5425
1 5299 5300 5189 5194 5536 5537 5426 5431
1 5297 5190 5189 5300 5534 5427 5426 5537
1 5195 5198 5193 5192 5432 5435 5430 5429
1 5301 5302 5193 5198 5538 5539 5430 5435
1 5299 5194 5193 5302 5536 5431 5430 5539
1 5239 5200 5197 5196 5476 5437 5434 5433
1 5199 5303 5197 5200 5436 5540 5434 5437
1 5301 5198 5197 5303 5538 5435 5434 5540
1 5239 5236 5201 5200 5476 5473 5438 5437
1 5235 5288 5201 5236 5472 5525 5438 5473
1 5287 5202 5201 5288 5524 5439 5438 5525
1 5171 5174 5205 5204 5408 5411 5442 5441
1 5292 5304 5205 5174 5529 5541 5442 5411
1 5276 5206 5205 5304 5513 5443 5442 5541
1 5276 5304 5209 5208 5513 5541 5446 5445
1 5292 5291 5209 5304 5529 5528 5446 5541
1 5290 5210 5209 5291 5527 5447 5446 5528
1 5207 5210 5213 5212 5444 5447 5450 5449
1 5290 5294 5213 5210 5527 5531 5450 5447
1 5293 5214 5213 5294 5530 5451 5450 5531
1 5211 5214 5217 5216 5448 5451 5454 5453
1 5293 5296 5217 5214 5530 5533 5454 5451
1 5295 5218 5217 5296 5532 5455 5454 5533
1 5215 5218 5221 5220 5452 5455 5458 5457
1 5295 5298 5221 5218 5532 5535 5458 5455
1 5297 5222 5221 5298 5534 5459 5458 5535
1 5219 5222 5225 5224 5456 5459 5462 5461
1 5297 5300 5225 5222 5534 5537 5462 5459
1 5299 5226 5225 5300 5536 5463 5462 5537
1 5223 5226 5229 5228 5460 5463 5466 5465
1 5299 5302 5229 5226 5536 5539 5466 5463
1 5301 5230 5229 5302 5538 5467 5466 5539
1 5227 5230 5233 5232 5464 5467 5470 5469
1 5301 5303 5233 5230 5538 5540 5470 5467
1 5199 5234 5233 5303 5436 5471 5470 5540
1 5239 5241 5237 5236 5476 5478 5474 5473
1 5274 5273 5237 5241 5511 5510 5474 5478
1 5272 5238 5237 5273 5509 5475 5474 5510
1 5195 5243 5240 5196 5432 5480 5477 5433
1 5269 5275 5240 5243 5506 5512 5477 5480
1 5274 5241 5240 5275 5511 5478 5477 5512
1 5191 5245 5242 5192 5428 5482 5479 5429
1 5267 5270 5242 5245 5504 5507 5479 5482
1 5269 5243 5242 5270 5506 5480 5479 5507
1 5187 5247 5244 5188 5424 5484 5481 5425
1 5265 5268 5244 5247 5502 5505 5481 5484
1 5267 5245 5244 5268 5504 5482 5481 5505
1 5183 5249 5246 5184 5420 5486 5483 5421
1 5263 5266 5246 5249 5500 5503 5483 5486
1 5265 5247 5246 5266 5502 5484 5483 5503
1 5179 5251 5248 5180 5416 5488 5485 5417
1 5261 5264 5248 5251 5498 5501 5485 5488
1 5263 5249 5248 5264 5500 5486 5485 5501
1 5175 5253 5250 5176 5412 5490 5487 5413
1 5259 5262 5250 5253 5496 5499 5487 5490
1 5261 5251 5250 5262 5498 5488 5487 5499
1 5171 5204 5252 5172 5408 5441 5489 5409
1 5203 5260 5252 5204 5440 5497 5489 5441
1 5259 5253 5252 5260 5496 5490 5489 5497
1 5231 5234 5256 5255 5468 5471 5493 5492
1 5199 5202 5256 5234 5436 5439 5493 5471
1 5287 5257 5256 5202 5524 5494 5493 5439
0 5120 5150 5277 0 5357 5387 5514 0
1 5045 5125 5285 5159 5282 5362 5522 5396
1 4874 4880 4879 4875 5111 5117 5116 5112
1 4875 4879 4905 4902 5112 5116 5142 5139
1 4902 4905 4966 4967 5139 5142 5203 5204
1 4967 4966 4963 4969 5204 5203 5200 5206
1 4969 4963 492 501 5206 5200 492 501
1 4876 4869 4872 4873 5113 5106 5109 5110
1 4869 4876 4903 4901 5106 5113 5140 5138
1 4979 4901 4903 4982 5216 5138 5140 5219
1 4986 4991 4990 4987 5223 5228 5227 5224
1 5062 5064 5067 5063 5299 5301 5304 5300
1 5073 5070 5063 5067 5310 5307 5300 5304
1 5070 5073 5082 5080 5307 5310 5319 5317
1 5086 5084 5080 5082 5323 5321 5317 5319
1 5084 5086 5088 5087 5321 5323 5325 5324
1 5087 5088 630 632 5324 5325 630 632
1 4877 4884 4883 4878 5114 5121 5120 5115
1 4878 4883 4907 4904 5115 5120 5144 5141
1 4965 4904 4907 4917 5202 5141 5144 5154
1 4965 4917 4929 4964 5202 5154 5166 5201
1 493 4964 4929 448 493 5201 5166 448
1 5029 5026 5025 5030 5266 5263 5262 5267
1 5053 5061 5030 5025 5290 5298 5267 5262
1 5052 5058 5061 5053 5289 5295 5298 5290
1 4998 4999 4995 4994 5235 5236 5232 5231
1 5002 5305 5306 4900 5239 5542 5543 5137
1 4898 4900 5306 5307 5135 5137 5543 5544
1 4897 4898 5307 5308 5134 5135 5544 5545
1 4893 5308 5307 4894 5130 5545 5544 5131
1 4894 5307 5306 4912 5131 5544 5543 5149
1 5305 5003 4912 5306 5542 5240 5149 5543
1 5011 5010 5001 5000 5248 5247 5238 5237
1 5054 5048 5047 5055 5291 5285 5284 5292
1 5055 5047 5051 5024 5292 5284 5288 5261
1 5021 5024 5051 5122 5258 5261 5288 5359
1 4889 4896 4895 4890 5126 5133 5132 5127
1 4890 4895 4913 4910 5127 5132 5150 5147
1 5008 4910 4913 5004 5245 5147 5150 5241
1 5008 5004 5009 4977 5245 5241 5246 5214
1 4977 5009 5309 4978 5214 5246 5546 5215
1 4978 5309 5310 5116 5215 5546 5547 5353
1 5112 5109 5108 5106 5349 5346 5345 5343
1 5104 5105 5106 5108 5341 5342 5343 5345
1 5019 5016 5105 5104 5256 5253 5342 5341
1 5013 5016 5019 5018 5250 5253 5256 5255
1 5285 5125 5013 5018 5522 5362 5250 5255
1 4885 4892 4891 4886 5122 5129 5128 5123
1 4886 4891 4911 4908 5123 5128 5148 5145
1 5006 4908 4911 5007 5243 5145 5148 5244
1 5005 5006 5007 4973 5242 5243 5244 5210
1 4976 4971 5005 4973 5213 5208 5242 5210
1 4971 4976 4975 4972 5208 5213 5212 5209
1 4972 4975 5115 5113 5209 5212 5352 5350
1 5114 5111 5113 5115 5351 5348 5350 5352
1 5111 5114 5116 5112 5348 5351 5353 5349
1 5112 5116 5310 5109 5349 5353 5547 5346
1 5107 5109 5310 5311 5344 5346 5547 5548
1 5312 5110 5107 5311 5549 5347 5344 5548
1 5011 5054 5057 5012 5248 5291 5294 5249
1 5054 5011 5000 5048 5291 5248 5237 5285
1 5048 5000 4996 5049 5285 5237 5233 5286
1 5049 4996 4995 5052 5286 5233 5232 5289
1 5052 4995 4999 5058 5289 5232 5236 5295
1 5058 4999 4988 5059 5295 5236 5225 5296
1 5059 4988 4987 5062 5296 5225 5224 5299
1 5062 4987 4990 5064 5299 5224 5227 5301
1 5064 4990 4989 5065 5301 5227 5226 5302
1 5065 4989 4993 5068 5302 5226 5230 5305
1 606 5068 4993 528 606 5305 5230 528
1 4881 4888 4887 4882 5118 5125 5124 5119
1 4882 4887 4909 4906 5119 5124 5146 5143
1 4914 4906 4909 4918 5151 5143 5146 5155
1 4944 4914 4918 4941 5181 5151 5155 5178
1 4944 4941 4940 4945 5181 5178 5177 5182
1 4945 4940 4938 4946 5182 5177 5175 5183
1 4946 4938 4937 4949 5183 5175 5174 5186
1 4816 472 4949 4937 5053 472 5186 5174
1 5026 5029 5136 5258 5263 5266 5373 5495
1 5017 5289 5285 5018 5254 5526 5522 5255
1 5162 5163 5166 5160 5399 5400 5403 5397
1 5021 5163 5162 5022 5258 5400 5399 5259
1 5122 5164 5163 5021 5359 5401 5400 5258
1 5123 5167 5164 5122 5360 5404 5401 5359
1 5124 5155 5167 5123 5361 5392 5404 5360
0 5124 5282 5152 0 5361 5519 5389 0
1 5282 5124 5120 5279 5519 5361 5357 5516
1 5282 5279 5278 5280 5519 5516 5515 5517
1 5152 5282 5281 5153 5389 5519 5518 5390
1 5081 5083 622 4817 5318 5320 622 5054
1 630 5085 5081 4817 630 5322 5318 5054
1 5009 5012 5312 5309 5246 5249 5549 5546
1 4983 4984 4992 4981 5220 5221 5229 5218
1 4981 4992 4991 4982 5218 5229 5228 5219
1 4979 4982 4991 4986 5216 5219 5228 5223
1 4979 4986 4985 4980 5216 5223 5222 5217
1 4980 4985 4998 5002 5217 5222 5235 5239
1 5002 4998 4994 5305 5239 5235 5231 5542
1 4997 5001 5305 4994 5234 5238 5542 5231
1 5305 5001 5010 5003 5542 5238 5247 5240
1 5010 5009 5004 5003 5247 5246 5241 5240
1 518 4983 4970 502 518 5220 5207 502
1 5312 5012 5057 5110 5549 5249 5294 5347
1 5110 5057 5056 5103 5347 5294 5293 5340
1 5103 5056 5023 5020 5340 5293 5260 5257
1 5017 5020 5023 5022 5254 5257 5260 5259
1 5017 5022 5162 5289 5254 5259 5399 5526
1 5289 5162 5161 5286 5526 5399 5398 5523
1 5309 5312 5311 5310 5546 5549 5548 5547
0 5124 5156 5155 0 5361 5393 5392 0
0 5124 5152 5156 0 5361 5389 5393 0
1 4816 4937 4936 696 5053 5174 5173 696
1 445 4930 4952 477 445 5167 5189 477
1 636 5089 5079 628 636 5326 5316 628
1 5014 5046 5091 5092 5251 5283 5328 5329
1 648 5092 5091 638 648 5329 5328 638
1 5313 5314 5315 5316 5550 5551 5552 5553
1 5316 5315 5317 5318 5553 5552 5554 5555
1 5319 5320 5314 5313 5556 5557 5551 5550
1 5321 5322 5320 5319 5558 5559 5557 5556
1 5323 5324 5322 5321 5560 5561 5559 5558
1 5325 5326 5324 5323 5562 5563 5561 5560
1 5327 5328 5326 5325 5564 5565 5563 5562
1 5329 5330 5328 5327 5566 5567 5565 5564
1 5331 5332 5330 5329 5568 5569 5567 5566
1 5333 5334 5332 5331 5570 5571 5569 5568
1 5334 5333 5335 5336 5571 5570 5572 5573
1 5337 5338 5336 5335 5574 5575 5573 5572
1 5338 5337 5339 5340 5575 5574 5576 5577
1 5341 5342 5340 5339 5578 5579 5577 5576
1 5343 5344 5342 5341 5580 5581 5579 5578
1 5318 5317 5344 5343 5555 5554 5581 5580
1 5314 4872 4871 5315 5551 5109 5108 5552
1 5315 4871 4897 5317 5552 5108 5134 5554
1 5317 4897 5308 5344 5554 5134 5545 5581
1 5344 5308 4893 5342 5581 5545 5130 5579
1 5342 4893 4896 5340 5579 5130 5133 5577
1 4889 5338 5340 4896 5126 5575 5577 5133
1 5338 4889 4892 5336 5575 5126 5129 5573
1 4885 5334 5336 4892 5122 5571 5573 5129
1 5334 4885 4888 5332 5571 5122 5125 5569
1 5332 4888 4881 5330 5569 5125 5118 5567
1 5330 4881 4884 5328 5567 5118 5121 5565
1 5328 4884 4877 5326 5565 5121 5114 5563
1 5326 4877 4880 5324 5563 5114 5117 5561
1 5324 4880 4874 5322 5561 5117 5111 5559
1 5322 4874 4873 5320 5559 5111 5110 5557
1 5320 4873 4872 5314 5557 5110 5109 5551
1 4958 654 483 484 5195 654 483 484
1 5345 5346 5347 5348 5582 5583 5584 5585
1 5346 5349 5350 5347 5583 5586 5587 5584
1 5349 5351 5352 5350 5586 5588 5589 5587
1 5351 5353 5354 5352 5588 5590 5591 5589
1 5353 5355 5356 5354 5590 5592 5593 5591
1 5355 5357 5358 5356 5592 5594 5595 5593
1 5357 5359 5360 5358 5594 5596 5597 5595
1 5359 5361 5362 5360 5596 5598 5599 5597
1 5361 5363 5364 5362 5598 5600 5601 5599
1 5363 5365 5366 5364 5600 5602 5603 5601
1 5365 5367 5368 5366 5602 5604 5605 5603
1 5367 5369 5370 5368 5604 5606 5607 5605
1 5369 5371 5372 5370 5606 5608 5609 5607
1 5371 5373 5374 5372 5608 5610 5611 5609
1 5373 5375 5376 5374 5610 5612 5613 5611
1 5375 5377 5378 5376 5612 5614 5615 5613
1 5377 5379 5380 5378 5614 5616 5617 5615
1 5379 5381 5382 5380 5616 5618 5619 5617
1 5381 5383 5384 5382 5618 5620 5621 5619
1 5383 5345 5348 5384 5620 5582 5585 5621
1 5385 5386 5346 5345 5622 5623 5583 5582
1 5386 5387 5349 5346 5623 5624 5586 5583
1 5387 5388 5351 5349 5624 5625 5588 5586
1 5388 5389 5353 5351 5625 5626 5590 5588
1 5389 5390 5355 5353 5626 5627 5592 5590
1 5390 5391 5357 5355 5627 5628 5594 5592
1 5391 5392 5359 5357 5628 5629 5596 5594
1 5392 5393 5361 5359 5629 5630 5598 5596
1 5393 5394 5363 5361 5630 5631 5600 5598
1 5394 5395 5365 5363 5631 5632 5602 5600
1 5395 5396 5367 5365 5632 5633 5604 5602
1 5396 5397 5369 5367 5633 5634 5606 5604
1 5397 5398 5371 5369 5634 5635 5608 5606
1 5398 5399 5373 5371 5635 5636 5610 5608
1 5399 5400 5375 5373 5636 5637 5612 5610
1 5400 5401 5377 5375 5637 5638 5614 5612
1 5401 5402 5379 5377 5638 5639 5616 5614
1 5402 5403 5381 5379 5639 5640 5618 5616
1 5403 5404 5383 5381 5640 5641 5620 5618
1 5404 5385 5345 5383 5641 5622 5582 5620
1 5405 5406 5386 5385 5642 5643 5623 5622
1 5406 5407 5387 5386 5643 5644 5624 5623
1 5407 5408 5388 5387 5644 5645 5625 5624
1 5408 5409 5389 5388 5645 5646 5626 5625
1 5409 5410 5390 5389 5646 5647 5627 5626
1 5410 5411 5391 5390 5647 5648 5628 5627
1 5411 5412 5392 5391 5648 5649 5629 5628
1 5412 5413 5393 5392 5649 5650 5630 5629
1 5413 5414 5394 5393 5650 5651 5631 5630
1 5414 5415 5395 5394 5651 5652 5632 5631
1 5415 5416 5396 5395 5652 5653 5633 5632
1 5416 5417 5397 5396 5653 5654 5634 5633
1 5417 5418 5398 5397 5654 5655 5635 5634
1 5418 5419 5399 5398 5655 5656 5636 5635
1 5419 5420 5400 5399 5656 5657 5637 5636
1 5420 5421 5401 5400 5657 5658 5638 5637
1 5421 5422 5402 5401 5658 5659 5639 5638
1 5422 5423 5403 5402 5659 5660 5640 5639
1 5423 5424 5404 5403 5660 5661 5641 5640
1 5424 5405 5385 5404 5661 5642 5622 5641
1 5425 5426 5406 5405 5662 5663 5643 5642
1 5426 5427 5407 5406 5663 5664 5644 5643
1 5427 5428 5408 5407 5664 5665 5645 5644
1 5428 5429 5409 5408 5665 5666 5646 5645
1 5429 5430 5410 5409 5666 5667 5647 5646
1 5430 5431 5411 5410 5667 5668 5648 5647
1 5431 5432 5412 5411 5668 5669 5649 5648
1 5432 5433 5413 5412 5669 5670 5650 5649
1 5433 5434 5414 5413 5670 5671 5651 5650
1 5434 5435 5415 5414 5671 5672 5652 5651
1 5435 5436 5416 5415 5672 5673 5653 5652
1 5436 5437 5417 5416 5673 5674 5654 5653
1 5437 5438 5418 5417 5674 5675 5655 5654
1 5438 5439 5419 5418 5675 5676 5656 5655
1 5439 5440 5420 5419 5676 5677 5657 5656
1 5440 5441 5421 5420 5677 5678 5658 5657
1 5441 5442 5422 5421 5678 5679 5659 5658
1 5442 5443 5423 5422 5679 5680 5660 5659
1 5443 5444 5424 5423 5680 5681 5661 5660
1 5444 5425 5405 5424 5681 5662 5642 5661
1 5445 5446 5426 5425 5682 5683 5663 5662
1 5446 5447 5427 5426 5683 5684 5664 5663
1 5447 5448 5428 5427 5684 5685 5665 5664
1 5448 5449 5429 5428 5685 5686 5666 5665
1 5449 5450 5430 5429 5686 5687 5667 5666
1 5450 5451 5431 5430 5687 5688 5668 5667
1 5451 5452 5432 5431 5688 5689 5669 5668
1 5452 5453 5433 5432 5689 5690 5670 5669
1 5453 5454 5434 5433 5690 5691 5671 5670
1 5454 5455 5435 5434 5691 5692 5672 5671
1 5455 5456 5436 5435 5692 5693 5673 5672
1 5456 5457 5437 5436 5693 5694 5674 5673
1 5457 5458 5438 5437 5694 5695 5675 5674
1 5458 5459 5439 5438 5695 5696 5676 5675
1 5459 5460 5440 5439 5696 5697 5677 5676
1 5460 5461 5441 5440 5697 5698 5678 5677
1 5461 5462 5442 5441 5698 5699 5679 5678
1 5462 5463 5443 5442 5699 5700 5680 5679
1 5463 5464 5444 5443 5700 5701 5681 5680
1 5464 5445 5425 5444 5701 5682 5662 5681
1 5465 5466 5446 5445 5702 5703 5683 5682
1 5466 5467 5447 5446 5703 5704 5684 5683
1 5467 5468 5448 5447 5704 5705 5685 5684
1 5468 5469 5449 5448 5705 5706 5686 5685
1 5469 5470 5450 5449 5706 5707 5687 5686
1 5470 5471 5451 5450 5707 5708 5688 5687
1 5471 5472 5452 5451 5708 5709 5689 5688
1 5472 5473 5453 5452 5709 5710 5690 5689
1 5473 5474 5454 5453 5710 5711 5691 5690
1 5474 5475 5455 5454 5711 5712 5692 5691
1 5475 5476 5456 5455 5712 5713 5693 5692
1 5476 5477 5457 5456 5713 5714 5694 5693
1 5477 5478 5458 5457 5714 5715 5695 5694
1 5478 5479 5459 5458 5715 5716 5696 5695
1 5479 5480 5460 5459 5716 5717 5697 5696
1 5480 5481 5461 5460 5717 5718 5698 5697
1 5481 5482 5462 5461 5718 5719 5699 5698
1 5482 5483 5463 5462 5719 5720 5700 5699
1 5483 5484 5464 5463 5720 5721 5701 5700
1 5484 5465 5445 5464 5721 5702 5682 5701
1 5485 5486 5466 5465 5722 5723 5703 5702
1 5486 5487 5467 5466 5723 5724 5704 5703
1 5487 5488 5468 5467 5724 5725 5705 5704
1 5488 5489 5469 5468 5725 5726 5706 5705
1 5489 5490 5470 5469 5726 5727 5707 5706
1 5490 5491 5471 5470 5727 5728 5708 5707
1 5491 5492 5472 5471 5728 5729 5709 5708
1 5492 5493 5473 5472 5729 5730 5710 5709
1 5493 5494 5474 5473 5730 5731 5711 5710
1 5494 5495 5475 5474 5731 5732 5712 5711
1 5495 5496 5476 5475 5732 5733 5713 5712
1 5496 5497 5477 5476 5733 5734 5714 5713
1 5497 5498 5478 5477 5734 5735 5715 5714
1 5498 5499 5479 5478 5735 5736 5716 5715
1 5499 5500 5480 5479 5736 5737 5717 5716
1 5500 5501 5481 5480 5737 5738 5718 5717
1 5501 5502 5482 5481 5738 5739 5719 5718
1 5502 5503 5483 5482 5739 5740 5720 5719
1 5503 5504 5484 5483 5740 5741 5721 5720
1 5504 5485 5465 5484 5741 5722 5702 5721
1 5505 5506 5486 5485 5742 5743 5723 5722
1 5506 5507 5487 5486 5743 5744 5724 5723
1 5507 5508 5488 5487 5744 5745 5725 5724
1 5508 5509 5489 5488 5745 5746 5726 5725
1 5509 5510 5490 5489 5746 5747 5727 5726
1 5510 5511 5491 5490 5747 5748 5728 5727
1 5511 5512 5492 5491 5748 5749 5729 5728
1 5512 5513 5493 5492 5749 5750 5730 5729
1 5513 5514 5494 5493 5750 5751 5731 5730
1 5514 5515 5495 5494 5751 5752 5732 5731
1 5515 5516 5496 5495 5752 5753 5733 5732
1 5516 5517 5497 5496 5753 5754 5734 5733
1 5517 5518 5498 5497 5754 5755 5735 5734
1 5518 5519 5499 5498 5755 5756 5736 5735
1 5519 5520 5500 5499 5756 5757 5737 5736
1 5520 5521 5501 5500 5757 5758 5738 5737
1 5521 5522 5502 5501 5758 5759 5739 5738
1 5522 5523 5503 5502 5759 5760 5740 5739
1 5523 5524 5504 5503 5760 5761 5741 5740
1 5524 5505 5485 5504 5761 5742 5722 5741
1 5525 5526 5506 5505 5762 5763 5743 5742
1 5526 5527 5507 5506 5763 5764 5744 5743
1 5527 5528 5508 5507 5764 5765 5745 5744
1 5528 5529 5509 5508 5765 5766 5746 5745
1 5529 5530 5510 5509 5766 5767 5747 5746
1 5530 5531 5511 5510 5767 5768 5748 5747
1 5531 5532 5512 5511 5768 5769 5749 5748
1 5532 5533 5513 5512 5769 5770 5750 5749
1 5533 5534 5514 5513 5770 5771 5751 5750
1 5534 5535 5515 5514 5771 5772 5752 5751
1 5535 5536 5516 5515 5772 5773 5753 5752
1 5536 5537 5517 5516 5773 5774 5754 5753
1 5537 5538 5518 5517 5774 5775 5755 5754
1 5538 5539 5519 5518 5775 5776 5756 5755
1 5539 5540 5520 5519 5776 5777 5757 5756
1 5540 5541 5521 5520 5777 5778 5758 5757
1 5541 5542 5522 5521 5778 5779 5759 5758
1 5542 5543 5523 5522 5779 5780 5760 5759
1 5543 5544 5524 5523 5780 5781 5761 5760
1 5544 5525 5505 5524 5781 5762 5742 5761
1 5545 5546 5526 5525 5782 5783 5763 5762
1 5546 5547 5527 5526 5783 5784 5764 5763
1 5547 5548 5528 5527 5784 5785 5765 5764
1 5548 5549 5529 5528 5785 5786 5766 5765
1 5549 5550 5530 5529 5786 5787 5767 5766
1 5550 5551 5531 5530 5787 5788 5768 5767
1 5551 5552 5532 5531 5788 5789 5769 5768
1 5552 5553 5533 5532 5789 5790 5770 5769
1 5553 5554 5534 5533 5790 5791 5771 5770
1 5554 5555 5535 5534 5791 5792 5772 5771
1 5555 5556 5536 5535 5792 5793 5773 5772
1 5556 5557 5537 5536 5793 5794 5774 5773
1 5557 5558 5538 5537 5794 5795 5775 5774
1 5558 5559 5539 5538 5795 5796 5776 5775
1 5559 5560 5540 5539 5796 5797 5777 5776
1 5560 5561 5541 5540 5797 5798 5778 5777
1 5561 5562 5542 5541 5798 5799 5779 5778
1 5562 5563 5543 5542 5799 5800 5780 5779
1 5563 5564 5544 5543 5800 5801 5781 5780
1 5564 5545 5525 5544 5801 5782 5762 5781
1 5565 5566 5546 5545 5802 5803 5783 5782
1 5566 5567 5547 5546 5803 5804 5784 5783
1 5567 5568 5548 5547 5804 5805 5785 5784
1 5568 5569 5549 5548 5805 5806 5786 5785
1 5569 5570 5550 5549 5806 5807 5787 5786
1 5570 5571 5551 5550 5807 5808 5788 5787
1 5571 5572 5552 5551 5808 5809 5789 5788
1 5572 5573 5553 5552 5809 5810 5790 5789
1 5573 5574 5554 5553 5810 5811 5791 5790
1 5574 5575 5555 5554 5811 5812 5792 5791
1 5575 5576 5556 5555 5812 5813 5793 5792
1 5576 5577 5557 5556 5813 5814 5794 5793
1 5577 5578 5558 5557 5814 5815 5795 5794
1 5578 5579 5559 5558 5815 5816 5796 5795
1 5579 5580 5560 5559 5816 5817 5797 5796
1 5580 5581 5561 5560 5817 5818 5798 5797
1 5581 5582 5562 5561 5818 5819 5799 5798
1 5582 5583 5563 5562 5819 5820 5800 5799
1 5583 5584 5564 5563 5820 5821 5801 5800
1 5584 5565 5545 5564 5821 5802 5782 5801
1 5585 5586 5566 5565 5822 5823 5803 5802
1 5586 5587 5567 5566 5823 5824 5804 5803
1 5587 5588 5568 5567 5824 5825 5805 5804
1 5588 5589 5569 5568 5825 5826 5806 5805
1 5589 5590 5570 5569 5826 5827 5807 5806
1 5590 5591 5571 5570 5827 5828 5808 5807
1 5591 5592 5572 5571 5828 5829 5809 5808
1 5592 5593 5573 5572 5829 5830 5810 5809
1 5593 5594 5574 5573 5830 5831 5811 5810
1 5594 5595 5575 5574 5831 5832 5812 5811
1 5595 5596 5576 5575 5832 5833 5813 5812
1 5596 5597 5577 5576 5833 5834 5814 5813
1 5597 5598 5578 5577 5834 5835 5815 5814
1 5598 5599 5579 5578 5835 5836 5816 5815
1 5599 5600 5580 5579 5836 5837 5817 5816
1 5600 5601 5581 5580 5837 5838 5818 5817
1 5601 5602 5582 5581 5838 5839 5819 5818
1 5602 5603 5583 5582 5839 5840 5820 5819
1 5603 5604 5584 5583 5840 5841 5821 5820
1 5604 5585 5565 5584 5841 5822 5802 5821
1 5605 5606 5586 5585 5842 5843 5823 5822
1 5606 5607 5587 5586 5843 5844 5824 5823
1 5607 5608 5588 5587 5844 5845 5825 5824
1 5608 5609 5589 5588 5845 5846 5826 5825
1 5609 5610 5590 5589 5846 5847 5827 5826
1 5610 5611 5591 5590 5847 5848 5828 5827
1 5611 5612 5592 5591 5848 5849 5829 5828
1 5612 5613 5593 5592 5849 5850 5830 5829
1 5613 5614 5594 5593 5850 5851 5831 5830
1 5614 5615 5595 5594 5851 5852 5832 5831
1 5615 5616 5596 5595 5852 5853 5833 5832
1 5616 5617 5597 5596 5853 5854 5834 5833
1 5617 5618 5598 5597 5854 5855 5835 5834
1 5618 5619 5599 5598 5855 5856 5836 5835
1 5619 5620 5600 5599 5856 5857 5837 5836
1 5620 5621 5601 5600 5857 5858 5838 5837
1 5621 5622 5602 5601 5858 5859 5839 5838
1 5622 5623 5603 5602 5859 5860 5840 5839
1 5623 5624 5604 5603 5860 5861 5841 5840
1 5624 5605 5585 5604 5861 5842 5822 5841
1 5625 5626 5606 5605 5862 5863 5843 5842
1 5626 5627 5607 5606 5863 5864 5844 5843
1 5627 5628 5608 5607 5864 5865 5845 5844
1 5628 5629 5609 5608 5865 5866 5846 5845
1 5629 5630 5610 5609 5866 5867 5847 5846
1 5630 5631 5611 5610 5867 5868 5848 5847
1 5631 5632 5612 5611 5868 5869 5849 5848
1 5632 5633 5613 5612 5869 5870 5850 5849
1 5633 5634 5614 5613 5870 5871 5851 5850
1 5634 5635 5615 5614 5871 5872 5852 5851
1 5635 5636 5616 5615 5872 5873 5853 5852
1 5636 5637 5617 5616 5873 5874 5854 5853
1 5637 5638 5618 5617 5874 5875 5855 5854
1 5638 5639 5619 5618 5875 5876 5856 5855
1 5639 5640 5620 5619 5876 5877 5857 5856
1 5640 5641 5621 5620 5877 5878 5858 5857
1 5641 5642 5622 5621 5878 5879 5859 5858
1 5642 5643 5623 5622 5879 5880 5860 5859
1 5643 5644 5624 5623 5880 5881 5861 5860
1 5644 5625 5605 5624 5881 5862 5842 5861
1 5645 5646 5626 5625 5882 5883 5863 5862
1 5646 5647 5627 5626 5883 5884 5864 5863
1 5647 5648 5628 5627 5884 5885 5865 5864
1 5648 5649 5629 5628 5885 5886 5866 5865
1 5649 5650 5630 5629 5886 5887 5867 5866
1 5650 5651 5631 5630 5887 5888 5868 5867
1 5651 5652 5632 5631 5888 5889 5869 5868
1 5652 5653 5633 5632 5889 5890 5870 5869
1 5653 5654 5634 5633 5890 5891 5871 5870
1 5654 5655 5635 5634 5891 5892 5872 5871
1 5655 5656 5636 5635 5892 5893 5873 5872
1 5656 5657 5637 5636 5893 5894 5874 5873
1 5657 5658 5638 5637 5894 5895 5875 5874
1 5658 5659 5639 5638 5895 5896 5876 5875
1 5659 5660 5640 5639 5896 5897 5877 5876
1 5660 5661 5641 5640 5897 5898 5878 5877
1 5661 5662 5642 5641 5898 5899 5879 5878
1 5662 5663 5643 5642 5899 5900 5880 5879
1 5663 5664 5644 5643 5900 5901 5881 5880
1 5664 5645 5625 5644 5901 5882 5862 5881
1 5665 5666 5646 5645 5902 5903 5883 5882
1 5666 5667 5647 5646 5903 5904 5884 5883
1 5667 5668 5648 5647 5904 5905 5885 5884
1 5668 5669 5649 5648 5905 5906 5886 5885
1 5669 5670 5650 5649 5906 5907 5887 5886
1 5670 5671 5651 5650 5907 5908 5888 5887
1 5671 5672 5652 5651 5908 5909 5889 5888
1 5672 5673 5653 5652 5909 5910 5890 5889
1 5673 5674 5654 5653 5910 5911 5891 5890
1 5674 5675 5655 5654 5911 5912 5892 5891
1 5675 5676 5656 5655 5912 5913 5893 5892
1 5676 5677 5657 5656 5913 5914 5894 5893
1 5677 5678 5658 5657 5914 5915 5895 5894
1 5678 5679 5659 5658 5915 5916 5896 5895
1 5679 5680 5660 5659 5916 5917 5897 5896
1 5680 5681 5661 5660 5917 5918 5898 5897
1 5681 5682 5662 5661 5918 5919 5899 5898
1 5682 5683 5663 5662 5919 5920 5900 5899
1 5683 5684 5664 5663 5920 5921 5901 5900
1 5684 5665 5645 5664 5921 5902 5882 5901
1 5685 5686 5666 5665 5922 5923 5903 5902
1 5686 5687 5667 5666 5923 5924 5904 5903
1 5687 5688 5668 5667 5924 5925 5905 5904
1 5688 5689 5669 5668 5925 5926 5906 5905
1 5689 5690 5670 5669 5926 5927 5907 5906
1 5690 5691 5671 5670 5927 5928 5908 5907
1 5691 5692 5672 5671 5928 5929 5909 5908
1 5692 5693 5673 5672 5929 5930 5910 5909
1 5693 5694 5674 5673 5930 5931 5911 5910
1 5694 5695 5675 5674 5931 5932 5912 5911
1 5695 5696 5676 5675 5932 5933 5913 5912
1 5696 5697 5677 5676 5933 5934 5914 5913
1 5697 5698 5678 5677 5934 5935 5915 5914
1 5698 5699 5679 5678 5935 5936 5916 5915
1 5699 5700 5680 5679 5936 5937 5917 5916
1 5700 5701 5681 5680 5937 5938 5918 5917
1 5701 5702 5682 5681 5938 5939 5919 5918
1 5702 5703 5683 5682 5939 5940 5920 5919
1 5703 5704 5684 5683 5940 5941 5921 5920
1 5704 5685 5665 5684 5941 5922 5902 5921
1 5705 5706 5686 5685 5942 5943 5923 5922
1 5706 5707 5687 5686 5943 5944 5924 5923
1 5707 5708 5688 5687 5944 5945 5925 5924
1 5708 5709 5689 5688 5945 5946 5926 5925
1 5709 5710 5690 5689 5946 5947 5927 5926
1 5710 5711 5691 5690 5947 5948 5928 5927
1 5711 5712 5692 5691 5948 5949 5929 5928
1 5712 5713 5693 5692 5949 5950 5930 5929
1 5713 5714 5694 5693 5950 5951 5931 5930
1 5714 5715 5695 5694 5951 5952 5932 5931
1 5715 5716 5696 5695 5952 5953 5933 5932
1 5716 5717 5697 5696 5953 5954 5934 5933
1 5717 5718 5698 5697 5954 5955 5935 5934
1 5718 5719 5699 5698 5955 5956 5936 5935
1 5719 5720 5700 5699 5956 5957 5937 5936
1 5720 5721 5701 5700 5957 5958 5938 5937
1 5721 5722 5702 5701 5958 5959 5939 5938
1 5722 5723 5703 5702 5959 5960 5940 5939
1 5723 5724 5704 5703 5960 5961 5941 5940
1 5724 5705 5685 5704 5961 5942 5922 5941
0 5725 5348 5347 0 5962 5585 5584 0
0 5725 5347 5350 0 5962 5584 5587 0
0 5725 5350 5352 0 5962 5587 5589 0
0 5725 5352 5354 0 5962 5589 5591 0
0 5725 5354 5356 0 5962 5591 5593 0
0 5725 5356 5358 0 5962 5593 5595 0
0 5725 5358 5360 0 5962 5595 5597 0
0 5725 5360 5362 0 5962 5597 5599 0
0 5725 5362 5364 0 5962 5599 5601 0
0 5725 5364 5366 0 5962 5601 5603 0
0 5725 5366 5368 0 5962 5603 5605 0
0 5725 5368 5370 0 5962 5605 5607 0
0 5725 5370 5372 0 5962 5607 5609 0
0 5725 5372 5374 0 5962 5609 5611 0
0 5725 5374 5376 0 5962 5611 5613 0
0 5725 5376 5378 0 5962 5613 5615 0
0 5725 5378 5380 0 5962 5615 5617 0
0 5725 5380 5382 0 5962 5617 5619 0
0 5725 5382 5384 0 5962 5619 5621 0
0 5725 5384 5348 0 5962 5621 5585 0
0 5726 5706 5705 0 5963 5943 5942 0
0 5726 5707 5706 0 5963 5944 5943 0
0 5726 5708 5707 0 5963 5945 5944 0
0 5726 5709 5708 0 5963 5946 5945 0
0 5726 5710 5709 0 5963 5947 5946 0
0 5726 5711 5710 0 5963 5948 5947 0
0 5726 5712 5711 0 5963 5949 5948 0
0 5726 5713 5712 0 5963 5950 5949 0
0 5726 5714 5713 0 5963 5951 5950 0
0 5726 5715 5714 0 5963 5952 5951 0
0 5726 5716 5715 0 5963 5953 5952 0
0 5726 5717 5716 0 5963 5954 5953 0
0 5726 5718 5717 0 5963 5955 5954 0
0 5726 5719 5718 0 5963 5956 5955 0
0 5726 5720 5719 0 5963 5957 5956 0
0 5726 5721 5720 0 5963 5958 5957 0
0 5726 5722 5721 0 5963 5959 5958 0
0 5726 5723 5722 0 5963 5960 5959 0
0 5726 5724 5723 0 5963 5961 5960 0
0 5726 5705 5724 0 5963 5942 5961 0
1 5727 5728 5729 5730 5964 5965 5966 5967
1 5731 5732 5728 5727 5968 5969 5965 5964
1 5733 5734 5732 5731 5970 5971 5969 5968
1 5735 5736 5734 5733 5972 5973 5971 5970
1 5737 5738 5736 5735 5974 5975 5973 5972
1 5739 5740 5738 5737 5976 5977 5975 5974
1 5741 5742 5740 5739 5978 5979 5977 5976
1 5743 5744 5742 5741 5980 5981 5979 5978
1 5745 5746 5744 5743 5982 5983 5981 5980
1 5747 5748 5746 5745 5984 5985 5983 5982
1 5749 5750 5748 5747 5986 5987 5985 5984
1 5751 5752 5750 5749 5988 5989 5987 5986
1 5753 5754 5752 5751 5990 5991 5989 5988
1 5755 5756 5754 5753 5992 5993 5991 5990
1 5757 5758 5756 5755 5994 5995 5993 5992
1 5759 5760 5758 5757 5996 5997 5995 5994
1 5761 5762 5760 5759 5998 5999 5997 5996
1 5763 5764 5762 5761 6000 6001 5999 5998
1 5765 5766 5764 5763 6002 6003 6001 6000
1 5730 5729 5766 5765 5967 5966 6003 6002
1 5728 5767 5768 5729 5965 6004 6005 5966
1 5732 5769 5767 5728 5969 6006 6004 5965
1 5734 5770 5769 5732 5971 6007 6006 5969
1 5736 5771 5770 5734 5973 6008 6007 5971
1 5738 5772 5771 5736 5975 6009 6008 5973
1 5740 5773 5772 5738 5977 6010 6009 5975
1 5742 5774 5773 5740 5979 6011 6010 5977
1 5744 5775 5774 5742 5981 6012 6011 5979
1 5746 5776 5775 5744 5983 6013 6012 5981
1 5748 5777 5776 5746 5985 6014 6013 5983
1 5750 5778 5777 5748 5987 6015 6014 5985
1 5752 5779 5778 5750 5989 6016 6015 5987
1 5754 5780 5779 5752 5991 6017 6016 5989
1 5756 5781 5780 5754 5993 6018 6017 5991
1 5758 5782 5781 5756 5995 6019 6018 5993
1 5760 5783 5782 5758 5997 6020 6019 5995
1 5762 5784 5783 5760 5999 6021 6020 5997
1 5764 5785 5784 5762 6001 6022 6021 5999
1 5766 5786 5785 5764 6003 6023 6022 6001
1 5729 5768 5786 5766 5966 6005 6023 6003
1 5767 5787 5788 5768 6004 6024 6025 6005
1 5769 5789 5787 5767 6006 6026 6024 6004
1 5770 5790 5789 5769 6007 6027 6026 6006
1 5771 5791 5790 5770 6008 6028 6027 6007
1 5772 5792 5791 5771 6009 6029 6028 6008
1 5773 5793 5792 5772 6010 6030 6029 6009
1 5774 5794 5793 5773 6011 6031 6030 6010
1 5775 5795 5794 5774 6012 6032 6031 6011
1 5776 5796 5795 5775 6013 6033 6032 6012
1 5777 5797 5796 5776 6014 6034 6033 6013
1 5778 5798 5797 5777 6015 6035 6034 6014
1 5779 5799 5798 5778 6016 6036 6035 6015
1 5780 5800 5799 5779 6017 6037 6036 6016
1 5781 5801 5800 5780 6018 6038 6037 6017
1 5782 5802 5801 5781 6019 6039 6038 6018
1 5783 5803 5802 5782 6020 6040 6039 6019
1 5784 5804 5803 5783 6021 6041 6040 6020
1 5785 5805 5804 5784 6022 6042 6041 6021
1 5786 5806 5805 5785 6023 6043 6042 6022
1 5768 5788 5806 5786 6005 6025 6043 6023
1 5787 5807 5808 5788 6024 6044 6045 6025
1 5789 5809 5807 5787 6026 6046 6044 6024
1 5790 5810 5809 5789 6027 6047 6046 6026
1 5791 5811 5810 5790 6028 6048 6047 6027
1 5792 5812 5811 5791 6029 6049 6048 6028
1 5793 5813 5812 5792 6030 6050 6049 6029
1 5794 5814 5813 5793 6031 6051 6050 6030
1 5795 5815 5814 5794 6032 6052 6051 6031
1 5796 5816 5815 5795 6033 6053 6052 6032
1 5797 5817 5816 5796 6034 6054 6053 6033
1 5798 5818 5817 5797 6035 6055 6054 6034
1 5799 5819 5818 5798 6036 6056 6055 6035
1 5800 5820 5819 5799 6037 6057 6056 6036
1 5801 5821 5820 5800 6038 6058 6057 6037
1 5802 5822 5821 5801 6039 6059 6058 6038
1 5803 5823 5822 5802 6040 6060 6059 6039
1 5804 5824 5823 5803 6041 6061 6060 6040
1 5805 5825 5824 5804 6042 6062 6061 6041
1 5806 5826 5825 5805 6043 6063 6062 6042
1 5788 5808 5826 5806 6025 6045 6063 6043
1 5807 5827 5828 5808 6044 6064 6065 6045
1 5809 5829 5827 5807 6046 6066 6064 6044
1 5810 5830 5829 5809 6047 6067 6066 6046
1 5811 5831 5830 5810 6048 6068 6067 6047
1 5812 5832 5831 5811 6049 6069 6068 6048
1 5813 5833 5832 5812 6050 6070 6069 6049
1 5814 5834 5833 5813 6051 6071 6070 6050
1 5815 5835 5834 5814 6052 6072 6071 6051
1 5816 5836 5835 5815 6053 6073 6072 6052
1 5817 5837 5836 5816 6054 6074 6073 6053
1 5818 5838 5837 5817 6055 6075 6074 6054
1 5819 5839 5838 5818 6056 6076 6075 6055
1 5820 5840 5839 5819 6057 6077 6076 6056
1 5821 5841 5840 5820 6058 6078 6077 6057
1 5822 5842 5841 5821 6059 6079 6078 6058
1 5823 5843 5842 5822 6060 6080 6079 6059
1 5824 5844 5843 5823 6061 6081 6080 6060
1 5825 5845 5844 5824 6062 6082 6081 6061
1 5826 5846 5845 5825 6063 6083 6082 6062
1 5808 5828 5846 5826 6045 6065 6083 6063
1 5827 5847 5848 5828 6064 6084 6085 6065
1 5829 5849 5847 5827 6066 6086 6084 6064
1 5830 5850 5849 5829 6067 6087 6086 6066
1 5831 5851 5850 5830 6068 6088 6087 6067
1 5832 5852 5851 5831 6069 6089 6088 6068
1 5833 5853 5852 5832 6070 6090 6089 6069
1 5834 5854 5853 5833 6071 6091 6090 6070
1 5835 5855 5854 5834 6072 6092 6091 6071
1 5836 5856 5855 5835 6073 6093 6092 6072
1 5837 5857 5856 5836 6074 6094 6093 6073
1 5838 5858 5857 5837 6075 6095 6094 6074
1 5839 5859 5858 5838 6076 6096 6095 6075
1 5840 5860 5859 5839 6077 6097 6096 6076
1 5841 5861 5860 5840 6078 6098 6097 6077
1 5842 5862 5861 5841 6079 6099 6098 6078
1 5843 5863 5862 5842 6080 6100 6099 6079
1 5844 5864 5863 5843 6081 6101 6100 6080
1 5845 5865 5864 5844 6082 6102 6101 6081
1 5846 5866 5865 5845 6083 6103 6102 6082
1 5828 5848 5866 5846 6065 6085 6103 6083
1 5847 5867 5868 5848 6084 6104 6105 6085
1 5849 5869 5867 5847 6086 6106 6104 6084
1 5850 5870 5869 5849 6087 6107 6106 6086
1 5851 5871 5870 5850 6088 6108 6107 6087
1 5852 5872 5871 5851 6089 6109 6108 6088
1 5853 5873 5872 5852 6090 6110 6109 6089
1 5854 5874 5873 5853 6091 6111 6110 6090
1 5855 5875 5874 5854 6092 6112 6111 6091
1 5856 5876 5875 5855 6093 6113 6112 6092
1 5857 5877 5876 5856 6094 6114 6113 6093
1 5858 5878 5877 5857 6095 6115 6114 6094
1 5859 5879 5878 5858 6096 6116 6115 6095
1 5860 5880 5879 5859 6097 6117 6116 6096
1 5861 5881 5880 5860 6098 6118 6117 6097
1 5862 5882 5881 5861 6099 6119 6118 6098
1 5863 5883 5882 5862 6100 6120 6119 6099
1 5864 5884 5883 5863 6101 6121 6120 6100
1 5865 5885 5884 5864 6102 6122 6121 6101
1 5866 5886 5885 5865 6103 6123 6122 6102
1 5848 5868 5886 5866 6085 6105 6123 6103
1 5867 5887 5888 5868 6104 6124 6125 6105
1 5869 5889 5887 5867 6106 6126 6124 6104
1 5870 5890 5889 5869 6107 6127 6126 6106
1 5871 5891 5890 5870 6108 6128 6127 6107
1 5872 5892 5891 5871 6109 6129 6128 6108
1 5873 5893 5892 5872 6110 6130 6129 6109
1 5874 5894 5893 5873 6111 6131 6130 6110
1 5875 5895 5894 5874 6112 6132 6131 6111
1 5876 5896 5895 5875 6113 6133 6132 6112
1 5877 5897 5896 5876 6114 6134 6133 6113
1 5878 5898 5897 5877 6115 6135 6134 6114
1 5879 5899 5898 5878 6116 6136 6135 6115
1 5880 5900 5899 5879 6117 6137 6136 6116
1 5881 5901 5900 5880 6118 6138 6137 6117
1 5882 5902 5901 5881 6119 6139 6138 6118
1 5883 5903 5902 5882 6120 6140 6139 6119
1 5884 5904 5903 5883 6121 6141 6140 6120
1 5885 5905 5904 5884 6122 6142 6141 6121
1 5886 5906 5905 5885 6123 6143 6142 6122
1 5868 5888 5906 5886 6105 6125 6143 6123
1 5887 5907 5908 5888 6124 6144 6145 6125
1 5889 5909 5907 5887 6126 6146 6144 6124
1 5890 5910 5909 5889 6127 6147 6146 6126
1 5891 5911 5910 5890 6128 6148 6147 6127
1 5892 5912 5911 5891 6129 6149 6148 6128
1 5893 5913 5912 5892 6130 6150 6149 6129
1 5894 5914 5913 5893 6131 6151 6150 6130
1 5895 5915 5914 5894 6132 6152 6151 6131
1 5896 5916 5915 5895 6133 6153 6152 6132
1 5897 5917 5916 5896 6134 6154 6153 6133
1 5898 5918 5917 5897 6135 6155 6154 6134
1 5899 5919 5918 5898 6136 6156 6155 6135
1 5900 5920 5919 5899 6137 6157 6156 6136
1 5901 5921 5920 5900 6138 6158 6157 6137
1 5902 5922 5921 5901 6139 6159 6158 6138
1 5903 5923 5922 5902 6140 6160 6159 6139
1 5904 5924 5923 5903 6141 6161 6160 6140
1 5905 5925 5924 5904 6142 6162 6161 6141
1 5906 5926 5925 5905 6143 6163 6162 6142
1 5888 5908 5926 5906 6125 6145 6163 6143
1 5907 5927 5928 5908 6144 6164 6165 6145
1 5909 5929 5927 5907 6146 6166 6164 6144
1 5910 5930 5929 5909 6147 6167 6166 6146
1 5911 5931 5930 5910 6148 6168 6167 6147
1 5912 5932 5931 5911 6149 6169 6168 6148
1 5913 5933 5932 5912 6150 6170 6169 6149
1 5914 5934 5933 5913 6151 6171 6170 6150
1 5915 5935 5934 5914 6152 6172 6171 6151
1 5916 5936 5935 5915 6153 6173 6172 6152
1 5917 5937 5936 5916 6154 6174 6173 6153
1 5918 5938 5937 5917 6155 6175 6174 6154
1 5919 5939 5938 5918 6156 6176 6175 6155
1 5920 5940 5939 5919 6157 6177 6176 6156
1 5921 5941 5940 5920 6158 6178 6177 6157
1 5922 5942 5941 5921 6159 6179 6178 6158
1 5923 5943 5942 5922 6160 6180 6179 6159
1 5924 5944 5943 5923 6161 6181 6180 6160
1 5925 5945 5944 5924 6162 6182 6181 6161
1 5926 5946 5945 5925 6163 6183 6182 6162
1 5908 5928 5946 5926 6145 6165 6183 6163
1 5927 5947 5948 5928 6164 6184 6185 6165
1 5929 5949 5947 5927 6166 6186 6184 6164
1 5930 5950 5949 5929 6167 6187 6186 6166
1 5931 5951 5950 5930 6168 6188 6187 6167
1 5932 5952 5951 5931 6169 6189 6188 6168
1 5933 5953 5952 5932 6170 6190 6189 6169
1 5934 5954 5953 5933 6171 6191 6190 6170
1 5935 5955 5954 5934 6172 6192 6191 6171
1 5936 5956 5955 5935 6173 6193 6192 6172
1 5937 5957 5956 5936 6174 6194 6193 6173
1 5938 5958 5957 5937 6175 6195 6194 6174
1 5939 5959 5958 5938 6176 6196 6195 6175
1 5940 5960 5959 5939 6177 6197 6196 6176
1 5941 5961 5960 5940 6178 6198 6197 6177
1 5942 5962 5961 5941 6179 6199 6198 6178
1 5943 5963 5962 5942 6180 6200 6199 6179
1 5944 5964 5963 5943 6181 6201 6200 6180
1 5945 5965 5964 5944 6182 6202 6201 6181
1 5946 5966 5965 5945 6183 6203 6202 6182
1 5928 5948 5966 5946 6165 6185 6203 6183
1 5947 5967 5968 5948 6184 6204 6205 6185
1 5949 5969 5967 5947 6186 6206 6204 6184
1 5950 5970 5969 5949 6187 6207 6206 6186
1 5951 5971 5970 5950 6188 6208 6207 6187
1 5952 5972 5971 5951 6189 6209 6208 6188
1 5953 5973 5972 5952 6190 6210 6209 6189
1 5954 5974 5973 5953 6191 6211 6210 6190
1 5955 5975 5974 5954 6192 6212 6211 6191
1 5956 5976 5975 5955 6193 6213 6212 6192
1 5957 5977 5976 5956 6194 6214 6213 6193
1 5958 5978 5977 5957 6195 6215 6214 6194
1 5959 5979 5978 5958 6196 6216 6215 6195
1 5960 5980 5979 5959 6197 6217 6216 6196
1 5961 5981 5980 5960 6198 6218 6217 6197
1 5962 5982 5981 5961 6199 6219 6218 6198
1 5963 5983 5982 5962 6200 6220 6219 6199
1 5964 5984 5983 5963 6201 6221 6220 6200
1 5965 5985 5984 5964 6202 6222 6221 6201
1 5966 5986 5985 5965 6203 6223 6222 6202
1 5948 5968 5986 5966 6185 6205 6223 6203
1 5967 5987 5988 5968 6204 6224 6225 6205
1 5969 5989 5987 5967 6206 6226 6224 6204
1 5970 5990 5989 5969 6207 6227 6226 6206
1 5971 5991 5990 5970 6208 6228 6227 6207
1 5972 5992 5991 5971 6209 6229 6228 6208
1 5973 5993 5992 5972 6210 6230 6229 6209
1 5974 5994 5993 5973 6211 6231 6230 6210
1 5975 5995 5994 5974 6212 6232 6231 6211
1 5976 5996 5995 5975 6213 6233 6232 6212
1 5977 5997 5996 5976 6214 6234 6233 6213
1 5978 5998 5997 5977 6215 6235 6234 6214
1 5979 5999 5998 5978 6216 6236 6235 6215
1 5980 6000 5999 5979 6217 6237 6236 6216
1 5981 6001 6000 5980 6218 6238 6237 6217
1 5982 6002 6001 5981 6219 6239 6238 6218
1 5983 6003 6002 5982 6220 6240 6239 6219
1 5984 6004 6003 5983 6221 6241 6240 6220
1 5985 6005 6004 5984 6222 6242 6241 6221
1 5986 6006 6005 5985 6223 6243 6242 6222
1 5968 5988 6006 5986 6205 6225 6243 6223
1 5987 6007 6008 5988 6224 6244 6245 6225
1 5989 6009 6007 5987 6226 6246 6244 6224
1 5990 6010 6009 5989 6227 6247 6246 6226
1 5991 6011 6010 5990 6228 6248 6247 6227
1 5992 6012 6011 5991 6229 6249 6248 6228
1 5993 6013 6012 5992 6230 6250 6249 6229
1 5994 6014 6013 5993 6231 6251 6250 6230
1 5995 6015 6014 5994 6232 6252 6251 6231
1 5996 6016 6015 5995 6233 6253 6252 6232
1 5997 6017 6016 5996 6234 6254 6253 6233
1 5998 6018 6017 5997 6235 6255 6254 6234
1 5999 6019 6018 5998 6236 6256 6255 6235
1 6000 6020 6019 5999 6237 6257 6256 6236
1 6001 6021 6020 6000 6238 6258 6257 6237
1 6002 6022 6021 6001 6239 6259 6258 6238
1 6003 6023 6022 6002 6240 6260 6259 6239
1 6004 6024 6023 6003 6241 6261 6260 6240
1 6005 6025 6024 6004 6242 6262 6261 6241
1 6006 6026 6025 6005 6243 6263 6262 6242
1 5988 6008 6026 6006 6225 6245 6263 6243
1 6007 6027 6028 6008 6244 6264 6265 6245
1 6009 6029 6027 6007 6246 6266 6264 6244
1 6010 6030 6029 6009 6247 6267 6266 6246
1 6011 6031 6030 6010 6248 6268 6267 6247
1 6012 6032 6031 6011 6249 6269 6268 6248
1 6013 6033 6032 6012 6250 6270 6269 6249
1 6014 6034 6033 6013 6251 6271 6270 6250
1 6015 6035 6034 6014 6252 6272 6271 6251
1 6016 6036 6035 6015 6253 6273 6272 6252
1 6017 6037 6036 6016 6254 6274 6273 6253
1 6018 6038 6037 6017 6255 6275 6274 6254
1 6019 6039 6038 6018 6256 6276 6275 6255
1 6020 6040 6039 6019 6257 6277 6276 6256
1 6021 6041 6040 6020 6258 6278 6277 6257
1 6022 6042 6041 6021 6259 6279 6278 6258
1 6023 6043 6042 6022 6260 6280 6279 6259
1 6024 6044 6043 6023 6261 6281 6280 6260
1 6025 6045 6044 6024 6262 6282 6281 6261
1 6026 6046 6045 6025 6263 6283 6282 6262
1 6008 6028 6046 6026 6245 6265 6283 6263
1 6027 6047 6048 6028 6264 6284 6285 6265
1 6029 6049 6047 6027 6266 6286 6284 6264
1 6030 6050 6049 6029 6267 6287 6286 6266
1 6031 6051 6050 6030 6268 6288 6287 6267
1 6032 6052 6051 6031 6269 6289 6288 6268
1 6033 6053 6052 6032 6270 6290 6289 6269
1 6034 6054 6053 6033 6271 6291 6290 6270
1 6035 6055 6054 6034 6272 6292 6291 6271
1 6036 6056 6055 6035 6273 6293 6292 6272
1 6037 6057 6056 6036 6274 6294 6293 6273
1 6038 6058 6057 6037 6275 6295 6294 6274
1 6039 6059 6058 6038 6276 6296 6295 6275
1 6040 6060 6059 6039 6277 6297 6296 6276
1 6041 6061 6060 6040 6278 6298 6297 6277
1 6042 6062 6061 6041 6279 6299 6298 6278
1 6043 6063 6062 6042 6280 6300 6299 6279
1 6044 6064 6063 6043 6281 6301 6300 6280
1 6045 6065 6064 6044 6282 6302 6301 6281
1 6046 6066 6065 6045 6283 6303 6302 6282
1 6028 6048 6066 6046 6265 6285 6303 6283
1 6047 6067 6068 6048 6284 6304 6305 6285
1 6049 6069 6067 6047 6286 6306 6304 6284
1 6050 6070 6069 6049 6287 6307 6306 6286
1 6051 6071 6070 6050 6288 6308 6307 6287
1 6052 6072 6071 6051 6289 6309 6308 6288
1 6053 6073 6072 6052 6290 6310 6309 6289
1 6054 6074 6073 6053 6291 6311 6310 6290
1 6055 6075 6074 6054 6292 6312 6311 6291
1 6056 6076 6075 6055 6293 6313 6312 6292
1 6057 6077 6076 6056 6294 6314 6313 6293
1 6058 6078 6077 6057 6295 6315 6314 6294
1 6059 6079 6078 6058 6296 6316 6315 6295
1 6060 6080 6079 6059 6297 6317 6316 6296
1 6061 6081 6080 6060 6298 6318 6317 6297
1 6062 6082 6081 6061 6299 6319 6318 6298
1 6063 6083 6082 6062 6300 6320 6319 6299
1 6064 6084 6083 6063 6301 6321 6320 6300
1 6065 6085 6084 6064 6302 6322 6321 6301
1 6066 6086 6085 6065 6303 6323 6322 6302
1 6048 6068 6086 6066 6285 6305 6323 6303
1 6067 6087 6088 6068 6304 6324 6325 6305
1 6069 6089 6087 6067 6306 6326 6324 6304
1 6070 6090 6089 6069 6307 6327 6326 6306
1 6071 6091 6090 6070 6308 6328 6327 6307
1 6072 6092 6091 6071 6309 6329 6328 6308
1 6073 6093 6092 6072 6310 6330 6329 6309
1 6074 6094 6093 6073 6311 6331 6330 6310
1 6075 6095 6094 6074 6312 6332 6331 6311
1 6076 6096 6095 6075 6313 6333 6332 6312
1 6077 6097 6096 6076 6314 6334 6333 6313
1 6078 6098 6097 6077 6315 6335 6334 6314
1 6079 6099 6098 6078 6316 6336 6335 6315
1 6080 6100 6099 6079 6317 6337 6336 6316
1 6081 6101 6100 6080 6318 6338 6337 6317
1 6082 6102 6101 6081 6319 6339 6338 6318
1 6083 6103 6102 6082 6320 6340 6339 6319
1 6084 6104 6103 6083 6321 6341 6340 6320
1 6085 6105 6104 6084 6322 6342 6341 6321
1 6086 6106 6105 6085 6323 6343 6342 6322
1 6068 6088 6106 6086 6305 6325 6343 6323
0 5730 6107 5727 0 5967 6344 5964 0
0 5727 6107 5731 0 5964 6344 5968 0
0 5731 6107 5733 0 5968 6344 5970 0
0 5733 6107 5735 0 5970 6344 5972 0
0 5735 6107 5737 0 5972 6344 5974 0
0 5737 6107 5739 0 5974 6344 5976 0
0 5739 6107 5741 0 5976 6344 5978 0
0 5741 6107 5743 0 5978 6344 5980 0
0 5743 6107 5745 0 5980 6344 5982 0
0 5745 6107 5747 0 5982 6344 5984 0
0 5747 6107 5749 0 5984 6344 5986 0
0 5749 6107 5751 0 5986 6344 5988 0
0 5751 6107 5753 0 5988 6344 5990 0
0 5753 6107 5755 0 5990 6344 5992 0
0 5755 6107 5757 0 5992 6344 5994 0
0 5757 6107 5759 0 5994 6344 5996 0
0 5759 6107 5761 0 5996 6344 5998 0
0 5761 6107 5763 0 5998 6344 6000 0
0 5763 6107 5765 0 6000 6344 6002 0
0 5765 6107 5730 0 6002 6344 5967 0
0 6087 6108 6088 0 6324 6345 6325 0
0 6089 6108 6087 0 6326 6345 6324 0
0 6090 6108 6089 0 6327 6345 6326 0
0 6091 6108 6090 0 6328 6345 6327 0
0 6092 6108 6091 0 6329 6345 6328 0
0 6093 6108 6092 0 6330 6345 6329 0
0 6094 6108 6093 0 6331 6345 6330 0
0 6095 6108 6094 0 6332 6345 6331 0
0 6096 6108 6095 0 6333 6345 6332 0
0 6097 6108 6096 0 6334 6345 6333 0
0 6098 6108 6097 0 6335 6345 6334 0
0 6099 6108 6098 0 6336 6345 6335 0
0 6100 6108 6099 0 6337 6345 6336 0
0 6101 6108 6100 0 6338 6345 6337 0
0 6102 6108 6101 0 6339 6345 6338 0
0 6103 6108 6102 0 6340 6345 6339 0
0 6104 6108 6103 0 6341 6345 6340 0
0 6105 6108 6104 0 6342 6345 6341 0
0 6106 6108 6105 0 6343 6345 6342 0
0 6088 6108 6106 0 6325 6345 6343 0
1 689 560 586 685 689 560 586 685
0 5051 5028 5027 0 5288 5265 5264 0
