ply
format ascii 1.0
comment Created by Open Asset Import Library - http://assimp.sf.net (v6.0.3024570460)
comment TextureFile Boss_diffuse.png
comment TextureFile Boss_diffuse.png
comment TextureFile Boss_diffuse.png
comment TextureFile Boss_diffuse.png
element vertex 5828
property float x
property float y
property float z
property float nx
property float ny
property float nz
property uchar red
property uchar green
property uchar blue
property uchar alpha
element face 10220
property list uchar int vertex_index
end_header
-0.0693574995 1.28872371 0.210830346 -0.276924372 0.401727796 0.872884572 0.613979995 0.621980011
-0.0722663999 1.20575082 0.241734937 -0.324984223 0.331103206 0.885864437 0.628019989 0.591780007
-0.0108033996 1.20976031 0.261207432 -0.308268011 0.333648413 0.890870094 0.650099993 0.60108
-0.0114435991 1.28866625 0.226308033 -0.290452719 0.419826508 0.859873772 0.634679973 0.62944001
-0.130550489 1.02660143 0.277855247 -0.39999041 0.282011122 0.872053623 0.633679986 0.509169996
-0.1074742 0.961791873 0.313462466 -0.347102255 0.141232461 0.927131712 0.651859999 0.475459993
-0.0598256998 0.978391409 0.315837234 -0.190208897 0.213700846 0.95820272 0.665790021 0.492619991
-0.071314998 1.04961979 0.293912619 -0.275298953 0.268056303 0.923231423 0.653320014 0.526619971
-0.127114892 1.28548229 0.190285638 -0.460332245 0.329469502 0.824344516 0.593999982 0.613250017
-0.131125093 1.18993008 0.220334053 -0.497799784 0.296318233 0.815101743 0.608120024 0.578649998
-0.185201198 1.27863669 0.153412148 -0.681873858 0.260611713 0.683468759 0.569850028 0.601610005
-0.187464684 1.18790162 0.175789356 -0.704834521 0.235121384 0.669272959 0.583140016 0.569350004
-0.131970599 1.11003888 0.252299845 -0.490981013 0.30050993 0.817698896 0.621330023 0.546700001
-0.0745372996 1.12009037 0.272868246 -0.316752851 0.297387868 0.900682032 0.641480029 0.558709979
-0.200922787 1.11895919 0.191055849 -0.72321099 0.278739482 0.631878316 0.58792001 0.539030015
-0.237394497 1.18835926 0.105442151 -0.886900783 0.174558923 0.427710414 0.555800021 0.561259985
-0.235231489 1.26669669 0.0843057409 -0.896421134 0.20081304 0.395098984 0.547980011 0.587400019
-0.241844282 1.12467456 0.119730547 -0.892998815 0.203382432 0.401483178 0.55825001 0.53372997
-0.268750787 1.12123096 0.0388316512 -0.985088587 0.10424336 0.136871189 0.530789971 0.526180029
-0.264360279 1.17160904 0.0225695483 -0.981066287 0.146043494 0.127201855 0.525730014 0.548120022
-0.254256189 1.22640955 0.00927224755 -0.978974164 0.189154506 0.0763544813 0.516520023 0.565339983
-0.229737893 1.32049417 0.0427337438 -0.954584479 0.267333329 0.131534532 0.523530006 0.595600009
-0.239347979 1.27158082 -0.0015383485 -0.9572348 0.287318647 -0.0339048319 0.50553 0.577610016
-0.250419796 1.20294046 -0.0550774485 -0.982471764 0.0469980054 -0.180389404 0.487729996 0.54944998
-0.247309208 1.23399293 -0.0621884465 -0.984429359 0.165425345 -0.0594418459 0.485060006 0.560609996
-0.26437059 1.15383816 -0.0424053483 -0.96916604 0.0348552354 -0.243930817 0.493800014 0.531560004
-0.267602593 1.10508621 -0.0402126499 -0.958788514 0.00356430723 -0.284098387 0.498389989 0.512719989
-0.266904294 1.03944993 -0.0299268495 -0.963275373 0.0349546894 -0.266230762 0.503849983 0.486479998
-0.27337271 1.05029833 0.0527700521 -0.992548645 0.111678466 0.0487358198 0.532679975 0.494679987
-0.276810795 0.971149564 -0.0126459487 -0.970360994 -0.0880981237 -0.225029156 0.508180022 0.453289986
-0.280910611 0.975756824 0.104679145 -0.990647852 -0.0216803439 0.134709656 0.55072999 0.45923996
-0.240738288 1.20028663 -0.124512248 -0.801793158 -0.169645891 -0.573016524 0.456050009 0.540430009
-0.25347209 1.23490417 -0.105322152 -0.988598883 -0.0655842423 -0.13553904 0.470360011 0.557340026
-0.218615398 1.12563777 -0.13260974 -0.784777105 -0.0399574749 -0.61848861 0.460049987 0.51928997
-0.216906786 1.07262766 -0.128012851 -0.823626816 0.00375497807 -0.567119658 0.462909997 0.499430001
-0.222732291 1.02222919 -0.120283447 -0.850853384 0.0166868065 -0.52513814 0.465469986 0.476509988
-0.231484205 0.95635289 -0.113132954 -0.860866904 -0.146204323 -0.487373024 0.468010008 0.446660042
-0.149684697 1.09734774 -0.198053554 -0.511137426 -0.0235207975 -0.859177113 0.426789999 0.510649979
-0.135970399 1.16103244 -0.208728537 -0.460241258 -0.155253261 -0.8741135 0.421629995 0.535600007
-0.158771694 1.04638767 -0.195057943 -0.539530337 0.0684972405 -0.839175344 0.429170012 0.487589955
-0.169608891 0.996058702 -0.195643649 -0.600843191 0.0212549325 -0.799084365 0.429250002 0.463779986
-0.168518007 0.940633655 -0.186897546 -0.632209003 -0.170981959 -0.755696297 0.429349989 0.438120008
-0.200215295 1.37052011 0.090134941 -0.762958705 0.323869824 0.559466183 0.54211998 0.625869989
-0.178178281 1.36434019 0.117637143 -0.629638195 0.38302353 0.675906003 0.556029975 0.633899987
-0.216840893 1.3877598 0.0623886511 -0.844644368 0.305291891 0.439741731 0.526690006 0.618470013
-0.203669608 1.44145155 0.0519478545 -0.47426793 0.478452653 0.739021719 0.51503998 0.643119991
-0.179725096 1.43655086 0.0604630522 -0.374556154 0.549180031 0.747066915 0.525629997 0.654959977
-0.119180098 1.23643649 -0.22866334 -0.323877901 -0.215483889 -0.92123276 0.412820011 0.563049972
-0.221854985 1.23941517 -0.174330339 -0.571011961 -0.267744362 -0.776053011 0.43641001 0.561540008
-0.2507644 1.25324106 -0.148011848 -0.86754173 -0.12822102 -0.480552584 0.458249986 0.56418997
-0.228846386 1.30783415 -0.184447035 -0.757461846 -0.085531123 -0.647252679 0.447270006 0.583320022
-0.180223495 1.32343578 -0.228275746 -0.404068589 -0.17445533 -0.897938728 0.427810013 0.590380013
-0.0477937981 1.15262711 -0.229282141 -0.127381891 -0.104806505 -0.986300826 0.388139993 0.532360017
-0.042402599 1.23356843 -0.240462348 -0.0791491941 -0.112924099 -0.99044621 0.386409998 0.561730027
-0.113636397 1.31659925 -0.242749646 -0.167169824 -0.118792772 -0.978745341 0.407460004 0.592119992
-0.176564589 1.39868188 -0.241057143 -0.300711095 0.0885363147 -0.949596822 0.421359986 0.621070027
-0.214162007 1.39719033 -0.21026504 -0.67225796 0.0310603101 -0.739665091 0.441790015 0.612280011
-0.0330138989 1.31683564 -0.247454047 -0.0331419148 -0.0411295258 -0.998604 0.382950008 0.592480004
-0.103269793 1.41406846 -0.245413139 -0.0725356415 0.175518572 -0.981800258 0.399289995 0.628669977
-0.171275288 1.47803342 -0.210629433 -0.211729094 0.46585238 -0.85915786 0.421829998 0.655279994
-0.210206196 1.46637571 -0.204041749 -0.538248539 0.376254857 -0.754135728 0.438219994 0.640309989
-0.018555399 1.41321015 -0.244580746 -0.0270176381 0.16342409 -0.986185908 0.377029985 0.629450023
-0.167884409 1.52307749 -0.166492537 -0.141854927 0.770745933 -0.621150315 0.433679998 0.673080027
-0.204182699 1.53110731 -0.158532545 -0.282678187 0.770592928 -0.571208894 0.447250009 0.659789979
-0.166124403 1.54642272 -0.114318952 -0.036576163 0.994821846 -0.0948242396 0.453999996 0.685180008
-0.202127486 1.54807246 -0.116823949 -0.131129682 0.987247646 -0.0902613923 0.459659994 0.668850005
-0.116494395 1.36794364 0.156946853 -0.424092174 0.428155541 0.798015356 0.580439985 0.64647001
-0.173674107 1.50555885 0.0107792495 -0.0155882314 0.789314687 0.613791049 0.502759993 0.675180018
-0.199978009 1.51397645 0.00712865172 -0.209440038 0.81893146 0.53430897 0.496950001 0.661379993
-0.207127795 1.53713584 -0.071478948 -0.246994138 0.926109731 0.285157442 0.475870013 0.671199977
-0.173003197 1.53260338 -0.0617535487 0.0411471613 0.954976737 0.293813407 0.475650012 0.686140001
-0.105928913 1.49742937 -0.211549297 -0.12294697 0.464966178 -0.876749933 0.403340012 0.667879999
-0.134241 1.53381395 -0.163243145 -0.270422608 0.757711649 -0.593923032 0.425799996 0.685639977
-0.00989809725 1.51210403 -0.216027766 -0.0339469425 0.442902327 -0.895926952 0.374729991 0.669390023
-0.037486501 0.922903955 0.32954517 0.022577703 -0.0280977525 0.99935019 0.676270008 0.467159986
0.00651639979 0.971757114 0.321386755 0.0475624651 -0.0465665273 0.99778229 0.689320028 0.49368
-0.0112093994 1.00106299 0.316531837 -0.189179257 0.186616346 0.964046419 0.681360006 0.508520007
-0.0654528961 0.88835907 0.322662354 -0.19372201 -0.356069803 0.914158762 0.659590006 0.447470009
0.00896329992 0.971501231 0.30971086 -0.0862582773 -0.321920156 0.942829251 0.693159997 0.492139995
-0.0346559994 0.923318982 0.318127453 0.325511813 -0.294793725 0.898409009 0.679449975 0.464599967
0.0442995019 0.933087885 0.313336045 -0.330329806 -0.0643039048 0.941672564 0.0541400015 0.479570031
0.00896329992 0.971501231 0.30971086 -0.0862582773 -0.321920156 0.942829251 0.0448900014 0.504170001
-0.0346559994 0.923318982 0.318127453 0.325511813 -0.294793725 0.898409009 0.0255800001 0.472730041
-0.019182099 0.912389636 0.31862703 -0.0614553504 0.105949514 0.992470562 0.0318000019 0.466629982
0.0124587994 0.894759655 0.321315557 -0.012045417 0.178419739 0.983880699 0.0442400016 0.460359991
0.0587770976 0.90669477 0.326154351 -0.301493406 -0.183400124 0.935663521 0.0614399984 0.467209995
-0.057312198 1.08674908 -0.223273546 -0.16198802 -0.00888562854 -0.986752689 0.390520006 0.50642997
-0.0607590005 1.03442645 -0.228636637 -0.167467892 0.0925510377 -0.981523752 0.390199989 0.48202002
-0.0681679994 0.988428175 -0.233263448 -0.205533877 0.0519276485 -0.977271318 0.389539987 0.459689975
-0.0682256967 0.939773679 -0.237085149 -0.210883796 -0.132214636 -0.96852845 0.388410002 0.43651998
0.0652980953 1.42453682 -0.246211544 0.0340502746 0.200560957 -0.979089379 0.354000002 0.633700013
0.0556501374 1.51290679 -0.212383986 0.097419031 0.505602241 -0.857249022 0.354689986 0.67027998
0.0611523986 1.32366943 -0.249231353 0.0372150019 -0.048626177 -0.998123467 0.355120003 0.59483999
0.0556065962 1.23309183 -0.240042955 0.074847661 -0.113407671 -0.990725219 0.355280012 0.561119974
0.0564412028 1.14577973 -0.236072242 0.0969524086 -0.0986739621 -0.990385592 0.352019995 0.530189991
0.0576159991 1.08212507 -0.22997424 0.129616305 -0.0324035734 -0.991034627 0.349869996 0.505389988
0.053233698 1.03294122 -0.234014943 0.140572324 0.0711088851 -0.987513542 0.350730002 0.482309997
0.0595542006 0.985280573 -0.238603145 0.17242828 0.0763201863 -0.982060969 0.350169986 0.459120035
0.0652374998 0.940471113 -0.240113437 0.188746557 -0.102825403 -0.976627707 0.350080013 0.437940001
0.155871198 1.43142188 -0.239965647 0.210526347 0.208185583 -0.955163598 0.330339998 0.636629999
0.152441293 1.33079338 -0.245824352 0.301215082 -0.11830844 -0.94618845 0.328640014 0.598559976
0.142729297 1.23501348 -0.223246947 0.412915766 -0.206281319 -0.887101293 0.324589998 0.563310027
0.140049294 1.15317523 -0.211106941 0.479415059 -0.162006378 -0.862505198 0.319770008 0.533609986
0.141622394 1.09920883 -0.200479746 0.521746695 -0.102068432 -0.846972525 0.316469997 0.51305002
0.141952097 1.04079187 -0.196735248 0.535929143 0.00201161508 -0.844260573 0.315160006 0.486180007
0.145948201 0.992864966 -0.194869533 0.571334779 0.0598010831 -0.818535507 0.315219998 0.463
0.151150197 0.944151998 -0.196164742 0.605641484 -0.0833583474 -0.791359425 0.31397 0.441030025
0.240636289 1.20353007 -0.135543153 0.75645268 -0.210859716 -0.61912632 0.293480009 0.542110026
0.192759708 1.11204219 -0.155681849 0.737113833 -0.139975026 -0.661112785 0.289600015 0.518209994
0.19576031 1.05375326 -0.144528046 0.772199869 -0.0522926822 -0.633224189 0.285780013 0.492439985
0.202804595 1.00345004 -0.137048855 0.795046747 0.0234188568 -0.606095791 0.282609999 0.467679977
0.212045088 0.956754208 -0.130044356 0.823632181 -0.0656984895 -0.563305974 0.280680001 0.446060002
0.247872904 1.1967299 -0.0934125483 0.958420813 -0.0931681916 -0.269720882 0.270639986 0.544120014
0.252523094 1.14210057 -0.0812784433 0.925889909 -0.0958862007 -0.365422815 0.260760009 0.523559988
0.241641283 1.06738091 -0.0769009441 0.89909637 -0.0519752726 -0.434654206 0.25387001 0.499619961
0.249896795 1.02183378 -0.060559649 0.923181713 0.00772809982 -0.384286195 0.247419998 0.477259994
0.257985592 0.968243718 -0.0393270478 0.944895685 -0.0560440943 -0.322538376 0.239219993 0.451380014
0.253617197 1.19534075 -0.0271883477 0.992919445 0.110990189 -0.0423348732 0.237920001 0.554820001
0.263550788 1.1530658 -0.0135915494 0.997381926 0.0497751758 -0.0524564721 0.230800003 0.537819982
0.269341916 1.1044426 0.00323105021 0.998026431 0.0397558995 -0.0486078039 0.224260002 0.51493001
0.273099691 1.03562725 0.0268294495 0.992913008 0.0902428702 -0.0773303807 0.213860005 0.489490032
0.280358285 0.980233312 0.0587659441 0.999561965 0.00548957195 -0.029080702 0.203140005 0.464060009
0.250990778 1.11248803 0.0863538459 0.94945097 0.160281673 0.269912362 0.192880005 0.529940009
0.255204678 1.17408788 0.0558290482 0.962783754 0.115836017 0.244191468 0.204789996 0.55339998
0.250788093 1.23450434 0.034158051 0.977554619 0.125137642 0.169492051 0.214149997 0.573040009
0.222342789 1.19988 0.12200094 0.840174079 0.167227536 0.515889823 0.179629996 0.571569979
0.221119195 1.12420607 0.155485958 0.820424974 0.250778824 0.513821781 0.165669993 0.542270005
0.230424985 1.27586639 0.0949196517 0.852441013 0.196802452 0.484368831 0.191550002 0.598160028
0.149218187 1.49655306 -0.200288847 0.167612508 0.584478796 -0.793908536 0.329670012 0.667630017
0.168780491 1.2949388 0.161524937 0.649799883 0.27521196 0.708532751 0.163900003 0.614539981
0.195596799 1.38123667 0.0826026425 0.740068376 0.332905054 0.584356964 0.201959997 0.631299973
0.156509802 1.38063538 0.13176994 0.613825619 0.387193471 0.687967539 0.178969994 0.646340013
0.167802289 1.20720637 0.186799347 0.657882869 0.244062871 0.712477028 0.149649993 0.584420025
0.173087195 1.12076759 0.217201546 0.637839079 0.292219877 0.712578952 0.136930004 0.550899982
0.257379591 0.901995957 0.167135254 0.873201668 -0.233401641 0.427834541 0.170200005 0.43682003
0.261026591 0.970762312 0.165547535 0.916347682 -0.0174697842 0.400002062 0.158329993 0.467190027
0.204244092 0.962486804 0.245075539 0.715954483 -0.0678431988 0.694842815 0.12748 0.475589991
0.177621797 0.897507668 0.248000234 0.66248703 -0.334309161 0.670334518 0.128220007 0.446399987
0.273895591 0.902152777 0.0872379467 0.970580876 -0.238383874 0.0338514745 0.198860005 0.431210041
0.257685691 0.908373773 -0.01647125 0.917788446 -0.303916842 -0.255536407 0.237310007 0.427049994
0.0686181039 0.908373535 0.338582456 0.299305737 0.0623651966 0.952116907 0.066019997 0.469959974
0.0934193954 0.885282516 0.32902804 0.5330863 -0.409286559 0.740475237 0.0742399991 0.457199991
0.102935493 0.885282576 0.302615821 0.596945822 -0.444131523 0.668133974 0.0942199975 0.451879978
0.135155499 0.945275068 0.298415154 0.541426301 -0.00977265462 0.840691447 0.0970299989 0.480910003
0.0444390997 0.935377419 0.334648281 0.13241607 0.140700489 0.981157243 0.0592800006 0.483829975
0.127851591 0.992591023 0.290878028 0.423310012 0.221318051 0.87853682 0.0963800028 0.502910018
0.0573991984 0.880928695 0.314532012 0.126860678 -0.551875234 0.824220955 0.0715000033 0.453150034
0.0355507992 0.868619084 0.325581044 0.139654309 -0.417177349 0.898031056 0.0535399988 0.449259996
0.0529806986 0.869892776 0.309307158 0.291482508 -0.903934717 0.312953651 0.0723899975 0.447250009
0.099213101 0.882087052 0.291176647 0.350474268 -0.843939424 0.406120628 0.0953600034 0.448329985
0.1713406 0.891786695 0.242704049 0.431325704 -0.812563956 0.392043322 0.128240004 0.443109989
0.244198605 0.895889282 0.158226937 0.422205269 -0.876012266 0.233120888 0.170750007 0.433290005
0.0927421004 0.872547269 0.279038042 0.242376849 -0.941419303 0.234485 0.0963699967 0.442499995
0.166425899 0.879961014 0.23633875 0.270777464 -0.944270432 0.187171116 0.129299998 0.437759995
0.236860901 0.889517486 0.153090954 0.259939402 -0.962519884 0.0773750544 0.170900002 0.43088001
0.00271199993 0.866198182 0.324218661 -0.0241435897 -0.57250917 0.819542766 0.04287 0.449349999
-0.00921729952 0.875581801 0.32993567 -0.267174393 -0.0929077938 0.959159017 0.0390900001 0.450969994
-0.0180181004 0.89418 0.319814354 -0.358457595 -0.273549855 0.892568529 0.0318999998 0.454779983
-0.0625085011 0.89444232 0.301070839 0.161893994 -0.985168815 -0.0568575226 0.660880029 0.442820013
-0.0625085011 0.89444232 0.301070839 0.161893994 -0.985168815 -0.0568575226 0.00673000002 0.457970023
-0.141084701 0.882344663 0.298839539 -0.505766928 -0.448863775 0.736696005 0.632210016 0.443179965
-0.169968888 0.957404077 0.278267235 -0.626090646 0.0348615721 0.778970599 0.624440014 0.470829964
-0.121255994 0.893278122 0.264143527 0.0991040617 -0.969414711 -0.224529579 0.63063997 0.437150002
-0.225750595 0.898360193 0.207692146 -0.746287227 -0.429033011 0.508906662 0.581990004 0.434149981
-0.246324986 0.969037712 0.198493749 -0.844448745 0.00547666289 0.535608292 0.586700022 0.462379992
-0.200813696 0.901670516 0.196715549 0.0813463479 -0.97910738 -0.186364308 0.585940003 0.428680003
-0.272805303 0.902122498 0.121404648 -0.909215331 -0.374393731 0.182090253 0.546720028 0.430249989
-0.261384696 0.905550897 0.0209468529 -0.878468633 -0.454497606 -0.147392929 0.511380017 0.424970031
-0.22669901 0.901813507 -0.0895707458 -0.768798947 -0.52984935 -0.358061135 0.467839986 0.421409965
-0.157498196 0.897494495 -0.175798729 -0.554408193 -0.531927884 -0.640065968 0.42622 0.418009996
-0.067047298 0.897131085 -0.22717914 -0.191106811 -0.52632308 -0.828530192 0.388330013 0.417739987
0.0630873963 0.895665944 -0.224598154 0.162542671 -0.53298223 -0.830367327 0.349220008 0.417500019
0.143438295 0.898837566 -0.189517647 0.540556431 -0.474657327 -0.694621623 0.317129999 0.419070005
0.216645196 0.899911404 -0.111569449 0.795678496 -0.386604398 -0.466296941 0.276919991 0.421959996
-0.205261186 0.902304649 -0.0870518461 0.683981717 -0.625889063 0.374742538 0.465389997 0.415690005
-0.243466198 0.907927275 0.0232800506 0.68400991 -0.721833766 0.105291702 0.512130022 0.419510007
-0.150863096 0.89857918 -0.161469251 0.457764477 -0.672148883 0.58195138 0.427439988 0.414279997
-0.138238892 0.93808639 -0.15813534 0.552005172 -0.344349593 0.75941658 0.427340001 0.397119999
-0.195725992 0.938862741 -0.0891570449 0.846234918 -0.243500829 0.473913133 0.467159986 0.400680006
-0.0635010973 0.897650838 -0.209646359 0.107126534 -0.784719467 0.61052376 0.388660014 0.413290024
-0.0549270995 0.930885732 -0.186158851 0.131714791 -0.543530166 0.828991115 0.388489991 0.397170007
0.0638372973 0.898497462 -0.207671344 -0.0797833428 -0.791170776 0.606369078 0.347600013 0.413480043
0.0583078973 0.931007564 -0.180289835 -0.108475775 -0.57804662 0.808761537 0.346650004 0.396880031
0.129152089 0.897978544 -0.177622855 -0.389893234 -0.724084198 0.568933547 0.318960011 0.414739966
0.121473499 0.935105562 -0.166717634 -0.529447258 -0.407372177 0.744132757 0.316720009 0.398580015
0.201122299 0.899473786 -0.101922549 -0.584754348 -0.689376354 0.427577555 0.277590007 0.418470025
0.185228407 0.939305723 -0.0991527438 -0.762836039 -0.331924677 0.554893792 0.275020003 0.402260005
0.243195087 0.903989077 -0.0118393498 -0.668377101 -0.7247895 0.167188823 0.237570003 0.423150003
0.224893302 0.943649054 -0.0201509502 -0.882091284 -0.370224595 0.291288167 0.235870004 0.406859994
0.255212694 0.89771533 0.0860996544 -0.608925998 -0.7825194 -0.129894078 0.197929993 0.426720023
0.235830992 0.936474979 0.0709989443 -0.917670906 -0.393813103 -0.0528336577 0.198410004 0.408850014
0.224929288 0.89331007 0.14024955 -0.734614372 -0.421808153 -0.531431794 0.172010005 0.426720023
0.222661704 0.938584566 0.130487442 -0.834650755 -0.188001394 -0.517700374 0.171440005 0.408259988
0.156627998 0.881668389 0.217786446 -0.605980158 -0.401318669 -0.686826944 0.130260006 0.431569993
0.16467461 0.92945385 0.209459648 -0.725570858 -0.0037733689 -0.688137054 0.128539994 0.410679996
0.0864285007 0.874038696 0.262369037 -0.562926352 -0.262981564 -0.783552587 0.0960099995 0.437340021
0.113323197 0.923529863 0.259442538 -0.613662183 0.135122806 -0.777920723 0.0923499987 0.415060043
0.0489700958 0.868837476 0.298581749 -0.398237705 -0.380488694 -0.834646642 0.0716300011 0.443879962
0.0622668974 0.914414883 0.288221151 -0.549647033 0.0628948733 -0.833025992 0.0640600026 0.422559977
0.0378942974 0.868028998 0.310997546 -0.0830740705 -0.659091532 -0.747460485 0.0550099984 0.445729971
0.00433439994 0.868614495 0.309868127 -0.0980658159 -0.695158005 -0.712136388 0.0428900011 0.444900036
-0.0125881005 0.874515772 0.313115537 -0.708675265 -0.615145504 -0.345507473 0.0382900015 0.448339999
0.0236121975 0.902483284 0.291883647 -0.121769667 -0.399892241 -0.908437252 0.0469699986 0.430739999
-0.231780693 0.93875736 0.0172653496 0.929177999 -0.313247383 0.196225435 0.513979971 0.406390011
-0.247710496 0.898895383 0.11689245 0.518443882 -0.834967554 -0.18451336 0.548669994 0.424579978
-0.229476109 0.936333597 0.102620646 0.906056643 -0.360268444 -0.221964315 0.550400019 0.408360004
-0.192308396 0.908691108 0.180980638 0.690038264 -0.325095475 -0.646653056 0.585619986 0.422899961
-0.203391299 0.944509804 0.166644841 0.791119456 -0.122512616 -0.599266708 0.586390018 0.409049988
-0.106582299 0.897342563 0.247639254 0.572775841 -0.362074614 -0.735411286 0.63132 0.430549979
-0.126782194 0.931297958 0.245129451 0.655593455 0.141613647 -0.741716027 0.630010009 0.415639997
-0.063523002 0.895111382 0.285499543 0.388855547 -0.487926185 -0.781485379 0.657949984 0.436079979
-0.0740175992 0.932901561 0.281867146 0.525761485 0.10604924 -0.843995392 0.659730017 0.418200016
-0.0161397997 0.890478551 0.303926736 -0.105398424 -0.686942399 -0.719028056 0.0313800015 0.450420022
-0.063523002 0.895111382 0.285499543 0.388855547 -0.487926185 -0.781485379 0.00722000003 0.454190016
-0.00671180012 0.895216227 0.299312025 -0.0738270953 -0.429944843 -0.899831712 0.0339200012 0.44115001
-0.0740175992 0.932901561 0.281867146 0.525761485 0.10604924 -0.843995392 0.00246999995 0.437889993
-0.0282246992 0.918407202 0.291752338 0.245668113 -0.151358604 -0.957464278 0.0213900004 0.43769002
-0.00714529958 0.908192575 0.297597855 -0.0206057001 -0.327086896 -0.944769561 0.0303799994 0.437770009
0.177339181 1.50887048 0.00769964978 0.158097953 0.784323573 0.599868 0.239700004 0.677619994
0.180126593 1.4388479 0.056965556 0.525785267 0.497130692 0.690225244 0.216659993 0.65842998
0.203988388 1.44367123 0.0495421551 0.408993065 0.488671362 0.770665288 0.228139997 0.646969974
0.201101393 1.51139736 0.00122745335 0.328455836 0.779332101 0.53362745 0.244749993 0.664340019
0.174825698 1.53624952 -0.062069349 0.130895644 0.967997968 0.214117482 0.26583001 0.68997997
0.206287697 1.54015851 -0.0797604471 0.3194381 0.93740201 0.138696626 0.267650008 0.674619973
0.206055298 1.53669596 -0.130285352 0.21233514 0.922206342 -0.323186219 0.28433001 0.670449972
0.166917592 1.54249346 -0.128216952 0.220810905 0.908569634 -0.354603648 0.291850001 0.689100027
0.206942096 1.51258445 -0.173179954 0.240519047 0.724105656 -0.646391094 0.295740008 0.660350025
0.212338403 1.45872021 -0.213229448 0.4196181 0.301634878 -0.856117427 0.302549988 0.640160024
0.232664391 1.3649559 -0.207214758 0.570302963 -0.104665823 -0.81473887 0.304520011 0.610310018
0.2429533 1.28501105 -0.170087844 0.6345433 -0.229830921 -0.737924516 0.296400011 0.578419983
0.220144689 1.38679397 0.0603340566 0.814430237 0.296724707 0.498655856 0.214670002 0.619310021
0.236697093 1.32586336 0.0332679525 0.945218444 0.246028021 0.214551434 0.217289999 0.599829972
0.245964095 1.26850832 -0.00433914922 0.982478201 0.184491619 0.0264473353 0.233850002 0.580240011
0.249762192 1.23666346 -0.053313449 0.989574671 0.133884683 -0.0530741327 0.249640003 0.566799998
0.249094591 1.23660243 -0.104269043 0.993143737 0.0199582465 -0.115183093 0.272300005 0.559930027
0.207830191 1.52797616 -0.0831568539 0.286340177 0.949528277 0.128083214 0.267210007 0.667599976
0.208305597 1.52368104 -0.128026038 0.468922943 0.83953321 -0.274399668 0.280820012 0.664529979
0.211291403 1.50571382 -0.164931849 0.628098965 0.588352323 -0.509247601 0.29223001 0.656840026
0.215664893 1.45484757 -0.199920744 0.780416965 0.2984263 -0.549446046 0.296840012 0.639500022
0.226261899 1.36133361 -0.19534114 0.865181565 0.0683356225 -0.496780694 0.300790012 0.610530019
0.244498193 1.2907232 -0.16143924 0.989895761 0.0989838094 -0.101531692 0.293460011 0.580110013
0.202298105 1.50426507 -8.60493965e-05 0.407313228 0.65149647 0.640037715 0.246800005 0.660350025
0.208375394 1.43630612 0.0460489504 0.506146967 0.353873342 0.786504209 0.228799999 0.641919971
0.216585502 1.38396609 0.050992351 0.86667794 0.0166551154 0.498590022 0.220239997 0.618210018
0.223577797 1.32847118 0.0305573475 0.97795105 0.035118565 0.205860123 0.221560001 0.602190018
0.240563095 1.27841914 -0.00338774943 0.983504593 0.176378682 -0.0401151925 0.236259997 0.58288002
0.241575196 1.24513483 -0.0563383475 0.992876589 0.119079739 0.00400124397 0.250310004 0.572560012
0.2433258 1.24119294 -0.106999643 0.997592926 0.0532717928 0.0443915315 0.271219999 0.565320015
0.227714986 1.52563822 -0.131321847 0.173631966 0.898405373 -0.40338558 0.543280005 0.876619995
0.208305597 1.52368104 -0.128026038 0.468922943 0.83953321 -0.274399668 0.556800008 0.877489984
0.207830191 1.52797616 -0.0831568539 0.286340177 0.949528277 0.128083214 0.561070025 0.899810016
0.229391098 1.53478944 -0.0829503536 0.0450173058 0.99272275 0.111691669 0.543879986 0.897830009
0.211291403 1.50571382 -0.164931849 0.628098965 0.588352323 -0.509247601 0.549690008 0.860379994
0.230748683 1.49284804 -0.168704942 0.310958624 0.608200252 -0.73034054 0.536800027 0.85878998
0.223562106 1.51581275 -0.0189332478 0.0481329039 0.870559812 0.489702702 0.540430009 0.916050017
0.202298105 1.50426507 -8.60493965e-05 0.407313228 0.65149647 0.640037715 0.553049982 0.926110029
0.231295109 1.45262575 0.035536252 0.229313955 0.478086412 0.847849369 0.528180003 0.936909974
0.208375394 1.43630612 0.0460489504 0.506146967 0.353873342 0.786504209 0.539319992 0.947369993
0.215664893 1.45484757 -0.199920744 0.780416965 0.2984263 -0.549446046 0.534600019 0.843209982
0.240980491 1.44151044 -0.196073458 0.33302784 0.102815352 -0.937294781 0.521570027 0.839569986
0.226261899 1.36133361 -0.19534114 0.865181565 0.0683356225 -0.496780694 0.508319974 0.825569987
0.239838198 1.35592771 -0.18099393 0.501164913 -0.233544454 -0.833241105 0.501079977 0.823889971
0.239329487 1.39918625 0.0407577567 0.515120327 -0.13764219 0.845993996 0.515860021 0.953920007
0.216585502 1.38396609 0.050992351 0.86667794 0.0166551154 0.498590022 0.521420002 0.965020001
0.238882586 1.34493053 0.0082427524 0.778431475 -0.26191178 0.570479274 0.500840008 0.966120005
0.223577797 1.32847118 0.0305573475 0.97795105 0.035118565 0.205860123 0.510160029 0.974229991
0.243776202 1.30171812 -0.0216008499 0.934199512 -0.167987138 0.314724594 0.488440007 0.974759996
0.240563095 1.27841914 -0.00338774943 0.983504593 0.176378682 -0.0401151925 0.489740014 0.98010999
0.245823398 1.27088964 -0.0548360497 0.949577808 -0.245559841 0.194942117 0.475540012 0.990249991
0.241575196 1.24513483 -0.0563383475 0.992876589 0.119079739 0.00400124397 0.476130009 0.99436003
0.251851797 1.2581408 -0.101446353 0.938015878 -0.345172137 -0.031345699 0.480769992 0.778270006
0.245823398 1.27088964 -0.0548360497 0.949577808 -0.245559841 0.194942117 0.467460006 0.759490013
0.241575196 1.24513483 -0.0563383475 0.992876589 0.119079739 0.00400124397 0.47093001 0.757640004
0.2433258 1.24119294 -0.106999643 0.997592926 0.0532717928 0.0443915315 0.481869996 0.776979983
0.244498193 1.2907232 -0.16143924 0.989895761 0.0989838094 -0.101531692 0.488359988 0.802550018
0.242761791 1.28969216 -0.151291847 0.844948351 -0.350697398 -0.403823704 0.484030008 0.801999986
0.245766297 1.52743018 -0.0822637454 0.244357705 0.958869517 0.144424856 0.53275001 0.89744997
0.241701394 1.5075947 -0.0247863475 0.287375897 0.805753231 0.517858028 0.529680014 0.913420022
0.26839301 1.50114191 -0.0309374463 0.0351509228 0.855994225 0.515789032 0.513930023 0.911019981
0.271638602 1.52352035 -0.076077342 0.0666153058 0.975225449 0.210944846 0.512969971 0.896579981
0.268544883 1.30472147 -0.0928512439 0.830956221 -0.556159496 0.0140820313 0.477539986 0.780849993
0.27062878 1.3232255 -0.142866239 0.668815434 -0.538853824 -0.512174249 0.482749999 0.801379979
0.244596899 1.52045488 -0.125594944 0.213646367 0.866028249 -0.452051282 0.531949997 0.877870023
0.275603414 1.52480602 -0.115209647 0.0687519759 0.932005763 -0.355862945 0.511799991 0.879949987
0.2505292 1.48605454 -0.164076135 0.259974629 0.599657834 -0.756851077 0.527170002 0.858749986
0.282626897 1.49188101 -0.153076947 0.159114316 0.624570072 -0.764587998 0.51157999 0.859570026
0.273916095 1.43799448 -0.18751274 0.337385446 0.080553636 -0.937913775 0.512950003 0.839619994
0.305056483 1.44549954 -0.171157852 0.315794557 0.157225758 -0.93571043 0.502279997 0.839269996
0.249192595 1.45872569 0.0268284474 0.25141412 0.543689668 0.80074501 0.520630002 0.932820022
0.268840402 1.46715271 0.0155539485 0.0581210703 0.652394295 0.755647779 0.511709988 0.92750001
0.257674694 1.41470766 0.0355652496 0.319440186 -0.137936488 0.93751353 0.509440005 0.949249983
0.277500004 1.4292593 0.0324064493 0.136236802 -0.0068823793 0.990652382 0.505110025 0.945219994
0.269828796 1.36909389 -0.174927339 0.420105189 -0.315975845 -0.850688577 0.497209996 0.822539985
0.308607906 1.38988054 -0.161850944 0.431578875 -0.322709799 -0.842376411 0.493070006 0.821399987
0.309130698 1.34748733 -0.131300554 0.554121137 -0.680449843 -0.479518384 0.48190999 0.800779998
0.256375015 1.35759616 0.00455485145 0.503892064 -0.509519279 0.697483301 0.496910006 0.963320017
0.277000606 1.38039958 0.0131057519 0.219820946 -0.506411254 0.833802402 0.494509995 0.960460007
0.25465098 1.32993019 -0.0238588471 0.694628119 -0.527799666 0.488793612 0.486400008 0.973680019
0.277604997 1.34875786 -0.0191567484 0.362881213 -0.736886203 0.570364714 0.483500004 0.972339988
0.255718976 1.30975139 -0.0506599471 0.822131753 -0.475913435 0.312419444 0.476350009 0.986329973
0.279793471 1.33877587 -0.0457009487 0.546633661 -0.773041904 0.321865976 0.476900011 0.983089983
0.255718976 1.30975139 -0.0506599471 0.822131753 -0.475913435 0.312419444 0.464769989 0.760739982
0.302465796 1.33913755 -0.0875489488 0.576334953 -0.815451503 0.0536360033 0.473850012 0.783159971
0.279793471 1.33877587 -0.0457009487 0.546633661 -0.773041904 0.321865976 0.46224001 0.761430025
-0.0115203001 1.56286049 -0.174784631 -0.0475065 0.493338525 -0.868539095 0.375369996 0.697149992
-0.0534358956 1.56794786 -0.166824341 -0.219296381 0.50394392 -0.8354339 0.395599991 0.697660029
-0.101720303 1.56220353 -0.150642648 -0.454075009 0.536029577 -0.711679876 0.419050008 0.700559974
-0.135792598 1.54872692 -0.107149646 -0.596335232 0.731133521 -0.331402987 0.450019985 0.701489985
-0.153333291 1.53279364 -0.0514049456 -0.656765401 0.739551604 0.147385702 0.475730002 0.696699977
-0.158981293 1.49609601 0.0126202507 -0.639870942 0.551766396 0.534900844 0.504830003 0.685010016
-0.144858196 1.4400537 0.0822809488 -0.644173384 0.414384186 0.642904818 0.54163003 0.670289993
-0.119216204 1.41089761 0.125189856 -0.651454806 0.353046775 0.671539068 0.565060019 0.664279997
0.0522785969 1.56406629 -0.168732539 0.179388478 0.507255971 -0.842918098 0.349590003 0.69799
0.118475795 1.55444205 -0.150274545 0.350791037 0.630818307 -0.692108333 0.319759995 0.69848001
0.145028099 1.55151939 -0.10466975 0.59056735 0.74801892 -0.302816451 0.292569995 0.701120019
0.163159505 1.53690171 -0.0496355481 0.608313382 0.770412087 0.190840766 0.265469998 0.696810007
0.160586894 1.49885082 0.0174712483 0.711492956 0.497253358 0.496504754 0.236039996 0.68629998
0.0511779003 1.60766745 -0.150534347 0.228339016 0.73915869 -0.633644879 0.348379999 0.714810014
0.107761197 1.60645723 -0.119590349 0.541056454 0.671142399 -0.50677979 0.319750011 0.714020014
0.121924996 1.56801188 -0.151517555 0.593853891 0.417291462 -0.687899232 0.319220006 0.703199983
0.0537795015 1.58064425 -0.176116228 0.248053625 0.431398571 -0.867389619 0.34878999 0.704879999
-0.0121940002 1.58169353 -0.182428241 -0.0260263197 0.360693544 -0.932321191 0.375860006 0.704509974
-0.00705889985 1.60588133 -0.157230049 -0.000473773689 0.765211821 -0.643778443 0.375039995 0.714730024
-0.0550048016 1.58641136 -0.170822546 -0.293775141 0.448147655 -0.844310284 0.395599991 0.704580009
-0.0461923964 1.60812128 -0.148197949 -0.177791908 0.79304266 -0.582643449 0.395300001 0.714869976
-0.105618492 1.59076059 -0.141878247 -0.620978773 0.452768683 -0.639832675 0.419679999 0.705749989
-0.093781203 1.61169505 -0.122595854 -0.496413916 0.738449752 -0.456360877 0.419889987 0.714829981
-0.139397502 1.56188488 -0.101251021 -0.880958736 0.261345625 -0.394474298 0.449030012 0.705579996
-0.13714014 1.60059786 -0.0768366605 -0.809418499 0.549737275 -0.206471846 0.447840005 0.712679982
0.144538 1.56182432 -0.101372853 0.874347448 0.352809072 -0.333229899 0.292849988 0.704180002
0.146517366 1.59903252 -0.0712300763 0.835590601 0.522629261 -0.169253841 0.292180002 0.71243
0.16294679 1.5458616 -0.043883346 0.942479432 0.324568897 0.0799207464 0.26662001 0.700760007
0.149121791 1.55668318 -0.0313901827 0.867680609 0.434567988 0.241414338 0.267100006 0.708500028
0.159089193 1.50542426 0.0266021509 0.822160482 0.439478487 0.361815929 0.235870004 0.69224
0.142705262 1.51693904 0.0358608291 0.688477099 0.550795853 0.471829683 0.235479996 0.702040017
0.154276192 1.45465648 0.0742460415 0.732665062 0.392091006 0.556297183 0.205709994 0.675440013
0.153497696 1.46540284 0.085110642 0.678951502 0.448375791 0.581363916 0.207509995 0.683340013
0.127812713 1.48312509 0.0867448822 0.50125134 0.574585736 0.646991849 0.208179995 0.694880009
-0.157435521 1.54947746 -0.0479083471 -0.96955961 0.242517397 -0.033758007 0.473589987 0.701799989
-0.160260603 1.50646126 0.0183388498 -0.907953322 0.302012116 0.290533006 0.503210008 0.69095999
-0.146204814 1.55960524 -0.0361490995 -0.909132123 0.387468815 0.15279609 0.473170012 0.708270013
-0.146540508 1.51566815 0.0262174718 -0.767236531 0.457090288 0.449907303 0.503130019 0.699370027
-0.146129996 1.4525218 0.0883850455 -0.84689188 0.246585369 0.471136749 0.538030028 0.678030014
-0.128079787 1.47441316 0.0875797272 -0.64316839 0.500420094 0.579581082 0.535049975 0.690069973
0.37743479 1.3674736 -0.118501447 0.796201289 -0.530293703 -0.29129383 0.464920014 0.804729998
0.374733001 1.40269649 -0.151263252 0.785972118 -0.287179798 -0.547517776 0.469379991 0.822929978
0.37632671 1.41013622 -0.131981552 0.887284338 0.211902857 0.409662843 0.461840004 0.823539972
0.378084481 1.38425708 -0.108123951 0.884580791 0.394656718 0.248521745 0.458710015 0.806699991
0.379852474 1.45033872 -0.157700643 0.836989403 0.0449622907 -0.545368671 0.469599992 0.842499971
0.37789619 1.44498074 -0.137178555 0.779362202 -0.181623727 0.599672854 0.462289989 0.841620028
0.359568089 1.44181895 -0.138580248 -0.0203687865 -0.111434653 0.993562996 0.454849988 0.840009987
0.359207094 1.41193891 -0.130321845 0.0973044634 0.466361701 0.879226208 0.45480001 0.824729979
0.383712381 1.49690986 -0.133621141 0.850342631 0.381400943 -0.362561315 0.46724999 0.863889992
0.380852312 1.48498237 -0.12066365 0.665207684 -0.417706132 0.618886411 0.462040007 0.863409996
0.359135211 1.48199427 -0.123224348 -0.136036336 -0.559903622 0.817313969 0.453680009 0.861769974
0.374960899 1.51943707 -0.0973997489 0.751389742 0.659273565 0.0277849324 0.467510015 0.881179988
0.374948621 1.50240171 -0.0948657468 0.505470276 -0.817488372 0.276066482 0.461609989 0.880159974
0.3479909 1.51269484 -0.10153845 -0.219720975 -0.971762121 0.0860300511 0.449250013 0.880970001
0.366918594 1.51155555 -0.0482280478 0.781027257 0.562108994 0.272084504 0.467449993 0.901530027
0.365233988 1.49716699 -0.054476846 0.503430963 -0.850562215 -0.151990891 0.462269992 0.900579989
0.338934511 1.50053036 -0.0622692481 -0.103024431 -0.95057565 -0.292902648 0.45085001 0.900439978
0.360568613 1.50219953 -0.0192329474 0.74546808 0.505356669 0.434617043 0.468769997 0.913839996
0.359410882 1.48704219 -0.0262917485 0.669872701 -0.688936353 -0.2768341 0.463429987 0.914810002
0.338042706 1.4886452 -0.0376982465 0.111487746 -0.883118808 -0.455709994 0.453399986 0.912840009
0.354827374 1.48217189 0.00639235321 0.66874671 0.458857089 0.585002542 0.470109999 0.926469982
0.35585466 1.46960342 -0.00495584914 0.779483914 -0.460395515 -0.424783289 0.464349985 0.92750001
0.333308786 1.47109306 -0.0131694479 0.249691695 -0.70852685 -0.660033047 0.453889996 0.926310003
0.353158176 1.45812178 0.0242117513 0.591829956 0.267475814 0.76039058 0.471540004 0.937330008
0.358552575 1.45226264 0.00910545141 0.943796992 -0.0511493273 -0.326544046 0.466289997 0.937740028
0.337126881 1.45154488 -0.00164374779 0.389109671 -0.276677847 -0.878659785 0.455839992 0.936789989
0.354043812 1.41713417 0.0299260486 0.579200089 -0.0942469463 0.809718847 0.471870005 0.953620017
0.360329568 1.42148507 0.0100471517 0.95283097 0.191032693 -0.235838309 0.464789987 0.952880025
0.34008801 1.42636001 0.00134255213 0.405091494 0.243660286 -0.881209791 0.455920011 0.949180007
0.361063302 1.38826525 0.0102220513 0.752010107 -0.404180884 0.52069062 0.467629999 0.96758002
0.363413304 1.40061545 -0.00771154789 0.872457147 0.405841738 -0.272233307 0.460469991 0.966329992
0.339657903 1.4063319 -0.0108731482 0.27623412 0.721231043 -0.635232568 0.452300012 0.959829986
0.361723095 1.36561906 -0.0223789476 0.744737983 -0.578443527 0.332819015 0.461679995 0.983299971
0.363601416 1.3863945 -0.0328969471 0.799441993 0.5894683 -0.11584311 0.454670012 0.978600025
0.340581685 1.38665545 -0.0394469462 0.165180117 0.925648808 -0.340425879 0.446229994 0.974870026
0.363601416 1.3863945 -0.0328969471 0.799441993 0.5894683 -0.11584311 0.442079991 0.774299979
0.361723095 1.36561906 -0.0223789476 0.744737983 -0.578443527 0.332819015 0.448720008 0.768469989
0.374936581 1.35655046 -0.0729797408 0.802612662 -0.584187865 0.120570891 0.458600014 0.788439989
0.373355895 1.37597883 -0.0722012445 0.828135073 0.544815183 0.131790832 0.452719986 0.790809989
0.352808893 1.37928855 -0.0754201412 0.132525265 0.990817189 -0.026801195 0.445050001 0.79430002
0.340581685 1.38665545 -0.0394469462 0.165180117 0.925648808 -0.340425879 0.434009999 0.779200017
0.360922813 1.38631713 -0.10441985 0.165742338 0.871520162 0.46149987 0.451570004 0.807669997
0.133828819 1.52938974 0.0396624804 0.476329595 0.707375646 0.522235394 0.236990005 0.708389997
0.112477608 1.5045352 0.0819700509 0.127735853 0.832975566 0.538363576 0.210869998 0.705120027
0.141237319 1.56738091 -0.0202938523 0.573010147 0.636351883 0.516445279 0.267129987 0.713569999
0.137052923 1.60809875 -0.0601957254 0.28426522 0.88883698 0.359391212 0.292250007 0.716809988
0.0935164988 1.62115538 -0.102110349 -0.0518148094 0.982743144 0.177570373 0.320630014 0.72052002
0.0479285009 1.61916184 -0.132442057 -0.0695317611 0.994250417 0.0814336315 0.347270012 0.721660018
-0.00173709996 1.61577773 -0.139282152 -0.00521301525 0.981086791 0.193498001 0.373360008 0.722419977
-0.0416814983 1.61728227 -0.132306248 0.114306286 0.9686777 0.220448941 0.395449996 0.722230017
-0.0835149959 1.61868072 -0.109058045 0.112811416 0.959967673 0.256389707 0.419580013 0.720799983
-0.122978188 1.60818839 -0.0653128922 0.057884194 0.877106905 0.476794362 0.447360009 0.717790008
-0.142938197 1.585338 -0.021442702 -0.125189915 0.754821777 0.64387238 0.472050011 0.713580012
-0.135213435 1.53011096 0.0319798551 -0.396470308 0.726824582 0.560836136 0.502340019 0.707189977
-0.111724526 1.49881196 0.0867330357 -0.334580511 0.767531037 0.546765149 0.532519996 0.701189995
0.349334091 1.51962459 -0.048497647 0.0340305045 0.975105941 0.219112635 0.474669993 0.902010024
0.301667303 1.51734865 -0.0625226498 -0.0620694272 0.974312007 0.216480091 0.496600002 0.899060011
0.298671782 1.50759673 -0.0316461474 -0.144329935 0.872439623 0.466924042 0.49634999 0.910420001
0.344020605 1.50930834 -0.0194804482 -0.0347797647 0.874495447 0.483785182 0.475010008 0.913460016
0.301237911 1.4765327 0.0109214522 -0.136648074 0.663196325 0.735865474 0.494780004 0.927200019
0.337005675 1.48626339 0.0115804505 -0.0780084506 0.683677554 0.725602984 0.476839989 0.926999986
0.360179394 1.52649319 -0.101759449 0.0868824795 0.972918451 -0.214198515 0.473670006 0.880949974
0.307808787 1.52455294 -0.110019147 0.0154964356 0.962684214 -0.270183444 0.496369988 0.879949987
0.368926376 1.49997926 -0.140565947 0.13967444 0.634447694 -0.760241449 0.473100007 0.862950027
0.316411704 1.4952203 -0.14697504 0.0767432451 0.622123718 -0.779148638 0.496190012 0.860580027
0.307280183 1.44145989 0.0275363512 -0.00950420648 0.0982519835 0.995116234 0.492320001 0.942319989
0.338036805 1.45422995 0.0258700475 -0.0629470274 0.231899574 0.970700979 0.477239996 0.938899994
0.316485882 1.402879 0.0190058481 0.0530631691 -0.411207914 0.909995794 0.486860007 0.958729982
0.342193604 1.41327846 0.0276512504 -0.0502368696 -0.294791937 0.954240024 0.475930005 0.95520997
0.311339378 1.3659271 -0.0064652483 0.149960369 -0.738992929 0.656811476 0.481229991 0.971650004
0.346805602 1.38449585 0.00680545159 0.0500269905 -0.69536531 0.716913164 0.471839994 0.969399989
0.366747707 1.45044649 -0.162149355 0.130261257 0.164539322 -0.977731466 0.474779993 0.841600001
0.329547197 1.44939375 -0.162612155 0.128923386 0.176147729 -0.975884497 0.491189986 0.839909971
0.364120483 1.40189922 -0.153628245 0.179644182 -0.397058249 -0.900040448 0.473589987 0.822250009
0.333672404 1.39968777 -0.157345638 0.230207339 -0.351576596 -0.907413065 0.486330003 0.821169972
0.32858029 1.35509872 -0.126988649 0.314377367 -0.809273541 -0.496229082 0.479490012 0.801069975
0.364233017 1.36499727 -0.120278649 0.233578727 -0.836749494 -0.495268792 0.469229996 0.803390026
0.359136015 1.3521843 -0.074990049 0.181760401 -0.983190656 0.0173008926 0.462709993 0.786719978
0.322646081 1.34982026 -0.0823809505 0.256290168 -0.965969384 0.0349060111 0.471549988 0.783689976
0.34852469 1.36296809 -0.0220338479 0.150558293 -0.927584231 0.341935098 0.452439994 0.765739977
0.309486806 1.35257554 -0.0336395465 0.228923067 -0.932706177 0.278663456 0.460579991 0.762109995
0.309486806 1.35257554 -0.0336395465 0.228923067 -0.932706177 0.278663456 0.475120008 0.983370006
0.34852469 1.36296809 -0.0220338479 0.150558293 -0.927584231 0.341935098 0.466149986 0.983590007
0.0447933003 1.59799445 -0.119159445 -0.350120425 -0.310799152 0.883639932 0.346190006 0.73003
0.0033522998 1.59558713 -0.127998352 -0.0260328371 -0.315720499 0.94849509 0.371089995 0.730880022
0.0801494941 1.59738314 -0.0932476521 -0.628844023 -0.295532286 0.719177186 0.320910007 0.727940023
0.0399350002 1.54620588 -0.157582447 -0.239696473 -0.584052622 0.775518 0.350950003 0.754390001
0.0899230912 1.53691435 -0.14635475 -0.528930604 -0.579712212 0.619811416 0.324519992 0.75545001
0.117327981 1.59011817 -0.0562250838 -0.81280607 -0.183033317 0.553032637 0.292380005 0.724829972
0.127767995 1.52845955 -0.106570944 -0.735221624 -0.507455289 0.44937548 0.294569999 0.749270022
0.131258816 1.57452285 -0.0203773156 -0.981062531 -0.140433922 0.133396432 0.269030005 0.720730007
0.141805694 1.52618206 -0.0608454496 -0.940070391 -0.340316355 0.0212730803 0.270700008 0.740289986
0.124794148 1.52592957 0.028178731 -0.93949759 -0.188133746 -0.286269069 0.23883 0.715279996
0.158131704 1.48958564 -0.0162396468 -0.89746815 -0.308474809 -0.315268397 0.243259996 0.742550015
0.105836429 1.5071789 0.0673870668 -0.775523365 -0.04936634 -0.629385769 0.213119999 0.711600006
0.151402995 1.44348633 0.0346746519 -0.711546063 -0.231297389 -0.663478434 0.216739997 0.741379976
-0.00305489986 1.54284203 -0.161037534 -0.006166304 -0.545086324 0.838357151 0.372790009 0.754819989
-0.0394276008 1.60003042 -0.122427344 0.27304104 -0.31428954 0.909214258 0.396079987 0.729219973
-0.0517935976 1.54890621 -0.153690144 0.215824708 -0.565703273 0.795863986 0.397540003 0.752279997
-0.0753110945 1.5979892 -0.10110645 0.613705277 -0.298550129 0.730912924 0.420210004 0.728179991
-0.0890726 1.54821026 -0.138027757 0.541229129 -0.58481586 0.604203224 0.419959992 0.749260008
-0.102464117 1.58935571 -0.0727612302 0.806871176 -0.301185757 0.508179188 0.443309993 0.726180017
-0.1185515 1.53187811 -0.119818449 0.719221592 -0.613019049 0.326998472 0.441980004 0.749759972
-0.122918762 1.55786288 -0.03372081 0.935597181 -0.322624177 0.143427759 0.47104001 0.721639991
-0.158706903 1.51519513 -0.0937876478 0.805878818 -0.589974225 0.0498973802 0.469480008 0.75247997
-0.125122204 1.52647674 0.0172837786 0.963673532 -0.156774819 -0.216229007 0.499819994 0.714909971
-0.157306299 1.4959271 -0.0245475508 0.849301219 -0.439547002 -0.292379677 0.495979995 0.739229977
-0.105692238 1.50310099 0.0641099885 0.865626514 0.0478863455 -0.498394966 0.527960002 0.710669994
-0.135373607 1.4535476 0.0472116843 0.774254858 -0.235390261 -0.587469816 0.528930008 0.730459988
-0.0891395062 1.48416531 0.115707271 -0.159584314 0.849861205 0.502263606 0.55102998 0.699509978
-0.104288884 1.45527208 0.129618436 -0.576095343 0.500042677 0.646584392 0.556990027 0.686980009
-0.118589602 1.42312586 0.138114944 -0.793163598 0.132513419 0.594417274 0.563579977 0.672500014
-0.0732554123 1.47976804 0.0963348299 0.72514379 0.207682073 -0.656532288 0.550480008 0.708819985
-0.104228325 1.43480384 0.0757617503 0.646199763 -0.0911105946 -0.757710159 0.546769977 0.727029979
-0.0941734016 1.38338113 0.153085038 -0.389209539 0.334385008 0.858313739 0.585619986 0.656419992
-0.0901815966 1.3850174 0.181557342 -0.657261252 -0.0826581866 0.749116302 0.578339994 0.668590009
-0.075397402 1.37281275 0.171062946 -0.00953339506 -0.984564066 -0.174764723 0.590719998 0.663590014
-0.0736040995 1.37409019 0.182336837 -0.0342766643 -0.52806747 0.848510325 0.587140024 0.668370008
-0.0660431013 1.39048791 0.179809153 0.626226902 0.122519828 0.769953728 0.585940003 0.675209999
-0.0792068988 1.40857661 0.171092942 -0.340193629 0.411161631 0.845703483 0.579970002 0.675650001
-0.0772879943 1.4261148 0.16716215 -0.418351233 0.39102453 0.819806099 0.578350008 0.681590021
-0.0657735988 1.38474131 0.166098744 0.832458436 -0.408443689 -0.374415308 0.595059991 0.666199982
-0.0636222959 1.42234373 0.164606333 0.790836096 0.131370604 0.597762465 0.582459986 0.682910025
-0.0738365948 1.44681823 0.162430048 -0.440247893 0.466188222 0.767365813 0.574450016 0.689220011
-0.0628618971 1.44777048 0.159007743 0.589330852 0.277783483 0.758633912 0.577740014 0.691779971
-0.0659070686 1.47392547 0.139737338 0.00885103829 0.883683085 0.468001872 0.569679976 0.69946003
-0.0578595996 1.46431851 0.150798544 0.436848342 0.62099278 0.650793076 0.577120006 0.698059976
-0.0399548002 1.45933914 0.128329948 0.717915893 0.176264495 -0.673444629 0.571810007 0.70867002
-0.0400092974 1.44761217 0.14644976 0.505410492 0.486963421 0.712339044 0.578790009 0.707499981
-0.0166234002 1.42678607 0.133410856 0.611520469 0.00504707359 -0.791212499 0.583469987 0.718509972
-0.0227144007 1.42440033 0.150026456 0.555878103 0.441052169 0.704608083 0.586880028 0.715730011
-0.0697809979 1.40492785 0.105658546 0.577225447 -0.0751762092 -0.813117027 0.566139996 0.730719984
-0.0497304015 1.37434554 0.131334051 0.356682599 -0.172601208 -0.918142796 0.579259992 0.739059985
0.110308304 1.41530716 0.157277241 0.509172082 0.468649328 0.721880555 0.170670003 0.672550023
0.0841208994 1.4484477 0.144142151 0.40657568 0.53794086 0.738454998 0.174740002 0.688109994
0.0838726014 1.39592099 0.180514544 0.197769046 0.480023652 0.854672372 0.15467 0.673380017
0.0535623953 1.41776907 0.170780748 0.241784468 0.434063226 0.867830217 0.152319998 0.684329987
0.0260396004 1.43382442 0.172951236 -0.297118574 0.0458733439 0.953737974 0.150649995 0.69490999
0.0418839976 1.40703034 0.175343856 -0.343487978 -0.151403114 0.92687273 0.145860001 0.683770001
0.0347942971 1.44385469 0.170140848 0.273938417 0.421753109 0.864339054 0.154660001 0.696240008
0.0641757995 1.47203028 0.139781237 0.0107310833 0.826588929 0.562703848 0.176129997 0.699769974
0.0273946989 1.45071638 0.161887333 -0.566741288 0.818505347 0.0940916613 0.154540002 0.699580014
0.0180140994 1.44113433 0.16389975 -0.779599071 0.440153301 0.445522547 0.149869993 0.699580014
0.0503787994 1.46450853 0.113597542 -0.682508051 0.0640567914 -0.72806561 0.17791 0.708169997
0.00951529946 1.43124723 0.143177941 -0.721315682 0.466695964 -0.511760294 0.15298 0.708940029
-0.00754379993 1.33954906 0.157988951 0.0295784585 -0.327437341 -0.944409788 0.60017997 0.746900022
-0.00344630005 1.39167786 0.138700753 0.0434931405 -0.239309043 -0.969968855 0.593800008 0.728269994
-0.00344630005 1.39167786 0.138700753 0.0434931405 -0.239309043 -0.969968855 0.143610001 0.719269991
0.0329692997 1.42082047 0.122943744 -0.407204747 -0.185528144 -0.894295096 0.162259996 0.718429983
0.00344719994 1.4199084 0.152250737 -0.870903015 0.335862011 0.358782142 0.148080006 0.709420025
0.0987660959 1.39096475 0.101959042 -0.541936457 -0.212850228 -0.813018978 0.178289995 0.739960015
0.0340568982 1.34033155 0.155860648 -0.23094444 -0.313506484 -0.921074629 0.141499996 0.741850019
-0.00754379993 1.33954906 0.157988951 0.0295784585 -0.327437341 -0.944409788 0.129500002 0.732949972
0.0663816035 1.38919604 0.180502146 -0.312416226 -0.171034276 0.93442142 0.148839995 0.672559977
0.1163496 1.40165758 0.15925394 0.871567905 -0.0727901459 0.484841198 0.166549996 0.66652
0.0921529904 1.37430763 0.186465338 0.0236898754 -0.437575281 0.898869693 0.152820006 0.665340006
0.102632798 1.38355362 0.180413455 0.688028038 -0.0455491208 0.724253178 0.155550003 0.665180027
0.113757201 1.39273798 0.146461755 0.569554567 0.305025518 0.763260722 0.163310006 0.659770012
-0.00575079955 1.39464581 0.153882936 -0.0128676062 0.638726056 0.769326627 0.595899999 0.725750029
-0.00575079955 1.39464581 0.153882936 -0.0128676062 0.638726056 0.769326627 0.1417 0.717289984
-0.0150102992 1.39303434 0.155503035 -0.247073948 0.281169891 0.927306771 0.597609997 0.723039985
-0.0356956013 1.419595 0.147309735 -0.377570361 -0.0808116272 0.92244786 0.589079976 0.712859988
-0.0624395981 1.41787672 0.153678745 0.900947511 -0.210630715 -0.379378825 0.58585 0.682879984
-0.0600530989 1.4446243 0.145462945 0.869015694 -0.284201205 -0.405020326 0.582270026 0.693359971
-0.0572756007 1.44997406 0.144426838 0.26459825 -0.666024745 0.697422862 0.580850005 0.698310018
-0.0534529015 1.43728828 0.143223956 -0.50669837 -0.300675005 0.80799216 0.582979977 0.704580009
-0.0766492113 1.45441115 0.123663515 0.477159411 -0.754101336 -0.451275975 0.591229975 0.696169972
-0.0714469925 1.45237792 0.125328779 -0.727523923 -0.432149798 0.532874703 0.591300011 0.698360026
-0.0554017015 1.43161511 0.132774547 -0.667594969 -0.238898888 0.705155492 0.589039981 0.705200016
-0.0710383952 1.44627535 0.122393951 -0.638560295 -0.281608135 0.716196597 0.594089985 0.698979974
-0.038438499 1.41179836 0.140603542 -0.507430792 0.00884041097 0.861647189 0.592830002 0.712539971
-0.0602434017 1.42509055 0.12917845 0.362641275 0.74988234 0.553324282 0.593140006 0.705680013
-0.0761170536 1.44188261 0.119118772 0.349415898 0.616153002 0.705878198 0.597289979 0.697149992
-0.0387187004 1.40778375 0.146819249 0.488676399 0.768649101 0.412763745 0.596029997 0.713280022
-0.0167753007 1.38570106 0.160260439 0.149407312 0.70658356 0.691677094 0.601239979 0.723940015
-0.00951190013 1.3629185 0.184425935 -0.223283544 0.482168734 0.847146869 0.610840023 0.731959999
-0.0796728954 1.44118619 0.130596027 0.848639727 -0.146803379 -0.508192241 0.592459977 0.692009985
-0.070772998 1.41962075 0.145202652 0.947711349 0.234790325 0.216140494 0.591400027 0.682009995
-0.0583884977 1.42229581 0.146738455 0.150345713 0.665684164 0.730931401 0.597370028 0.680939972
-0.0776189491 1.44105446 0.127800405 0.562787414 0.730070412 0.387643665 0.594370008 0.69423002
-0.0602434017 1.42509055 0.12917845 0.362641275 0.74988234 0.553324282 0.599359989 0.686800003
-0.0770422965 1.39119959 0.154731438 0.0426129773 0.289277881 0.956296146 0.598540008 0.661859989
-0.0427527986 1.40422523 0.158265248 0.0554448441 0.570735753 0.819259763 0.604610026 0.673860013
-0.021574799 1.37626052 0.174200833 -0.149222538 0.445024073 0.882998347 0.614570022 0.66328001
-0.0215732995 1.38071072 0.171424657 0.00977723207 0.523376822 0.852045238 0.614069998 0.665080011
-0.0387187004 1.40778375 0.146819249 0.488676399 0.768649101 0.412763745 0.606400013 0.677779973
-0.0167753007 1.38570106 0.160260439 0.149407312 0.70658356 0.691677094 0.615689993 0.669589996
0.0266179983 1.4014473 0.151145056 -0.567943037 0.747721851 0.344024241 0.136230007 0.708010018
0.025703799 1.40520811 0.150685251 0.414679885 -0.0299811475 0.9094733 0.139050007 0.706809998
0.00406579999 1.37628436 0.167156845 -0.232263029 0.735416293 0.636566401 0.133289993 0.720059991
0.0266179983 1.4014473 0.151145056 -0.567943037 0.747721851 0.344024241 0.131469995 0.683459997
0.00406579999 1.37628436 0.167156845 -0.232263029 0.735416293 0.636566401 0.120449997 0.675809979
0.00771549996 1.38227904 0.172081143 -0.476154119 0.763858974 0.435656637 0.123649999 0.674310029
0.0265335981 1.40221345 0.158565655 -0.476066768 0.785498202 0.395414889 0.133369997 0.681190014
0.0245075002 1.41977525 0.163278446 -0.833491743 -0.494711488 0.246073365 0.14497 0.693570018
0.0231446996 1.428455 0.159677938 -0.481035322 -0.290289938 0.827246487 0.145520002 0.698920012
0.0308759995 1.3912102 0.172208443 -0.0388575681 0.690481007 0.722305954 0.132789999 0.67553997
0.0406123996 1.3982414 0.163399145 -0.47638461 0.109038152 0.872449636 0.140589997 0.681240022
0.0635745004 1.38516593 0.170862645 -0.131032556 0.0462005772 0.990300894 0.144109994 0.670260012
0.0450112 1.41678596 0.150985748 -0.638216078 0.129438475 -0.758897781 0.137620002 0.688650012
0.0413901992 1.406703 0.15454334 -0.907345653 -0.223342851 -0.35614866 0.139899999 0.685930014
0.0167523008 1.41011965 0.15738754 0.00717093004 0.0480113924 0.99882108 0.143030003 0.707379997
0.0037657998 1.39034164 0.160918042 0.0689078197 0.364294559 0.928730965 0.138150007 0.715979993
0.0296032 1.42673135 0.154377833 -0.0935188606 -0.959299147 0.266457021 0.143089995 0.697420001
0.0301220976 1.42403305 0.153567851 0.523848355 -0.243936047 0.816136122 0.141819999 0.699970007
0.0298007987 1.42159879 0.154860154 -0.557954311 -0.366998971 -0.744310915 0.143250003 0.693419993
0.0402862951 1.43295908 0.149180233 0.566063643 -0.473212242 0.675012648 0.137979999 0.696309984
0.0451666005 1.43315196 0.145705044 -0.565330923 -0.179459676 -0.805105805 0.137549996 0.694540024
0.0420273021 1.41732872 0.144784644 -0.526715934 0.600375414 0.601763666 0.133289993 0.689740002
0.0357865989 1.41832089 0.148183838 0.474081367 -0.175641537 0.862784445 0.137669995 0.701319993
0.0420273021 1.41732872 0.144784644 -0.526715934 0.600375414 0.601763666 0.133980006 0.701030016
0.0466476008 1.42972291 0.143968746 0.440349817 -0.159681812 0.883512139 0.134279996 0.696500003
0.0512658954 1.42974389 0.143259242 -0.890600204 0.18339853 0.41616863 0.132819995 0.694880009
-0.206233189 1.53657198 -0.123764552 -0.299546033 0.917923272 -0.260171056 0.461739987 0.661450028
-0.211773485 1.53089881 -0.0786927417 0.0527675487 0.975256741 0.214685485 0.475989997 0.664300025
-0.210996896 1.50874019 -0.156802252 -0.457973391 0.586018384 -0.668462992 0.451759994 0.653850019
-0.214546502 1.45254529 -0.195567146 -0.575794876 0.23785089 -0.782232225 0.444640011 0.636749983
-0.218534783 1.37451959 -0.193951443 -0.726893246 -0.0249758773 -0.686296165 0.445589989 0.614180028
-0.230219588 1.31310117 -0.166405231 -0.940474153 0.0156261735 -0.339505523 0.450809985 0.586149991
-0.201449201 1.50395548 0.000605853216 -0.351246685 0.646597743 0.677153647 0.495709985 0.65456003
-0.20657748 1.43314445 0.0454332493 -0.53663981 0.312236935 0.78391701 0.510909975 0.639599979
-0.21201539 1.38055885 0.0533832498 -0.883404255 0.0641186386 0.464204401 0.520410001 0.616320014
-0.217905998 1.32398105 0.0376014486 -0.990423441 0.107475057 0.0866628289 0.518040001 0.599929988
-0.23354049 1.27588975 -0.00534415012 -0.972441256 0.233144 0.00131548441 0.503780007 0.580690026
-0.241207197 1.24136579 -0.059759248 -0.963359416 0.267807037 -0.0147697292 0.486209989 0.566670001
-0.242798895 1.24124384 -0.0984893516 -0.964814901 0.254149079 0.0673833936 0.473060012 0.561049998
-0.241263196 1.26151752 -0.135765448 -0.980635762 0.192034602 -0.0384243391 0.460979998 0.56625998
-0.229416505 1.54344785 -0.13268964 -0.0538096391 0.902629554 -0.427041441 0.432590008 0.875930011
-0.228782594 1.54147828 -0.0923791453 -0.135350049 0.970368087 0.200165406 0.434410006 0.858630002
-0.211773485 1.53089881 -0.0786927417 0.0527675487 0.975256741 0.214685485 0.449229985 0.85157001
-0.206233189 1.53657198 -0.123764552 -0.299546033 0.917923272 -0.260171056 0.446660012 0.874220014
-0.210996896 1.50874019 -0.156802252 -0.457973391 0.586018384 -0.668462992 0.43919 0.892549992
-0.229181305 1.50597334 -0.163911238 -0.104787007 0.593716502 -0.797822237 0.426510006 0.892149985
-0.223199397 1.51976502 -0.0121323476 -0.0482988097 0.856800139 0.5133816 0.429760009 0.835129976
-0.201449201 1.50395548 0.000605853216 -0.351246685 0.646597743 0.677153647 0.441179991 0.825800002
-0.229960799 1.453475 0.0369453505 -0.188966811 0.436786026 0.879493892 0.416889995 0.815940022
-0.20657748 1.43314445 0.0454332493 -0.53663981 0.312236935 0.78391701 0.425850004 0.804719985
-0.214546502 1.45254529 -0.195567146 -0.575794876 0.23785089 -0.782232225 0.424419999 0.911170006
-0.235575289 1.44815767 -0.197580546 -0.188916311 0.143204853 -0.971495211 0.411269993 0.911339998
-0.218534783 1.37451959 -0.193951443 -0.726893246 -0.0249758773 -0.686296165 0.400660008 0.927550018
-0.239815995 1.37167132 -0.185591042 -0.342907339 -0.27520594 -0.898151577 0.393959999 0.92663002
-0.234950811 1.39049268 0.043214649 -0.489633441 -0.111116238 0.864819288 0.403320014 0.798099995
-0.21201539 1.38055885 0.0533832498 -0.883404255 0.0641186386 0.464204401 0.410400003 0.787800014
-0.22780019 1.33378434 0.0202159528 -0.767926395 -0.265788972 0.582790911 0.390949994 0.784510016
-0.217905998 1.32398105 0.0376014486 -0.990423441 0.107475057 0.0866628289 0.397350013 0.777649999
-0.236455396 1.29415536 -0.0177087486 -0.929869056 -0.182608142 0.319371104 0.377950013 0.774649978
-0.23354049 1.27588975 -0.00534415012 -0.972441256 0.233144 0.00131548441 0.377400011 0.769280016
-0.242981881 1.26752257 -0.0563012511 -0.967612863 -0.17396985 0.182920381 0.359750003 0.763329983
-0.241207197 1.24136579 -0.059759248 -0.963359416 0.267807037 -0.0147697292 0.357809991 0.757489979
-0.245485798 1.25929999 -0.0912644491 -0.973377764 -0.227999315 0.0234939642 0.366600007 0.977729976
-0.242798895 1.24124384 -0.0984893516 -0.964814901 0.254149079 0.0673833936 0.369709998 0.978070021
-0.241207197 1.24136579 -0.059759248 -0.963359416 0.267807037 -0.0147697292 0.363249987 0.991819978
-0.242981881 1.26752257 -0.0563012511 -0.967612863 -0.17396985 0.182920381 0.357609987 0.991599977
-0.230219588 1.31310117 -0.166405231 -0.940474153 0.0156261735 -0.339505523 0.377829999 0.946619987
-0.240062192 1.32221198 -0.163294539 -0.661945224 -0.423097938 -0.618721724 0.377620012 0.94461
-0.247864395 1.28195798 -0.124520145 -0.914729178 -0.329502732 -0.233877048 0.367000014 0.964399993
-0.241263196 1.26151752 -0.135765448 -0.980635762 0.192034602 -0.0384243391 0.370400012 0.965219975
-0.244669303 1.53394866 -0.0973113552 -0.362872779 0.917636096 0.162072152 0.420540005 0.862049997
-0.270285308 1.53223693 -0.0922849476 -0.109602928 0.983734131 0.142318428 0.402940005 0.862800002
-0.268969983 1.50408173 -0.0307933483 -0.00229897886 0.869319439 0.494245112 0.401560009 0.842419982
-0.242724493 1.50805855 -0.0213717483 -0.352621108 0.790961742 0.500037909 0.417160004 0.839160025
-0.268206179 1.33080375 -0.117812246 -0.710954428 -0.652771533 -0.261597186 0.365810007 0.962109983
-0.28068018 1.35812354 -0.152010649 -0.526196003 -0.584006548 -0.618105233 0.373470008 0.945050001
-0.245584905 1.52824891 -0.130350947 -0.414435893 0.775099933 -0.476930827 0.419149995 0.877510011
-0.272128493 1.52178979 -0.124298446 -0.2553868 0.829220712 -0.49716264 0.402570009 0.878279984
-0.252470613 1.49431133 -0.163621649 -0.322841465 0.569418073 -0.75600028 0.41494 0.893700004
-0.280459702 1.4911685 -0.15115425 -0.27635482 0.614259124 -0.739130378 0.400469989 0.894249976
-0.269523799 1.44496012 -0.188475549 -0.317000031 0.141146719 -0.937863886 0.400900006 0.914020002
-0.306616187 1.44980419 -0.172226042 -0.334629476 0.240172014 -0.911230266 0.389939994 0.91336
-0.249097183 1.45849168 0.0270341504 -0.322769016 0.459832728 0.827269077 0.407880008 0.820540011
-0.269380301 1.46820366 0.016170552 -0.0370405391 0.597734869 0.800837696 0.399089992 0.826290011
-0.257143706 1.40558565 0.0342533514 -0.36067751 -0.126457006 0.924078166 0.396990001 0.803799987
-0.280155182 1.42428482 0.0298287496 -0.161925226 -0.0288967565 0.986379862 0.390009999 0.806779981
-0.283257097 1.39040387 -0.175600141 -0.376659483 -0.291279048 -0.879365742 0.386159986 0.927519977
-0.319471389 1.40652657 -0.165320054 -0.400668532 -0.251850665 -0.880929053 0.380910009 0.927860022
-0.32515651 1.37888622 -0.143129453 -0.409817636 -0.669724405 -0.619288802 0.371309996 0.942709982
-0.247899607 1.34269071 0.0102225514 -0.561186969 -0.498459816 0.66076237 0.384319991 0.788129985
-0.276848704 1.3647033 0.0119874496 -0.375762284 -0.517335534 0.768873632 0.380540013 0.79253
-0.245984584 1.3217876 -0.0185853485 -0.729841352 -0.54814285 0.408498257 0.376029998 0.777409971
-0.274799705 1.34323835 -0.0189549495 -0.523416638 -0.739310622 0.423621178 0.370169997 0.778230011
-0.251731604 1.3088975 -0.0500979498 -0.830055058 -0.498417914 0.25017643 0.361970007 0.7676
-0.282718301 1.34381652 -0.043180149 -0.59610641 -0.776077628 0.205816984 0.363940001 0.770609975
-0.251731604 1.3088975 -0.0500979498 -0.830055058 -0.498417914 0.25017643 0.353980005 0.991639972
-0.258396894 1.30894649 -0.0821474418 -0.835832059 -0.544869065 0.0671005547 0.362260014 0.976639986
-0.282718301 1.34381652 -0.043180149 -0.59610641 -0.776077628 0.205816984 0.351539999 0.992320001
-0.308415502 1.35503721 -0.0778958425 -0.538605452 -0.842500985 0.00981516484 0.359530002 0.973240018
-0.331208497 1.36140764 -0.113641746 -0.450490236 -0.830886602 -0.326628327 0.363150001 0.957099974
-0.380990177 1.38394511 -0.138049051 -0.809478581 -0.445796698 -0.382111967 0.354059994 0.939450026
-0.377743781 1.39686418 -0.126992151 -0.798687279 0.433379561 0.417469531 0.34849 0.937609971
-0.380549073 1.41624343 -0.135460138 -0.761911273 0.183508709 0.621140778 0.350279987 0.928129971
-0.381285876 1.41018271 -0.153300554 -0.720357478 -0.189879924 -0.667106271 0.355170012 0.927829981
-0.378433108 1.44607615 -0.142476752 -0.735339642 -0.089209795 0.671801627 0.351220012 0.911610007
-0.382730216 1.44894707 -0.157744944 -0.776451588 0.0663132071 -0.626678228 0.35661 0.911989987
-0.358340591 1.45043027 -0.13760604 -0.101328462 -0.256409496 0.961242259 0.342779994 0.90854001
-0.358144611 1.42146051 -0.134727851 -0.187177494 0.258400351 0.947730958 0.341179997 0.924619973
-0.375454217 1.47322059 -0.125610754 -0.614419281 -0.456930608 0.643197775 0.35018 0.895330012
-0.3821899 1.48838365 -0.13801074 -0.902138352 0.317725807 -0.29188475 0.356779993 0.894089997
-0.350114882 1.47693336 -0.123143144 -0.00445172843 -0.703421474 0.710759103 0.339980006 0.893019974
-0.369111091 1.5010246 -0.0928498432 -0.542118311 -0.630993009 0.554937422 0.350989997 0.875810027
-0.373385996 1.51624632 -0.10145995 -0.878620565 0.476956576 -0.0232023913 0.35751 0.87541002
-0.345398903 1.49826348 -0.0953948498 0.124099776 -0.846363544 0.517945945 0.341210008 0.875090003
-0.362487465 1.50590312 -0.0701243505 -0.449368387 -0.887966275 -0.0978979915 0.351020008 0.861869991
-0.363630593 1.52619994 -0.0666360483 -0.784478843 0.602466404 0.147061899 0.357989997 0.861090004
-0.32075581 1.51931632 -0.0785616487 0.149289474 -0.964327395 -0.218598679 0.333649993 0.861819983
-0.363908798 1.49047196 -0.0337268487 -0.61734724 -0.660535812 -0.427287847 0.352490008 0.842890024
-0.360645086 1.51118708 -0.0260174479 -0.770502806 0.536990464 0.343462884 0.359670013 0.843919992
-0.339497417 1.48736584 -0.0301276483 0.0367772803 -0.832754195 -0.552419901 0.342310011 0.840030015
-0.366594583 1.46688902 -0.00505564874 -0.86679703 -0.333248496 -0.370955914 0.353100002 0.826669991
-0.36074242 1.48278987 0.00862095132 -0.707808912 0.500963449 0.498038292 0.360399991 0.827470005
-0.339110404 1.4634831 -0.00714314869 -0.11903628 -0.676383138 -0.726867378 0.341300011 0.826770008
-0.36686489 1.45013404 0.00904315244 -0.972151577 -0.0669713616 -0.224580362 0.353630006 0.816240013
-0.357754499 1.45656693 0.0296299513 -0.576641262 0.219460636 0.786970079 0.360049993 0.815859973
-0.34370169 1.44904435 0.000887549424 -0.298684925 -0.291005284 -0.908902228 0.343010008 0.818300009
-0.364529401 1.42236829 0.009526751 -0.959324956 0.102022789 -0.263224006 0.351350009 0.801970005
-0.359866589 1.41806901 0.0283946488 -0.582930505 -0.173747182 0.793727875 0.357769996 0.800930023
-0.344008207 1.42467856 0.000798752822 -0.402205914 0.234022036 -0.885135114 0.342099994 0.80509001
-0.363941669 1.40197504 -0.00513434829 -0.883618712 0.392408431 -0.255408615 0.347420007 0.789219975
-0.363588095 1.39037168 0.0108951498 -0.731083274 -0.428696781 0.530788362 0.35363999 0.787670016
-0.345665187 1.41036391 -0.0104894489 -0.435690492 0.68252784 -0.586796045 0.339850008 0.793929994
-0.364165783 1.38562608 -0.0341279469 -0.784029365 0.59186697 -0.18705982 0.341159999 0.774950027
-0.367360801 1.37143779 -0.0257416479 -0.870614767 -0.410699248 0.270843327 0.346590012 0.771440029
-0.346186697 1.39283836 -0.0374189466 -0.389938623 0.841479123 -0.373979807 0.334069997 0.779699981
-0.364165783 1.38562608 -0.0341279469 -0.784029365 0.59186697 -0.18705982 0.331140012 0.979939997
-0.368027806 1.37716198 -0.0658721477 -0.706812978 0.706021011 0.0441563241 0.338829994 0.96638
-0.373036593 1.36331391 -0.0701989457 -0.890507996 -0.418213487 0.179144993 0.344469994 0.966019988
-0.367360801 1.37143779 -0.0257416479 -0.870614767 -0.410699248 0.270843327 0.335909992 0.983879983
-0.380474091 1.36619997 -0.100865245 -0.895052075 -0.440600723 -0.068940416 0.349510014 0.954840004
-0.377010286 1.37959135 -0.0934273526 -0.73702544 0.599075615 0.312892675 0.344330013 0.954429984
-0.350753903 1.38104677 -0.0667852461 -0.274200052 0.956726372 -0.0974121839 0.331860006 0.964510024
-0.346186697 1.39283836 -0.0374189466 -0.389938623 0.841479123 -0.373979807 0.323419988 0.976599991
-0.36177057 1.40371192 -0.123883046 -0.262143403 0.678947926 0.685791969 0.341390014 0.935649991
-0.358447403 1.38331223 -0.0949453413 -0.243318781 0.904987276 0.348989934 0.337170005 0.951950014
-0.352021396 1.53080726 -0.0704808459 0.00163560081 0.999064207 0.0432218052 0.362729996 0.861599982
-0.346035302 1.51708376 -0.028530648 0.0473683514 0.885855019 0.461537838 0.365249991 0.844810009
-0.301589191 1.51227462 -0.0303484481 0.123528957 0.874567747 0.468904972 0.384200007 0.843609989
-0.301099688 1.52676225 -0.0840106457 0.0319451652 0.997788846 0.05828299 0.386240005 0.863370001
-0.347747803 1.48214364 0.0127906483 0.0541187599 0.659765005 0.749520659 0.365079999 0.826290011
-0.3070153 1.47846162 0.012381251 0.110435255 0.636177242 0.763598442 0.382389992 0.827059984
-0.357768506 1.51995409 -0.10732805 -0.0936301574 0.886786997 -0.452594936 0.363480002 0.876150012
-0.306614697 1.51565719 -0.116608843 -0.0904042646 0.867336214 -0.48944357 0.386070013 0.878220022
-0.369850695 1.4948746 -0.141039848 -0.135190651 0.644507408 -0.752551377 0.361119986 0.892620027
-0.315016598 1.4924618 -0.144595847 -0.0994870439 0.639640629 -0.76220876 0.38488999 0.893260002
-0.344471693 1.45189095 0.02785125 0.0996259376 0.185932085 0.97749877 0.365130007 0.814649999
-0.310726196 1.43966842 0.0274343509 0.00710014347 0.0751046687 0.997150362 0.379960001 0.810899973
-0.34531951 1.41329825 0.0258571506 0.0778182968 -0.342961431 0.93612057 0.362619996 0.798860013
-0.316209286 1.40063608 0.0160007495 -0.102955751 -0.431174457 0.896375418 0.373959988 0.794960022
-0.348810792 1.38440871 0.00745585235 -0.0585635602 -0.705341935 0.706443846 0.357360005 0.785369992
-0.31186381 1.36350429 -0.0142861484 -0.25888747 -0.783215821 0.565287769 0.367150009 0.780130029
-0.366511106 1.45127773 -0.163054436 -0.0894909799 0.182629719 -0.979100466 0.363099992 0.911830008
-0.332687289 1.45251656 -0.162188247 -0.132101715 0.252882212 -0.958436072 0.378390014 0.912140012
-0.364403486 1.40343761 -0.154218942 -0.0582088791 -0.310601681 -0.948756158 0.361909986 0.931379974
-0.339448094 1.40553796 -0.154694542 -0.163792714 -0.274205774 -0.947619617 0.372779995 0.931089997
-0.342911184 1.38402629 -0.140219152 -0.10379079 -0.713995874 -0.692414105 0.367260009 0.941519976
-0.366245806 1.38263834 -0.141219541 -0.097290948 -0.7323668 -0.67392379 0.359140009 0.940190017
-0.367228001 1.35979402 -0.106181346 -0.113699481 -0.935823023 -0.333627909 0.354290009 0.955869973
-0.339598864 1.36178255 -0.108609751 -0.0166416913 -0.948590159 -0.316069126 0.361070007 0.958090007
-0.355273992 1.36124957 -0.0268500485 -0.176906958 -0.94356513 0.279979944 0.340059996 0.984950006
-0.363475293 1.35413861 -0.0715918466 -0.143605515 -0.989548862 0.0130569329 0.347930014 0.966949999
-0.309971094 1.35645807 -0.0333805494 -0.186346844 -0.964851141 0.185302854 0.350080013 0.992460012
-0.320233196 1.35821235 -0.0753916427 -0.0833455548 -0.996517181 -0.00264857151 0.357549995 0.97299999
-0.355273992 1.36124957 -0.0268500485 -0.176906958 -0.94356513 0.279979944 0.350210011 0.768679976
-0.309971094 1.35645807 -0.0333805494 -0.186346844 -0.964851141 0.185302854 0.363200009 0.771340013
-0.0773092806 1.4491111 0.124010049 0.649515629 -0.150447398 0.745315433 0.593270004 0.695969999
0.178892493 1.04403484 0.242523745 0.569668233 0.313570917 0.759704828 0.12579 0.517449975
0.224584803 1.05461991 0.19039014 0.755496621 0.360016495 0.547369063 0.151519999 0.511529982
0.190007001 1.01036882 0.252853036 0.61265409 0.167311668 0.772438765 0.124080002 0.500649989
0.115901493 1.04649258 0.281033516 0.444650918 0.262818843 0.856277883 0.0996299982 0.529680014
0.241118506 1.0193156 0.191379145 0.867308557 0.0588356443 0.494281501 0.153259993 0.493229985
0.196093589 1.01651776 0.245488048 0.69254154 0.229488239 0.683901608 0.127379999 0.502030015
0.190509692 1.03995931 0.24153693 0.612765133 0.439783841 0.656588912 0.128930002 0.513010025
0.239719391 1.02473772 0.192354634 0.812407613 0.215615913 0.54175967 0.152370006 0.495739996
0.26579091 1.02567387 0.125493541 0.971682847 0.154794276 0.178525269 0.177739993 0.489359975
0.267617196 1.0316329 0.134598836 0.926887631 0.172812477 0.333189398 0.174140006 0.492980003
0.255323887 1.0595957 0.124764957 0.939244926 0.243781283 0.241639718 0.177870005 0.506169975
0.229168594 1.05010378 0.193279639 0.719363749 0.440891564 0.536777973 0.151749998 0.50861001
0.258417398 1.05561185 0.136228144 0.800255597 0.492865741 0.341576368 0.174030006 0.504000008
-0.254246801 1.06120241 0.125587448 -0.919092238 0.236057028 0.315510124 0.559880018 0.502200007
-0.224143788 1.05708992 0.190201342 -0.741192341 0.348495543 0.573746085 0.585959971 0.506720006
-0.26626879 1.02465498 0.12818633 -0.933688164 0.2082026 0.291338384 0.559679985 0.484250009
-0.228792191 1.01751697 0.194431245 -0.836480439 0.0978343487 0.539192796 0.586470008 0.488810003
-0.265971303 1.03294992 0.137053445 -0.935498178 0.00203225855 0.353325695 0.562669992 0.48882997
-0.258323997 1.05498385 0.136553347 -0.816140831 0.471099883 0.334632754 0.562839985 0.498690009
-0.235796601 1.0248543 0.198980048 -0.834591508 0.0459958129 0.548945665 0.586660028 0.492810011
-0.18900609 1.01166201 0.252086937 -0.612541616 0.223344952 0.758228242 0.612519979 0.49375999
-0.196847707 1.01714408 0.245825842 -0.725672066 -0.0224527046 0.687674403 0.609409988 0.496999979
-0.1797463 1.04787624 0.241976053 -0.569405138 0.30940643 0.761607111 0.610889971 0.511510015
-0.22978799 1.05126178 0.193788454 -0.73352927 0.438118786 0.519602358 0.585780025 0.502960026
-0.191702589 1.04247093 0.240203142 -0.605949283 0.438492179 0.663739443 0.607800007 0.506739974
0.0294113979 1.38071442 0.180062249 0.0509385467 0.573992074 0.817275107 0.130119994 0.670620024
-0.00951190013 1.3629185 0.184425935 -0.223283544 0.482168734 0.847146869 0.620720029 0.658190012
-0.00951190013 1.3629185 0.184425935 -0.223283544 0.482168734 0.847146869 0.130879998 0.728879988
-0.0125840995 1.12522054 0.287257046 -0.29678908 0.288092047 0.910450041 0.663119972 0.569249988
-0.0124690998 1.0533036 0.307781637 -0.251102835 0.241201177 0.937426925 0.674470007 0.535459995
0.1097904 1.11431086 0.262895554 0.499201566 0.297330737 0.8138749 0.108589999 0.559570014
0.0847379938 1.07557762 0.28582266 0.365986884 0.265400857 0.891973078 0.0922999978 0.547299981
0.0819375962 1.11786926 0.275730044 0.365014464 0.301304162 0.880897403 0.0979499966 0.565020025
0.0817654952 1.16216636 0.256731361 0.394221634 0.317530841 0.862417161 0.105829999 0.581719995
0.110329702 1.20346034 0.228256539 0.507630289 0.285673678 0.812835753 0.124169998 0.592599988
0.112196498 1.29567122 0.19615455 0.488556623 0.310973734 0.81523478 0.141770005 0.624130011
0.0833782926 1.29749727 0.210192755 0.402104586 0.362652719 0.840710878 0.130579993 0.628530025
0.083576493 1.25508296 0.225745544 0.427238494 0.295169383 0.854600668 0.122500002 0.613749981
0.0956550017 1.3733331 0.164650947 0.608621955 0.161888465 0.776769817 0.154709995 0.65802002
0.0910953954 1.33934176 0.185149029 0.398570299 0.420852333 0.814877391 0.142739996 0.643230021
0.0127725005 1.08588672 0.312420636 -0.184271649 0.275886029 0.943361461 0.0663599968 0.560249984
-0.00573839992 1.08588755 0.306217372 -0.514529288 0.235595897 0.824471951 0.0605800003 0.563030005
-0.00637469999 1.05275869 0.313379347 -0.289490759 0.192233101 0.937678814 0.0546500012 0.547209978
0.0145791993 1.07708824 0.314272344 -0.101435296 0.0806286409 0.9915694 0.0655499995 0.55607003
0.0259411 1.07352281 0.313068867 0.214736179 0.0209420845 0.976447582 0.0686199963 0.553189993
0.0262289997 1.08541739 0.312014848 0.32124579 0.317526042 0.892176211 0.0703499988 0.558369994
0.0356758982 1.09218431 0.298943043 0.423077673 0.348292828 0.836479127 0.0761900023 0.560739994
0.0392449982 1.08354974 0.306590736 0.44587481 0.282159746 0.849459589 0.0747999996 0.556079984
0.0538609959 1.07949245 0.295290411 0.349966258 0.267810583 0.897664189 0.0811000019 0.552699983
0.0507102013 1.12315488 0.284262449 0.339217782 0.293284148 0.893820882 0.0870100036 0.57178998
0.0252492987 1.09584033 0.305498749 0.250528038 0.382426381 0.889373779 0.0722400025 0.563399971
-0.00544260023 1.12678862 0.294696331 -0.304468274 0.279823691 0.910493195 0.0677400008 0.580550015
0.0156017989 1.09357274 0.30763483 -0.0459356569 0.375710815 0.925597847 0.068690002 0.563650012
0.0550161973 1.05433798 0.304574341 0.34560746 0.220028058 0.912218869 0.0767100006 0.540570021
0.0360857993 1.07298982 0.305224746 0.410163909 0.12498191 0.903407514 0.0728600025 0.551680028
0.025362201 1.05506492 0.312347829 0.161293298 0.212763622 0.963699162 0.0658200011 0.54430002
0.0601335987 0.997294307 0.311674744 0.324789226 0.224070266 0.918860376 0.0708300024 0.513069987
0.0256236997 1.00094116 0.327871054 0.221697941 -0.0136050638 0.975020409 0.0576299988 0.518329978
0.0394968987 1.00819635 0.323173046 0.462743521 0.0667237788 0.883977652 0.0633300021 0.520420015
0.0274383985 1.01290405 0.327715755 0.178368822 0.276494861 0.944317222 0.0596700013 0.523689985
-0.00612689974 1.00244439 0.322188169 -0.496928304 0.0276846439 0.867349863 0.0477299988 0.523029983
-0.0112093994 1.00106299 0.316531837 -0.189179257 0.186616346 0.964046419 0.0451099984 0.523370028
0.00651639979 0.971757114 0.321386755 0.0475624651 -0.0465665273 0.99778229 0.0453899987 0.506659985
0.0146124987 0.974535584 0.332079947 -0.0123678995 0.0129062077 0.99984026 0.0500200018 0.506370008
0.0118182003 1.00793159 0.328373432 -0.214489013 0.155178443 0.964320481 0.05418 0.523299992
-0.0124690998 1.0533036 0.307781637 -0.251102835 0.241201177 0.937426925 0.0521599986 0.549629986
0.0136219002 1.01865637 0.32523635 -0.127961755 0.270587116 0.95415318 0.0562300012 0.528339982
0.0263298973 1.02259398 0.322240055 0.141340405 0.319972217 0.936824739 0.0610399991 0.528720021
0.0376896001 1.01821125 0.321012259 0.404334843 0.234373733 0.88407141 0.0642800033 0.525380015
0.0510564968 1.29799998 0.223244146 0.286225259 0.422924012 0.859773457 0.118309997 0.632799983
0.051238399 1.25824201 0.239246845 0.378890425 0.309151113 0.8722772 0.110540003 0.61897999
0.0243675988 1.27358449 0.242407545 0.167751253 0.516383111 0.839766622 0.103440002 0.627740026
0.0264874995 1.25987828 0.251270354 0.332642615 0.375460297 0.865088761 0.100740001 0.622380018
0.0395689979 1.25865149 0.243912533 0.315261215 0.35073024 0.881815493 0.105949998 0.620549977
0.0349121988 1.26855171 0.238564149 0.260682255 0.44814682 0.855107784 0.106859997 0.625020027
-0.00547660002 1.29015625 0.232845649 -0.383005351 0.432673126 0.81615001 0.0980700031 0.63906002
-0.00622619968 1.25148404 0.249113351 -0.501683414 0.33681795 0.796785593 0.0896599963 0.625639975
0.0122060999 1.25667024 0.253545344 -0.18510066 0.376182109 0.907868266 0.095859997 0.623480022
0.0142569002 1.26890194 0.247935846 -0.102615111 0.480494887 0.870973408 0.099030003 0.627349973
0.0167167988 1.24808955 0.255578965 -0.0247237422 0.314769596 0.948846042 0.095569998 0.619859993
-0.00469589978 1.21017694 0.267960638 -0.294798851 0.321692795 0.899781883 0.0821999982 0.610669971
0.0258054994 1.24449849 0.25429064 0.256886214 0.290409684 0.921776414 0.0980300009 0.617500007
0.0361527987 1.24596107 0.248240545 0.356116712 0.288547814 0.88877511 0.10249 0.616729975
0.0877967998 1.36845565 0.172976241 0.27644226 0.105942383 0.955173254 0.149330005 0.660709977
0.0714349002 1.34050143 0.191281751 0.289764285 0.434193939 0.852943361 0.137229994 0.646329999
0.0207320992 1.29703188 0.227608547 0.142153233 0.460459292 0.876224697 0.107780002 0.637199998
-0.00951190013 1.3629185 0.184425935 -0.223283544 0.482168734 0.847146869 0.113179997 0.668370008
-0.0114435991 1.28866625 0.226308033 -0.290452719 0.419826508 0.859873772 0.0956699997 0.640990019
-0.00458589988 1.34072328 0.204635933 -0.555350184 0.421856701 0.716675043 0.109630004 0.657679975
-0.00249860017 1.36881137 0.184597239 -0.382867098 0.713533342 0.586756229 0.116999999 0.668929994
0.0306685995 1.3711102 0.185847953 0.141731128 0.535968244 0.832256138 0.128079996 0.665480018
0.0113228001 1.35789704 0.199141443 -0.103092209 0.659815967 0.744321764 0.117990002 0.660950005
0.0226965994 1.35873377 0.192335755 0.130037874 0.613632739 0.778809965 0.122599997 0.661019981
0.00589329982 1.34837139 0.205127239 -0.239535987 0.527221859 0.815266609 0.113969997 0.658039987
0.0211370997 1.34912384 0.206292734 0.250295281 0.494588614 0.832306564 0.118380003 0.655920029
0.0328243002 1.35384321 0.197354138 0.226964593 0.456640482 0.860213161 0.124480002 0.657249987
0.0352637991 1.34306526 0.196891144 0.260067612 0.450828493 0.853884399 0.123709999 0.653010011
0.0327962004 1.33639979 0.205132544 0.217833564 0.50518471 0.835066974 0.120329998 0.649909973
0.0201287996 1.33365846 0.209210545 0.154379144 0.42502594 0.891919255 0.115400001 0.650629997
-0.0108033996 1.20976031 0.261207432 -0.308268011 0.333648413 0.890870094 0.0799999982 0.613349974
0.0115163 1.33832061 0.210533142 -0.0470817387 0.42566818 0.903653562 0.113279998 0.653240025
0.0241009984 1.12534142 0.29356122 0.228739142 0.278895408 0.932681978 0.077320002 0.575940013
0.0502711982 1.1629355 0.269992441 0.4230735 0.297682792 0.855800092 0.0938000008 0.586489975
-0.0125840995 1.12522054 0.287257046 -0.29678908 0.288092047 0.910450041 0.064609997 0.582809985
-0.00672749989 1.16602492 0.281562865 -0.495182961 0.277322382 0.82333833 0.0740099996 0.595409989
0.0146744 1.18053234 0.279612243 -0.035561461 0.376938671 0.925555348 0.0830499977 0.597280025
0.0246577989 1.18365729 0.276666224 0.209082469 0.400701642 0.892032921 0.0869200006 0.596949995
0.0251516011 1.20713496 0.266973644 0.228900835 0.341652483 0.91152513 0.0913899988 0.605170012
0.0112247001 1.16843426 0.285095036 -0.125622079 0.313616127 0.941203475 0.0797000006 0.593249977
0.0254360996 1.16992176 0.285079449 0.241962209 0.304874152 0.92114383 0.0842999965 0.591690004
0.0521856993 1.20437312 0.257580757 0.409486979 0.287876576 0.865706325 0.101070002 0.600709975
0.0364066996 1.1782186 0.275273651 0.442475647 0.332763761 0.832756639 0.0901800022 0.593689978
0.0401044972 1.16653359 0.278050423 0.538011611 0.253902972 0.80378902 0.0894099995 0.588919997
0.0361800008 1.15791023 0.282573551 0.408269078 0.215054289 0.887168467 0.0864700004 0.586019993
0.024270799 1.15336335 0.284327567 0.218176454 0.193893299 0.956454158 0.0818099976 0.586019993
0.0159935001 1.15920281 0.288250566 0.00375029212 0.232963637 0.972478211 0.0795700029 0.58908999
-0.0174809359 1.3931483 0.177941069 -0.442667961 0.0451681428 0.895547211 0.169272006 0.802754998
-0.0107886018 1.39372039 0.179176942 -0.195572421 0.0484962724 0.979489386 0.166626006 0.80261302
-0.0107126655 1.40180874 0.177116707 -0.172502384 0.407001883 0.896990776 0.166543007 0.799575984
-0.0171426143 1.40119708 0.176307231 -0.504966915 0.326917738 0.798832536 0.168821007 0.799719989
-0.0173096992 1.38417101 0.176872447 -0.329015464 -0.44767487 0.831466198 0.169303998 0.806080997
-0.0102381082 1.38491929 0.178134158 -0.191169947 -0.397717267 0.897371113 0.166575998 0.805763006
-0.0174488444 1.3939817 0.154425293 -0.26047194 -0.294797987 -0.919374049 0.170557007 0.817119002
-0.0101704746 1.39430583 0.153349057 -0.084889479 -0.286738932 -0.954240263 0.167859003 0.817647994
-0.01073003 1.38297939 0.158656612 -0.110127084 -0.735002279 -0.66906178 0.167738006 0.813188016
-0.0179209225 1.38424802 0.159522742 -0.343773335 -0.694780588 -0.631743431 0.170346007 0.812969029
0.00597313745 1.40829432 0.171797991 0.131610155 0.263568848 0.955620348 0.159842998 0.796115994
0.00341692707 1.40045118 0.171177626 0.0719858855 0.552109897 0.830657959 0.159746006 0.799012005
0.0196159817 1.40283322 0.17255275 -0.0080582276 0.543703198 0.839238822 0.154385 0.797849
0.0204187222 1.41323245 0.169760421 0.00821112841 0.443405032 0.896283805 0.154407993 0.793848991
0.00472350884 1.39464343 0.178654432 -0.0415426828 0.555678129 0.830359042 0.159869 0.802540004
0.0208063927 1.39480972 0.182342187 -0.0742671415 0.551935554 0.830573022 0.153642997 0.802425027
0.00637143292 1.41367507 0.1668244 -0.19096373 0.826313138 0.529848456 0.159921005 0.793159008
0.0209834017 1.42052472 0.164115861 -0.170687124 0.824803412 0.539041042 0.154323995 0.790491998
0.00713302055 1.39558697 0.157686576 0.36052838 -0.476414919 -0.80190289 0.160309002 0.817447007
0.00704138866 1.40644121 0.153779611 0.150745317 -0.261092335 -0.953470826 0.160786003 0.82200098
0.0218013488 1.40900278 0.15307194 -0.0458493754 -0.308465421 -0.950129926 0.155226007 0.82327199
0.0209857188 1.39688075 0.160143346 0.0347104669 -0.53170377 -0.846218765 0.154990003 0.817993999
0.00553681841 1.38765657 0.163389847 0.45904091 -0.629395366 -0.62701118 0.160231993 0.813408017
0.0210206695 1.38849211 0.166723803 0.0168639217 -0.698423624 -0.71548593 0.154433995 0.813915014
0.00609373068 1.38472962 0.16983518 0.240663141 -0.906794608 -0.346128464 0.159801006 0.810330987
0.0209147446 1.38213623 0.173762083 -0.121807434 -0.910032213 -0.39623782 0.153861001 0.81032598
0.0356906131 1.40381837 0.172120705 0.154974595 0.538752437 0.82808733 0.148357004 0.796943009
0.0356257893 1.41451991 0.166657716 0.122745723 0.435604662 0.891729832 0.148756996 0.79263097
0.0367602184 1.3925041 0.181413949 0.154999152 0.576220632 0.802461863 0.147735 0.802169025
0.0358596928 1.4108969 0.151491269 -0.0763129741 -0.318508297 -0.944843292 0.150070995 0.824696004
0.0345137417 1.39667857 0.158760175 -0.0968579799 -0.521480083 -0.84774822 0.149904996 0.818877995
0.0348201357 1.38574219 0.167399675 -0.132734358 -0.679586947 -0.721486807 0.149084002 0.813914001
0.0350647233 1.3783989 0.176042482 -0.183557212 -0.881934106 -0.434164733 0.148311004 0.810091019
0.0503299274 1.39158547 0.176770225 0.351661325 0.572443485 0.740704238 0.142532006 0.801505029
0.0495761 1.40189219 0.16903457 0.35535714 0.491909325 0.794824839 0.142862007 0.796741009
0.0493172817 1.41436279 0.164186835 0.287643701 0.388466388 0.875416994 0.143625006 0.791885018
0.0359431282 1.42045271 0.150207311 -0.125049278 0.266017914 -0.955822766 0.150325 0.828177989
0.0485593602 1.42028975 0.149882585 0.0774965286 0.221284479 -0.972125173 0.145803005 0.828616977
0.0482044779 1.41195679 0.150798619 0.0644954741 -0.298229724 -0.952312648 0.145602003 0.825681984
0.0492555797 1.39629102 0.156822547 0.0441096313 -0.490829229 -0.870138526 0.144373998 0.819793999
0.0503159575 1.38325226 0.165838599 0.0189384501 -0.677993119 -0.734824181 0.143188998 0.814234972
0.0501854941 1.37551236 0.175776422 -0.027383469 -0.882754922 -0.469035119 0.142577007 0.80992198
-0.0144427801 1.40807915 0.152407855 -0.0933064669 0.229525 -0.968820095 0.169838995 0.822552025
-0.0191416945 1.39488173 0.156064957 0.0329894088 -0.402648151 -0.914760232 0.171436995 0.817098975
-0.0172133744 1.40767634 0.151757985 0.224264324 -0.0783051029 -0.971377254 0.171085998 0.822396994
-0.018739678 1.38562012 0.161064088 -0.00598441344 -0.670165122 -0.742187917 0.171076998 0.81279099
-0.017492801 1.39883113 0.172183603 -0.299489558 0.481666267 0.823591888 0.170368999 0.799914002
-0.0180154666 1.40809548 0.171605557 -0.482975334 0.535794675 0.692574024 0.169317007 0.796665013
-0.0181210116 1.40540004 0.169184536 -0.321327806 0.354496479 0.878112078 0.170526996 0.797062993
-0.0185018349 1.39262891 0.175636113 -0.185839042 0.357165307 0.915367067 0.170367002 0.802839994
-0.0178478956 1.38599586 0.174882784 -0.0698007867 -0.279072493 0.957729816 0.170295 0.805907011
-0.046219904 1.40188515 0.149494246 0.104616486 -0.382989466 -0.917809546 0.181934997 0.819742978
-0.0460437089 1.4170506 0.144516483 0.149937868 -0.192584038 -0.969757736 0.182383999 0.82546097
-0.033877492 1.41314149 0.147180274 0.251063496 -0.104523964 -0.962310672 0.177710995 0.824203014
-0.0335989818 1.39937651 0.152551472 0.122469485 -0.397660971 -0.909322262 0.177052006 0.818799019
-0.0479949005 1.38641024 0.156912938 0.100264087 -0.525096357 -0.84511596 0.182133004 0.813607991
-0.0346006267 1.38592958 0.15948154 0.135934293 -0.59231925 -0.794153452 0.177035004 0.813216984
-0.0490734465 1.37706888 0.164411873 0.0681991726 -0.853786051 -0.516137779 0.182251006 0.809522986
-0.0358520374 1.37851453 0.166292354 0.190011844 -0.900396883 -0.391383231 0.177439004 0.809623003
-0.0467963964 1.41582835 0.160998479 -0.14205274 0.340172976 0.929571629 0.181433007 0.792661011
-0.0483668186 1.40463579 0.165240258 -0.161057979 0.425220698 0.89064455 0.181878999 0.796998978
-0.0350777209 1.40112412 0.16763933 -0.114736609 0.478603959 0.870501995 0.176846996 0.798345983
-0.0344348364 1.41126597 0.163781255 -0.114054449 0.368265182 0.922698438 0.176724002 0.794386983
-0.0169074666 1.41273999 0.157245427 0.476026386 0.662431538 -0.578431726 0.170460001 0.825230002
-0.0340758599 1.42072511 0.148346528 0.473610789 0.525393426 -0.706862509 0.177963004 0.82702899
-0.0182367545 1.38395607 0.168468639 0.11015296 -0.963262081 -0.244933784 0.170728996 0.809504986
-0.036440447 1.39344251 0.174340934 -0.0892898589 0.415393978 0.905248702 0.177071005 0.802030027
-0.015661018 1.41336405 0.157396868 0.0193440299 0.813333094 -0.581476688 0.169882998 0.825302005
-0.0174641628 1.38179636 0.168886453 -0.381573141 -0.916903436 -0.117004223 0.169843003 0.809338987
-0.00968642626 1.37970245 0.168370664 -0.125675201 -0.975827754 -0.178790644 0.166897997 0.809688985
-0.0185672566 1.41312683 0.165199444 -0.127564505 0.595593572 0.793092489 0.170598 0.793615997
-0.0177127402 1.41559064 0.165479258 -0.24858284 0.847510278 0.468970001 0.169648007 0.793311
0.00712649524 1.41095746 0.155616775 -0.317716062 0.501930475 -0.804439068 0.160946995 0.824016988
0.0207252782 1.41712856 0.152474299 -0.29583472 0.376291066 -0.87800169 0.155754 0.826272011
0.00475166179 1.38710141 0.178032368 -0.183543339 -0.363034844 0.913519323 0.159868002 0.805979013
0.0209596176 1.38581407 0.185158685 -0.203515977 -0.132070571 0.970122993 0.153259993 0.805738986
0.0363551266 1.4250865 0.16078712 -0.00356956571 0.8092888 0.587400138 0.148770005 0.788242996
0.037586417 1.38181949 0.187316984 0.0542182252 0.0208926983 0.998310506 0.147182003 0.806273997
0.0496633649 1.42463255 0.159999952 0.210319355 0.732101262 0.647914767 0.144126996 0.787972987
0.0510014482 1.38019848 0.185521945 0.290764749 0.125204533 0.948567212 0.142636999 0.806617022
-0.0465854667 1.4268409 0.157091707 0.012046542 0.615607023 0.787961245 0.181545004 0.788420022
-0.0349760018 1.42199492 0.15984264 0.112054244 0.65360558 0.748494208 0.177121997 0.790198982
-0.0362605266 1.38401389 0.176807269 -0.00982921384 -0.177806124 0.984016478 0.177105993 0.805419028
-0.0176794082 1.38277388 0.17274645 -0.423679918 -0.835095108 0.350872457 0.169680998 0.807703972
-0.0180040337 1.38491082 0.171582997 0.147169068 -0.894810915 0.421490848 0.170524001 0.807762027
-0.0337720551 1.42315757 0.154153675 0.470181376 0.881962717 -0.0327286385 0.176556006 0.788110018
-0.0181263518 1.4132359 0.160974935 0.434648752 0.900505662 -0.0130386017 0.170368001 0.79191798
-0.0168065578 1.41472733 0.161147803 -0.131125793 0.954939544 -0.26626426 0.169600993 0.791813016
-0.0115952771 1.41490567 0.164648533 -0.0993335098 0.918824375 0.381961614 0.167337999 0.792795002
-0.0109314704 1.4139061 0.160577327 -0.0579332039 0.945779622 -0.319600731 0.167333007 0.791193008
-0.00999584049 1.41247153 0.156649441 -0.0240105279 0.728408217 -0.684722602 0.167758003 0.824831009
-0.0168065578 1.41472733 0.161147803 -0.131125793 0.954939544 -0.26626426 0.169902995 0.826799989
-0.0109314704 1.4139061 0.160577327 -0.0579332039 0.945779622 -0.319600731 0.167993993 0.826358974
-0.0181263518 1.4132359 0.160974935 0.434648752 0.900505662 -0.0130386017 0.170275003 0.826699018
-0.00978641771 1.38009036 0.173455164 -0.166653797 -0.898191154 0.406791389 0.166648999 0.808045983
-0.0357755572 1.37916577 0.17209661 0.152869269 -0.881547928 0.446659029 0.177201003 0.807681978
-0.0337720551 1.42315757 0.154153675 0.470181376 0.881962717 -0.0327286385 0.176964 0.829096019
0.00678337319 1.41264558 0.161833346 -0.423164099 0.879360735 -0.218304142 0.160212994 0.791194022
0.020505771 1.42073488 0.157307521 -0.394605488 0.877736151 -0.271782547 0.154953003 0.788101017
0.00678337319 1.41264558 0.161833346 -0.423164099 0.879360735 -0.218304142 0.161786005 0.826299012
0.020505771 1.42073488 0.157307521 -0.394605488 0.877736151 -0.271782547 0.156452 0.828347981
0.00521192653 1.38581419 0.173668057 -0.101032369 -0.950914204 0.292497098 0.159777001 0.808273017
0.0207126047 1.38226116 0.179444045 -0.281440824 -0.908717334 0.308259398 0.153613001 0.808174014
0.0359751135 1.42484248 0.154076263 -0.156450287 0.919641674 -0.360253543 0.149020001 0.785820007
0.0359751135 1.42484248 0.154076263 -0.156450287 0.919641674 -0.360253543 0.150664002 0.830268979
0.0358130969 1.37794089 0.181647971 -0.206081212 -0.909981847 0.359810323 0.147808 0.808417022
0.0509187691 1.37567163 0.180735469 -0.0217942093 -0.931163788 0.36394918 0.142221004 0.808520973
-0.0498541296 1.37737882 0.171280056 -0.0415363461 -0.884340763 0.464990556 0.182271004 0.807420015
-0.0504271127 1.38312161 0.175283238 -0.163663685 -0.0339718834 0.985931098 0.182260007 0.80528301
0.0531372502 1.41331768 0.16128011 0.846259356 0.185487479 0.499439299 0.141826004 0.791552007
0.0531744622 1.4001112 0.166382924 0.860216379 0.276922494 0.428184122 0.140983 0.796804011
0.0539984517 1.39920604 0.162471399 0.999191761 0.0389805287 -0.00980641413 0.139541 0.796320975
0.0540567003 1.41287589 0.156452462 0.99842912 -0.0184678398 -0.0528966486 0.140203997 0.79073298
0.0551049411 1.38786328 0.170661777 0.992002606 0.119282573 0.0412610993 0.139282003 0.801931977
0.0534153767 1.39053631 0.174552977 0.817850649 0.389812946 0.423280388 0.141092002 0.801715016
0.0537736006 1.42168391 0.15810594 0.829252839 0.337255448 0.445643753 0.142354995 0.78828299
0.0538645387 1.42174602 0.154723391 0.910971642 0.37416181 -0.173590094 0.141579002 0.787388027
0.0529683344 1.41244566 0.152912885 0.705605924 -0.196645036 -0.680772364 0.143685997 0.825865984
0.0530938357 1.42004168 0.151826322 0.688984394 0.098673977 -0.71802783 0.144084007 0.828622997
0.0538645387 1.42174602 0.154723391 0.910971642 0.37416181 -0.173590094 0.143232003 0.829442978
0.0540567003 1.41287589 0.156452462 0.99842912 -0.0184678398 -0.0528966486 0.142321005 0.825890005
0.0531884842 1.39691317 0.159013331 0.744610131 -0.288312495 -0.602022946 0.142658994 0.819772005
0.0539984517 1.39920604 0.162471399 0.999191761 0.0389805287 -0.00980641413 0.141156003 0.820119977
0.0549722165 1.38550019 0.168503657 0.772336543 -0.391378313 -0.500319123 0.141109005 0.814218998
0.0551049411 1.38786328 0.170661777 0.992002606 0.119282573 0.0412610993 0.140009999 0.814413011
0.0501992963 1.42448878 0.153734922 0.138601199 0.916040659 -0.376376122 0.144989997 0.830556989
0.0501992963 1.42448878 0.153734922 0.138601199 0.916040659 -0.376376122 0.143270999 0.785974979
0.0554462261 1.37725127 0.179761335 0.9420802 -0.251652718 0.221711174 0.140267 0.808228016
0.0554628931 1.37692201 0.176818237 0.753228366 -0.556118071 -0.351254523 0.140710995 0.809625983
0.0552777424 1.37913024 0.182319045 0.824614227 0.181298152 0.535856783 0.140972003 0.807060003
0.00408866303 1.39480543 0.180181995 0.380853832 0.11273016 0.917737603 0.160767004 0.802462995
0.00373529363 1.40273201 0.177846327 0.430210769 0.416964859 0.800661623 0.161584005 0.799282014
-0.00973782502 1.40561235 0.151533231 -0.0785133392 0.0723202005 -0.994286418 0.167839006 0.821753025
0.00397561956 1.38535309 0.179951549 0.255907863 -0.376983881 0.890165269 0.160975993 0.805987
0.00562294992 1.38168573 0.17020677 0.487393647 -0.868812978 -0.0872434974 0.161030993 0.809890985
0.00661871536 1.38433456 0.159729913 0.502327204 -0.682954907 -0.530320585 0.161725998 0.813614011
0.00544615788 1.38305259 0.175077721 0.488261878 -0.77406168 0.403024793 0.160824001 0.80804503
-0.00290914765 1.40204096 0.178782299 -0.0535977744 0.432181835 0.900192201 0.163723007 0.799690008
-0.00337512884 1.39446545 0.180718258 -0.089805983 0.0784084275 0.992868066 0.163711995 0.802470982
-0.00256742793 1.38477731 0.179971188 -0.0484703816 -0.393460304 0.918062925 0.163528994 0.805790007
-0.00195868593 1.3830179 0.158384964 0.091627866 -0.746659279 -0.658865929 0.164695993 0.813497007
-0.00220257114 1.39353418 0.153454408 0.0363670364 -0.319820136 -0.946780086 0.164866999 0.817498982
-0.00231788005 1.37927377 0.169164672 0.130238071 -0.978813231 -0.157995805 0.164171994 0.809675992
-0.00235762866 1.38002586 0.174675062 0.0674403161 -0.895563483 0.439792991 0.163888007 0.808026016
0.00600857148 1.41395903 0.161012992 0.356384337 0.854799032 -0.377238393 0.160679996 0.790948987
0.0057787085 1.41522181 0.165905684 0.48900789 0.837649584 0.243340254 0.160637006 0.792779982
0.00123425748 1.41471314 0.160287112 0.131424502 0.892537653 -0.431397945 0.162496999 0.790615976
0.00145365717 1.41642988 0.164457053 0.119463317 0.983852148 0.133279979 0.162374005 0.792204022
0.00600857148 1.41395903 0.161012992 0.356384337 0.854799032 -0.377238393 0.161927998 0.826277018
0.0058161919 1.4108516 0.155369431 0.227761731 0.687296569 -0.689744949 0.161584005 0.823953986
-0.00425925339 1.41193235 0.154962555 -0.0246772282 0.665686429 -0.745823503 0.165571004 0.824289024
-0.00481125806 1.41512382 0.159757271 -0.0487022549 0.908407688 -0.415239185 0.165722996 0.826341987
0.00127724197 1.41135478 0.15513368 0.109066784 0.697001278 -0.708726764 0.163440004 0.824096978
0.00123425748 1.41471314 0.160287112 0.131424502 0.892537653 -0.431397945 0.163501993 0.826291978
-0.00203861459 1.40543747 0.151538223 0.0124819409 0.0586841926 -0.998198569 0.164841995 0.821726978
0.00560019072 1.40519238 0.152010843 0.568546951 0.0570337847 -0.82067138 0.161732003 0.821564019
0.00540759508 1.40922248 0.172840938 0.420696408 0.514989138 0.746860623 0.160602003 0.796169996
0.00149944611 1.41393125 0.171270192 0.0764898062 0.75021708 0.656752348 0.162237003 0.794677019
-0.00481125806 1.41512382 0.159757271 -0.0487022549 0.908407688 -0.415239185 0.164933994 0.790591002
-0.00533489417 1.41635299 0.164589554 -0.145230636 0.962074757 0.23091197 0.164911002 0.792384982
-0.00343887787 1.40989077 0.17276378 -0.0595906079 0.568594515 0.820456743 0.163968995 0.796070993
-0.00408580434 1.41297328 0.169699356 -0.140298948 0.77925241 0.610804319 0.164304003 0.794552982
-0.01114731 1.40960431 0.172460988 -0.126980126 0.645460367 0.753164649 0.166807994 0.796236992
0.00169004546 1.40572846 0.151697055 0.0740325525 0.10680493 -0.991520047 0.163322002 0.821805
0.0054058698 1.3932066 0.154036999 0.459890425 -0.321617633 -0.827685356 0.162006006 0.817223012
-0.0623456649 1.42184794 0.144092232 -0.739953518 -0.0250549354 -0.672191143 0.188657001 0.82662499
-0.0647721738 1.40560806 0.148752078 -0.765376925 -0.116057247 -0.633031607 0.189241007 0.82032001
-0.0661003739 1.40627229 0.152475655 -0.987653017 0.110067569 -0.111475848 0.190699995 0.820029974
-0.063713409 1.42175901 0.148189813 -0.983807087 0.135028467 -0.117859669 0.190207005 0.826470971
-0.0685671717 1.3909781 0.159989685 -0.992170691 0.104440749 -0.0684794858 0.190996006 0.81289798
-0.0673607364 1.38995993 0.15604268 -0.771013319 -0.23899807 -0.590269744 0.189590007 0.813705981
-0.0612632781 1.42830253 0.143328756 -0.64969784 0.345674872 -0.677053571 0.188139006 0.828934014
-0.0621850044 1.42944741 0.147245407 -0.847483099 0.516324997 -0.123210363 0.189272001 0.829765022
-0.0634206608 1.42080581 0.153453618 -0.916942537 0.248538628 0.312161624 0.188281998 0.790253997
-0.0616587251 1.42928565 0.151202604 -0.804480076 0.482823461 0.345967114 0.187378004 0.78708899
-0.0621850044 1.42944741 0.147245407 -0.847483099 0.516324997 -0.123210363 0.188427001 0.786131978
-0.063713409 1.42175901 0.148189813 -0.983807087 0.135028467 -0.117859669 0.189809993 0.789029002
-0.0661003739 1.40627229 0.152475655 -0.987653017 0.110067569 -0.111475848 0.190982997 0.795085013
-0.0685671717 1.3909781 0.159989685 -0.992170691 0.104440749 -0.0684794858 0.191248998 0.801927984
-0.0680495724 1.39116991 0.164787024 -0.884155393 0.292057306 0.364652932 0.189630002 0.802425027
-0.0655222759 1.40653443 0.157867938 -0.918181837 0.258743584 0.29998979 0.189131007 0.795822024
-0.0691691637 1.38071012 0.163750783 -0.793996215 -0.447658509 -0.411305189 0.189438 0.808987021
-0.0693465024 1.38122463 0.167376071 -0.94027555 -0.312229037 0.135627344 0.189913005 0.807274997
-0.0688145086 1.3834877 0.169312716 -0.835860014 0.14319326 0.529937506 0.189208999 0.805818975
-0.0658851862 1.37845123 0.169145674 -0.225561634 -0.877241254 0.423756659 0.188041002 0.807265997
-0.0645758584 1.38337076 0.172390565 -0.282125503 0.0420027561 0.958457649 0.187429994 0.805486023
-0.0632375628 1.40694618 0.160640866 -0.339585155 0.396809846 0.852774203 0.187742993 0.795939028
-0.0652190074 1.39202583 0.167713538 -0.328000486 0.437610716 0.837205112 0.188109994 0.802157998
-0.0611198731 1.40476179 0.146969259 -0.0362775065 -0.348922133 -0.936449289 0.187670007 0.820482016
-0.0641407222 1.38893807 0.15418835 -0.0638470575 -0.490663379 -0.869006872 0.188246995 0.814162016
-0.0591612458 1.42109418 0.14237766 -0.00922557246 -0.18324405 -0.98302418 0.187338993 0.82655102
-0.0569692962 1.42906427 0.142359003 0.167977244 0.418088645 -0.892740369 0.18671 0.829311013
-0.0641608909 1.37816846 0.162145957 -0.0934560075 -0.812471628 -0.575461507 0.187579006 0.809472978
-0.0577153005 1.43259454 0.147352859 0.128998578 0.986571491 -0.100181021 0.187279999 0.831350029
-0.0612675995 1.42066169 0.156496808 -0.324546158 0.33931908 0.882911265 0.186998993 0.790718973
-0.0582469739 1.4304359 0.153781295 -0.138498619 0.652973115 0.74461019 0.185881004 0.787132025
-0.0577153005 1.43259454 0.147352859 0.128998578 0.986571491 -0.100181021 0.186424002 0.784812987
-0.0499109179 1.39244628 0.17148304 -0.179115221 0.441251934 0.879326105 0.1822 0.80191201
-0.0464200526 1.42617166 0.144803375 0.348290414 0.420159459 -0.837949753 0.182788998 0.828745008
-0.0455319919 1.42878127 0.150423408 0.368499368 0.927785456 -0.0585007034 0.181895003 0.830820024
-0.0455319919 1.42878127 0.150423408 0.368499368 0.927785456 -0.0585007034 0.181213006 0.785881996
0.0334295444 0.0605615042 0.103495948 -0.910749257 0.411247879 0.0375623889 0.163075 0.932950974
0.0397491008 0.0665183067 0.0539875217 -0.969724059 0.243870676 0.0127337193 0.173218995 0.917070985
0.0385112427 0.0411108732 0.0516936108 -0.997245133 0.0113690495 -0.0733002126 0.180768996 0.923668027
0.0291913506 0.0357265249 0.0973727331 -0.98953408 0.07011877 -0.126117781 0.171540007 0.937712014
0.028359035 0.0509417467 0.145336002 -0.822127104 0.549668312 0.148228616 0.157120004 0.948014975
0.0254350342 0.0312911682 0.147668973 -0.99265039 0.120484725 0.0113454834 0.162263006 0.953571975
0.166367665 0.0712253675 0.0477345064 0.936830163 0.349072933 -0.0222999286 0.103100002 0.896200001
0.1731769 0.0604769066 0.0929417759 0.899728417 0.426009268 0.0948932618 0.104125001 0.91395998
0.179522529 0.028892329 0.0844433159 0.995352805 0.0900669545 -0.0340705961 0.0919419974 0.914493024
0.175871044 0.03459806 0.0381798297 0.991212368 0.0825476199 -0.103363298 0.0880770013 0.89824599
0.0390247591 0.052448567 0.179535732 -0.599477589 0.780311465 0.178159356 0.148543999 0.957888007
0.0298027787 0.0348544233 0.189438716 -0.935376227 0.242316276 0.257592797 0.152570993 0.965426981
0.0542016253 0.092597425 0.103109688 -0.456795573 0.85477221 0.246378258 0.152557001 0.923274994
0.0575847849 0.0732173696 0.138008758 -0.325900495 0.848843098 0.416238308 0.147384003 0.938022971
0.0640005991 0.060122855 0.163482681 -0.148729518 0.949500561 0.276275605 0.142278999 0.94817698
0.102321997 0.0605283789 0.157056123 0.0355550274 0.944159508 0.327564776 0.129427001 0.941761017
0.100568719 0.0768852755 0.13324146 0.0668011159 0.847802758 0.526087642 0.132749006 0.930912018
0.169269055 0.0529881231 0.137553617 0.808814049 0.55586952 0.191908374 0.105718002 0.930930972
0.167205021 0.047481019 0.169233873 0.707416892 0.700301528 0.0955982059 0.104869999 0.942999005
0.175668925 0.0282345042 0.17466034 0.966019988 0.196052104 0.168430626 0.098702997 0.946766019
0.179647684 0.0252366401 0.140949592 0.991726339 0.117446691 0.0518182442 0.095555 0.934387028
0.144909948 0.0668540522 0.135554984 0.34997952 0.831513822 0.431392074 0.115906 0.929715991
0.140020251 0.0590574294 0.159969762 0.220106766 0.957052588 0.188688681 0.115736 0.940084994
0.150193393 0.0895587876 0.0975653455 0.4784078 0.813847959 0.329814494 0.117723003 0.912324011
0.100556463 0.0960101783 0.107652813 0.0267212428 0.923645616 0.38231492 0.136006996 0.917941988
0.153826535 0.0994365662 0.0524825081 0.708902836 0.66771239 0.22719349 0.115503997 0.894151986
0.116457067 0.105399027 -0.107405432 0.221361697 0.621769786 -0.751266479 0.0842859969 0.821834981
0.139966235 0.1034142 -0.0964235887 0.692134261 0.44043979 -0.571806788 0.0906950012 0.831701994
0.146438733 0.0895466954 -0.0993262827 0.715159893 0.359748691 -0.599272251 0.0856380016 0.836645007
0.115492627 0.0922982097 -0.119412236 0.202175781 0.412317783 -0.888323665 0.0763359964 0.825178981
0.0479126833 0.0917646065 0.0589168146 -0.722208202 0.628899157 0.287925631 0.163650006 0.910080016
0.105599962 0.107104987 0.0765238181 -0.00904302485 0.906056464 0.42306003 0.138054997 0.902616024
0.103219107 0.125622392 0.0564364716 -0.0842255279 0.747784138 0.658577919 0.141558006 0.890953004
0.0508496165 0.130010128 0.0204099659 -0.806928635 0.430788249 0.404088676 0.164284006 0.883521974
0.138082027 0.125019804 0.0280519426 0.748331785 0.586839676 0.309222788 0.129712 0.877294004
0.176383376 0.00664049387 0.0767132565 0.976208985 -0.200460002 -0.0826545581 0.0834690034 0.914505005
0.169507027 0.0161776785 0.0300207473 0.958344758 -0.229668409 -0.169787139 0.0797310024 0.898176014
0.178362787 0.00512313517 0.143730804 0.98922354 -0.144116238 0.025832396 0.089230001 0.937272012
0.174261093 0.00628274167 0.182908148 0.974281847 -0.0576985851 0.217820704 0.0916249976 0.95203501
0.0285601988 0.0122370049 0.193289354 -0.961976647 -0.00316776475 0.273113549 0.157939002 0.972041011
0.0252232421 0.0108940005 0.149164215 -0.992780089 -0.119416423 -0.0112905819 0.167910993 0.958696008
0.0298447385 0.0129350806 0.0913611427 -0.97699666 -0.144796938 -0.156560719 0.179370999 0.941460013
0.0406654291 0.0199529305 0.0478905365 -0.979393959 -0.163400114 -0.118692897 0.187281996 0.928448975
0.166289404 0.0514408909 -0.0595594384 0.977895916 0.0662345439 -0.198324472 0.0802040026 0.862471998
0.16697903 0.0295776054 -0.0589212365 0.971442938 0.0504528023 -0.231847033 0.0735500008 0.866255999
0.147618324 0.0371596813 -0.1087588 0.804556131 0.0936211273 -0.586450756 0.0665040016 0.847859025
0.150636733 0.0570901744 -0.107406154 0.842775583 0.0388793126 -0.536859274 0.0719849989 0.845902026
0.164796233 0.0261549689 -0.018617278 0.968027472 -0.224463403 -0.111977138 0.0757939965 0.880742013
0.16704452 0.0474459454 -0.016574055 0.988897502 0.1162185 -0.0926014706 0.0839940012 0.878044009
0.167995691 0.0293891858 -0.0439130627 0.99649626 -0.0793641433 0.0263929032 0.0739490017 0.871792018
0.164660484 0.0501599871 -0.043130625 0.986749947 0.16223824 -0.00183213816 0.0809810013 0.868701994
0.150586441 0.076024428 -0.104566097 0.786383212 0.236171663 -0.570810318 0.0774639994 0.841988027
0.161680833 0.0748271272 -0.0620674677 0.97447747 0.173227385 -0.142779276 0.0874669999 0.855654001
0.161979288 0.0768752098 -0.0122857559 0.955367327 0.287362456 -0.068528533 0.0955049992 0.874496996
0.157558978 0.0742828995 -0.0420083702 0.975919843 0.217870086 -0.0106370151 0.0911180004 0.863355994
0.157227904 0.0864307955 -0.0115530472 0.936362028 0.350757837 0.0139709339 0.105889998 0.869862974
0.158303812 0.0855109468 -0.0657761618 0.946875274 0.259571403 -0.189867839 0.0941369981 0.848963022
0.158355787 0.0840436518 -0.0401138626 0.988923073 0.14839913 0.00296340231 0.0997510031 0.858911991
0.154524386 0.10915 -0.0145902503 0.943431318 0.326384783 0.0583974607 0.113821 0.864479005
0.156021208 0.104688011 -0.0406464674 0.99144423 0.130097449 0.0106360735 0.106504001 0.854478002
0.155140683 0.101601854 -0.06447348 0.949110448 0.249626398 -0.19203122 0.0993499979 0.845228016
0.152041852 0.0326260142 -0.109060079 0.81075865 -0.0315299146 -0.58453089 0.0652400032 0.848973989
0.167735904 0.0268742871 -0.0599970184 0.972341001 -0.115256093 -0.203147933 0.0723759979 0.866608977
0.0259240344 0.0362575017 -0.0632168055 -0.987047732 0.107193768 -0.119357556 0.0147390002 0.867088974
0.03652988 0.0396640413 -0.103655897 -0.82817477 0.122492857 -0.546920598 0.0195940007 0.850211024
0.0347409323 0.0361546949 -0.105583303 -0.800876319 -0.0207874291 -0.5984689 0.0203639995 0.850798011
0.0233638231 0.0316906907 -0.063676253 -0.985384941 -0.128307655 -0.112042904 0.0161310006 0.867660999
0.0355344005 0.0552730933 -0.00749767898 -0.995225549 0.0361415967 0.0906632915 0.195135996 0.906958997
0.0396889523 0.0320843011 -0.00336933997 -0.985669196 -0.141655192 0.0915972292 0.198853999 0.914744973
0.0372763164 0.0604675263 -0.105277471 -0.81878829 0.133691981 -0.558311939 0.224512994 0.885205984
0.03652988 0.0396640413 -0.103655897 -0.82817477 0.122492857 -0.546920598 0.228845999 0.891025007
0.0259240344 0.0362575017 -0.0632168055 -0.987047732 0.107193768 -0.119357556 0.216916993 0.90160501
0.0256786514 0.0578877404 -0.0621215515 -0.984034777 0.148186028 -0.0985718071 0.211769 0.895319998
0.0262601711 0.0355171226 -0.0420899615 -0.97570461 0.00344662694 0.219063193 0.210461006 0.906063974
0.0306438543 0.0566284806 -0.0415218994 -0.971250057 0.148222283 0.186288744 0.205430999 0.899717987
0.0372655503 0.0742884427 -0.00949399825 -0.97657603 0.206364945 0.0609336123 0.191094995 0.901208997
0.0311747361 0.0771564618 -0.0612280741 -0.898699284 0.435934842 -0.0479617715 0.206865996 0.889205992
0.0416249558 0.0837120786 -0.103103243 -0.683437645 0.495775938 -0.535834968 0.218245998 0.878180981
0.0382390544 0.075691171 -0.0410677753 -0.956130505 0.279159814 0.0887931734 0.200333998 0.893651009
0.0431612656 0.0963775143 -0.0106725441 -0.978793144 0.193508312 0.0672200546 0.185396999 0.893240988
0.0419125445 0.0967675745 -0.0398679301 -0.965164065 0.250570059 -0.0753185377 0.194409996 0.885870993
0.0418902524 0.0839252174 -0.0585401431 -0.825986624 0.54683578 -0.136809424 0.200331002 0.881605983
0.0503918976 0.111816861 -0.0542320907 -0.889024258 0.393300772 -0.234414995 0.193679005 0.873656988
0.0466372147 0.113858126 -0.0364695564 -0.973729908 0.19869484 -0.111222103 0.187202007 0.877288997
0.0434559584 0.117412239 -0.0138399946 -0.988922358 0.128750116 0.0738650486 0.178532004 0.880897999
0.116852269 0.0629950538 -0.12641719 0.275726765 0.322252065 -0.905609369 0.0661519989 0.830663025
0.113788486 0.041186437 -0.129595101 0.302998662 0.122835025 -0.945041418 0.0531960018 0.83820498
0.115542322 0.0594825298 -0.130980298 0.31995669 0.0929851979 -0.942858219 0.0586760007 0.835725009
0.0509834103 0.0893769786 -0.0964943394 -0.613598228 0.613661289 -0.496907413 0.210576996 0.87094003
0.0641936511 0.112867258 -0.0879952237 -0.729784846 0.521856606 -0.441678375 0.204168007 0.864198029
0.115441762 0.0378361344 -0.133303434 0.305640608 0.056938421 -0.95044297 0.0518609993 0.839989007
0.0801121294 0.0636267662 -0.126792297 -0.222026139 0.426365912 -0.876878798 0.0576100014 0.820010006
0.0845275074 0.0925233811 -0.117581785 -0.210214496 0.490245998 -0.845853746 0.0706100017 0.815041006
0.0752963796 0.0375842936 -0.134215161 -0.328179121 0.0467645712 -0.943457246 0.0361399986 0.839339018
0.0760772228 0.0436297469 -0.130334362 -0.329372823 0.117869876 -0.936813831 0.0354430005 0.83733201
0.0761223137 0.0605191439 -0.131080285 -0.355767071 0.122093722 -0.92656517 0.236163005 0.872788012
0.0801121294 0.0636267662 -0.126792297 -0.222026139 0.426365912 -0.876878798 0.228104994 0.865567982
0.0845275074 0.0925233811 -0.117581785 -0.210214496 0.490245998 -0.845853746 0.218005002 0.858438015
0.0761223137 0.0605191439 -0.131080285 -0.355767071 0.122093722 -0.92656517 0.0451439992 0.827839017
0.0760772228 0.0436297469 -0.130334362 -0.329372823 0.117869876 -0.936813831 0.240438998 0.87736398
0.0870653316 0.104741953 -0.10476882 -0.287651241 0.643845022 -0.709027827 0.0788350031 0.811702013
0.0870653316 0.104741953 -0.10476882 -0.287651241 0.643845022 -0.709027827 0.209996998 0.855283022
0.0473157205 0.0466297157 0.221116558 -0.745542228 0.328746259 0.579734921 0.140783995 0.972368002
0.054916665 0.0589695722 0.212354138 -0.489122272 0.852905393 0.182515174 0.138655007 0.966939986
0.0460236147 0.0208819509 0.222110152 -0.766007721 0.107815608 0.633725464 0.145696998 0.97991401
0.0705271885 0.0273052566 0.236420915 -0.393889159 0.123561643 0.910814881 0.132497996 0.983380973
0.0727243423 0.049797643 0.237667382 -0.357911646 0.266739607 0.894845843 0.130333006 0.975917995
0.16504778 0.0405782387 0.210894167 0.864286959 0.221849024 0.451432079 0.101745002 0.959047019
0.154950082 0.057937026 0.205490738 0.622564077 0.773445547 0.119147114 0.107954003 0.956730008
0.10159374 0.0313259251 0.241449013 0.0413105078 0.0804118589 0.99590534 0.117022 0.982110023
0.102253728 0.0511225797 0.241869867 0.031978555 0.23283802 0.971989632 0.119263999 0.975517988
0.163800865 0.0129790362 0.211357698 0.863700151 0.031742014 0.503005505 0.0934839994 0.961510003
0.140315294 0.0498906597 0.235702753 0.468625396 0.227109551 0.853704631 0.107111998 0.969690979
0.139354184 0.02398647 0.234441921 0.490391254 0.0606952906 0.869386256 0.097521998 0.975095987
0.13592416 0.0660175383 0.225202143 0.344165415 0.849387169 0.400114357 0.112185001 0.964549005
0.132349357 0.0613293983 0.183007717 0.166852966 0.978927851 -0.117729843 0.116788998 0.949298024
0.124397062 0.0686903149 0.205636844 0.0872604102 0.990089297 -0.110039681 0.117610998 0.958392978
0.101024814 0.064117901 0.233988985 -0.0156118888 0.828812182 0.559309185 0.121891998 0.970404029
0.10216742 0.0590061322 0.179711565 -0.0415430367 0.993926227 -0.101905301 0.127456993 0.950268984
0.102882162 0.0672360435 0.209277466 -0.0588712133 0.994333982 -0.0885107294 0.124035001 0.961269021
0.0734962672 0.0575640053 0.183783248 -0.107505895 0.993205786 -0.0445502177 0.136730999 0.954649985
0.0748562589 0.0647500232 0.225479141 -0.280863613 0.896656334 0.342232615 0.130756006 0.969259024
0.0829209611 0.0650989115 0.208010405 -0.13250415 0.981409788 -0.138843879 0.130462006 0.962496996
0.0696961805 0.0225805212 0.240143046 -0.197493553 -0.569741786 0.797740996 0.0669960007 0.984178007
0.101753831 0.0251728557 0.244961366 0.0132512413 -0.569708884 0.821739733 0.0796039999 0.98228699
0.10159374 0.0313259251 0.241449013 0.0413105078 0.0804118589 0.99590534 0.080825001 0.98436898
0.0705271885 0.0273052566 0.236420915 -0.393889159 0.123561643 0.910814881 0.0671029985 0.986056983
0.141545057 0.0171536691 0.236657724 0.216837153 -0.630552828 0.745241523 0.0945350006 0.973662972
0.0460236147 0.0208819509 0.222110152 -0.766007721 0.107815608 0.633725464 0.055075001 0.98250401
0.0445819683 0.0135840792 0.223095834 -0.432419062 -0.707140267 0.559433877 0.0555660017 0.980174005
0.164598435 0.00647319434 0.213035405 0.44062081 -0.744641423 0.501360655 0.0914679989 0.961866021
0.0710765347 0.00717896689 0.221492395 -0.0717142746 -0.919640183 0.386159092 0.0642229989 0.976023972
0.100189276 0.00745991804 0.225126609 -0.0145456856 -0.919384301 0.393091559 0.0746520013 0.973928988
0.136553317 0.00552978367 0.216695413 0.0163344778 -0.939479828 0.342214704 0.085382998 0.966892004
0.0563121401 0.00520794606 0.207556739 -0.112434439 -0.959067762 0.259898812 0.0571780019 0.972976983
0.0304339658 0.00631479826 0.193837374 -0.406907201 -0.89592272 0.178182229 0.0462489985 0.971502006
0.0285601988 0.0122370049 0.193289354 -0.961976647 -0.00316776475 0.273113549 0.044569999 0.972630024
0.0528189316 0.00281675998 0.185574666 -0.0815798566 -0.994088471 0.071643874 0.0524960011 0.965843022
0.15247187 0.00258718152 0.202755898 0.0195959024 -0.972135425 0.233599544 0.0865920037 0.960686982
0.171497345 0.000333392061 0.187849134 0.334565014 -0.92767483 0.165788382 0.0892660022 0.952742994
0.0288416799 0.00422165217 0.150297031 -0.340969592 -0.94007194 -0.00214559818 0.0391650014 0.956273019
0.0252232421 0.0108940005 0.149164215 -0.992780089 -0.119416423 -0.0112905819 0.0364760011 0.956826985
0.075509578 0.00142176636 0.183362544 -0.0323989913 -0.997815609 0.0575711951 0.0597289987 0.962467015
0.0993785933 0.000473358203 0.183897913 -0.0266934708 -0.996747732 0.0760357976 0.0676800013 0.960085988
0.126882613 -0.000173200082 0.180869609 -0.0270328596 -0.997114241 0.070939742 0.0760769993 0.95608598
0.153637737 -0.00092936022 0.178423941 -0.0116355112 -0.998181403 0.0591460578 0.0838780031 0.952041984
0.17696552 -0.00169379811 0.144111186 0.314435422 -0.949184358 0.0133976573 0.087578997 0.938207984
0.0998528302 0.00140017818 0.135478646 -0.0490584411 -0.998755515 -0.00898726285 0.0612859987 0.943395972
0.0747944415 0.00225484045 0.139186144 -0.0404463783 -0.999013007 -0.0183618795 0.053270001 0.947263002
0.0526875295 0.00246764114 0.145330057 -0.0509284474 -0.998670518 -0.00797469355 0.0465929992 0.951735973
0.0346635729 0.00435205828 0.0886869952 -0.346609503 -0.929715216 -0.124464475 0.0332089998 0.933345973
0.0298447385 0.0129350806 0.0913611427 -0.97699666 -0.144796938 -0.156560719 0.0299069993 0.934885979
0.1269463 7.59234463e-05 0.13829723 -0.0469051898 -0.998897433 0.00199042493 0.0706619993 0.94154799
0.152473748 -0.0011738718 0.1394936 -0.0175232068 -0.999812961 0.00818113703 0.0791649967 0.939204991
0.172315285 -0.000913703407 0.0683129132 0.29377833 -0.943049192 -0.156053096 0.079963997 0.912851989
0.0431972668 0.0109907174 0.0501747802 -0.355407715 -0.904765427 -0.234701604 0.0308960006 0.917566001
0.0406654291 0.0199529305 0.0478905365 -0.979393959 -0.163400114 -0.118692897 0.0272509996 0.916615009
0.0538096242 0.00431404077 0.0939152613 -0.0388002954 -0.996931016 -0.0679927841 0.0404389985 0.933182001
0.0755717009 0.00329750613 0.0956528932 -0.0586663 -0.996227086 -0.0639523789 0.0483159982 0.931751013
0.101900302 0.00131026434 0.0902703926 -0.0705942214 -0.995533824 -0.0626804158 0.0571499988 0.927407026
0.126030445 -0.000512448663 0.0881542638 -0.0561128557 -0.996618867 -0.0600174069 0.065500997 0.924332023
0.152351961 -0.00197387789 0.0849423781 -0.0190072861 -0.998246431 -0.0560600273 0.0744220018 0.920635998
0.166720152 0.0104389209 0.0276769157 0.296206921 -0.918109 -0.263319731 0.0767429993 0.898787975
0.0596458316 0.0100849057 0.047429435 -0.0851460621 -0.975131691 -0.20461762 0.0369269997 0.915506005
0.0427632704 0.0263182893 -0.00191798352 -0.374949992 -0.92276746 -0.0889529809 0.0251480006 0.896489024
0.0396889523 0.0320843011 -0.00336933997 -0.985669196 -0.141655192 0.0915972292 0.0224520005 0.895780981
0.0779658034 0.00842298102 0.0478069372 -0.0863521025 -0.978901863 -0.185187861 0.0441519991 0.914470971
0.101590484 0.00654178346 0.0475367233 -0.0765293315 -0.97961998 -0.185709536 0.0532450005 0.912528992
0.128865331 0.00552657107 0.0433344059 -0.0513124354 -0.979374528 -0.195428878 0.063248001 0.908594012
0.150339663 0.00698278099 0.0349390022 -0.0111147473 -0.975099087 -0.221491143 0.0708189979 0.903334022
0.160101086 0.0218596999 -0.0183856431 0.299689949 -0.942049921 -0.150757521 0.0725829974 0.882286012
0.0610428043 0.0233282112 -0.00109380158 -0.116229735 -0.981041551 -0.155074358 0.0327549987 0.896898985
0.0262601711 0.0355171226 -0.0420899615 -0.97570461 0.00344662694 0.219063193 0.0163250007 0.878874004
0.0269730445 0.0282725785 -0.0430408791 -0.612749696 -0.692636967 0.380515128 0.0186880007 0.878795028
0.0820765868 0.0218213461 -0.00721768243 -0.0810398608 -0.986037195 -0.145475179 0.0411869995 0.894132018
0.103792228 0.0198662244 -0.00629759394 -0.0621148944 -0.982167602 -0.177450404 0.0501310006 0.893181026
0.128617868 0.0190684069 -0.00942006242 -0.0390318446 -0.983329594 -0.177593172 0.0598580018 0.88985002
0.143968657 0.0193821341 -0.00991468318 0.0242966749 -0.980634868 -0.194332048 0.0664139986 0.887672007
0.163218021 0.0226700921 -0.0434998982 0.589121282 -0.75818789 0.27944091 0.0709860027 0.873504996
0.10354533 0.0224344656 -0.0429857373 -0.0252426397 -0.917709172 0.396450281 0.0482020006 0.881164014
0.0811803415 0.022380244 -0.0428593904 -0.0463246368 -0.906050324 0.420626849 0.0398019999 0.881950021
0.0560716949 0.0247570444 -0.0418589823 -0.0876000598 -0.906681836 0.412618816 0.0301580001 0.882161975
0.128616408 0.0213623159 -0.0433327779 -0.02107016 -0.910898089 0.412093371 0.0575269982 0.87906301
0.14579241 0.0209969543 -0.0435276516 0.0384279005 -0.895583332 0.443231106 0.064214997 0.876940012
0.0342867598 0.00523120398 -0.0497142971 -0.476484209 -0.605230749 0.637697816 0.0248819999 0.873687029
0.0317501239 0.0019531881 -0.0671586022 -0.855078161 -0.511439025 -0.085272029 0.0251490008 0.86857897
0.0568178073 0.00305644795 -0.052395165 -0.0328117907 -0.72448945 0.688504457 0.0320629999 0.874350011
0.0822819695 0.000916139747 -0.0532860309 -0.0197701864 -0.760028183 0.64958936 0.0404159985 0.874130011
0.104071341 -0.000150948516 -0.0538456701 -0.00937289279 -0.753063858 0.657880604 0.0475200005 0.873291016
0.129935771 -0.00133460551 -0.0554208569 -0.0114604458 -0.770002604 0.637937784 0.0559099987 0.871222019
0.145361826 -0.000808664015 -0.0537293367 0.027737068 -0.731669128 0.681095421 0.0605470017 0.870893002
0.159769118 0.000915628858 -0.0537765063 0.656855941 -0.585462391 0.475157082 0.0646969974 0.869737029
0.158084527 -0.000352671777 -0.0708803982 0.893590331 -0.383416414 -0.233427167 0.0632060021 0.865333974
0.114091404 0.000285978545 -0.132264301 0.240015522 -0.527319074 -0.815062702 0.0486680008 0.84977901
0.0747673213 0.00281472923 -0.134277239 -0.299333394 -0.484615654 -0.821916699 0.0381690003 0.848731995
0.0377209187 0.00189817243 -0.102440163 -0.774401188 -0.32002157 -0.545792103 0.0265030004 0.85768801
0.10487482 -0.00155876903 -0.0717914551 -0.0266654827 -0.999621928 0.00669936044 0.0473290011 0.867892981
0.084001787 -0.000883407658 -0.0703718886 -0.0321372263 -0.999204934 0.0235935748 0.0410309993 0.868786991
0.129134938 -0.00209166645 -0.0694311634 -0.0099582402 -0.999903619 0.00968208537 0.0550470017 0.867241025
0.131010994 -0.00130499899 -0.0923353806 -0.00155045372 -0.999097645 -0.0424434766 0.0549350008 0.859646022
0.112675369 -0.000903038424 -0.100233823 -0.0241017174 -0.9986763 -0.0454393774 0.0491060019 0.858989
0.147225991 -0.00192775787 -0.0693794116 0.0709697679 -0.997465909 0.00498822704 0.0603259988 0.866347015
0.145802975 5.43588521e-06 -0.110979326 0.73249197 -0.315132976 -0.603445649 0.0583649985 0.853344977
0.142916262 -0.0010420382 -0.0956173092 0.0574115515 -0.997041166 -0.0511141196 0.0583849996 0.857675016
0.054406099 7.43351629e-05 -0.0667859539 -0.0544184223 -0.996433437 0.0644912422 0.031684 0.869697988
0.0732381344 -5.26267868e-05 -0.0996923447 -0.0377065949 -0.998135924 -0.0479886979 0.0370990001 0.859492004
0.0464497209 0.000588448253 -0.0883910805 -0.0636919439 -0.997828543 -0.0167795643 0.028469 0.862369001
-0.0334235318 0.0605610684 0.103489414 0.910752535 0.411242008 0.037545599 0.163075 0.932950974
-0.0291853584 0.0357228927 0.0973662734 0.989533961 0.0701187924 -0.126118019 0.171540007 0.937712014
-0.0385050736 0.0411137678 0.0516871922 0.997245073 0.0113819949 -0.073298052 0.180768996 0.923668027
-0.0397432372 0.0665150806 0.0539812632 0.969722867 0.2438761 0.0127310595 0.173218995 0.917070985
-0.0283530746 0.0509437919 0.145329773 0.822126269 0.54966718 0.148237348 0.157120004 0.948014975
-0.0254290551 0.031293653 0.147662371 0.992649436 0.120492131 0.0113515025 0.162263006 0.953571975
-0.166362017 0.0712264553 0.0477281548 -0.936831176 0.349070489 -0.0222954731 0.103100002 0.896200001
-0.175864786 0.0345943943 0.0381730869 -0.99121356 0.0825318694 -0.103363998 0.0880770013 0.89824599
-0.179516241 0.0288932547 0.0844366178 -0.995352566 0.090068996 -0.034072753 0.0919419974 0.914493024
-0.173170924 0.0604734495 0.0929352939 -0.899734437 0.42599842 0.0948847085 0.104125001 0.91395998
-0.0390191674 0.052448187 0.179529637 0.59949255 0.780290484 0.178200766 0.148543999 0.957888007
-0.0297965836 0.0348515064 0.189432442 0.935379267 0.242298692 0.25759843 0.152570993 0.965426981
-0.0541956872 0.0925990567 0.103103645 0.456768334 0.854792655 0.246358037 0.152557001 0.923274994
-0.0575792454 0.0732186362 0.138002798 0.325858891 0.848855793 0.416244954 0.147384003 0.938022971
-0.0639945865 0.0601236187 0.163476259 0.148702368 0.949504495 0.276276678 0.142278999 0.94817698
-0.10056261 0.0768814087 0.133235246 -0.0668321028 0.847796321 0.526094019 0.132749006 0.930912018
-0.102316283 0.0605255067 0.157049611 -0.0355980992 0.944175303 0.32751444 0.129427001 0.941761017
-0.169263586 0.0529890247 0.137547091 -0.808791518 0.55589354 0.191934332 0.105718002 0.930930972
-0.179641321 0.0252372921 0.140942916 -0.991726458 0.117444351 0.0518212318 0.095555 0.934387028
-0.175662398 0.0282344092 0.174653605 -0.966018558 0.19605501 0.168435574 0.098702997 0.946766019
-0.167198479 0.0474766083 0.169227064 -0.70740819 0.700307906 0.0956162214 0.104869999 0.942999005
-0.144903854 0.0668515414 0.135548487 -0.349953771 0.831513345 0.431413859 0.115906 0.929715991
-0.140014693 0.0590549894 0.15996328 -0.220115393 0.957051933 0.188681573 0.115736 0.940084994
-0.150188014 0.0895588845 0.0975591987 -0.478389531 0.813856721 0.329819024 0.117723003 0.912324011
-0.100550823 0.096006915 0.107646555 -0.0267431568 0.923644483 0.382315964 0.136006996 0.917941988
-0.15382053 0.0994341001 0.0524762422 -0.708902061 0.667713523 0.227193192 0.115503997 0.894151986
-0.116451286 0.105399862 -0.107411087 -0.221345827 0.621738851 -0.751296759 0.0842859969 0.821834981
-0.11548695 0.0922962949 -0.119417943 -0.202181712 0.412344515 -0.888309956 0.0763359964 0.825178981
-0.146432638 0.0895461068 -0.09933272 -0.715160191 0.35975945 -0.599265456 0.0856380016 0.836645007
-0.139960304 0.103412084 -0.0964292437 -0.692109346 0.440460294 -0.571821213 0.0906950012 0.831701994
-0.0479067825 0.0917623863 0.0589107685 0.722215474 0.628899217 0.287907094 0.163650006 0.910080016
-0.10559433 0.107102811 0.0765177608 0.00904026069 0.906065226 0.423041493 0.138054997 0.902616024
-0.103213936 0.125618815 0.0564307198 0.084217459 0.747788906 0.658573568 0.141558006 0.890953004
-0.0508439988 0.130008191 0.0204042904 0.806931436 0.430787832 0.404083729 0.164284006 0.883521974
-0.138076261 0.125017449 0.0280460212 -0.748331368 0.586832821 0.309236914 0.129712 0.877294004
-0.176377654 0.00663977861 0.0767064616 -0.976210654 -0.20045571 -0.0826470926 0.0834690034 0.914505005
-0.169500962 0.0161742214 0.0300139412 -0.958343387 -0.229670227 -0.169792444 0.0797310024 0.898176014
-0.178356543 0.00511967996 0.143723756 -0.989223361 -0.144118235 0.0258268304 0.089230001 0.937272012
-0.174255461 0.00628074165 0.182901353 -0.97428304 -0.0577087924 0.217812181 0.0916249976 0.95203501
-0.0285543036 0.0122351404 0.193282798 0.961977124 -0.00317410636 0.273111433 0.157939002 0.972041011
-0.025217006 0.0108902138 0.149157539 0.992780089 -0.119415909 -0.0112888496 0.167910993 0.958696008
-0.0298383664 0.0129334209 0.0913544819 0.976998866 -0.144782245 -0.156560555 0.179370999 0.941460013
-0.0406589918 0.0199497733 0.0478838906 0.979392707 -0.16339685 -0.118707314 0.187281996 0.928448975
-0.166282818 0.0514389016 -0.0595661402 -0.977896094 0.0662241727 -0.198326945 0.0802040026 0.862471998
-0.150630683 0.0570926256 -0.107412681 -0.842768669 0.0388821438 -0.536869824 0.0719849989 0.845902026
-0.147611961 0.0371603146 -0.108765058 -0.804555058 0.0936242342 -0.586451769 0.0665040016 0.847859025
-0.166972563 0.0295780916 -0.0589280687 -0.971441627 0.0504597053 -0.231851697 0.0735500008 0.866255999
-0.16703853 0.0474470332 -0.0165805966 -0.988897383 0.116216071 -0.0926057547 0.0839940012 0.878044009
-0.164790049 0.026153462 -0.0186241642 -0.968021274 -0.224476829 -0.112004213 0.0757939965 0.880742013
-0.167989269 0.0293895546 -0.0439198539 -0.996496558 -0.079366833 0.0263705496 0.0739490017 0.871792018
-0.164654121 0.0501594357 -0.04313723 -0.98675108 0.162231043 -0.00183214678 0.0809810013 0.868701994
-0.161675036 0.0748273879 -0.0620738082 -0.974478304 0.173222855 -0.142779127 0.0874669999 0.855654001
-0.150579959 0.0760227442 -0.104572274 -0.786398053 0.236175478 -0.570788324 0.0774639994 0.841988027
-0.161973566 0.0768719241 -0.0122922072 -0.955370426 0.287351727 -0.0685302764 0.0955049992 0.874496996
-0.157552913 0.074282594 -0.0420146175 -0.975922108 0.217859954 -0.0106330328 0.0911180004 0.863355994
-0.157221988 0.0864326209 -0.0115590459 -0.936367273 0.350743324 0.0139836473 0.105889998 0.869862974
-0.158297792 0.0855131298 -0.0657821 -0.946875751 0.259562433 -0.189877659 0.0941369981 0.848963022
-0.158349857 0.0840422213 -0.0401201621 -0.988926291 0.14837794 0.00295741111 0.0997510031 0.858911991
-0.15451923 0.109152168 -0.0145960432 -0.943435192 0.326369107 0.058423426 0.113821 0.864479005
-0.15601562 0.104689226 -0.0406525955 -0.991447806 0.130070031 0.0106299454 0.106504001 0.854478002
-0.155134797 0.101601683 -0.064479515 -0.949109614 0.249633878 -0.192025959 0.0993499979 0.845228016
-0.152035549 0.0326279625 -0.109066829 -0.810752749 -0.0315383896 -0.584538519 0.0652400032 0.848973989
-0.167729661 0.0268760696 -0.0600036606 -0.972340286 -0.115268357 -0.203144312 0.0723759979 0.866608977
-0.0259177387 0.0362591036 -0.0632234067 0.987047017 0.107185386 -0.119371071 0.0147390002 0.867088974
-0.0233574435 0.0316882506 -0.0636825711 0.985385954 -0.128314853 -0.112025835 0.0161310006 0.867660999
-0.034734495 0.0361531861 -0.105589733 0.800871134 -0.0207853522 -0.598475814 0.0203639995 0.850798011
-0.0365232192 0.0396623909 -0.103662029 0.82818532 0.12249396 -0.546904385 0.0195940007 0.850211024
-0.0355280861 0.0552722029 -0.0075039994 0.995225191 0.0361469202 0.0906653181 0.195135996 0.906958997
-0.0396827161 0.0320876203 -0.00337569625 0.98567009 -0.141654953 0.091586791 0.198853999 0.914744973
-0.0372700281 0.0604676344 -0.10528367 0.818783402 0.133692741 -0.558318794 0.224512994 0.885205984
-0.0256723799 0.0578889512 -0.0621278509 0.984033108 0.148193613 -0.0985768884 0.211769 0.895319998
-0.0259177387 0.0362591036 -0.0632234067 0.987047017 0.107185386 -0.119371071 0.216916993 0.90160501
-0.0365232192 0.0396623909 -0.103662029 0.82818532 0.12249396 -0.546904385 0.228845999 0.891025007
-0.0262539051 0.0355197825 -0.0420963913 0.975705624 0.00344543788 0.219058931 0.210461006 0.906063974
-0.0306377448 0.0566307567 -0.0415280201 0.971246183 0.148244441 0.186291277 0.205430999 0.899717987
-0.0372593701 0.0742879957 -0.00950017758 0.976572752 0.206378639 0.0609381609 0.191094995 0.901208997
-0.0311686564 0.0771579519 -0.0612342432 0.898687243 0.435959697 -0.0479623079 0.206865996 0.889205992
-0.0416187868 0.0837133601 -0.10310971 0.683432162 0.495793402 -0.535825849 0.218245998 0.878180981
-0.0382331125 0.0756886154 -0.0410738923 0.956125319 0.27917397 0.088804841 0.200333998 0.893651009
-0.0431555659 0.0963784978 -0.0106784804 0.978793025 0.19350782 0.0672226995 0.185396999 0.893240988
-0.0419063941 0.0967656597 -0.03987398 0.965165317 0.250567645 -0.0753112957 0.194409996 0.885870993
-0.0418844596 0.0839256272 -0.0585460365 0.825992346 0.546831548 -0.136791259 0.200331002 0.881605983
-0.0503864102 0.111817732 -0.0542379022 0.889034808 0.393284827 -0.234401911 0.193679005 0.873656988
-0.046631556 0.113858379 -0.036475502 0.973730862 0.198693007 -0.111217432 0.187202007 0.877288997
-0.0434504077 0.117415212 -0.0138455927 0.988921463 0.128755301 0.0738675892 0.178532004 0.880897999
-0.11684607 0.0629978329 -0.126423791 -0.275724411 0.32229045 -0.905596495 0.0661519989 0.830663025
-0.115536109 0.059483327 -0.130986586 -0.319951504 0.092980817 -0.942860365 0.0586760007 0.835725009
-0.113782309 0.0411840007 -0.129601851 -0.303004175 0.122851066 -0.945037603 0.0531960018 0.83820498
-0.0509775467 0.089377366 -0.0965000317 0.613594651 0.61368072 -0.496887892 0.210576996 0.87094003
-0.0641878396 0.112871014 -0.0880011693 0.729793668 0.521823585 -0.441702724 0.204168007 0.864198029
-0.115435638 0.0378381759 -0.133309498 -0.305639476 0.0569306575 -0.950443923 0.0518609993 0.839989007
-0.0801063105 0.0636297017 -0.126798496 0.222028807 0.426385641 -0.876868486 0.0576100014 0.820010006
-0.0845212191 0.0925222859 -0.117587484 0.210210487 0.490274161 -0.845838547 0.0706100017 0.815041006
-0.0760708153 0.043629799 -0.130341202 0.329387099 0.11786022 -0.936810076 0.0354430005 0.83733201
-0.0752900615 0.0375855528 -0.134221494 0.328158557 0.0467671901 -0.943464279 0.0361399986 0.839339018
-0.076116249 0.0605204105 -0.131086931 0.355759144 0.122099176 -0.926567435 0.236163005 0.872788012
-0.0801063105 0.0636297017 -0.126798496 0.222028807 0.426385641 -0.876868486 0.228104994 0.865567982
-0.0845212191 0.0925222859 -0.117587484 0.210210487 0.490274161 -0.845838547 0.218005002 0.858438015
-0.076116249 0.0605204105 -0.131086931 0.355759144 0.122099176 -0.926567435 0.0451439992 0.827839017
-0.0760708153 0.043629799 -0.130341202 0.329387099 0.11786022 -0.936810076 0.240438998 0.87736398
-0.0870599598 0.104743697 -0.104774222 0.287642926 0.643779933 -0.709090233 0.0788350031 0.811702013
-0.0870599598 0.104743697 -0.104774222 0.287642926 0.643779933 -0.709090233 0.209996998 0.855283022
-0.0473101288 0.0466272421 0.221110448 0.745536804 0.328738838 0.579746008 0.140783995 0.972368002
-0.0549109988 0.0589673892 0.212347686 0.489140242 0.852885544 0.182559833 0.138655007 0.966939986
-0.0460175648 0.020878898 0.222103477 0.766010225 0.107812263 0.633723021 0.145696998 0.97991401
-0.0705215707 0.0273016002 0.236414269 0.393902123 0.123573899 0.910807729 0.132497996 0.983380973
-0.0727183595 0.0497953109 0.237660989 0.357913077 0.266722947 0.894850254 0.130333006 0.975917995
-0.16504173 0.0405753143 0.210887596 -0.864289582 0.221835688 0.451433718 0.101745002 0.959047019
-0.154944897 0.0579347685 0.205484673 -0.622601926 0.773416698 0.119136207 0.107954003 0.956730008
-0.101587608 0.0313245058 0.241442069 -0.0413135625 0.0804143921 0.995904982 0.117022 0.982110023
-0.102247834 0.0511200763 0.241862953 -0.0319814421 0.232813627 0.971995413 0.119263999 0.975517988
-0.163794309 0.0129779512 0.211350754 -0.863703907 0.0317546912 0.502998412 0.0934839994 0.961510003
-0.140309244 0.0498881005 0.235695913 -0.468623638 0.227087349 0.853711367 0.107111998 0.969690979
-0.139348537 0.0239832141 0.234435171 -0.49040401 0.060711924 0.869377851 0.097521998 0.975095987
-0.135918424 0.0660183728 0.225195721 -0.344207227 0.849353611 0.400149852 0.112185001 0.964549005
-0.132343799 0.0613269918 0.183001444 -0.166911975 0.978911817 -0.117779203 0.116788998 0.949298024
-0.124391437 0.0686916858 0.205630809 -0.0873065963 0.990080655 -0.110081702 0.117610998 0.958392978
-0.101018786 0.0641189143 0.233982563 0.015640039 0.828777134 0.559360147 0.121891998 0.970404029
-0.102162033 0.0590074062 0.179705366 0.0415114723 0.99392271 -0.101952814 0.127456993 0.950268984
-0.102876693 0.0672359765 0.209271163 0.0588986948 0.99433279 -0.0885058194 0.124035001 0.961269021
-0.0734901503 0.0575654097 0.183777288 0.107522525 0.993204594 -0.0445361957 0.136730999 0.954649985
-0.0748505145 0.0647464767 0.225473151 0.280899405 0.896624684 0.342286199 0.130756006 0.969259024
-0.0829150453 0.0650973767 0.208004072 0.132547364 0.981413543 -0.138775393 0.130462006 0.962496996
-0.0696906298 0.0225819033 0.240136772 0.197469518 -0.569771588 0.797725618 0.0669960007 0.984178007
-0.0705215707 0.0273016002 0.236414269 0.393902123 0.123573899 0.910807729 0.0671029985 0.986056983
-0.101587608 0.0313245058 0.241442069 -0.0413135625 0.0804143921 0.995904982 0.080825001 0.98436898
-0.101747654 0.0251735225 0.244954273 -0.013248764 -0.569736242 0.821720779 0.0796039999 0.98228699
-0.141539529 0.0171545856 0.236650974 -0.216820851 -0.630557597 0.745242178 0.0945350006 0.973662972
-0.0445762947 0.0135819959 0.22308898 0.432349801 -0.707197845 0.559414685 0.0555660017 0.980174005
-0.0460175648 0.020878898 0.222103477 0.766010225 0.107812263 0.633723021 0.055075001 0.98250401
-0.164592892 0.00647261133 0.213028297 -0.440604091 -0.744661689 0.501345098 0.0914679989 0.961866021
-0.071070753 0.00717833033 0.221485481 0.0717301443 -0.919611216 0.386225522 0.0642229989 0.976023972
-0.100183278 0.0074571087 0.225120142 0.0145390173 -0.919357598 0.393154174 0.0746520013 0.973928988
-0.136547625 0.0055281315 0.216688231 -0.0163729228 -0.939457476 0.34227404 0.085382998 0.966892004
-0.0563062616 0.00520637026 0.207550406 0.112461999 -0.959048033 0.259959996 0.0571780019 0.972976983
-0.0304280631 0.00631512562 0.193830848 0.406918138 -0.895914316 0.178199843 0.0462489985 0.971502006
-0.0285543036 0.0122351404 0.193282798 0.961977124 -0.00317410636 0.273111433 0.044569999 0.972630024
-0.0528130457 0.00281273178 0.185567826 0.0816405267 -0.994081557 0.0716716573 0.0524960011 0.965843022
-0.152465671 0.00258180848 0.202748567 -0.0196543559 -0.972140491 0.233573437 0.0865920037 0.960686982
-0.17149134 0.000334456505 0.187842295 -0.334549993 -0.927682698 0.165773928 0.0892660022 0.952742994
-0.028835617 0.00421863981 0.150290355 0.340930581 -0.940086007 -0.00215473049 0.0391650014 0.956273019
-0.025217006 0.0108902138 0.149157539 0.992780089 -0.119415909 -0.0112888496 0.0364760011 0.956826985
-0.0755036697 0.0014172761 0.183355361 0.0323899277 -0.99781543 0.0575793013 0.0597289987 0.962467015
-0.0993722975 0.000469083665 0.1838907 0.0266760215 -0.996748626 0.0760294348 0.0676800013 0.960085988
-0.126876771 -0.000175502544 0.180862978 0.0270082541 -0.99711585 0.0709275231 0.0760769993 0.95608598
-0.153632358 -0.000928547292 0.178417042 0.0116139399 -0.998181641 0.0591489151 0.0838780031 0.952041984
-0.176958576 -0.00169776985 0.14410387 -0.314366311 -0.949206948 0.0134238582 0.087578997 0.938207984
-0.0998464078 0.0014017506 0.13547188 0.0490722246 -0.998754561 -0.00901705865 0.0612859987 0.943395972
-0.0747879669 0.00225046952 0.139179125 0.0404217876 -0.999012887 -0.0184205249 0.053270001 0.947263002
-0.0526811741 0.00246493611 0.145323411 0.0509499833 -0.998669088 -0.0080123134 0.0465929992 0.951735973
-0.0346573591 0.00435112696 0.0886802524 0.346515715 -0.929748952 -0.124473788 0.0332089998 0.933345973
-0.0298383664 0.0129334209 0.0913544819 0.976998866 -0.144782245 -0.156560555 0.0299069993 0.934885979
-0.126940027 7.17805888e-05 0.13829048 0.0469011404 -0.998897612 0.00199469761 0.0706619993 0.94154799
-0.152467787 -0.00117335387 0.139486983 0.0175135899 -0.999812961 0.00821129978 0.0791649967 0.939204991
-0.172308534 -0.000916997145 0.0683058649 -0.293708742 -0.943068266 -0.156068489 0.079963997 0.912851989
-0.0431907736 0.0109900627 0.0501680821 0.355343282 -0.904790223 -0.234703839 0.0308960006 0.917566001
-0.0406589918 0.0199497733 0.0478838906 0.979392707 -0.16339685 -0.118707314 0.0272509996 0.916615009
-0.0538035855 0.00431600818 0.0939086005 0.0387994349 -0.996929228 -0.0680204183 0.0404389985 0.933182001
-0.0755651444 0.00329802837 0.0956460759 0.0586805977 -0.996225417 -0.0639653206 0.0483159982 0.931751013
-0.101894282 0.00131003337 0.0902637392 0.0706503615 -0.995531023 -0.0626625493 0.0571499988 0.927407026
-0.126024038 -0.000516327331 0.0881473646 0.0561180823 -0.996618986 -0.0600116253 0.065500997 0.924332023
-0.152345628 -0.00197656895 0.0849353671 0.019013742 -0.998246312 -0.0560600497 0.0744220018 0.920635998
-0.166713849 0.0104356278 0.0276700296 -0.296041787 -0.918151498 -0.263357282 0.0767429993 0.898787975
-0.0596394874 0.0100845862 0.0474227406 0.085184902 -0.975127399 -0.204621732 0.0369269997 0.915506005
-0.04275712 0.0263215173 -0.00192436599 0.374962419 -0.922759652 -0.088981986 0.0251480006 0.896489024
-0.0396827161 0.0320876203 -0.00337569625 0.98567009 -0.141654953 0.091586791 0.0224520005 0.895780981
-0.0779597908 0.00842068996 0.0478002541 0.0864087045 -0.978898287 -0.185180053 0.0441519991 0.914470971
-0.10158392 0.00653918134 0.0475298762 0.0765646845 -0.979617178 -0.185709447 0.0532450005 0.912528992
-0.128859311 0.00552309398 0.0433276184 0.0512486026 -0.979371488 -0.195461422 0.063248001 0.908594012
-0.150333375 0.00698485877 0.0349322371 0.0111265797 -0.975089133 -0.221534625 0.0708189979 0.903334022
-0.160094693 0.0218610503 -0.0183923468 -0.299552977 -0.942089021 -0.150785282 0.0725829974 0.882286012
-0.0610367171 0.0233284365 -0.00110034854 0.116279066 -0.981030822 -0.155105561 0.0327549987 0.896898985
-0.0262539051 0.0355197825 -0.0420963913 0.975705624 0.00344543788 0.219058931 0.0163250007 0.878874004
-0.0269666947 0.0282747522 -0.0430475958 0.61274606 -0.692604899 0.380579561 0.0186880007 0.878795028
-0.0820704997 0.0218223929 -0.00722415326 0.0811257139 -0.986027658 -0.145493105 0.0411869995 0.894132018
-0.103785418 0.0198633242 -0.00630432926 0.0621287003 -0.982164145 -0.177464411 0.0501310006 0.893181026
-0.128611818 0.0190694779 -0.00942678098 0.0389267504 -0.983331561 -0.177605644 0.0598580018 0.88985002
-0.143962666 0.0193843413 -0.00992145389 -0.0243081786 -0.980631351 -0.194348201 0.0664139986 0.887672007
-0.16321151 0.0226724483 -0.0435066037 -0.589079797 -0.758226991 0.279422611 0.0709860027 0.873504996
-0.103539176 0.0224315915 -0.0429922715 0.0252592284 -0.917727709 0.396406144 0.0482020006 0.881164014
-0.0811736435 0.0223801248 -0.0428661965 0.0464001633 -0.906051517 0.420615733 0.0398019999 0.881950021
-0.0560653098 0.0247605816 -0.0418656953 0.0876264796 -0.906665623 0.412648916 0.0301580001 0.882161975
-0.128610268 0.0213610213 -0.0433395691 0.020990748 -0.910910666 0.41206947 0.0575269982 0.87906301
-0.145786285 0.0209981464 -0.0435342267 -0.0384915434 -0.895583332 0.443225533 0.064214997 0.876940012
-0.0342803411 0.005229278 -0.0497207567 0.476429015 -0.605218947 0.637750268 0.0248819999 0.873687029
-0.0317434222 0.00195513363 -0.0671653673 0.855060458 -0.511463821 -0.0853016824 0.0251490008 0.86857897
-0.0568113141 0.00305384328 -0.0524017625 0.0327925719 -0.724493504 0.688501 0.0320629999 0.874350011
-0.0822758004 0.000918737263 -0.0532927848 0.0197634175 -0.760024905 0.649593413 0.0404159985 0.874130011
-0.10406521 -0.000148007617 -0.0538523458 0.00938183907 -0.753078997 0.6578632 0.0475200005 0.873291016
-0.129929528 -0.00133359013 -0.0554278269 0.0114785125 -0.770020545 0.63791585 0.0559099987 0.871222019
-0.145355448 -0.00080802507 -0.0537360236 -0.0277911816 -0.731667697 0.681094587 0.0605470017 0.870893002
-0.159762681 0.000918738719 -0.0537834354 -0.656879663 -0.58543545 0.47515732 0.0646969974 0.869737029
-0.158077702 -0.000349467417 -0.0708874911 -0.893595219 -0.383408844 -0.2334207 0.0632060021 0.865333974
-0.07476037 0.00281712413 -0.134283677 0.299334735 -0.484603137 -0.821923673 0.0381690003 0.848731995
-0.114084944 0.000283983274 -0.132270843 -0.239999369 -0.527332425 -0.815058768 0.0486680008 0.84977901
-0.0377143286 0.00190096349 -0.102446407 0.774391413 -0.320039421 -0.54579556 0.0265030004 0.85768801
-0.104868025 -0.00156036788 -0.0717982426 0.0266742278 -0.99962157 0.00671310723 0.0473290011 0.867892981
-0.0839953199 -0.000883532804 -0.0703787357 0.0321661197 -0.999204457 0.023576431 0.0410309993 0.868786991
-0.12912856 -0.00209018216 -0.0694379434 0.00998455565 -0.999902904 0.00972186495 0.0550470017 0.867241025
-0.131004333 -0.00130583101 -0.0923421383 0.00155714224 -0.999095082 -0.0425046533 0.0549350008 0.859646022
-0.112668589 -0.000901675259 -0.100241087 0.0241216775 -0.998675883 -0.0454372428 0.0491060019 0.858989
-0.147219434 -0.00193069992 -0.069386296 -0.0710874945 -0.997457623 0.00498256646 0.0603259988 0.866347015
-0.14579609 7.93033996e-06 -0.110986248 -0.732482135 -0.315120727 -0.603464007 0.0583649985 0.853344977
-0.142909974 -0.00104080513 -0.0956239775 -0.0575460531 -0.997027457 -0.0512329675 0.0583849996 0.857675016
-0.0543994978 7.62828204e-05 -0.0667928159 0.0544400997 -0.996437609 0.064407751 0.031684 0.869697988
-0.0732316077 -5.09515994e-05 -0.0996991396 0.0377588719 -0.998133302 -0.048001729 0.0370990001 0.859492004
-0.0464429259 0.000591796299 -0.0883978233 0.0637135878 -0.997826695 -0.0168037619 0.028469 0.862369001
0.0915732458 1.71343958 -0.157573014 -0.132567033 0.924164534 -0.358253896 0.910920024 0.0392699838
0.0806155577 1.7179358 -0.14202413 0.16385068 0.538974345 -0.826232135 0.916790009 0.0318800211
0.121122688 1.73013103 -0.122453913 0.401797801 0.41694051 -0.815303028 0.931699991 0.049759984
0.128413782 1.7310437 -0.12547864 -0.236115098 0.908821821 -0.343936771 0.928520024 0.0526999831
0.0401366279 1.69707847 -0.182635471 -0.0527867004 0.92653203 -0.372494042 0.890359998 0.0246599913
0.0371518545 1.70948493 -0.154392958 0.0537098311 0.638996184 -0.767332435 0.901849985 0.0169199705
-0.0158962309 1.69379568 -0.190257862 0.0316071622 0.926985264 -0.373763978 0.873459995 0.00901001692
-0.0101509178 1.70681834 -0.15754126 -8.29891287e-05 0.678417087 -0.734676898 0.888849974 0.00173997879
0.160085097 1.7703743 -0.0708851814 -0.232486367 0.814938366 -0.530872464 0.946659982 0.0798400044
0.147721395 1.76733541 -0.0717689097 0.753794611 0.550155222 -0.359336674 0.951709986 0.0740399957
0.141002953 1.79265571 -0.0366875157 0.511302412 0.772419751 -0.376746207 0.965080023 0.089869976
0.158406228 1.79684234 -0.0343571194 -0.179808006 0.78089875 -0.598219275 0.956640005 0.0960900187
0.13988924 1.74429786 -0.103625454 0.825427294 0.165055051 -0.539839506 0.938830018 0.0589900017
0.14721866 1.74717462 -0.106622703 -0.309768945 0.851759136 -0.422551095 0.935649991 0.0634099841
-0.0820516944 1.70800364 -0.172171533 0.0998833105 0.915690899 -0.389272958 0.872460008 0.353049994
-0.0634644181 1.71308422 -0.147301853 -0.0981261954 0.667110205 -0.738468111 0.880299985 0.364889979
-0.0101509178 1.70681834 -0.15754126 -8.29891287e-05 0.678417087 -0.734676898 0.865279973 0.381900012
-0.0158962309 1.69379568 -0.190257862 0.0316071622 0.926985264 -0.373763978 0.851040006 0.372660041
-0.123497456 1.73129773 -0.130884975 0.194945827 0.904753387 -0.378705055 0.895969987 0.342020035
-0.113623485 1.73464775 -0.117927641 -0.489697933 0.392874956 -0.778360546 0.902029991 0.347450018
-0.121055812 1.8372227 -0.0252731349 -0.599173665 0.784209967 -0.161263108 0.753639996 0.131179988
-0.133234665 1.82000029 -0.0526974276 -0.754146278 0.635046482 -0.167270392 0.754960001 0.116490006
-0.142193317 1.82281446 -0.0544396378 -0.788490057 0.600535154 -0.132819921 0.75849998 0.116270006
-0.130690813 1.84244788 -0.0257726163 -0.694905519 0.706345439 -0.134842619 0.757659972 0.130540013
-0.150781468 1.7567395 -0.0834815651 0.328293294 0.827173233 -0.456078887 0.917020023 0.327759981
-0.139422551 1.7546891 -0.0806829333 -0.762324452 0.37003988 -0.53097254 0.92031002 0.333019972
0.0825097263 1.8943274 0.0966439322 -0.162039116 0.686208427 -0.709127188 0.981469989 0.168429971
0.126504183 1.85702145 0.0460377 -0.192177832 0.71885103 -0.668072522 0.974210024 0.136449993
0.103132471 1.84421659 0.0381993204 0.18185249 0.868860662 -0.460446179 0.986989975 0.133970022
0.0629425049 1.87039959 0.0788651705 0.0850587115 0.902669311 -0.421845168 0.995630026 0.166530013
0.144529775 1.78870714 -0.0962625965 0.839544952 0.36748457 -0.400149167 0.782050014 0.31656003
0.138513222 1.81668818 -0.0614607893 0.785033047 0.606305778 -0.126950711 0.776619971 0.298759997
0.144117147 1.81688857 -0.0582415983 0.891785085 0.452322662 -0.0111100683 0.778840005 0.297639966
0.150951341 1.78770411 -0.0955618992 0.929651856 0.233069792 -0.285352141 0.784229994 0.315620005
0.0722821727 1.74904883 -0.160002992 0.367153853 -0.211538807 -0.905786633 0.788119972 0.360309958
0.102595888 1.75626814 -0.147568062 0.586579978 -0.0925113559 -0.804590344 0.787649989 0.34679997
0.105358802 1.75264251 -0.148507699 0.534110367 -0.140357018 -0.833682239 0.789460003 0.346390009
0.0761599094 1.74485683 -0.162768781 0.391009748 -0.198409766 -0.898746312 0.790499985 0.359529972
-0.0640178919 1.7448014 -0.161637634 -0.338308662 -0.0278153103 -0.940624058 0.765209973 0.0478500128
-0.00531658949 1.7408216 -0.17300196 -0.0743750185 -0.119568095 -0.990036249 0.766939998 0.0233299732
-0.00631538918 1.7370559 -0.180400655 -0.0548295677 -0.105579145 -0.992898166 0.770169973 0.0238500237
-0.0665602013 1.7408483 -0.167814806 -0.367917836 -0.100714445 -0.924387932 0.768280029 0.0479599833
-0.157923773 1.79598486 -0.0344454199 0.338570625 0.752944648 -0.564308763 0.935519993 0.306210041
-0.149951071 1.82494533 0.00528409658 0.229815379 0.734244585 -0.638803363 0.949790001 0.291040003
-0.130985394 1.80990505 -0.00352142635 -0.276406944 0.875255048 -0.396897703 0.958999991 0.300599992
-0.137500957 1.78926611 -0.0284737963 -0.510867774 0.769080162 -0.384096116 0.946380019 0.31467998
-0.0831387416 1.85638392 0.0606901906 -0.166863203 0.891508043 -0.421153307 0.984319985 0.25909996
-0.106406003 1.83930206 0.0335989334 -0.275714725 0.86380446 -0.421690851 0.973720014 0.278779984
-0.126559064 1.85419273 0.0456370041 0.185239047 0.731465101 -0.656235695 0.962220013 0.27038002
-0.0985231176 1.88118279 0.0831031576 0.165400013 0.703653336 -0.691024542 0.971660018 0.250079989
-0.0482186787 1.89009976 0.0827060118 -0.466498405 0.492391944 0.734798849 0.76354003 0.187359989
-0.0441797003 1.90469372 0.0672265515 -0.429905534 0.810729742 0.397364527 0.756399989 0.188419998
-0.0823917687 1.88617504 0.0388519876 -0.632791281 0.754933119 0.172194883 0.756060004 0.167919993
-0.0857107639 1.87154448 0.0530292876 -0.742718756 0.419701129 0.521746814 0.763289988 0.16790998
0.00412389031 1.90208006 0.0929514766 0.0692061409 0.535699725 0.841567814 0.763530016 0.207019985
0.0648937672 1.88673294 0.0733612403 0.579324007 0.418734282 0.699317634 0.769010007 0.231369972
0.0623157471 1.89999449 0.0609359816 0.552630782 0.713202834 0.43120864 0.762489974 0.232230008
0.00512401992 1.91229439 0.0780146196 0.0701947659 0.848872244 0.523916543 0.757809997 0.208440006
0.147721395 1.76733541 -0.0717689097 0.753794611 0.550155222 -0.359336674 0.796800017 0.310000002
0.13988924 1.74429786 -0.103625454 0.825427294 0.165055051 -0.539839506 0.80151999 0.326429963
0.139950126 1.75169897 -0.115892328 0.857933283 -0.263896704 -0.440804869 0.794059992 0.328689992
0.153191537 1.77541018 -0.0831139609 0.997267425 -0.0715201721 -0.0185124017 0.789759994 0.313050032
0.135348648 1.76567304 -0.124403223 0.764903724 0.0303556062 -0.643429101 0.788219988 0.330440044
0.121122688 1.73013103 -0.122453913 0.401797801 0.41694051 -0.815303028 0.803749979 0.335430026
0.11776647 1.73741555 -0.134526655 0.600301862 -0.425016731 -0.677494168 0.796540022 0.340730011
0.0806155577 1.7179358 -0.14202413 0.16385068 0.538974345 -0.826232135 0.80400002 0.356040001
0.079163298 1.72778463 -0.153601825 0.408127546 -0.529077649 -0.743981719 0.797410011 0.358009994
0.0371518545 1.70948493 -0.154392958 0.0537098311 0.638996184 -0.767332435 0.805850029 0.374339998
0.0396133922 1.72069609 -0.165672794 0.227918714 -0.577760816 -0.783738196 0.79865998 0.374549985
0.0389387608 1.73850214 -0.175042555 0.218073905 -0.173675522 -0.960354447 0.791490018 0.375259995
0.0371518545 1.70948493 -0.154392958 0.0537098311 0.638996184 -0.767332435 0.786729991 0.00806999207
-0.0101509178 1.70681834 -0.15754126 -8.29891287e-05 0.678417087 -0.734676898 0.78512001 0.0271099806
-0.00769587979 1.71667731 -0.171531633 -0.0605196171 -0.590296924 -0.804914236 0.777869999 0.0251299739
0.0396133922 1.72069609 -0.165672794 0.227918714 -0.577760816 -0.783738196 0.779640019 0.00650000572
0.0389387608 1.73850214 -0.175042555 0.218073905 -0.173675522 -0.960354447 0.772310019 0.00607001781
-0.0634644181 1.71308422 -0.147301853 -0.0981261954 0.667110205 -0.738468111 0.782180011 0.0489199758
-0.0648126006 1.72385108 -0.160511464 -0.380810261 -0.587878108 -0.713710546 0.774680018 0.047630012
-0.113623485 1.73464775 -0.117927641 -0.489697933 0.392874956 -0.778360546 0.778110027 0.0737500191
-0.119166516 1.74375653 -0.13080591 -0.721660435 -0.486000746 -0.492959976 0.770780027 0.0726500154
-0.119515255 1.75793982 -0.13902837 -0.702002704 -0.0585306138 -0.709764898 0.765150011 0.0723099709
-0.0831387416 1.85638392 0.0606901906 -0.166863203 0.891508043 -0.421153307 0.770850003 0.167930007
-0.0486584939 1.87263811 0.0866927132 -0.0723707899 0.886049092 -0.457907647 0.771279991 0.185660005
-0.140224397 1.78772986 -0.0329061598 -0.734934628 0.567139089 -0.371785581 0.944570005 0.315890014
-0.139422551 1.7546891 -0.0806829333 -0.762324452 0.37003988 -0.53097254 0.77651 0.0935999751
-0.148514226 1.77101576 -0.0863784775 -0.961413383 -0.253839523 -0.106064618 0.76809001 0.0953299999
-0.141790509 1.79344964 -0.0934978053 -0.808565021 0.391974807 -0.438837349 0.758669972 0.0961800218
-0.147211105 1.79223585 -0.0946667939 -0.902941048 0.199585482 -0.380608857 0.760699987 0.0962799788
-0.143594101 1.820099 -0.0560127012 -0.85047555 0.44971782 -0.272846341 0.758920014 0.115149975
-0.140224397 1.78772986 -0.0329061598 -0.734934628 0.567139089 -0.371785581 0.774969995 0.116599977
-0.147492915 1.80238581 -0.0478405617 -0.989101112 -0.0996890366 0.108356491 0.76564002 0.114059985
-0.137500957 1.78926611 -0.0284737963 -0.510867774 0.769080162 -0.384096116 0.775560021 0.118719995
-0.148381948 1.80445099 -0.0423724279 -0.963558555 0.112066224 0.242891163 0.765980005 0.115989983
-0.106874973 1.86688125 0.00937484391 -0.679327607 0.733714223 -0.0133207384 0.756290019 0.150579989
-0.111467034 1.84999168 0.0230606329 -0.864031196 0.290382475 0.411251873 0.764129996 0.150340021
-0.126320839 1.80964744 -0.00132938905 -0.449147195 0.829200149 -0.332706809 0.960879982 0.299719989
-0.137548268 1.82449281 -0.0150243305 -0.938386381 0.166871592 0.302630156 0.76485002 0.129559994
-0.130985394 1.80990505 -0.00352142635 -0.276406944 0.875255048 -0.396897703 0.773159981 0.131219983
-0.127890751 1.84352136 -0.0233950093 -0.679430544 0.731200516 -0.0609917343 0.757300019 0.132099986
-0.133271486 1.82730842 -0.0121360132 -0.868361652 0.274747789 0.412870169 0.764479995 0.131520033
-0.106406003 1.83930206 0.0335989334 -0.275714725 0.86380446 -0.421690851 0.770770013 0.152520001
-0.126320839 1.80964744 -0.00132938905 -0.449147195 0.829200149 -0.332706809 0.773859978 0.13282001
0.141002953 1.79265571 -0.0366875157 0.511302412 0.772419751 -0.376746207 0.79193002 0.293089986
0.145003214 1.80097282 -0.0458033606 0.964702904 0.132677242 0.22747542 0.785740018 0.295650005
0.125611439 1.81973064 0.00267143431 0.288283914 0.844708622 -0.450954229 0.977989972 0.111369967
0.149427295 1.82456648 0.00272269896 -0.178604409 0.75508213 -0.630834043 0.965009987 0.113449991
0.0629425049 1.87039959 0.0788651705 0.0850587115 0.902669311 -0.421845168 0.776610017 0.230360031
0.103132471 1.84421659 0.0381993204 0.18185249 0.868860662 -0.460446179 0.781599998 0.254729986
0.104664028 1.85691941 0.0316838883 0.844462156 0.303232998 0.441512674 0.775160015 0.255859971
0.101171032 1.87511694 0.0228874367 0.780898392 0.584823489 0.21949774 0.767679989 0.255699992
0.1227948 1.84638894 -0.016637085 0.844309866 0.532021344 0.063985467 0.773090005 0.276289999
0.115899734 1.8448844 -0.0189037789 0.713271201 0.694631934 -0.0934369639 0.770349979 0.276870012
0.127145991 1.82808745 -0.0045928387 0.921841085 0.242117152 0.30263561 0.781120002 0.275339961
0.125611439 1.81973064 0.00267143431 0.288283914 0.844708622 -0.450954229 0.786660016 0.272670031
0.0368149802 1.74151456 -0.169449747 0.199746862 -0.177073345 -0.963714838 0.788820028 0.375270009
0.0368149802 1.74151456 -0.169449747 0.199746862 -0.177073345 -0.963714838 0.769529998 0.00637000799
-0.114085637 1.76088905 -0.135919362 -0.629217446 0.116076045 -0.768512726 0.762610018 0.071780026
-0.0968465433 1.86126935 0.00608793413 -0.538728476 0.825336039 -0.169091567 0.751680017 0.150579989
-0.126918301 1.83704209 -0.0700220838 -0.958968461 0.263533652 0.104544602 0.913950026 0.189440012
-0.133234665 1.82000029 -0.0526974276 -0.754146278 0.635046482 -0.167270392 0.924170017 0.192849994
-0.121055812 1.8372227 -0.0252731349 -0.599173665 0.784209967 -0.161263108 0.919369996 0.209850013
-0.113396868 1.85127771 -0.0380141027 -0.885314882 0.358070284 0.29665342 0.910939991 0.206470013
-0.0759791583 1.8822577 0.0341076255 -0.586693764 0.808489621 -0.0462044626 0.752690017 0.167980015
0.100711867 1.8666414 -0.0302230213 0.892057598 0.404490083 0.201546341 0.794170022 0.205320001
0.115899734 1.8448844 -0.0189037789 0.713271201 0.694631934 -0.0934369639 0.782440007 0.206279993
0.138513222 1.81668818 -0.0614607893 0.785033047 0.606305778 -0.126950711 0.776950002 0.180320024
0.124680296 1.83818769 -0.0723270178 0.908867657 0.406336755 0.0940744877 0.788670003 0.181470037
0.0972782671 1.87197781 0.0163324289 0.719703853 0.694181204 -0.0117841288 0.765540004 0.257589996
0.130641967 1.7697283 -0.124391541 0.754752457 0.0983159989 -0.648600578 0.785899997 0.331160009
0.144529775 1.78870714 -0.0962625965 0.839544952 0.36748457 -0.400149167 0.776269972 0.159250021
0.138035998 1.81256557 -0.106376238 0.935147226 0.24454172 -0.256317914 0.78670001 0.162119985
0.0947794914 1.77546597 -0.159949332 0.553976119 -0.144160345 -0.819956243 0.800880015 0.132789969
0.102595888 1.75626814 -0.147568062 0.586579978 -0.0925113559 -0.804590344 0.791649997 0.128970027
0.0722821727 1.74904883 -0.160002992 0.367153853 -0.211538807 -0.905786633 0.801850021 0.118749976
0.0702185333 1.76677895 -0.171482429 0.350466371 -0.219994903 -0.910371065 0.808759987 0.124419987
-0.0571670048 1.80529571 -0.168702707 -0.115030505 0.535294712 -0.836796105 0.882480025 0.141659975
-0.0900344998 1.82220137 -0.151968881 -0.27102232 0.539772928 -0.796989441 0.892960012 0.154330015
-0.0789889544 1.82436657 -0.143521532 0.277625263 0.788915277 -0.548212528 0.888130009 0.154960036
-0.0517156161 1.81023312 -0.160415977 0.0806540251 0.864308 -0.49645406 0.878480017 0.143649995
-0.102912277 1.89944816 -0.0695541725 -0.585649669 0.743028462 -0.323918343 0.890900016 0.197939992
-0.0919782817 1.91459119 -0.0481993109 -0.65504688 0.735864699 -0.17151317 0.885619998 0.206799984
-0.074868463 1.90641546 -0.0634697005 0.225518659 0.608928561 -0.760491371 0.881380022 0.198589981
-0.0839736462 1.89107966 -0.0823356584 0.306890458 0.660822034 -0.68493247 0.886309981 0.190420032
-0.088146396 1.87120008 -0.103102632 0.348982304 0.665827751 -0.659457922 0.88944 0.179910004
-0.107632503 1.87378454 -0.100635014 -0.498446971 0.690895915 -0.523653805 0.895129979 0.183259964
-0.0579102412 1.93373978 -0.0444263555 -0.104941189 0.570616484 -0.814484 0.872479975 0.209290028
-0.0727777854 1.93670356 -0.0280909576 -0.738808095 0.673458219 -0.0248311665 0.876569986 0.21608001
0.069470413 1.91077757 -0.0623000674 -0.0464070141 0.704631269 -0.708054483 0.81990999 0.195819974
0.0551770329 1.94152105 -0.0392714366 0.110039093 0.636103332 -0.763717115 0.826129973 0.209659994
0.0731783286 1.94144928 -0.0269373432 0.73126936 0.675312221 -0.0959086418 0.821139991 0.214049995
0.0910385326 1.91482687 -0.0523216613 0.654687345 0.696804523 -0.292998016 0.814249992 0.200980008
0.0828501433 1.88025999 -0.0988836363 -0.0518562868 0.711289585 -0.700983644 0.815209985 0.177320004
0.109517999 1.88153374 -0.0902435929 0.609202981 0.695315123 -0.381324857 0.807229996 0.181410015
0.0895058513 1.85209894 -0.119695976 -0.0688639209 0.692133605 -0.718476653 0.81269002 0.163689971
0.112451836 1.85289657 -0.121027194 0.487793595 0.63250345 -0.601661682 0.804560006 0.165419996
0.0506693386 1.82047546 -0.157352298 -0.0345315561 0.787508786 -0.615335166 0.827669978 0.141059995
0.0662584975 1.82723093 -0.146915704 -0.0520011298 0.81839782 -0.572294474 0.821560025 0.147220016
0.0806084126 1.81916451 -0.15734987 0.210517019 0.534239411 -0.818700731 0.814499974 0.144190013
0.049912557 1.81121385 -0.167653233 0.075369224 0.542504787 -0.836664855 0.825380027 0.135940015
0.0204468779 1.80600107 -0.171572655 0.000927058514 0.567371011 -0.82346189 0.835600019 0.12924999
0.0135643706 1.80923474 -0.162090629 -0.050361868 0.786806464 -0.61514169 0.84175998 0.133440018
0.0324278958 1.76103437 -0.18166025 0.160789132 -0.229565889 -0.95991993 0.820850015 0.114369988
0.0368149802 1.74151456 -0.169449747 0.199746862 -0.177073345 -0.963714838 0.812839985 0.108129978
-0.10894984 1.7812736 -0.145854771 -0.705077112 -0.131123647 -0.696902335 0.90824002 0.147719979
-0.0668897405 1.7626574 -0.168964997 -0.371968031 -0.239663348 -0.896772683 0.895889997 0.130779982
-0.0640178919 1.7448014 -0.161637634 -0.338308662 -0.0278153103 -0.940624058 0.900789976 0.12440002
-0.114085637 1.76088905 -0.135919362 -0.629217446 0.116076045 -0.768512726 0.916809976 0.143939972
-0.0968465433 1.86126935 0.00608793413 -0.538728476 0.825336039 -0.169091567 0.907500029 0.229349971
-0.0759791583 1.8822577 0.0341076255 -0.586693764 0.808489621 -0.0462044626 0.893419981 0.245630026
-0.0662772581 1.89258325 0.0154796522 -0.773698628 0.497706026 0.392019391 0.887960017 0.237519979
-0.0902013779 1.87337852 -0.0104672713 -0.819613457 0.417891204 0.391919255 0.900520027 0.223070025
0.0972782671 1.87197781 0.0163324289 0.719703853 0.694181204 -0.0117841288 0.793150008 0.228469968
0.0852132663 1.8853904 0.000760209048 0.848640561 0.452496767 0.273963392 0.801119983 0.222689986
0.0833991393 1.9207083 -0.015681861 0.85345602 0.393909812 0.341244727 0.813709974 0.216650009
0.101653546 1.88988829 -0.0405535214 0.917779624 0.317106873 0.239005908 0.80339998 0.202399969
-0.115237318 1.88032067 -0.0561195649 -0.907820344 0.361037135 0.213340893 0.89933002 0.200690031
-0.097483784 1.90173018 -0.0320929103 -0.831066012 0.358983219 0.424806178 0.890959978 0.212409973
0.120146498 1.8616575 -0.0800876394 0.928172112 0.362335205 0.0849097744 0.798460007 0.182070017
0.127075359 1.83746672 -0.1191025 0.871855736 0.341747999 -0.350821793 0.797699988 0.163529992
0.121373728 1.79014659 -0.137543574 0.771821856 -0.00160605391 -0.63583678 0.79193002 0.145500004
0.130641967 1.7697283 -0.124391541 0.754752457 0.0983159989 -0.648600578 0.781579971 0.14301002
0.101419449 1.83237159 -0.142958879 0.313020438 0.562999368 -0.764885485 0.807449996 0.153349996
0.0824646577 1.83698463 -0.135041669 -0.105181575 0.772691071 -0.626007497 0.815190017 0.154529989
0.0898718312 1.79819548 -0.163251296 0.442476898 0.169384792 -0.880637884 0.807780027 0.138390005
0.060823258 1.79153085 -0.174366876 0.23251307 0.196045816 -0.952629924 0.817510009 0.130389988
0.112528875 1.81231165 -0.145208985 0.669217706 0.194421023 -0.71718061 0.800710022 0.148869991
-0.0716231018 1.92103636 -0.0090562012 -0.773724258 0.384538949 0.503468513 0.880919993 0.224250019
-0.00971741602 1.75782514 -0.183377162 -0.112076983 -0.244554192 -0.963136613 0.876969993 0.116739988
-0.00531658949 1.7408216 -0.17300196 -0.0743750185 -0.119568095 -0.990036249 0.881120026 0.109120011
0.0244355761 1.78300476 -0.181796014 0.0833771676 0.179846361 -0.980154932 0.828740001 0.120280027
-0.0151852518 1.80731392 -0.164545983 -0.0362733528 0.802292228 -0.595828354 0.864359975 0.136709988
0.0135643706 1.80923474 -0.162090629 -0.050361868 0.786806464 -0.61514169 0.853380024 0.131590009
0.0204468779 1.80600107 -0.171572655 0.000927058514 0.567371011 -0.82346189 0.854700029 0.125850022
-0.0157585293 1.8009851 -0.175184652 -0.0425804965 0.548131883 -0.83530736 0.868099988 0.132259965
0.0324278958 1.76103437 -0.18166025 0.160789132 -0.229565889 -0.95991993 0.863030016 0.107689977
0.0368149802 1.74151456 -0.169449747 0.199746862 -0.177073345 -0.963714838 0.867609978 0.0987200141
-0.0668247268 1.78963649 -0.173096657 -0.32470867 0.0550917275 -0.944208205 0.88914001 0.13854003
-0.0138581991 1.78604424 -0.181168422 -0.0986620486 0.129940003 -0.986600876 0.871510029 0.126590014
0.0244355761 1.78300476 -0.181796014 0.0833771676 0.179846361 -0.980154932 0.859950006 0.116599977
-0.141790509 1.79344964 -0.0934978053 -0.808565021 0.391974807 -0.438837349 0.924679995 0.169470012
-0.136110649 1.80941665 -0.108134098 -0.934941471 0.0912757739 -0.342860222 0.915690005 0.168940008
-0.128126711 1.85875058 -0.0882092714 -0.92023474 0.376837671 -0.105647586 0.904399991 0.185680032
-0.102663912 1.80537391 -0.154087514 -0.614474893 0.123230793 -0.779252827 0.89971 0.151740015
-0.105875097 1.84803891 -0.126569182 -0.394543797 0.598735213 -0.697030365 0.896839976 0.169420004
-0.0884657726 1.84843421 -0.126017421 0.37303111 0.677233458 -0.634194553 0.89121002 0.167410016
-0.126341134 1.83436036 -0.119769268 -0.83563143 0.280487388 -0.472278535 0.905600011 0.170520008
0.044739183 1.96027434 0.0112863081 0.7145105 0.514420092 0.474179983 0.828310013 0.231019974
0.0518726707 1.92917538 0.0369093902 0.728216887 0.498594791 0.470216393 0.823050022 0.24188
-0.036652308 1.92416024 0.0403954387 -0.740401328 0.508186698 0.43994543 0.867690027 0.248109996
-0.04250912 1.94971907 0.00686513586 -0.744081616 0.421557695 0.518296957 0.866980016 0.234210014
0.0410046205 1.97656751 -0.00514970114 0.692894757 0.712241888 0.112286784 0.832629979 0.225409985
-0.0447942503 1.96916533 -0.00717187673 -0.753620923 0.642477036 0.138848215 0.865450025 0.226350009
-0.0217032097 1.98784995 0.00141605572 -0.54146564 0.771945238 0.333039939 0.856480002 0.229120016
-0.024175385 1.96830702 0.0166113358 -0.562403023 0.55116725 0.616374493 0.85769999 0.237460017
-0.0344729237 1.96576715 -0.0311651826 -0.250175565 0.597322464 -0.761982918 0.861140013 0.216400027
-0.0229376238 1.98387265 -0.0149134016 -0.378239512 0.810509324 -0.44722414 0.85702002 0.223909974
-0.00452789199 1.97591531 0.0226432253 -0.158803046 0.671286225 0.723986447 0.849940002 0.239040017
-0.00193165313 1.99254346 0.00442840252 -0.127468035 0.905536652 0.404666901 0.849759996 0.230509996
-0.00274985121 1.9912113 -0.0080958344 -0.0569426306 0.888970554 -0.454410404 0.849420011 0.22566998
-0.00282057514 1.98294675 -0.0168842617 0.0549178161 0.482712954 -0.874055028 0.849139988 0.222180009
0.0203185789 1.99087882 0.001071846 0.397073716 0.848940849 0.348757476 0.841700017 0.229550004
0.014645813 1.97483861 0.0278193392 0.298784614 0.643593013 0.70463872 0.841069996 0.237990022
0.032653708 1.97575343 -0.0191013645 0.274648875 0.61794728 -0.736687839 0.836799979 0.221050024
0.0200463235 1.98769617 -0.0120590925 0.228955746 0.825360119 -0.516100645 0.842109978 0.225250006
-0.0232315995 1.93537629 0.0489629917 -0.5519858 0.570349514 0.608286917 0.858060002 0.25067997
-0.0424965136 1.9028306 0.0626182035 -0.576893389 0.799007595 0.169649124 0.75436002 0.188390017
-0.0424965136 1.9028306 0.0626182035 -0.576893389 0.799007595 0.169649124 0.870609999 0.25977999
-0.0223402157 1.92242026 0.0612127967 -0.394654334 0.525503635 0.753720045 0.857909977 0.256099999
0.00502320379 1.9125818 0.0736982524 0.0942704827 0.77605474 0.623580039 0.756200016 0.208710015
-0.00426056096 1.9383539 0.0551386327 -0.0796714202 0.607189357 0.790552795 0.848479986 0.252660036
0.00502320379 1.9125818 0.0736982524 0.0942704827 0.77605474 0.623580039 0.844389975 0.262290001
0.00115763245 1.92581391 0.0637694225 0.0783875957 0.54410702 0.835345984 0.846199989 0.256389976
0.026272323 1.93799758 0.0465210043 0.354610562 0.577301204 0.735509753 0.835099995 0.247860014
0.0607089996 1.89905632 0.0571630746 0.665391982 0.715314627 0.213491052 0.760559976 0.232739985
0.0607089996 1.89905632 0.0571630746 0.665391982 0.715314627 0.213491052 0.815240026 0.252810001
0.0382383205 1.91459358 0.0575238988 0.368037671 0.566892385 0.737008274 0.828260005 0.254000008
0.0545936674 1.90255523 -0.0583494939 0.0668008402 0.737955332 -0.671535194 0.825879991 0.193340003
0.0433519445 1.92991364 -0.0383192301 0.0171475131 0.555594504 -0.831276536 0.830569983 0.205320001
0.0735285059 1.87612128 -0.0941207409 0.0631491095 0.730981708 -0.67946887 0.819360018 0.176239967
0.0350500904 1.90704036 -0.0698494613 0.301429838 0.776867926 -0.552825809 0.834819973 0.190450013
0.0375600904 1.8853544 -0.102139913 0.280389249 0.762924194 -0.582519114 0.834749997 0.175359964
0.0779480934 1.85195065 -0.116444573 0.119745515 0.658440769 -0.743045628 0.817619979 0.163489997
-0.0751224533 1.85359788 -0.0985796154 0.0159222465 0.740224957 -0.672170758 0.882529974 0.173889995
-0.0731479004 1.83518815 -0.119456969 -0.049799718 0.748427153 -0.661344767 0.883229971 0.163479984
-0.0719552487 1.86899018 -0.0822382718 0.102484338 0.733484209 -0.671935976 0.880490005 0.181529999
-0.0412073359 1.88291073 -0.0908222869 -0.403154552 0.76564002 -0.5012604 0.866060019 0.179690003
-0.0439494066 1.87160408 -0.104658283 -0.408750713 0.717010021 -0.564640999 0.867609978 0.173529983
-0.0606128089 1.88701189 -0.0607700199 0.00795519818 0.671444237 -0.741012394 0.875289977 0.190630019
0.00207462721 1.88973689 -0.108055592 -0.0555228516 0.794536471 -0.604672611 0.848550022 0.175140023
0.000357262965 1.90885985 -0.0791311264 -0.0517549142 0.777267456 -0.627038181 0.848450005 0.188529968
-0.0367736593 1.89728463 -0.0698560625 -0.448201358 0.697241962 -0.5594365 0.864090025 0.189040005
-0.0473826006 1.91515326 -0.0422058702 -0.00831307285 0.471213698 -0.881979942 0.869000018 0.201609969
-0.0257338155 1.92482376 -0.0527097508 -0.424495131 0.598532617 -0.679383993 0.858990014 0.199599981
-0.000573177065 1.9268173 -0.0609391741 -0.03276008 0.66117394 -0.749517143 0.848150015 0.197749972
-0.0264731683 1.94789791 -0.0321221761 -0.00701266387 0.378277302 -0.925665736 0.859200001 0.210430026
-0.0156242223 1.94646156 -0.0409999937 -0.401997954 0.611714065 -0.68132484 0.85453999 0.206130028
-0.0023714602 1.96956038 -0.0211782306 0.113978751 0.402343005 -0.908366024 0.84898001 0.215709984
-0.00206369348 1.95832551 -0.034851592 -0.073370941 0.773974657 -0.62895143 0.848619998 0.210879982
0.0289023016 1.95647931 -0.0240936652 0.001001111 0.457743615 -0.889083683 0.83792001 0.21499002
-0.00189092301 1.94484496 -0.0473041944 0.0275677312 0.599895775 -0.799602985 0.848249972 0.204670012
0.0272070505 1.92878449 -0.0494619161 0.340032637 0.647735059 -0.681774974 0.836969972 0.201210022
0.0151730394 1.95400298 -0.0356944203 0.314272195 0.661822438 -0.68060565 0.841809988 0.209560037
0.073661536 1.83686781 -0.128776133 0.112764224 0.699971259 -0.705212295 0.819379985 0.155499995
0.0416610315 1.86089873 -0.124000289 0.293283343 0.663746536 -0.688059211 0.833360016 0.162559986
0.00164471962 1.86983621 -0.133036152 -0.0578952357 0.727849424 -0.683288634 0.849709988 0.162999988
0.0485634357 1.84524131 -0.133956298 0.318389326 0.585306048 -0.745684385 0.830489993 0.155449986
0.0341231003 1.84734631 -0.137997463 0.295200765 0.565346003 -0.770220995 0.836889982 0.154579997
0.0602615103 1.83086884 -0.140303537 0.138226315 0.716038585 -0.684238374 0.825030029 0.149600029
0.0437158607 1.83899319 -0.140939206 0.290544033 0.516860306 -0.80525744 0.832750022 0.15151
0.0474464819 1.82256866 -0.148564368 0.110523671 0.60540843 -0.788203716 0.830799997 0.144109964
0.00505630067 1.81838989 -0.159500524 0.0405186936 0.405635506 -0.913136423 0.850359976 0.138520002
0.0218755845 1.83478522 -0.150164545 0.247097775 0.375541002 -0.893259048 0.842140019 0.147650003
0.00441028178 1.8442663 -0.151785269 0.0623135045 0.472928315 -0.878894687 0.849870026 0.150390029
-0.0147306714 1.81656706 -0.157677948 -0.119226284 0.452630281 -0.883691669 0.861010015 0.141170025
-0.0140260458 1.8313508 -0.153466716 -0.17339088 0.341099203 -0.923897743 0.858560026 0.147119999
-0.0461221412 1.81390941 -0.152267486 -0.16579704 0.68095082 -0.713314354 0.874450028 0.14598
-0.0250516031 1.84182465 -0.145400062 -0.275028735 0.547160804 -0.790553153 0.861980021 0.153190017
-0.032998465 1.83066905 -0.149133369 -0.307633221 0.422340095 -0.85263741 0.866370022 0.14993
-0.0678862259 1.82286263 -0.135049835 -0.0478378013 0.767503321 -0.63925761 0.882210016 0.155539989
-0.0455948152 1.8403734 -0.137591749 -0.446330875 0.540740967 -0.713013291 0.870350003 0.156859994
-0.0397143103 1.85462224 -0.128326759 -0.407260656 0.673372924 -0.617015123 0.866840005 0.162360013
0.173352137 1.80080438 -0.0342408717 0.253205627 0.784979165 -0.565415382 0.951770008 0.0988299847
0.171351627 1.77266979 -0.0740892291 0.274590135 0.771325171 -0.574158311 0.943449974 0.0816900134
0.159526721 1.74790525 -0.113223433 0.23469761 0.769811511 -0.593554914 0.932089984 0.0660300255
0.143594906 1.73139477 -0.139270544 0.137228981 0.776612699 -0.614850402 0.923950016 0.0580499768
0.104333751 1.70863414 -0.172934011 0.121586658 0.749960363 -0.650212348 0.907069981 0.0447800159
0.0465606675 1.68872738 -0.205884889 0.0962023735 0.68079257 -0.72613132 0.885737002 0.0274800062
-0.0177540593 1.685516 -0.211069822 -0.0592821725 0.618895888 -0.783232689 0.865480006 0.0140299797
-0.0177540593 1.685516 -0.211069822 -0.0592821725 0.618895888 -0.783232689 0.843140006 0.368000031
-0.089840658 1.70032024 -0.186216712 -0.206953034 0.61176157 -0.763490736 0.869674027 0.352527976
-0.138265222 1.72759736 -0.144127265 -0.230491519 0.715450823 -0.659548104 0.892732978 0.338849008
-0.167445347 1.76013708 -0.0954930931 -0.193665385 0.792446554 -0.578378856 0.912165999 0.323814034
-0.172201589 1.79908979 -0.0366102271 -0.21536316 0.798368335 -0.562340319 0.933587015 0.304513991
-0.166313544 1.83342195 0.00957487244 -0.275060654 0.822000861 -0.498654574 0.947039008 0.288486958
-0.140222117 1.86363256 0.0540343262 -0.207977384 0.844364643 -0.493754894 0.958920002 0.26809299
-0.111088254 1.89776313 0.0963675305 -0.21356982 0.871032059 -0.442369968 0.968365014 0.248201966
0.0949572474 1.90900445 0.10758356 0.187259853 0.883386135 -0.4296076 0.975902021 0.169124007
0.141123161 1.8653549 0.0510542393 0.201064035 0.842706978 -0.499417961 0.968429983 0.136889994
0.165685311 1.83103192 0.00479973946 0.238462225 0.818668902 -0.522414565 0.959299982 0.115610003
0.0922759026 1.81721437 0.0330356918 -0.445046574 -0.861352682 0.24495931 0.93355 0.140560031
0.0622206442 1.83914268 0.0695058629 -0.296165407 -0.92334187 0.244388789 0.938239992 0.166319966
0.0549258143 1.84704459 0.0649025142 -0.602831423 -0.742030382 -0.293232262 0.934689999 0.167930007
0.0927779078 1.81869733 0.0214491487 -0.788619876 -0.607750177 -0.0933732018 0.931100011 0.140139997
0.111834884 1.79221261 -0.00262939977 -0.562048256 -0.768460572 0.305892259 0.928709984 0.120100021
0.11078167 1.79437149 -0.0118707176 -0.90464884 -0.425996631 -0.0117230052 0.926280022 0.120869994
0.120371185 1.76924562 -0.0356688872 -0.669758677 -0.647265971 0.363964468 0.922609985 0.102999985
0.118806534 1.77274013 -0.0468290411 -0.978682399 -0.182552353 0.0941029191 0.919340014 0.103909969
0.118824616 1.75038314 -0.0624679141 -0.68282187 -0.515747011 0.517454684 0.916960001 0.0913400054
0.116927452 1.75708222 -0.070558764 -0.946004331 -0.0204308722 0.323509574 0.91328001 0.0926799774
0.108436212 1.73491991 -0.0846540034 -0.547178149 -0.478202254 0.686963379 0.909169972 0.0805900097
0.104549073 1.74172485 -0.0884673595 -0.821088374 0.0312973969 0.569942296 0.907220006 0.0825300217
0.0909990743 1.72240841 -0.103305511 -0.401216835 -0.426776439 0.810485601 0.901080012 0.0731499791
0.0902855396 1.73127055 -0.105363831 -0.656578124 0.111667298 0.74594605 0.899169981 0.0753200054
0.0631067082 1.71178448 -0.11935129 -0.259441555 -0.378349513 0.888561606 0.888019979 0.0640799999
0.0638428032 1.72136414 -0.121570118 -0.431769818 0.206486255 0.878030896 0.887030005 0.0679600239
0.0260933992 1.70645428 -0.129627973 -0.128160208 -0.28431803 0.950125337 0.872309983 0.057889998
0.02816098 1.71562099 -0.131000131 -0.220625073 0.34788239 0.911209285 0.872280002 0.062229991
-0.0159839969 1.70543206 -0.13144739 0.114585206 -0.106161378 0.987724602 0.856180012 0.05400002
-0.0117673697 1.71263361 -0.138852343 0.0457288474 0.602474928 0.79682672 0.856090009 0.0578700304
-0.0610502027 1.71339178 -0.119705319 0.399115294 0.0166243743 0.916750073 0.86172998 0.324360013
-0.0159839969 1.70543206 -0.13144739 0.114585206 -0.106161378 0.987724602 0.840690017 0.328289986
-0.0117673697 1.71263361 -0.138852343 0.0457288474 0.602474928 0.79682672 0.839330018 0.324720025
-0.0622837916 1.71922219 -0.126978874 0.415029943 0.718515575 0.558108747 0.860329986 0.32111001
-0.0981868431 1.72853518 -0.0954561904 0.716618717 0.0210299212 0.697148025 0.880859971 0.315259993
-0.101721153 1.73479044 -0.102676921 0.684189677 0.677038252 0.271115839 0.87905997 0.313220024
-0.119032741 1.7489593 -0.0613350049 0.865801334 -0.278664947 0.415612698 0.897549987 0.303250015
-0.124032512 1.75620246 -0.0670778975 0.911335349 0.411642462 0.00428165356 0.894909978 0.300960004
-0.119295806 1.77244294 -0.0228568111 0.67565906 -0.665255368 0.317679197 0.910090029 0.286900043
-0.11730957 1.77857447 -0.027292639 0.980003357 -0.185743809 -0.0713639036 0.906970024 0.285230041
-0.108401641 1.79603028 0.0130230496 0.51795584 -0.796823323 0.311117798 0.919139981 0.269279957
-0.103361689 1.80237925 0.00921435468 0.840189278 -0.541798532 -0.0231564064 0.916469991 0.268370032
-0.0915179774 1.81611192 0.0444324948 0.447187573 -0.863553882 0.233019367 0.925490022 0.254330039
-0.0875327736 1.82352614 0.0355491303 0.772043586 -0.618663669 -0.145616025 0.921400011 0.252879977
-0.0683916286 1.83227539 0.0729451999 0.335762233 -0.916248202 0.218524516 0.931230009 0.23743999
-0.0630101264 1.8414396 0.0645383149 0.650029004 -0.697306275 -0.302036762 0.926890016 0.235000014
-0.0801037848 1.83824384 0.0850706175 -0.105480328 -0.766172469 0.633919418 0.93712002 0.23921001
-0.0934794322 1.85371351 0.095310308 -0.182821929 -0.687730134 0.702569246 0.945729971 0.241739988
-0.119682804 1.82816458 0.0614245683 -0.182935819 -0.734342873 0.653662801 0.938440025 0.259660006
-0.103609324 1.81849575 0.0534920692 -0.0476971716 -0.818520367 0.57249409 0.930830002 0.256520033
0.10124398 1.82100439 0.0444764309 -0.0323383436 -0.829401314 0.557716429 0.939010024 0.140049994
0.117453881 1.82991755 0.0561454296 0.0644450039 -0.783307433 0.618285 0.947979987 0.139240026
0.0818604529 1.86427593 0.101525702 0.0946151391 -0.75312084 0.651042938 0.952790022 0.167389989
0.0710962713 1.84610856 0.0833198503 0.0820133016 -0.800765216 0.593337059 0.94520998 0.166710019
0.122146271 1.79325271 0.0060238759 -0.114955485 -0.827325523 0.549834251 0.93355 0.118950009
0.140181541 1.79775798 0.0129503887 0.0631089956 -0.796808779 0.600926876 0.940880001 0.117330015
0.131381482 1.76812196 -0.0288178939 -0.146169081 -0.816792071 0.558108568 0.927479982 0.102460027
0.149637729 1.7703445 -0.0247253962 0.0826648846 -0.81014806 0.580367744 0.934849977 0.101719975
0.130034029 1.74677181 -0.059208978 -0.135530606 -0.810321033 0.570097506 0.92128998 0.0898200274
0.147411034 1.74647987 -0.0593231656 0.0921771675 -0.838686824 0.536756814 0.926959991 0.0879399776
0.119501725 1.72958839 -0.085620895 -0.0926274881 -0.81060648 0.578218997 0.913049996 0.0779700279
0.136088878 1.72668302 -0.0907740891 0.0902952179 -0.862107813 0.498614967 0.918649971 0.0743200183
0.100563474 1.71553981 -0.107293613 -0.0490911007 -0.810477257 0.5837093 0.904999971 0.0704200268
0.116550177 1.71122873 -0.115358315 0.078516461 -0.880022645 0.468396574 0.910440028 0.0669100285
0.069841668 1.70326531 -0.126094028 -0.035198357 -0.808423519 0.587547898 0.891420007 0.0603500009
0.0825882778 1.69559669 -0.139572829 0.0575462952 -0.88238287 0.466999918 0.896369994 0.0551199913
0.0283963028 1.69671226 -0.137920007 -0.0167076122 -0.798563361 0.601678848 0.874119997 0.0522199869
0.0343430974 1.68491042 -0.156594038 0.0222448111 -0.876996815 0.479980946 0.87668997 0.043990016
-0.0178144891 1.69599199 -0.138792425 0.0133363176 -0.790068507 0.612873495 0.856350005 0.0473799706
-0.0188161451 1.68338037 -0.158614397 -0.0156957004 -0.875626862 0.482732981 0.856750011 0.0371999741
-0.0649816766 1.70508695 -0.125004709 0.0536394417 -0.785396457 0.616664648 0.862559974 0.329270005
-0.0729438514 1.6950016 -0.140736029 -0.0334610194 -0.874075413 0.484636545 0.863879979 0.336879969
-0.0188161451 1.68338037 -0.158614397 -0.0156957004 -0.875626862 0.482732981 0.838880002 0.345039964
-0.0178144891 1.69599199 -0.138792425 0.0133363176 -0.790068507 0.612873495 0.839940012 0.334900022
-0.104231156 1.72160089 -0.0983195156 0.105147466 -0.797894537 0.59355557 0.882359982 0.31870997
-0.116692215 1.71499872 -0.108434096 -0.0411292352 -0.869177282 0.492787302 0.884580016 0.323729992
-0.127037764 1.74351525 -0.0617385991 0.116307035 -0.824501634 0.553777754 0.899439991 0.306650043
-0.142711893 1.73996043 -0.0674435943 -0.079451561 -0.85025692 0.520336986 0.902329981 0.311550021
-0.130000919 1.76968789 -0.02016294 0.0877272785 -0.836279094 0.541240454 0.913550019 0.289510012
-0.147268981 1.77074647 -0.019695567 -0.115290247 -0.820966423 0.559215844 0.918929994 0.293449998
-0.120278738 1.79574335 0.0184720401 0.0348701514 -0.834368646 0.55010277 0.92306 0.271759987
-0.137537032 1.8007977 0.0235029384 -0.140992701 -0.782997966 0.605834365 0.929210007 0.2755
0.1698163 1.74859142 -0.0620743595 0.45771113 -0.780940592 0.425008774 0.935559988 0.0847799778
0.173589632 1.77683091 -0.0222171303 0.45867306 -0.7091676 0.5354442 0.944760025 0.100709975
0.157085836 1.72475779 -0.10054446 0.419367075 -0.845745802 0.329916954 0.925750017 0.0696200132
0.13939023 1.70888245 -0.124886483 0.335695595 -0.910251975 0.242383763 0.917859972 0.062319994
0.101209 1.68907869 -0.158245727 0.255915493 -0.94404763 0.20804137 0.903119981 0.0480899811
0.0436951704 1.66773176 -0.188631803 0.122539558 -0.970185876 0.20910129 0.879787028 0.0338770151
-0.0192158129 1.66496527 -0.194223374 -0.0674010217 -0.974711955 0.21305795 0.858770013 0.0230500102
-0.0875184983 1.68207657 -0.16730614 -0.199664757 -0.947286129 0.250565171 0.865819991 0.346220016
-0.0192158129 1.66496527 -0.194223374 -0.0674010217 -0.974711955 0.21305795 0.838980019 0.359019995
-0.135278016 1.70841837 -0.122955807 -0.298446119 -0.906564534 0.298447162 0.887920022 0.330280006
-0.166031733 1.73613024 -0.0781046823 -0.436746687 -0.813554168 0.383903354 0.905939996 0.317680001
-0.169125661 1.77539122 -0.0201318227 -0.462691784 -0.722144008 0.514222026 0.926060021 0.298640013
-0.160271451 1.80912018 0.0287086405 -0.444574267 -0.639537096 0.627173066 0.937319994 0.280439973
-0.138446346 1.84138024 0.0691275746 -0.420613825 -0.574148357 0.702451289 0.949500024 0.263620019
-0.11114686 1.87212551 0.109535642 -0.369702101 -0.510373354 0.776427388 0.957790017 0.244859993
0.142635196 1.84027731 0.0670566708 0.391032904 -0.597850502 0.699762821 0.95964998 0.138289988
0.0968424007 1.88308144 0.123135239 0.354581803 -0.491612822 0.795354366 0.965539992 0.168249965
0.164774477 1.80467665 0.0169478152 0.415236712 -0.661904693 0.624067724 0.950219989 0.115390003
0.177205831 1.75758362 -0.0679610744 0.940357804 -0.338113785 0.037500456 0.938820004 0.0831500292
0.179867685 1.78724563 -0.0265080426 0.953364253 -0.205885574 0.220698446 0.947830021 0.0997200012
0.176299527 1.76517045 -0.0714991912 0.928515017 0.198660061 -0.313678205 0.940859973 0.0824999809
0.17910637 1.79449844 -0.0303431954 0.937713444 0.310910285 -0.155010596 0.94957 0.0993199944
0.170580581 1.82442153 0.00988235138 0.908821762 0.416080564 0.0303296316 0.956420004 0.115180016
0.171105146 1.81668305 0.0137670729 0.915987909 -0.0803311914 0.393081486 0.954140007 0.114849985
0.16321665 1.73220205 -0.107599348 0.87585485 -0.469162136 -0.112983271 0.928160012 0.067809999
0.16344358 1.73932934 -0.111067303 0.894023478 0.0632827803 -0.443528473 0.929889977 0.067019999
0.146224365 1.71572685 -0.133506447 0.720776796 -0.632704914 -0.283134788 0.920769989 0.0602499843
0.14675723 1.72219253 -0.137178496 0.761261225 -0.105759881 -0.63976264 0.922169983 0.0592700243
0.106610455 1.69478631 -0.167330205 0.572086453 -0.718855441 -0.394922704 0.905420005 0.0466700196
0.107107922 1.7002511 -0.171467394 0.608996093 -0.24286218 -0.755077302 0.906149983 0.0458300114
0.0460485108 1.6735934 -0.199114561 0.31255886 -0.78764838 -0.530958414 0.881770015 0.0313199759
0.0468125828 1.67885399 -0.203277469 0.322818577 -0.372011304 -0.870284855 0.883346021 0.0305460095
-0.0188903194 1.6697377 -0.204146206 -0.154422909 -0.813915968 -0.560084283 0.861020029 0.0185899734
-0.0185496025 1.67533445 -0.208430991 -0.166794688 -0.411104321 -0.896199107 0.862990022 0.016569972
-0.0911445096 1.68615174 -0.17828697 -0.500386178 -0.77505672 -0.385876626 0.866649985 0.349038005
-0.0914221928 1.69125414 -0.182876647 -0.542284667 -0.338695914 -0.768903375 0.868130028 0.350731015
-0.0185496025 1.67533445 -0.208430991 -0.166794688 -0.411104321 -0.896199107 0.841340005 0.365360022
-0.0188903194 1.6697377 -0.204146206 -0.154422909 -0.813915968 -0.560084283 0.839909971 0.363279998
-0.141729623 1.71296382 -0.135379493 -0.713652492 -0.667350471 -0.212940007 0.889349997 0.334280014
-0.141878471 1.71892416 -0.140730575 -0.790095568 -0.154112712 -0.593294322 0.890524983 0.336353004
-0.173606113 1.74438047 -0.0865080878 -0.893598258 -0.448844224 0.00456942432 0.908376992 0.319323003
-0.172632933 1.75137627 -0.0912697613 -0.920666814 0.104488663 -0.376104712 0.910649002 0.323089004
-0.178602859 1.78495908 -0.0269403458 -0.923069894 -0.303390771 0.236423552 0.930029988 0.301970005
-0.178073838 1.79238868 -0.0320821293 -0.94853884 0.266950577 -0.170327172 0.932798028 0.303817034
-0.171101391 1.81941247 0.0221695863 -0.879402339 -0.189215735 0.436862588 0.940312982 0.283962011
-0.171057075 1.82656646 0.0166424867 -0.918127418 0.394108593 0.0414796509 0.945465982 0.287268996
-0.14525494 1.85221708 0.066306591 -0.822768629 -0.0466393232 0.566459656 0.952418983 0.265017986
-0.145139992 1.85926652 0.0613320544 -0.852017939 0.487360597 0.191167891 0.956682026 0.267055988
-0.114925064 1.8837353 0.10713467 -0.70301652 0.0461392738 0.709675193 0.961013973 0.24575603
-0.114593253 1.89103258 0.103623532 -0.752591431 0.531594932 0.388603866 0.967590988 0.247002006
0.147435054 1.85347199 0.0624760129 0.851338625 0.0640258864 0.520695031 0.963940024 0.137059987
0.146150008 1.86014426 0.0578306466 0.83008194 0.533274949 0.163039163 0.966576993 0.136834025
0.0990641862 1.90333176 0.115135372 0.690537572 0.627506435 0.359713227 0.97368598 0.168870986
0.100299306 1.89733541 0.11911536 0.688415825 0.179638058 0.702718794 0.969673991 0.168501973
0.00305850408 1.88050842 0.0978762209 0.0110141477 0.940302253 -0.340162218 0.773720026 0.205469966
0.040562354 1.91271269 0.121227145 -0.104904331 0.66390568 -0.740421712 0.977519989 0.18700999
0.00305850408 1.88050842 0.0978762209 0.0110141477 0.940302253 -0.340162218 0.997699976 0.202390015
-0.0602212697 1.90663612 0.114935294 0.105952516 0.673240721 -0.731792986 0.973169982 0.227140009
-0.0486584939 1.87263811 0.0866927132 -0.0723707899 0.886049092 -0.457907647 0.992320001 0.233739972
-0.0139785176 1.91502774 0.126765877 0.0238426346 0.658130705 -0.752526164 0.979740024 0.209590018
0.0425085835 1.9290508 0.136110708 0.0904113278 0.923974931 -0.371612936 0.976143003 0.189812005
-0.0639453456 1.92243683 0.12957859 -0.159174636 0.917366326 -0.364832103 0.970064998 0.225084007
-0.0147209186 1.93184507 0.141445085 -0.0431295335 0.928708792 -0.368293077 0.976611018 0.209093988
-0.0658605546 1.90864158 0.141081274 -0.444039315 0.107202828 0.889571071 0.962803006 0.222929001
-0.0658147484 1.91612589 0.137504369 -0.499362022 0.605652273 0.619534433 0.967260003 0.224227011
0.0429070666 1.92394209 0.144257843 0.328951448 0.697547495 0.636567771 0.970192015 0.190456033
0.0423421152 1.91754019 0.14790304 0.312007666 0.220257938 0.924195647 0.965183973 0.190299988
-0.0140829785 1.91957319 0.153674737 -0.0784418136 0.174728215 0.981487036 0.968107998 0.208226979
-0.014450239 1.92663801 0.149824083 -0.0955867097 0.690872431 0.716629863 0.974260986 0.209022999
-0.0618156046 1.89463866 0.140420601 -0.227994666 -0.470969319 0.852177441 0.961080015 0.222090006
-0.0132152326 1.90416753 0.153764307 -0.0334750786 -0.437564462 0.898563623 0.963559985 0.206870019
0.04049192 1.90265572 0.149213001 0.181634158 -0.4288885 0.884908855 0.96025002 0.190739989
-0.053264983 1.87245297 0.121852964 -0.122629002 -0.659728706 0.741431177 0.950259984 0.221960008
0.0368709788 1.8794626 0.127496243 0.102544226 -0.695964754 0.710716367 0.951759994 0.188390017
-0.00810342748 1.87841177 0.13195987 0.000812954968 -0.654472232 0.756085634 0.950580001 0.205150008
-0.0459882282 1.85353756 0.106919095 -0.0867636651 -0.727576613 0.680517793 0.941640019 0.221350014
0.0349204652 1.85977995 0.10959626 0.135344401 -0.744961619 0.653233647 0.944549978 0.186060011
-0.00480827503 1.85909784 0.11636541 0.0266224258 -0.725574255 0.687628746 0.943780005 0.202780008
0.0306857582 1.84873641 0.0930041 -0.0471941307 -0.970441937 0.236675203 0.938149989 0.185109973
-0.0397886708 1.84463739 0.092180796 0.154715151 -0.962689996 0.222016245 0.935750008 0.22074002
-0.00334657007 1.84916067 0.0996281207 0.0668983012 -0.973928392 0.216767177 0.937129974 0.201510012
-0.0388224311 1.85026336 0.0810424089 0.394981742 -0.816629469 -0.42083928 0.929740012 0.219770014
0.0283302534 1.85592782 0.0826891288 -0.334162295 -0.811349988 -0.47963196 0.933640003 0.184759974
-0.00206901273 1.85559249 0.0884875432 0.0524380356 -0.866710901 -0.496046752 0.932060003 0.200709999
0.233879462 0.865932882 0.121726342 0.888988376 -0.0628587827 0.453595161 0.45370999 0.29302001
0.232735977 0.917362213 0.138558254 0.86969924 -0.0727382153 0.488192916 0.439920008 0.31190002
0.202440754 0.907916903 0.179830447 0.789696753 -0.0962228626 0.6059044 0.423720002 0.301739991
0.199118406 0.841850519 0.172160953 0.796554029 -0.0486704297 0.602604985 0.435440004 0.276790023
0.234811276 0.809046745 0.111729652 0.926493883 -0.0190751385 0.375825971 0.464489996 0.273580015
0.207737848 0.784515083 0.163727552 0.842912495 -0.0180116314 0.537749231 0.446280003 0.259180009
0.215270594 0.968991041 0.170357555 0.816609323 -0.0648015738 0.573541582 0.412180007 0.326979995
0.175115645 0.959041595 0.22076425 0.701372802 -0.172730461 0.691549361 0.392349988 0.318539977
0.161303848 0.902145386 0.221797943 0.633976877 -0.155929446 0.757469058 0.404460013 0.293799996
0.134434387 0.954203546 0.261640638 0.545463562 -0.325570375 0.772316933 0.375699997 0.312880039
0.10378886 0.949211776 0.282669961 0.410149843 -0.425165027 0.806853056 0.364899993 0.308930039
0.066121608 0.888759851 0.264921546 0.335547417 -0.371314257 0.865756214 0.372889996 0.27974999
0.113341011 0.893337607 0.247745737 0.435586512 -0.259961158 0.861791551 0.388790011 0.286049962
0.162984774 0.82880646 0.213827953 0.574150622 -0.0678167939 0.815936208 0.416880012 0.265779972
0.168140844 0.764056146 0.209310547 0.560017526 -0.0425574407 0.827386975 0.425650001 0.246150017
0.106028259 0.822285235 0.235409051 0.279570699 -0.147023961 0.948801339 0.394520015 0.255540013
0.0620606802 0.818831205 0.243368044 0.114342831 -0.250794381 0.961263657 0.375620008 0.248059988
0.109876446 0.754503548 0.229734436 0.169810161 -0.124509804 0.977579594 0.403219998 0.234229982
0.172536314 0.692470074 0.200726449 0.578491032 -0.140782714 0.803447843 0.435539991 0.227079988
0.110090204 0.688535154 0.222203836 0.125477701 -0.187547579 0.974207997 0.411559999 0.216329992
0.0301602073 0.745246708 0.228958234 -0.257660419 -0.192198828 0.946927071 0.372979999 0.21912998
0.0449013896 0.659901261 0.210649759 -0.270296365 -0.246202901 0.930765271 0.390940011 0.197719991
-0.000303830049 0.633830607 0.169520542 -0.91938442 -0.161293596 0.358771205 0.375019997 0.178959966
-0.00419391785 0.697224319 0.189467534 -0.844914138 -0.182678595 0.502741098 0.362859994 0.194370031
0.214684591 0.718222499 0.154900342 0.873399794 -0.0778994039 0.480733216 0.456530005 0.240100026
0.241578102 0.973577797 0.118869245 0.956047893 -0.0672629923 0.285391062 0.431769997 0.335020006
0.234253168 0.924585998 0.127479956 0.986387312 -0.0945162922 0.134561211 0.44174999 0.316689968
0.230305001 0.866786957 0.117411248 0.992982686 -0.0714838877 0.0942098424 0.454620004 0.294620037
0.231134862 0.810078859 0.106384248 0.998267412 -0.0416183397 0.041593492 0.466129988 0.274680018
0.229481488 0.726040483 0.0972244442 0.991091728 -0.0685029775 0.11421252 0.477019995 0.248560011
0.250124604 0.973833442 0.0496362485 0.997795522 -0.0470363535 -0.0468147174 0.45607999 0.345129967
0.246549413 0.925908506 0.0571886413 0.997075796 -0.0755392686 0.0115601188 0.465440005 0.325809956
0.232814997 0.982193291 -0.0151584493 0.930567145 0.0820662752 -0.356805176 0.479559988 0.354629993
0.236031428 0.935424268 -0.0174345504 0.946684241 0.0226070955 -0.321368545 0.488160014 0.334769964
0.241866082 0.87716186 0.0493271425 0.997706354 -0.0670714527 0.0091395108 0.47657001 0.305159986
0.189766288 0.983803093 -0.0853599459 0.815199137 0.226211429 -0.533177972 0.509940028 0.364499986
0.199105963 0.938413322 -0.0909247473 0.84732157 0.125383154 -0.516067147 0.51722002 0.344449997
0.232533112 0.886239052 -0.016942149 0.973054945 -0.00254063192 -0.230559111 0.497889996 0.314729989
0.236157238 0.817534447 0.0398925506 0.999208212 -0.0387831479 0.00888122804 0.487769991 0.284619987
0.203387871 0.891957939 -0.0900606513 0.869594693 0.0742378384 -0.488153428 0.524100006 0.324669957
0.152214602 0.979992807 -0.12626335 0.570821047 0.459420264 -0.680511832 0.53162998 0.370810032
0.16173096 0.936838448 -0.144105345 0.65964669 0.28219831 -0.696584821 0.540690005 0.35115999
0.0930678993 0.977132559 -0.148298353 0.247002095 0.64850843 -0.720018566 0.55438 0.379719973
0.11035604 0.937240303 -0.182572559 0.366759419 0.438919246 -0.820266783 0.563109994 0.358200014
0.0506983697 0.937158942 -0.19549185 0.0949454531 0.528090537 -0.843863547 0.582340002 0.366590023
0.0392085984 0.976732969 -0.156260252 0.04038883 0.705350757 -0.707706869 0.572549999 0.388289988
0.161796048 0.891431808 -0.147164643 0.725725651 0.0551047027 -0.685773909 0.54835999 0.331290007
0.115564995 0.895377338 -0.188895538 0.485598654 0.0686372221 -0.871483147 0.570050001 0.339830041
0.233529672 0.745620489 0.0119458493 0.989463866 -0.0838541016 -0.118023887 0.505209982 0.263669968
0.0542460568 0.894292712 -0.210635453 0.166673541 0.123697594 -0.978222251 0.590860009 0.347380042
0.10690856 0.853984058 -0.187062845 0.412033409 -0.115535647 -0.903814137 0.578549981 0.323430002
0.15842554 0.85806942 -0.151348442 0.695403218 0.0932867676 -0.712539077 0.556240022 0.319200039
0.0609903522 0.852327704 -0.204896942 0.204875797 -0.168584317 -0.964160383 0.595950007 0.328279972
0.0537863486 0.800832808 -0.192819744 0.180191308 -0.288528472 -0.94036299 0.602540016 0.30448997
0.111516222 0.820676088 -0.180812046 0.358659387 -0.231141388 -0.904398799 0.582660019 0.310689986
0.231862783 0.844431818 -0.0423108488 0.981952846 0.0590984412 -0.179655343 0.51236999 0.301499963
0.230086133 0.808915913 -0.0405926518 0.977414966 -0.07466539 -0.197699606 0.51621002 0.28955996
-0.00588959968 0.975265563 -0.15433614 -0.0027236559 0.707611382 -0.706596494 0.586099982 0.395990014
-0.00807105005 0.934226573 -0.196407139 -0.00588178961 0.538906932 -0.84234482 0.597530007 0.373759985
-0.00337770744 0.889998853 -0.212715045 -0.0179848783 0.112779647 -0.993457258 0.605270028 0.352140009
-0.00147035159 0.852051616 -0.210975647 -0.0104766972 -0.173365951 -0.984801769 0.611249983 0.332610011
-0.0647375882 0.938021839 -0.194099247 -0.117235042 0.530416012 -0.83959204 0.103430003 0.380329967
-0.00807105005 0.934226573 -0.196407139 -0.00588178961 0.538906932 -0.84234482 0.0875400007 0.388679981
-0.00337770744 0.889998853 -0.212715045 -0.0179848783 0.112779647 -0.993457258 0.0754600018 0.368990004
-0.0662599877 0.895136774 -0.209251747 -0.182910383 0.109780975 -0.976980984 0.0924699977 0.361799955
-0.0552817993 0.978966594 -0.153659642 -0.0593678579 0.701083243 -0.710603774 0.115939997 0.400619984
-0.00588959968 0.975265563 -0.15433614 -0.0027236559 0.707611382 -0.706596494 0.101290002 0.409640014
-0.0747456402 0.848759055 -0.200540438 -0.225390106 -0.158716023 -0.961253643 0.085649997 0.341099977
-0.00147035159 0.852051616 -0.210975647 -0.0104766972 -0.173365951 -0.984801769 0.0680399984 0.349910021
-0.00708400225 0.807385087 -0.198212042 0.00668057008 -0.354538918 -0.935017347 0.616919994 0.308780015
-0.0572017506 0.800439715 -0.194321841 -0.160392806 -0.290879756 -0.943219543 0.0740600005 0.321630001
-0.00708400225 0.807385087 -0.198212042 0.00668057008 -0.354538918 -0.935017347 0.0617199987 0.326110005
-0.116408043 0.896803558 -0.188540429 -0.500702202 0.0808062404 -0.861839652 0.109370001 0.354680002
-0.106231846 0.854986727 -0.187502936 -0.434645295 -0.108205602 -0.894077778 0.09877 0.338940024
-0.114957005 0.938921154 -0.178215131 -0.392086178 0.446222723 -0.804458678 0.1197 0.371529996
-0.103981636 0.977943182 -0.146005854 -0.276533782 0.639545739 -0.717293739 0.131510004 0.391009986
-0.153725237 0.893250465 -0.15447095 -0.690511405 0.0723612085 -0.719692945 0.126120001 0.346740007
-0.157013312 0.939931571 -0.14702335 -0.64121753 0.303682774 -0.704710543 0.137349993 0.363960028
-0.160368413 0.975723326 -0.123518847 -0.61516118 0.42828992 -0.661924779 0.151460007 0.379150033
-0.196563944 0.89400661 -0.107190244 -0.820087492 0.111501686 -0.561269879 0.146349996 0.337710023
-0.194118932 0.940645814 -0.0968202502 -0.818919063 0.174367338 -0.546779335 0.158219993 0.353980005
-0.193785965 0.97321552 -0.08268895 -0.817241728 0.21356909 -0.535260916 0.170489997 0.370769978
-0.235168636 0.888181806 -0.0382776484 -0.931354463 0.0973850936 -0.350849062 0.170179993 0.324720025
-0.228603452 0.937888265 -0.0360785499 -0.919670224 0.121030413 -0.373575121 0.179670006 0.341359973
-0.225474119 0.976716459 -0.0320943482 -0.921152234 0.0959009305 -0.377202332 0.192230001 0.363020003
-0.153755993 0.857110441 -0.156337738 -0.661330879 0.0944195762 -0.744128048 0.118440002 0.333539963
-0.113191448 0.821155906 -0.180941343 -0.366388649 -0.167896524 -0.915188551 0.0940800011 0.326300025
-0.123323716 0.825458944 -0.183345631 -0.464523405 -0.11968039 -0.877436399 0.0980900005 0.327740014
-0.112615183 0.849644423 -0.186434031 -0.440213203 0.124947369 -0.889157176 0.100060001 0.336179972
-0.250673205 0.976906896 0.0439324453 -0.997379243 -0.0502457768 -0.0520582348 0.219730005 0.351350009
-0.248779342 0.93706882 0.0395772532 -0.995689392 0.0749578848 -0.0546247885 0.202370003 0.327560008
-0.253024489 0.886609316 0.0332600512 -0.993311763 0.0899138227 -0.0724379644 0.191579998 0.311230004
-0.236538172 0.845847309 -0.0420136489 -0.954886973 0.052082479 -0.292366534 0.163010001 0.311760008
-0.253241986 0.829815626 0.0309893489 -0.995873809 -0.00993150473 -0.0902037919 0.182860002 0.294380009
-0.248041496 0.888679743 0.113786444 -0.991071403 0.127398849 0.0393323191 0.216319993 0.297749996
-0.252882063 0.82710743 0.10271965 -0.99879247 -0.00442895293 -0.0489293709 0.204940006 0.281970024
-0.231759176 0.944585502 0.132761434 -0.992456198 0.057128787 0.108475871 0.233630002 0.317749977
-0.239835888 0.974059045 0.125012338 -0.957495689 -0.105788171 0.268348515 0.245900005 0.337049961
-0.230638474 0.943916202 0.143069252 -0.833303034 0.0552079305 0.550052881 0.235080004 0.314579964
-0.251967371 0.890214086 0.122312143 -0.862356007 0.0763141587 0.500518084 0.218270004 0.296550035
-0.257301837 0.828360677 0.109434344 -0.907788396 0.00526034087 0.419395536 0.206809998 0.280969977
-0.196571112 0.964811981 0.19604373 -0.755646467 -0.155998453 0.636131108 0.271340013 0.323639989
-0.192641124 0.923489153 0.195100546 -0.701191187 -0.0591483824 0.710515618 0.254640013 0.301290035
-0.205164164 0.867235422 0.188100353 -0.686810315 0.0205366649 0.726546526 0.243780002 0.280380011
-0.21656251 0.801933348 0.17878814 -0.740808845 -0.00765466131 0.671672344 0.231690004 0.263520002
-0.147003502 0.958491445 0.252610743 -0.591823995 -0.329956472 0.735440731 0.292979985 0.315519989
-0.126550019 0.905767143 0.242282435 -0.501859426 -0.230140403 0.833770096 0.282029986 0.289770007
-0.131194144 0.840299726 0.232170537 -0.389041871 -0.0985121354 0.915937722 0.272520006 0.264639974
-0.141473562 0.775100708 0.232036948 -0.315270156 -0.0907161608 0.944656253 0.26236999 0.245119989
-0.0844739527 0.949229419 0.291340649 -0.44221428 -0.374364883 0.815044403 0.31516999 0.307150006
-0.0598080903 0.895515263 0.272531152 -0.392458498 -0.316336602 0.863659322 0.302249998 0.281579971
-0.0549349822 0.826647639 0.25002262 -0.208705619 -0.269127131 0.940219402 0.302219987 0.252149999
-0.0371102653 0.751719594 0.22751455 0.164012909 -0.231406227 0.958932161 0.296469986 0.223760009
0.000986603322 0.651868343 0.170543253 0.832903206 -0.181291819 0.522881925 0.29234001 0.183690012
-0.00358308549 0.711715698 0.184114546 0.784124136 -0.16817157 0.597383976 0.307220012 0.196860015
-0.0653527007 0.678501129 0.215332538 0.189457715 -0.223517522 0.956109583 0.275970012 0.208379984
-0.149605229 0.69844085 0.220287338 -0.316749692 -0.178268716 0.931606114 0.24842 0.226509988
-0.227846995 0.720561326 0.169387147 -0.781449437 -0.119673885 0.612384617 0.217659995 0.242850006
-0.25183028 0.726728499 0.0965161473 -0.987168908 -0.0992339775 0.125101089 0.192019999 0.254299998
-0.244680479 0.74646312 0.000451852189 -0.97342211 -0.0903636515 -0.210437313 0.161950007 0.273509979
-0.236173496 0.809036314 -0.0389943495 -0.95134604 -0.0545331128 -0.303260505 0.158490002 0.299030006
-0.0447683819 0.761254549 -0.174636245 0.0933702737 -0.46095717 -0.882496655 0.0666399971 0.303570032
-0.00103436993 0.769427121 -0.170358136 0.0627276599 -0.620739579 -0.781503439 0.0559 0.305610001
-0.00103436993 0.769427121 -0.170358136 0.0627276599 -0.620739579 -0.781503439 0.620239973 0.287909985
0.0353930518 0.763643324 -0.168279842 -0.00259845238 -0.3704741 -0.928839147 0.611109972 0.285899997
0.161388606 0.743447185 -0.14111495 0.424646556 -0.204416886 -0.88198024 0.56803 0.279089987
0.152469963 0.668265164 -0.139243454 0.291350245 -0.267257422 -0.9185251 0.57573998 0.25553
0.204386607 0.650305629 -0.0844720453 0.888226807 -0.126637563 -0.441606224 0.548969984 0.245350003
0.207669556 0.733340263 -0.0907396451 0.915821314 -0.106682561 -0.387156427 0.543839991 0.269989967
0.214361593 0.632698417 0.0201921538 0.988098323 -0.0355480611 -0.1496595 0.51157999 0.231220007
0.027654497 0.722962797 -0.134322047 -0.429796815 -0.377960056 -0.820012748 0.619319975 0.267069995
-0.000250668876 0.748292148 -0.134608403 0.122183114 -0.83299315 -0.539623678 0.623579979 0.272670031
-0.0112979682 0.581725657 0.154703349 0.808918834 -0.165875614 0.564035118 0.2764 0.170300007
-0.0590638928 0.578318298 0.189492539 0.271577269 -0.210624039 0.939086378 0.257010013 0.183950007
-0.146052018 0.602494121 0.197255641 -0.335660219 -0.209429145 0.918407142 0.231570005 0.203580022
-0.21530214 0.622838318 0.149401858 -0.806255579 -0.19045499 0.560070455 0.203580007 0.219390035
-0.240710706 0.642544448 0.0780423433 -0.988540769 -0.134808734 0.0679256842 0.17814 0.234340012
-0.228195339 0.650006235 -0.0164181497 -0.950452089 -0.10851261 -0.291317284 0.145740002 0.249660015
-0.0415838249 0.720685005 -0.144220144 0.381238252 -0.325050175 -0.8654477 0.0601699986 0.285279989
-0.000250668876 0.748292148 -0.134608403 0.122183114 -0.83299315 -0.539623678 0.0501499996 0.291750014
-0.0103217661 0.694152415 -0.0437845588 0.989521444 -0.0153327016 -0.143569529 0.322149992 0.110350013
-0.00408443809 0.739104986 -0.0350987092 0.451853544 -0.844617367 -0.287140846 0.329369992 0.113879979
-0.00355046918 0.741466224 0.0280251522 0.701060832 -0.674545109 -0.23130624 0.328790009 0.142289996
-0.00423752517 0.68868196 0.0111887278 0.995748699 0.034411259 -0.0854418948 0.311340004 0.127470016
-0.0145796798 0.716578305 -0.0877054036 0.899963737 -0.196318597 -0.389261067 0.0359200016 0.283140004
-0.000658902805 0.742432475 -0.085440211 0.155949965 -0.939488351 -0.30502668 0.0239100009 0.29922998
-0.00408443809 0.739104986 -0.0350987092 0.451853544 -0.844617367 -0.287140846 0.0147099998 0.28429997
-0.0103217661 0.694152415 -0.0437845588 0.989521444 -0.0153327016 -0.143569529 0.0202699993 0.273550034
-0.00418370171 0.759925961 0.070727855 0.957589209 -0.102478489 -0.26929757 0.330080003 0.15516001
-0.000863592781 0.677199841 0.0533659458 0.997619331 0.047280889 -0.0502009243 0.303600013 0.141290009
0.00378906331 0.717899382 0.125650629 0.999926329 0.0114830313 -0.00393699203 0.321179986 0.174960017
0.00240008417 0.642427146 0.101777643 0.995809793 -0.0227881707 0.088563405 0.293040007 0.155910015
0.000508249737 0.746938705 0.116966017 -0.991825819 0.0948816985 -0.0853169709 0.331200004 0.171769977
-0.00328380871 0.71634239 0.124001592 -0.998383105 -0.0307208113 -0.0478265472 0.340310007 0.171980023
-0.00905571412 0.737124681 0.165021837 -0.990582526 -0.00991728436 0.136557743 0.339480013 0.19216001
-0.00133749365 0.743442357 0.167377502 0.963227928 -0.0596001074 0.261991918 0.321449995 0.194110036
-0.00372297131 0.751246929 0.165249556 -0.858387291 0.299104422 0.416782677 0.331759989 0.191779971
0.00842154585 0.765308142 0.210462019 -0.63599807 -0.167841449 0.753216922 0.346929997 0.213680029
-0.00788611919 0.768378794 0.212720633 0.422405213 -0.463229001 0.779097319 0.324979991 0.215250015
0.00501481164 0.770541728 0.21630393 0.204509288 -0.678208292 0.705839634 0.33427 0.213940024
0.0184685029 0.821991503 0.250850737 0.236323938 -0.418441325 0.876959443 0.347750008 0.243090034
-0.0129122492 0.819795132 0.258619756 -0.187155277 -0.489812046 0.851502836 0.324519992 0.243889987
0.00416702311 0.818296134 0.262567848 0.205878302 -0.590159774 0.780593038 0.335860014 0.241750002
0.0282954853 0.881565094 0.280819446 0.414683789 -0.389241248 0.82251358 0.349009991 0.272610009
-0.0162083413 0.885028362 0.29872784 -0.31880185 -0.325945884 0.890013933 0.328200012 0.274600029
0.0102885384 0.878721535 0.303100765 0.188515589 -0.352185011 0.916748345 0.337599993 0.272490025
-0.0206941105 0.942907512 0.303960741 -0.293423176 -0.223090485 0.929587722 0.329939991 0.302100003
0.00877179019 0.941595435 0.30575484 0.15943183 -0.152520895 0.975355864 0.338330001 0.302680016
0.0384232625 0.943287432 0.305720955 0.385827094 -0.375646263 0.842631161 0.345750004 0.303609967
-0.000658902805 0.742432475 -0.085440211 0.155949965 -0.939488351 -0.30502668 0.650780022 0.277899981
0.0165661238 0.722379744 -0.0913155079 -0.888246477 -0.284565091 -0.360611916 0.635999978 0.264999986
0.227772743 0.620455205 0.0821852461 0.993748426 -0.0462597199 0.101608343 0.49000001 0.220189989
0.211161613 0.608643174 0.128675446 0.873510122 -0.129114866 0.469371349 0.472270012 0.212090015
0.173199117 0.588307917 0.177634045 0.610974729 -0.180237472 0.77085942 0.450650007 0.200349987
0.11347387 0.56615293 0.195115045 0.108774833 -0.198462725 0.974053681 0.429459989 0.187999964
0.0423339531 0.569225788 0.183557451 -0.412632257 -0.225783244 0.882471919 0.404049993 0.175099969
-0.000626147958 0.587064087 0.144315451 -0.944085538 -0.0755674466 0.320923746 0.383260012 0.164030015
0.0084428899 0.705144048 -0.0395018607 -0.979377329 -0.0936564058 -0.179020941 0.653949976 0.254269958
-0.00408443809 0.739104986 -0.0350987092 0.451853544 -0.844617367 -0.287140846 0.658850014 0.262179971
0.0084428899 0.705144048 -0.0395018607 -0.979377329 -0.0936564058 -0.179020941 0.334879994 0.112709999
0.00571351824 0.69916302 0.0161927044 -0.997287214 -0.0110269357 -0.072777763 0.345950007 0.131139994
0.00328642409 0.694030046 0.0647056475 -0.999711692 0.010752555 -0.0214692932 0.352649987 0.148249984
0.115928799 0.60431397 -0.128640175 0.144185379 -0.24676092 -0.95829004 0.583019972 0.235310018
0.189233124 0.568492949 -0.0796158761 0.77526325 -0.127788484 -0.618576705 0.554289997 0.222159982
0.228727102 0.534864426 -0.00376049383 0.964661419 -0.0273027346 -0.262074292 0.525960028 0.20697999
0.227671415 0.516886592 0.0625143349 0.98846215 -0.0516712368 0.142382041 0.502699971 0.195519984
0.203142315 0.501145899 0.108416252 0.85380733 -0.151440471 0.498075008 0.485089988 0.187370002
0.164879858 0.487575799 0.157297939 0.648949444 -0.186458915 0.737629771 0.463420004 0.177259982
0.112071723 0.482999295 0.187092721 0.0931978524 -0.195187762 0.976327837 0.44393 0.165889978
0.0474427231 0.487792552 0.166960999 -0.496829361 -0.184775546 0.847949743 0.419380009 0.155310035
0.00316104572 0.512405574 0.121034048 -0.898688316 -0.0738991126 0.432317257 0.398000002 0.143249989
-0.0121942014 0.566110849 0.066079475 -0.996090293 0.0601292551 0.0647188872 0.376949996 0.133620024
-0.00362108671 0.589474082 0.0169861801 -0.989505827 0.0910495818 -0.112196706 0.364600003 0.118669987
0.00554507552 0.601208389 -0.030037012 -0.967029214 0.0460114181 -0.250474513 0.35563001 0.103410006
0.00554507552 0.601208389 -0.030037012 -0.967029214 0.0460114181 -0.250474513 0.650749981 0.231050014
0.0233363714 0.6087569 -0.0726505443 -0.873752058 -0.0571596697 -0.483001262 0.634370029 0.236570001
0.0597072653 0.610525548 -0.110436477 -0.565618694 -0.15450038 -0.810064852 0.612789989 0.242390037
0.109923914 0.513210297 -0.112376839 0.233741835 -0.147459462 -0.961051822 0.587286592 0.215182304
0.17208755 0.494154036 -0.0743396282 0.645346701 -0.167962164 -0.745195568 0.562741041 0.205333233
0.217096955 0.474112928 -0.0134626226 0.912405491 -0.135901406 -0.38606599 0.535595834 0.193228245
0.223252058 0.453812629 0.0488735661 0.983119011 -0.121796809 0.136538208 0.510877073 0.181151867
0.200300962 0.440775037 0.0980917513 0.83828795 -0.161418602 0.520785213 0.493273914 0.172036231
0.160163775 0.432647377 0.142141089 0.662983119 -0.209614187 0.718690038 0.473384559 0.161200285
0.11164391 0.434806883 0.176242977 0.111919463 -0.250953108 0.96150744 0.451874226 0.151117802
0.0511486083 0.437009811 0.154780746 -0.509934843 -0.194276884 0.837987423 0.429214418 0.141852736
0.00504535204 0.460707843 0.116488203 -0.831486285 -0.0762974024 0.550281107 0.410108119 0.131895185
-0.0152708292 0.489426017 0.0666055158 -0.987320602 0.0434718616 0.152669773 0.391612619 0.121429682
-0.0148670636 0.496879756 0.0165774394 -0.988546073 0.0877564922 -0.122781344 0.378790081 0.10719192
-0.00415755715 0.498697281 -0.0351145752 -0.941219151 0.0846282989 -0.327023715 0.366991669 0.0908840895
0.0229607262 0.512458801 -0.0766825005 -0.797784686 0.0509508923 -0.600785971 0.629808903 0.217969537
-0.00415755715 0.498697281 -0.0351145752 -0.941219151 0.0846282989 -0.327023715 0.645127416 0.215394378
0.0575805642 0.517144859 -0.109440811 -0.432239771 -0.0323776826 -0.901177168 0.610262871 0.220741928
0.148067161 0.27712962 0.114434488 0.664673388 -0.209758863 0.717084765 0.490979999 0.132049978
0.157992467 0.407345027 0.135165721 0.664896369 -0.165670425 0.728331089 0.477970004 0.153810024
0.110926397 0.406009972 0.169962123 0.132667109 -0.165906191 0.977176785 0.455529988 0.144320011
0.100261487 0.267482489 0.154219478 0.128861189 -0.22367774 0.96610713 0.470409989 0.122429967
0.187533721 0.287294716 0.0758503005 0.832519174 -0.201212108 0.516164243 0.508920014 0.141910017
0.19899343 0.412993699 0.0933406502 0.838675618 -0.154512927 0.522253871 0.497040004 0.164979994
0.212270185 0.306307733 0.0178710185 0.981955171 -0.146743447 0.11929097 0.529879987 0.15338999
0.221375749 0.424869567 0.0425964072 0.989073575 -0.0870756358 0.118959643 0.514639974 0.174539983
0.210536361 0.345027983 -0.0438837148 0.91121316 -0.00366896274 -0.411918968 0.550769985 0.16632998
0.212052092 0.446322352 -0.0179273207 0.910158038 0.0147700431 -0.41399768 0.540030003 0.18690002
0.165066525 0.357391506 -0.0880601257 0.62555176 0.0686601698 -0.777155459 0.573830009 0.17325002
0.164197549 0.459944993 -0.0719116256 0.638293326 0.0602036081 -0.767435431 0.566630006 0.197589993
0.114448629 0.364991069 -0.119700231 0.278917074 0.0638094693 -0.958192825 0.595309973 0.179929972
0.108305573 0.471981794 -0.10489282 0.28728357 0.037833862 -0.957098067 0.589250028 0.205919981
0.0741373077 0.358830929 -0.114730813 -0.34349674 0.00109306816 -0.939153194 0.610130012 0.181689978
0.0572772287 0.474636674 -0.108842239 -0.369177431 -0.00222848565 -0.929356277 0.609099984 0.210780025
0.0401573442 0.348296285 -0.0859505609 -0.731429279 -0.0369259454 -0.680916846 0.626219988 0.182179987
0.0184377935 0.468512893 -0.0784372091 -0.745704293 -0.0368041471 -0.665259838 0.627709985 0.209410012
0.0154432524 0.344495714 -0.0523602962 -0.92029947 -0.0854561701 -0.381766915 0.641200006 0.183390021
-0.00575705385 0.45898968 -0.0368804522 -0.923681557 -0.0716831982 -0.376395881 0.642539978 0.208189964
-0.000636348501 0.33549425 0.00564312143 -0.980709612 -0.113333128 -0.159261495 0.406659991 0.0846300125
-0.0176332761 0.455774367 0.0174742229 -0.986865282 -0.0833902881 -0.138358906 0.385320008 0.101909995
-0.00575705385 0.45898968 -0.0368804522 -0.923681557 -0.0716831982 -0.376395881 0.37222001 0.0851200223
0.0154432524 0.344495714 -0.0523602962 -0.92029947 -0.0854561701 -0.381766915 0.392399997 0.0681099892
-0.00118177431 0.323098868 0.0538775437 -0.98063606 -0.122905262 0.152470723 0.41940999 0.0967999697
-0.018590007 0.452280164 0.0668872744 -0.98206234 -0.08781863 0.166857332 0.398360014 0.115819991
0.0124061145 0.30234763 0.0960841477 -0.810783505 -0.139108598 0.568576276 0.433690012 0.105660021
0.00602186704 0.436919242 0.114397906 -0.826284707 -0.116146117 0.55114764 0.415679991 0.126670003
0.0492898449 0.287248045 0.1290638 -0.542090416 -0.149724066 0.826874018 0.449999988 0.114499986
0.0528539792 0.413640738 0.149175704 -0.533294141 -0.123566754 0.836856425 0.43373999 0.135659993
0.139176086 0.22155115 0.100055262 0.650139511 -0.292080492 0.701432526 0.500209987 0.113979995
0.0929537639 0.217754036 0.128877163 0.0776470229 -0.358169794 0.930422127 0.480949998 0.104520023
0.0519016571 0.227985933 0.112520322 -0.595254362 -0.286623091 0.750679255 0.463999987 0.0973200202
0.170443416 0.22530596 0.0625068247 0.841982603 -0.259171367 0.473176032 0.517690003 0.12105
0.195802659 0.233370051 0.011203872 0.967923582 -0.226405114 0.108925603 0.537460029 0.129840016
0.195081517 0.249439985 -0.051020164 0.913348198 -0.131142542 -0.38548243 0.559660017 0.139549971
0.158813149 0.256644666 -0.0979691595 0.593643963 -0.0293221194 -0.804193497 0.581589997 0.144980013
0.10709282 0.265124261 -0.113732815 0.191164613 0.00638208911 -0.981537282 0.601059973 0.151639998
0.0712327957 0.263119429 -0.110636234 -0.341378599 0.0427102298 -0.938954949 0.614480019 0.153980017
0.0360056013 0.260595948 -0.0914536938 -0.777587473 0.0573323295 -0.626155496 0.629130006 0.156170011
0.0195667949 0.258479029 -0.0484269895 -0.961455762 -0.0013483162 -0.274956554 0.645669997 0.159189999
0.00943171605 0.25097537 0.0036989036 -0.990788698 -0.0692362562 -0.116378888 0.427080005 0.0678499937
0.0195667949 0.258479029 -0.0484269895 -0.961455762 -0.0013483162 -0.274956554 0.414110005 0.0534499884
0.00387593615 0.24358876 0.0484343693 -0.97628063 -0.152506396 0.153681561 0.438490003 0.0797100067
0.0221155025 0.235269681 0.0841107443 -0.814079344 -0.238435939 0.529549778 0.450569987 0.0885900259
0.133403495 0.166354671 0.0859141499 0.656226873 -0.170467228 0.735055864 0.511590004 0.0903400183
0.0927655101 0.165660828 0.113314569 0.117354102 -0.22675091 0.966856778 0.494370013 0.0818099976
0.0608308353 0.170716375 0.0943644121 -0.622839868 -0.219703957 0.750866652 0.481150001 0.0744699836
0.165551737 0.166616648 0.0505814441 0.876187146 -0.165078208 0.452819407 0.528349996 0.097299993
0.177395687 0.159042969 -0.000554505212 0.983476698 -0.15425159 0.0947624296 0.547819972 0.101979971
0.175232694 0.157006025 -0.0619294755 0.935126901 -0.0730935559 -0.346691728 0.570749998 0.106750011
0.141924277 0.159048676 -0.104198933 0.57304275 0.0564767793 -0.817577124 0.591109991 0.110459983
0.0947246701 0.166485071 -0.121413745 0.128088892 0.105065592 -0.986181736 0.609130025 0.117009997
0.0574827269 0.167127937 -0.116087951 -0.380350471 0.113489576 -0.917852759 0.62270999 0.120589972
0.0256018639 0.166376457 -0.0931747034 -0.850229919 0.0718946755 -0.521478832 0.636690021 0.124029994
0.0132453311 0.16688323 -0.0414020531 -0.988680124 0.0104937935 -0.14967154 0.655629992 0.128970027
0.0141797382 0.16800195 0.00367346895 -0.996801555 -0.0780114606 0.0173458438 0.452080011 0.0467200279
0.0132453311 0.16688323 -0.0414020531 -0.988680124 0.0104937935 -0.14967154 0.440290004 0.0350999832
0.0205714963 0.170870751 0.0405721851 -0.950264573 -0.193323374 0.244178772 0.461080015 0.0574499965
0.0389283188 0.171402648 0.0682200491 -0.81295687 -0.227077752 0.536224604 0.470679998 0.0659300089
0.0579780415 0.135189638 0.0943398178 -0.672341287 -0.0501663797 0.738539398 0.490759999 0.0602300167
0.0384787284 0.131631643 0.0647227839 -0.870106995 -0.143897116 0.471388727 0.482069999 0.0506799817
0.137691692 0.131075367 0.0825790465 0.686592698 -0.0455294624 0.725615263 0.519630015 0.0749999881
0.092133224 0.136017546 0.109317936 0.112478696 -0.0413007215 0.992795408 0.501479983 0.0685499907
0.165674344 0.122724846 0.0415096954 0.921819329 -0.106725447 0.37263763 0.53779 0.0771200061
0.175780103 0.115285292 -0.00808692817 0.977201343 -0.196709648 0.0798921287 0.555540025 0.0801900029
0.176818982 0.111500964 -0.0717085302 0.956375957 -0.0835754946 -0.279928684 0.577289999 0.0852000117
0.146320581 0.111462764 -0.118659467 0.576698303 0.146162033 -0.803775847 0.596599996 0.0878999829
0.0910100117 0.114790343 -0.131358251 0.0695655644 0.167137042 -0.983476341 0.615580022 0.0948699713
0.051335413 0.114916921 -0.124017566 -0.46997419 0.0483267754 -0.88135618 0.628719985 0.0998399854
0.0248856992 0.114016019 -0.0930678472 -0.901990652 -0.0847975239 -0.423346251 0.642390013 0.103680015
0.0147896213 0.111933619 -0.0402167961 -0.978315294 -0.203622848 -0.0379055925 0.661629975 0.106850028
0.0211723614 0.120841652 0.00514259469 -0.948182225 -0.259554982 0.183253214 0.468340009 0.0328299999
0.0147896213 0.111933619 -0.0402167961 -0.978315294 -0.203622848 -0.0379055925 0.456999987 0.0206199884
0.029756248 0.128453255 0.0359383598 -0.917814851 -0.254377097 0.304808497 0.475149989 0.0422999859
0.0579935834 0.116870314 0.0936697647 -0.691370547 -0.180601612 0.69956404 0.495779991 0.0533000231
0.0439131446 0.110084213 0.0585318282 -0.910681546 -0.236747518 0.338540792 0.488330007 0.0419700146
0.141046524 0.121639885 0.0835027322 0.685011566 -0.0697522983 0.725185275 0.522679985 0.0694599748
0.0915979072 0.123624533 0.108235702 0.0479480773 -0.10321454 0.993502855 0.504079998 0.0633299947
0.0914045498 0.113734551 0.103627749 0.105081901 -0.578176498 0.809116602 0.507659972 0.0565999746
0.143181294 0.116637573 0.0826997086 0.562551081 -0.544849873 0.621831954 0.526009977 0.0633400083
0.0597320981 0.104863256 0.0922390893 -0.481275946 -0.616279006 0.6233567 0.498329997 0.0498800278
0.161988869 0.108435407 0.0370096713 0.942173421 -0.163108528 0.292753786 0.541390002 0.0696700215
0.164068863 0.0989771634 0.0363957882 0.373134464 -0.899683893 0.226582259 0.544650018 0.0602599978
0.164544672 0.0973346606 -0.00717604486 0.940868795 -0.336174667 0.0418629982 0.557539999 0.0699999928
0.16736038 0.098507762 -0.00920775253 0.428585112 -0.874838233 0.225771904 0.560599983 0.0625100136
0.15962106 0.0925789997 -0.0723183081 0.958603859 -0.191163823 -0.21103321 0.580829978 0.0738700032
0.167116538 0.0738786384 -0.0763693303 0.762214124 -0.643830001 -0.0671747774 0.584100008 0.0672000051
0.150148734 0.0936841816 -0.125271887 0.648191571 -0.00557077071 -0.761456966 0.599189997 0.0778899789
0.142372459 0.0756102279 -0.123658635 0.511437118 -0.424524993 -0.747134984 0.602859974 0.0713000298
0.0919843838 0.0945684016 -0.130474851 -0.00888882298 0.0576286167 -0.998298526 0.618740022 0.0842199922
0.0926664844 0.0793171152 -0.134160951 -0.0501306802 -0.464351177 -0.88423115 0.620199978 0.0774499774
0.0547674969 0.0969134942 -0.120749734 -0.52570951 -0.143794402 -0.838422835 0.631449997 0.0898100138
0.0559611544 0.0818861201 -0.12079747 -0.438129902 -0.701922715 -0.561557293 0.6329 0.082949996
0.0321570113 0.0938935056 -0.0910502672 -0.869156301 -0.363600463 -0.335204512 0.644959986 0.0917900205
0.0361566879 0.0829159319 -0.0921477452 -0.292537212 -0.95479387 -0.0528264344 0.64467001 0.086310029
0.0285523795 0.0927295163 -0.0433029272 -0.877387822 -0.479530603 0.0155192949 0.662429988 0.0931500196
0.0303889029 0.0870795697 -0.0383477509 0.0458024889 -0.992132366 0.116514549 0.664160013 0.0881099701
0.0347938202 0.101170652 0.000683647406 -0.837684691 -0.497138023 0.226137161 0.476370007 0.0246300101
0.0285523795 0.0927295163 -0.0433029272 -0.877387822 -0.479530603 0.0155192949 0.46645999 0.01177001
0.0303889029 0.0870795697 -0.0383477509 0.0458024889 -0.992132366 0.116514549 0.47044 0.0106800199
0.0395928659 0.0918630138 -0.0014247644 -0.00127608143 -0.991767406 0.128046557 0.480569988 0.0202199817
0.0397595838 0.106628485 0.030572461 -0.897936344 -0.368316233 0.24094291 0.482609987 0.033640027
0.0390075333 0.0954235569 0.0309027471 -0.384965003 -0.916000843 0.112891123 0.486209989 0.0304899812
0.0453284644 0.0990079865 0.0586556308 -0.644812882 -0.71883446 0.25979501 0.492020011 0.0386999846
-0.175839394 0.520610154 -0.07808052 -0.722406387 -0.112150915 -0.682313204 0.1065 0.228209972
-0.194781885 0.653316557 -0.083441548 -0.770484924 -0.155464888 -0.618210077 0.119570002 0.259880006
-0.131384209 0.652675092 -0.139099553 -0.278377652 -0.23560819 -0.931125581 0.0901999995 0.26801002
-0.122097559 0.547243834 -0.11164432 -0.281036258 -0.153729945 -0.947304487 0.0833600014 0.238590002
-0.215188324 0.500982702 -0.0219899882 -0.940569818 -0.0961566046 -0.325702846 0.130439997 0.215269983
-0.226321921 0.49688068 0.0554926209 -0.988561451 -0.127307817 0.0808635503 0.158230007 0.203339994
-0.196728706 0.480359107 0.124734133 -0.822879612 -0.164149806 0.543988943 0.183540002 0.188449979
-0.148964286 0.467588514 0.17186372 -0.370610178 -0.161579072 0.914625823 0.205880001 0.175909996
-0.0761836097 0.46242556 0.174973547 0.280264199 -0.195997462 0.939700484 0.229210004 0.160130024
-0.0293574464 0.466698021 0.133334011 0.773927271 -0.194496155 0.602667272 0.248140007 0.146780014
0.00378002459 0.487590164 0.0903945714 0.956499696 -0.089238964 0.277749538 0.262849987 0.133270025
-0.0527023077 0.569394112 -0.115478955 0.39596507 -0.146101087 -0.906568229 0.0599600002 0.244969964
-0.0178900044 0.581371129 -0.0773514435 0.881745815 -0.0497764349 -0.469091207 0.0410800017 0.247810006
-0.00297480496 0.580491722 -0.0378058515 0.978730738 0.0308685582 -0.202813804 0.0271899998 0.247370005
-0.00297480496 0.580491722 -0.0378058515 0.978730738 0.0308685582 -0.202813804 0.299109995 0.0947700143
0.00143655867 0.567078352 0.0044806255 0.990860045 0.0564491227 -0.122514762 0.28986001 0.104499996
0.0110185063 0.538701952 0.0450768657 0.999471843 0.032068111 0.00527199823 0.275409997 0.11796999
-0.0427968167 0.424467653 0.129632071 0.711312532 -0.26233381 0.652085483 0.231087044 0.134565771
-0.0898422226 0.425222725 0.172264054 0.272752583 -0.191909149 0.942749619 0.212796122 0.147472322
-0.0969328508 0.396740794 0.169614792 0.283743143 -0.143831059 0.948051929 0.204040006 0.14072001
-0.049966149 0.401939571 0.127657235 0.718640447 -0.120065942 0.684938014 0.221990004 0.12804997
-0.00531879952 0.442218959 0.0873369277 0.90447706 -0.180990368 0.386217058 0.247642532 0.121316612
-0.0105090905 0.420066476 0.0858318508 0.861116111 -0.110170707 0.496328026 0.239529997 0.114939988
0.00810957607 0.428824306 0.0387454852 0.985187888 -0.0705809519 0.156278834 0.252929986 0.102789998
0.00823576096 0.458361506 0.0393680669 0.997709394 -0.0383943319 0.0556931905 0.260750294 0.108070791
0.00926214177 0.437368304 -0.00548869651 0.988257229 -0.045319818 -0.145924076 0.265020013 0.0918899775
0.00747490209 0.47498408 -0.00362929422 0.990362346 0.0391750187 -0.13284497 0.273661315 0.0962767601
-0.000120765602 0.438191831 -0.0469830073 0.929727077 -0.0473426767 -0.365193397 0.273939997 0.0820500255
-0.00259035709 0.479789644 -0.0447202586 0.953770339 0.0393367708 -0.297950715 0.282696128 0.0864750147
-0.0196209718 0.444568545 -0.0827410519 0.7760638 -0.029418271 -0.629967868 0.0377900004 0.220620036
-0.0208300613 0.48841247 -0.0811326355 0.812629759 0.00719580427 -0.582735956 0.0389345214 0.230078816
-0.00259035709 0.479789644 -0.0447202586 0.953770339 0.0393367708 -0.297950715 0.0244641341 0.230316997
-0.000120765602 0.438191831 -0.0469830073 0.929727077 -0.0473426767 -0.365193397 0.0230100006 0.221220016
-0.053249687 0.44675231 -0.110152006 0.375880241 0.0054640458 -0.926652133 0.0545599982 0.217319965
-0.0550901629 0.48887676 -0.111640587 0.327436 -0.0162963271 -0.944732785 0.0564385466 0.226938844
-0.107124403 0.441960275 -0.112541415 -0.209032893 0.0350891165 -0.977278829 0.0733700022 0.214139998
-0.112318836 0.477027476 -0.111803815 -0.249290317 -0.0341268033 -0.96782726 0.0768453181 0.22264564
-0.16064848 0.430741996 -0.0835885406 -0.656565368 0.0283802133 -0.753735006 0.0943399966 0.203989983
-0.165927857 0.461665452 -0.0816493854 -0.647387624 -0.0702895299 -0.758912802 0.0985702127 0.212415636
-0.205690056 0.454544753 -0.0277111437 -0.906290412 -0.117920674 -0.405872375 0.12194939 0.20038861
-0.200744301 0.429829627 -0.0307631399 -0.919561267 -0.0200297348 -0.392435908 0.117420003 0.192449987
-0.219470635 0.449344575 0.0455234051 -0.985755622 -0.152897611 0.0700581074 0.14753522 0.187310874
-0.215949744 0.424053311 0.0402052477 -0.991744161 -0.099608019 0.0807576403 0.141829997 0.178759992
-0.194294214 0.433725566 0.114935145 -0.871184707 -0.13676694 0.471521109 0.172512636 0.172023058
-0.192995474 0.408848554 0.10970781 -0.891575396 -0.150226355 0.427229792 0.16663 0.163259983
-0.152877405 0.425002724 0.165148199 -0.479957908 -0.110950425 0.870247245 0.193913579 0.160206914
-0.154867232 0.401383132 0.161443949 -0.576484978 -0.16442354 0.800393641 0.187529996 0.151830018
-0.140914813 0.266135901 0.142186999 -0.557974815 -0.219429314 0.800321698 0.176100001 0.13538003
-0.175548702 0.268601388 0.0901783332 -0.880758524 -0.186566547 0.435267031 0.154699996 0.14418
-0.0932369009 0.264948756 0.150475875 0.30792889 -0.185867131 0.933077276 0.191039994 0.12616998
-0.0524534881 0.27277419 0.112168208 0.715612411 -0.123401403 0.68751061 0.206630006 0.112860024
-0.0171028543 0.284042835 0.070705682 0.846519411 -0.0996500477 0.522948146 0.222069994 0.0998200178
0.00184321683 0.295562327 0.0254577696 0.985034883 -0.074663572 0.155343607 0.235149994 0.0871400237
-0.00335116475 0.309328526 -0.0178621542 0.983218551 -0.0664237142 -0.169908985 0.246879995 0.0758699775
-0.0141229993 0.317444146 -0.0510276109 0.92888695 -0.0616152808 -0.36520192 0.255400002 0.0663099885
-0.0310509391 0.323785841 -0.0854444355 0.776187003 -0.0369877145 -0.629416883 0.0351900011 0.196519971
-0.0141229993 0.317444146 -0.0510276109 0.92888695 -0.0616152808 -0.36520192 0.0214399993 0.198490024
-0.0623946264 0.324565262 -0.113635473 0.371273637 0.00409904309 -0.928514481 0.0497500002 0.19235003
-0.108152591 0.328217506 -0.120451741 -0.217650011 0.0395847261 -0.975223839 0.0662200004 0.188740015
-0.156279832 0.313484192 -0.0944763646 -0.651319921 0.0368882157 -0.75790602 0.0849199966 0.179409981
-0.196099579 0.29946208 -0.0465572551 -0.920170248 -0.0143868802 -0.391253918 0.106679998 0.169499993
-0.205985695 0.284073979 0.0188504942 -0.98804158 -0.115911305 0.101677783 0.129490003 0.158590019
-0.131129026 0.222317502 0.123998903 -0.535673916 -0.382935613 0.752604604 0.166580006 0.120869994
-0.16795738 0.218439683 0.0795753151 -0.848606586 -0.288524747 0.443418831 0.145579994 0.127789974
-0.0936567634 0.223932877 0.131335422 0.28892225 -0.365689397 0.884757161 0.179619998 0.113330007
-0.0537306964 0.226961881 0.101479836 0.673420489 -0.201463655 0.711278558 0.193780005 0.10036999
-0.0154430084 0.231443807 0.0581930727 0.841477096 -0.0889390782 0.532922328 0.209040001 0.0849099755
-0.00146974204 0.238363281 0.0180803407 0.997824609 -0.0659022853 0.00169780932 0.220589995 0.0739200115
-0.00923393853 0.248016924 -0.0247490872 0.97731024 -0.0683600008 -0.200478643 0.231849998 0.0622100234
-0.0171950366 0.253782421 -0.0570146069 0.942513466 -0.0219317582 -0.333447635 0.239800006 0.0529699922
-0.0326117128 0.257047951 -0.0902528241 0.773059249 0.0106136873 -0.634244978 0.0319200009 0.176550031
-0.0171950366 0.253782421 -0.0570146069 0.942513466 -0.0219317582 -0.333447635 0.0189100001 0.179499984
-0.0629818141 0.255810052 -0.112658367 0.396399349 0.0141116101 -0.917969763 0.0448700003 0.171980023
-0.103520244 0.257249057 -0.118737429 -0.130034178 0.021528421 -0.991275728 0.059489999 0.167770028
-0.1504924 0.246641368 -0.102031581 -0.592317104 0.0130271642 -0.805599689 0.0763100013 0.159179986
-0.190940663 0.236563236 -0.055696968 -0.91833818 -0.0822672322 -0.387152374 0.0979100019 0.150359988
-0.194772542 0.227577433 0.00863209926 -0.971678138 -0.205076173 0.117411107 0.120339997 0.140590012
-0.12615642 0.178786203 0.106354281 -0.540815294 -0.30764997 0.782860398 0.154390007 0.102949977
-0.156434864 0.169961318 0.0624551848 -0.86782378 -0.214097738 0.448379517 0.133900002 0.107900023
-0.0935488269 0.182111487 0.112253398 0.250529587 -0.319649994 0.913815618 0.166280001 0.0964999795
-0.0564452969 0.183964595 0.0888805836 0.607195079 -0.208212554 0.766786635 0.179210007 0.0848799944
-0.00996336341 0.174918205 0.05116513 0.812657118 -0.152195528 0.562516749 0.192900002 0.0673699975
-0.00366235198 0.173602298 0.0272366256 0.991948128 -0.125703648 -0.0154190948 0.19799 0.0604500175
-0.0192602258 0.183682472 -0.0310331192 0.986098349 -0.0927800611 -0.13784726 0.213909999 0.0451099873
-0.0179198794 0.184214428 -0.0631823838 0.963647306 -0.0132364742 -0.266849607 0.221149996 0.0359200239
-0.0344187282 0.185985446 -0.0918959677 0.768933594 0.0355197899 -0.638341188 0.0263800006 0.152249992
-0.0179198794 0.184214428 -0.0631823838 0.963647306 -0.0132364742 -0.266849607 0.0148200002 0.15587002
-0.0601258203 0.184374601 -0.113184772 0.443652511 0.0718864501 -0.893311143 0.0374299996 0.147499979
-0.0944289565 0.184450313 -0.122052304 -0.0182328057 0.106615156 -0.994133174 0.0502300002 0.142769992
-0.141171828 0.176920906 -0.11224255 -0.575425148 0.0542941801 -0.816050172 0.0658200011 0.134920001
-0.177884847 0.171496868 -0.0666641816 -0.923271477 -0.0823101252 -0.375226498 0.0871199965 0.127510011
-0.182632372 0.167619467 0.000221044174 -0.974373281 -0.188703865 0.122423731 0.110749997 0.118520021
-0.132132351 0.13146922 0.0932237133 -0.656022012 -0.0937145501 0.74890101 0.139640003 0.0841699839
-0.164141461 0.122710012 0.0400895365 -0.925862432 -0.130497813 0.354611039 0.117150001 0.0897600055
-0.0930432007 0.135787547 0.0990607366 0.208654851 -0.0853187293 0.974260688 0.152720004 0.076579988
-0.0580246635 0.14184393 0.0787419304 0.598404169 -0.141655117 0.788572311 0.166559994 0.0685300231
-0.0215496104 0.138233215 0.0471950062 0.788530409 -0.320707262 0.524753988 0.179240003 0.0558800101
-0.0205552913 0.131951973 0.0144120129 0.960996449 -0.276458442 -0.00752956327 0.18468 0.0449100137
-0.0203759968 0.124205388 -0.0379501209 0.990689635 -0.13426207 -0.0225285701 0.195969999 0.0294299722
-0.0198399611 0.123964764 -0.0704504028 0.970657051 -0.013378934 -0.240095913 0.202769995 0.0197299719
-0.0343466252 0.125143692 -0.0976003036 0.775890529 0.063406907 -0.62767309 0.0193000007 0.128939986
-0.0198399611 0.123964764 -0.0704504028 0.970657051 -0.013378934 -0.240095913 0.00853999984 0.132969975
-0.0587462559 0.112884738 -0.121286415 0.452021748 0.110486127 -0.885137916 0.0283199996 0.11875999
-0.0910544768 0.112725973 -0.133385926 0.0561379939 0.136624694 -0.989030957 0.0394599997 0.11342001
-0.136458725 0.111330256 -0.129153624 -0.559620023 0.0969838277 -0.823055089 0.0544200018 0.107119977
-0.171693012 0.110840224 -0.0682316497 -0.949123085 -0.137359783 -0.283368289 0.0789100006 0.0999900103
-0.173362523 0.11899478 -0.0095921047 -0.976844549 -0.198251054 0.0804443434 0.0999099985 0.0961800218
-0.161726147 0.106591903 0.0452116877 -0.925790846 -0.140631631 0.350904763 0.114440002 0.0783699751
-0.163713887 0.0962073579 -0.0135480845 -0.979948223 -0.198406577 0.0183396544 0.0934699997 0.0822100043
-0.0905298963 0.120936461 0.107623309 0.18078196 0.0265094433 0.98316586 0.147850007 0.0693200231
-0.133447811 0.120095946 0.0906745419 -0.649533331 -0.0849421173 0.755573571 0.13436 0.0774800181
-0.0513602681 0.123040445 0.0826120153 0.717464685 -0.0521602593 0.694639325 0.161699995 0.0609700084
-0.134553462 0.113751665 0.0877121985 -0.403948784 -0.697875679 0.591434598 0.130380005 0.0726299882
-0.0888471678 0.110221192 0.101406075 0.149402082 -0.61249572 0.776226699 0.144439995 0.063560009
-0.0520006455 0.10290657 0.0785515383 0.651052356 -0.538116336 0.53531456 0.156149998 0.0540800095
-0.0367018133 0.115640506 0.0417720899 0.895325303 -0.300254703 0.328998029 0.169909999 0.0477499962
-0.0398933962 0.09818279 0.0408775993 0.726482391 -0.642088294 0.24483858 0.163389996 0.04223001
-0.0287764724 0.108963259 -0.00184705609 0.932236314 -0.330619603 0.147058055 0.17881 0.0340300202
-0.0337489396 0.0926616937 -0.00677589281 0.580269337 -0.794337273 0.17976597 0.172330007 0.0274100304
-0.0234561954 0.102777906 -0.0411773957 0.953375995 -0.288214833 0.0894783735 0.187490001 0.0224000216
-0.029603269 0.0867406279 -0.0474940725 0.537784934 -0.835474133 0.113006055 0.180539995 0.0150700212
-0.0228164811 0.101387583 -0.0695894212 0.96792835 -0.191603437 -0.162489191 0.192969993 0.0136500001
-0.0299181864 0.0852193534 -0.0779749155 0.688711643 -0.709672451 -0.148463383 0.186460003 0.00572001934
-0.0346088819 0.102609813 -0.105534062 0.80609566 -0.037057016 -0.590623796 0.0167299993 0.11789
-0.0228164811 0.101387583 -0.0695894212 0.96792835 -0.191603437 -0.162489191 0.00374000007 0.122280002
-0.0299181864 0.0852193534 -0.0779749155 0.688711643 -0.709672451 -0.148463383 0.00432999991 0.111289978
-0.0405203104 0.084829554 -0.104655109 0.654337347 -0.622412801 -0.429470479 0.0143400002 0.10848999
-0.0613829233 0.0960761979 -0.123714559 0.452461541 0.0208664928 -0.891539812 0.0257300008 0.109340012
-0.0648410469 0.0833903328 -0.127558455 0.39016369 -0.4480654 -0.804369032 0.0250400007 0.103079975
-0.0967453867 0.0925211757 -0.131633133 0.0662653819 0.0601055361 -0.995990098 0.0370300002 0.102479994
-0.100950152 0.0808214545 -0.135902107 0.0305950437 -0.395045608 -0.918151855 0.0368199982 0.096750021
-0.142057091 0.0930086672 -0.13214758 -0.650763154 0.05095746 -0.757568896 0.0520699993 0.0970000029
-0.139784351 0.0768811852 -0.126571044 -0.526902676 -0.397910208 -0.75102669 0.0503199995 0.0910900235
-0.158674315 0.0854917914 -0.0866150111 -0.939997375 0.078838326 -0.331948102 0.0680100024 0.089779973
-0.16580534 0.0749849007 -0.0881459862 -0.65122205 -0.756332099 -0.0622225031 0.065990001 0.0855500102
-0.168322518 0.096852459 -0.0148756513 -0.225317642 -0.96225518 0.152633175 0.0912100002 0.0784599781
-0.160283729 0.0998609513 0.042907916 -0.231589347 -0.946757257 0.223645076 0.11135 0.0733100176
-0.148455903 0.102053441 0.0390580036 0.116795637 -0.987911463 0.101930007 0.110739999 0.0690799952
-0.13070184 0.109804258 0.0815927759 -0.0704872385 -0.948519289 0.30877623 0.129010007 0.069849968
-0.152868882 0.0987997353 -0.0184314568 0.124287523 -0.971394062 0.20235157 0.0885500014 0.0729799867
-0.1526445 0.0759654045 -0.0848757997 0.0271532442 -0.979093432 0.201590434 0.0640700012 0.0813099742
-0.135936886 0.0724071711 -0.118279189 -0.0928696617 -0.971345842 -0.2187749 0.0496499985 0.0877199769
-0.101464763 0.0770167634 -0.126621589 0.075359419 -0.922542274 -0.378466189 0.0356700011 0.0933700204
-0.0707219467 0.0795948282 -0.117878072 0.16540806 -0.971679091 -0.168759957 0.0234900005 0.0990899801
-0.052389808 0.08544489 -0.0978932902 0.0389509201 -0.997832179 0.0530437678 0.0131299999 0.103280008
-0.0424453393 0.0884699523 -0.0756651834 -0.186235934 -0.978492439 0.0887057856 0.00417000009 0.105979979
-0.0410878286 0.08997529 -0.0498794205 -0.25518325 -0.96325469 0.0837970376 0.177019998 0.0119900107
-0.0424453393 0.0884699523 -0.0756651834 -0.186235934 -0.978492439 0.0887057856 0.181730002 0.00374001265
-0.0464304946 0.0953522027 -0.00790735334 -0.202527687 -0.975146055 0.0898474902 0.167950004 0.0246700048
-0.0511471629 0.0990157649 0.0372537263 -0.0732514113 -0.993628025 0.0856599435 0.159510002 0.0392699838
-0.0616334192 0.0995233431 0.0675389692 0.0491417088 -0.977977157 0.202844009 0.152730003 0.0498600006
-0.0868550166 0.104867138 0.0884844437 -0.0452105515 -0.933369815 0.356057256 0.143040001 0.0592700243
0.152132675 0.0778828934 -0.070057191 -0.0825562105 -0.963773847 0.253622562 0.584699988 0.0614799857
0.136953443 0.0715471581 -0.114585914 -0.0127609493 -0.995586395 -0.092978701 0.603540003 0.0678399801
0.1541394 0.10211046 -0.0059830104 -0.166637287 -0.969902277 0.177542925 0.560199976 0.0573199987
0.15025638 0.100812852 0.0353355967 -0.046977438 -0.985343337 0.163986847 0.543760002 0.0557000041
0.136131302 0.110166252 0.0764389485 0.169618502 -0.890980422 0.421169311 0.526660025 0.0592600107
0.0922745764 0.107858561 0.0926092044 0.171089277 -0.843292415 0.509496152 0.510020018 0.0528900027
0.0680351257 0.0990955308 0.0824051946 -0.0878793299 -0.935561657 0.342054993 0.501730025 0.0462499857
0.0572132319 0.0972041488 0.0531062223 -0.00658554072 -0.997979581 0.0631926358 0.495730013 0.0355100036
0.0541128069 0.102629475 0.0284743682 0.362273693 -0.93189925 0.0179344527 0.49101001 0.0269600153
0.0515385792 0.0995521396 -0.00103564875 0.484931678 -0.87335217 0.0457949564 0.484549999 0.017960012
0.0496862195 0.096695289 -0.0380553454 0.50407958 -0.861576915 0.0599084608 0.476839989 0.0067499876
0.0521626286 0.0959345624 -0.0806307122 0.390945137 -0.906456113 0.159684524 0.647289991 0.0793899894
0.0496862195 0.096695289 -0.0380553454 0.50407958 -0.861576915 0.0599084608 0.663680017 0.0802699924
0.068010807 0.0780277923 -0.107199892 -0.046439752 -0.993557155 0.103380479 0.634389997 0.0765500069
0.0948105678 0.0774253085 -0.118543327 -0.0833857283 -0.977447569 -0.194018781 0.621659994 0.0722100139
0.193674639 0.816775322 -0.134813547 0.800537586 0.116231747 -0.587902904 0.549989998 0.301050007
0.182246581 0.816974163 -0.140857145 0.623244464 0.11824546 -0.773035765 0.554289997 0.302399993
0.181513608 0.827037036 -0.136562243 0.648442328 0.148843512 -0.746570945 0.552129984 0.305639982
0.189337596 0.828732431 -0.131845251 0.749106109 0.123873897 -0.650765181 0.548629999 0.305189967
0.192172065 0.825684726 -0.124003954 0.831167161 0.122651309 -0.542326272 0.546090007 0.303560019
0.197329178 0.815182388 -0.122708455 0.838170707 0.0494763702 -0.543159187 0.546090007 0.29956001
0.19370994 0.806253314 -0.123177052 0.858214617 -0.127172187 -0.497287363 0.548120022 0.296730042
0.191154152 0.80474472 -0.132488549 0.760352969 -0.320030332 -0.565193713 0.551509976 0.297140002
0.185732454 0.808172762 -0.138373151 0.579522789 -0.225720122 -0.783073246 0.553879976 0.29914999
0.160348609 0.849619329 -0.154795647 0.593836963 0.269411117 -0.758139372 0.557669997 0.315819979
0.114534825 0.84807992 -0.185030147 0.430688977 0.156530946 -0.888822317 0.57664001 0.32043004
0.169226363 0.820739746 -0.150439948 0.605026841 0.101187281 -0.789749026 0.559319973 0.30517
0.123978868 0.824890852 -0.182860136 0.422023237 -0.251600623 -0.870972693 0.578540027 0.312460005
0.17172958 0.804564059 -0.148899451 0.443223596 -0.373213917 -0.815024018 0.560410023 0.299769998
0.20802559 0.816418946 -0.105230846 0.863877237 0.0443196595 -0.501748741 0.538900018 0.29835999
0.211272031 0.844656706 -0.0984133482 0.861046553 0.22725895 -0.454919964 0.53241998 0.307370007
0.233636349 0.837922275 -0.0529495478 0.941009521 0.208609238 -0.266426802 0.515980005 0.300230026
0.234616652 0.816383064 -0.054396648 0.911443532 -0.328633666 -0.247528985 0.519219995 0.293779969
0.206042528 0.800328255 -0.109018341 0.81961298 -0.444270283 -0.361743718 0.542240024 0.293669999
0.207657814 0.852715135 -0.0955318436 0.856262445 0.193634629 -0.478874028 0.531170011 0.310389996
0.186886817 0.847064018 -0.129867852 0.707217276 0.347509325 -0.615695536 0.546199977 0.311399996
0.189016908 0.802837431 -0.130498439 0.602984309 -0.548556626 -0.579219699 0.551680028 0.296190023
0.16612196 0.79743886 -0.142263949 0.466431201 -0.248676032 -0.848882854 0.561590016 0.296229959
0.197953895 0.795526922 -0.105312146 0.93558383 -0.148430571 -0.320392549 0.543259978 0.290799975
0.187941208 0.795107305 -0.129056141 0.693491459 -0.190018356 -0.694955111 0.552399993 0.293560028
-0.156678975 0.852229655 -0.158866137 -0.577225268 0.192412421 -0.793592095 0.117899999 0.331369996
-0.169244796 0.805854619 -0.152304441 -0.568020344 -0.157922238 -0.807721138 0.113959998 0.314819992
-0.186987162 0.810943305 -0.135653451 -0.660267234 0.0947145596 -0.745034456 0.122680001 0.313189983
-0.185345784 0.823319376 -0.133553043 -0.644078791 0.0697649047 -0.761771202 0.124770001 0.317009985
-0.193523362 0.803681254 -0.130496144 -0.749701738 -0.219100058 -0.624453843 0.124430001 0.309819996
-0.189040214 0.803094685 -0.133312657 -0.525055349 -0.564066768 -0.637295485 0.122730002 0.310330033
-0.198024005 0.814749599 -0.131287843 -0.736742496 0.077340357 -0.671735823 0.127179995 0.312860012
-0.200078413 0.804177165 -0.119935453 -0.838501096 -0.196291789 -0.508316159 0.128700003 0.308420002
-0.202918217 0.814380527 -0.119652048 -0.858520448 0.0110437348 -0.512660265 0.130970001 0.311390042
-0.197799206 0.825030327 -0.120631054 -0.797453642 0.145890072 -0.585477233 0.131390005 0.31536001
-0.193982527 0.826039791 -0.129098848 -0.704855382 0.0884115174 -0.703819752 0.128529996 0.316670001
-0.197944567 0.794978023 -0.112599447 -0.884826839 -0.175320938 -0.431675851 0.128330007 0.303959966
-0.239634305 0.815663576 -0.0542944483 -0.908707738 -0.284900725 -0.305093199 0.155430004 0.30351001
-0.205158785 0.799146712 -0.114543445 -0.821540833 -0.397464693 -0.408769339 0.130239993 0.306169987
-0.160927325 0.801929533 -0.14953205 -0.508023381 -0.200974926 -0.83756876 0.111400001 0.313040018
-0.142623216 0.740923047 -0.156856254 -0.401160985 -0.251088679 -0.880922437 0.0981300026 0.294340014
-0.237560719 0.84022665 -0.0565530472 -0.89781487 0.255170405 -0.358910352 0.158399999 0.311239958
-0.20233354 0.847368002 -0.11510355 -0.819524765 0.288626254 -0.495049566 0.137060001 0.321990013
-0.204396337 0.819559216 -0.114270248 -0.852808058 0.0410236716 -0.52061069 0.133159995 0.312569976
-0.199720994 0.854428053 -0.111211948 -0.818614841 0.171090916 -0.548267841 0.138909996 0.324400008
-0.182815835 0.850192487 -0.136527151 -0.649037123 0.299548805 -0.699300766 0.128150001 0.326070011
-0.181874156 0.795591772 -0.130192742 -0.674372613 -0.188378751 -0.71395731 0.120300002 0.307330012
-0.211115181 0.742506623 -0.090268448 -0.837360263 -0.134523973 -0.529840648 0.130270004 0.285140038
0.0671572611 1.51211619 0.276032299 -0.88225925 -0.132357985 0.451774329 0.292362005 0.897139013
0.0740297735 1.52447808 0.279835284 -0.559113145 0.565201104 0.606580675 0.286455005 0.896155
0.0720555708 1.52681398 0.278657705 -0.619818985 0.570055306 0.539315522 0.286228001 0.895322025
0.0654359683 1.51270294 0.274433613 -0.916433692 -0.0262339562 0.399325818 0.292897999 0.896203995
0.0723066032 1.50381052 0.271587491 -0.623528719 -0.774032295 0.109936595 0.296041012 0.900480986
0.0687989369 1.50433254 0.269360006 -0.697559416 -0.715558529 0.0372392237 0.29599601 0.898681998
0.0654832944 1.53465176 0.260298282 -0.646248281 0.596128643 0.476438671 0.286152005 0.888278008
0.0842911601 1.5314517 0.276935875 0.160693467 0.901119411 0.402692944 0.281078011 0.895775974
0.0777196735 1.53950548 0.258777231 0.135820717 0.929577112 0.342693865 0.281002015 0.889186978
0.0862514824 1.51019633 0.243607387 0.555721045 -0.67226094 -0.489120901 0.307534993 0.89319402
0.0926467478 1.50239885 0.262090445 0.56804055 -0.702054083 -0.429476649 0.304145008 0.901920974
0.0798584148 1.49808753 0.26440081 -0.131856084 -0.952474535 -0.274602205 0.300352991 0.900943995
0.0734030157 1.50571823 0.246135131 -0.149529546 -0.927036941 -0.343865365 0.302179992 0.892121017
0.0997488275 1.51426721 0.26404345 0.950040281 -0.0688446462 -0.304440111 0.271844 0.901296973
0.0926467478 1.50239885 0.262090445 0.56804055 -0.702054083 -0.429476649 0.266885012 0.903352976
0.0862514824 1.51019633 0.243607387 0.555721045 -0.67226094 -0.489120901 0.264674991 0.893647015
0.0932257921 1.52221978 0.245824516 0.934737682 -0.0398379974 -0.353098452 0.270128012 0.892437994
0.0588403866 1.52043927 0.256578207 -0.943246186 0.00396117149 0.332070678 0.293119013 0.88933903
0.0964369774 1.52634597 0.269572139 0.763460517 0.642868161 0.0620364323 0.276506007 0.899311006
0.0900533199 1.53424728 0.251261473 0.747273862 0.664340496 0.015282779 0.275245994 0.890967011
0.0620155185 1.51126802 0.251129538 -0.720149219 -0.692510664 -0.0425931253 0.297116011 0.890492976
0.0672016442 1.55197906 0.228246391 0.128297612 0.934166133 0.332976729 0.280891001 0.877143025
0.0548356287 1.54707134 0.229706392 -0.649620652 0.600524247 0.466222703 0.286422998 0.876680017
0.0632239282 1.51902199 0.215992749 -0.144832209 -0.920211673 -0.363640279 0.302749008 0.877466977
0.0753509179 1.52352393 0.213216245 0.562125146 -0.659102321 -0.499599278 0.308055997 0.877259016
0.0753509179 1.52352393 0.213216245 0.562125146 -0.659102321 -0.499599278 0.26394701 0.877870977
0.0823196098 1.53550661 0.215829477 0.932524145 -0.0304072741 -0.359824955 0.269611001 0.877767026
0.0487623587 1.53324127 0.226773694 -0.949723542 -0.00375184044 0.313067436 0.292760015 0.877022982
0.0791354775 1.54689157 0.221079037 0.74051702 0.671991825 0.00784079544 0.274829 0.877215028
0.0519368984 1.52426553 0.220804185 -0.722584963 -0.68823576 -0.064825207 0.297365993 0.876812994
0.0573932119 1.56302655 0.200802356 0.118914306 0.936719716 0.329265296 0.281031013 0.864978015
0.0452697612 1.55811417 0.201971799 -0.653236866 0.601132631 0.460348934 0.286413014 0.864558995
0.0542731434 1.53145647 0.188963413 -0.132342204 -0.914732099 -0.381773204 0.30201301 0.864561975
0.0652777627 1.53600669 0.186083004 0.567695737 -0.644521236 -0.512165964 0.306876987 0.863775015
0.0652777627 1.53600669 0.186083004 0.567695737 -0.644521236 -0.512165964 0.264806002 0.864439011
0.0720563084 1.54723489 0.18879576 0.927697897 -0.0273628514 -0.372327685 0.270170987 0.864858985
0.0400556587 1.54493988 0.199782252 -0.955188334 -0.0253503006 0.294911265 0.292273015 0.865007997
0.0689714104 1.55804873 0.19369562 0.734425366 0.67868948 0.000120338504 0.275139987 0.864678025
0.0433137789 1.53618371 0.193344876 -0.715524197 -0.693648815 -0.0829243958 0.296858996 0.864319026
0.0471658073 1.57431412 0.172218069 0.107663259 0.940565526 0.322094709 0.281242996 0.852135003
0.0356976874 1.56954169 0.173314035 -0.654339731 0.607453346 0.450377643 0.286244988 0.851786971
0.0448372923 1.54467583 0.16120258 -0.116644323 -0.911457002 -0.394512773 0.300749987 0.851432979
0.0546891168 1.54923499 0.158217996 0.573618591 -0.633756757 -0.518954694 0.305133998 0.850310028
0.0546891168 1.54923499 0.158217996 0.573618591 -0.633756757 -0.518954694 0.266250998 0.851023018
0.0609641671 1.55940151 0.161025554 0.924881399 -0.0226439927 -0.379580826 0.271126002 0.851728022
0.0312157441 1.5570308 0.17180258 -0.959541857 -0.0484008193 0.277374834 0.291601986 0.852396011
0.0581655577 1.56962311 0.165268525 0.728958428 0.684525549 -0.00666376483 0.275709987 0.851607978
0.0344133787 1.54883051 0.165076315 -0.710438907 -0.697385371 -0.0944998041 0.295960009 0.851374984
0.0379407443 1.58396018 0.146149829 0.0823783129 0.952331483 0.293731928 0.281522989 0.840430021
0.0272685625 1.57926536 0.146966353 -0.665432513 0.622486413 0.411959082 0.286121994 0.840095997
0.0360816903 1.55681121 0.136054799 -0.115322851 -0.899389625 -0.421662092 0.299118012 0.839640975
0.0451241769 1.56120574 0.132954583 0.571692944 -0.612640142 -0.545746505 0.303039998 0.838042021
0.0451241769 1.56120574 0.132954583 0.571692944 -0.612640142 -0.545746505 0.267942995 0.838971019
0.0507343002 1.57049358 0.135891035 0.915421188 -0.00592504116 -0.402453601 0.272338986 0.839906991
0.023354087 1.56826842 0.146491721 -0.969244599 -0.0502410829 0.24091664 0.290632993 0.84097302
0.0480965413 1.57992804 0.139569685 0.710904598 0.702473044 -0.0338589326 0.276502997 0.839807987
0.0266748499 1.56037033 0.139367506 -0.722310305 -0.679408491 -0.12911965 0.294860989 0.83978498
0.0319948345 1.58890939 0.129181042 0.0152327335 0.986899018 0.16061841 0.281749994 0.832903981
0.0230577942 1.58459496 0.129364595 -0.704595864 0.660309017 0.259878397 0.286082 0.832418978
0.0307943057 1.56565428 0.120672166 -0.161765888 -0.813826621 -0.558137953 0.297374994 0.832759023
0.0382381678 1.56939876 0.118555419 0.497195125 -0.5177176 -0.696251094 0.299688995 0.830173016
0.0851768404 1.52918839 0.278345406 0.184956044 0.869355857 0.458270282 0.281607002 0.897063971
0.0809763148 1.49895155 0.267106861 -0.135644555 -0.980802715 -0.14009504 0.299580008 0.902769983
0.0928891152 1.5021801 0.264646649 0.605278254 -0.720441818 -0.338529021 0.30260101 0.904430985
0.0928891152 1.5021801 0.264646649 0.605278254 -0.720441818 -0.338529021 0.267666996 0.904488027
0.0984885469 1.51363349 0.266930133 0.968188047 -0.0848325416 -0.235404745 0.272509992 0.902445972
0.0743934885 1.50061333 0.279019952 -0.687497735 -0.725616813 -0.0287601147 0.294937015 0.904259026
0.0698875189 1.50968134 0.283279151 -0.94680506 -0.0612508282 0.315924823 0.292210013 0.89963901
0.0754722804 1.52085555 0.287364662 -0.605394065 0.610939443 0.510147989 0.286731005 0.899362028
0.0813385099 1.49977136 0.289525896 -0.084072642 -0.589369118 0.803477347 0.290316999 0.907364011
0.0888730809 1.49571717 0.286248714 0.0816121995 -0.727213085 0.681542873 0.289862007 0.910544991
0.096392259 1.49759138 0.286813796 0.379733562 -0.605745196 0.69919616 0.286403 0.912172019
0.090373449 1.50599146 0.292061776 0.218327224 -0.333070457 0.917277098 0.286455005 0.909180999
0.102547042 1.50475824 0.286891371 0.61001873 -0.374491662 0.698307335 0.282063007 0.910266995
0.0998337269 1.51110435 0.289584845 0.450308144 -0.132510468 0.882985592 0.281910986 0.908044994
0.0813133344 1.51293206 0.295139819 -0.0174547862 -0.126472428 0.991816521 0.28698501 0.904941022
0.0763695687 1.50621033 0.294441134 -0.243077204 -0.352891475 0.903538167 0.289409012 0.903804004
0.090522632 1.51692581 0.294579327 0.257464558 -0.0304029677 0.965809405 0.283955008 0.905318975
0.0978103206 1.49654186 0.280613482 0.619576395 -0.753261805 -0.220730335 0.291909009 0.912669003
0.0874031559 1.49376678 0.282015204 -0.0607397743 -0.996315002 -0.0605553314 0.292135 0.910166025
0.084879607 1.49613035 0.27521807 -0.126749724 -0.944257259 -0.303830177 0.29698199 0.907666981
0.0957316533 1.49904954 0.273353368 0.585089564 -0.680635154 -0.440914929 0.298601002 0.909744978
0.090762727 1.52135003 0.293648422 0.252242148 0.705794394 0.66198808 0.282288998 0.904031992
0.101683185 1.51430464 0.288017064 0.822132528 0.450175762 0.348482311 0.280321002 0.907894015
0.0776817054 1.51691937 0.294100583 -0.521697402 0.486483485 0.700832248 0.286379009 0.902365029
0.077196233 1.49724138 0.285976738 -0.571628392 -0.798202813 0.190034404 0.292362005 0.906984985
0.10404934 1.50632429 0.283825934 0.980208695 -0.180412665 -0.0815000832 0.280321002 0.911073983
0.0978103206 1.49654186 0.280613482 0.619576395 -0.753261805 -0.220730335 0.280633986 0.913070977
0.0729089379 1.50701499 0.289283454 -0.854981363 -0.193467841 0.481224626 0.290619999 0.90191102
0.0382381678 1.56939876 0.118555419 0.497195125 -0.5177176 -0.696251094 0.269519001 0.831772983
0.0432623103 1.5775286 0.120702609 0.837299705 0.0701994225 -0.542218924 0.27343899 0.832594991
0.0198286884 1.5769124 0.127737612 -0.994783461 0.0189445429 0.100234106 0.290006995 0.832206011
0.0404702984 1.58523858 0.123643853 0.628683686 0.754459798 -0.188539475 0.277146012 0.832436979
0.0224083792 1.56914198 0.124036178 -0.77763021 -0.577921987 -0.247583225 0.293621004 0.833232999
0.0247514192 1.5836302 0.124118954 -0.566508472 0.630557775 -0.530532777 0.291200012 0.828310013
0.0307278167 1.5862838 0.123135351 -0.187162071 0.813527048 -0.55058527 0.292659998 0.82614702
0.0349198729 1.58353198 0.120326631 0.0872199908 0.6443308 -0.759756863 0.294921011 0.825977981
0.0294397231 1.57973218 0.118760504 -0.318248123 0.370676726 -0.872534811 0.294335991 0.828410029
0.0244650785 1.57417202 0.120502435 -0.628887773 -0.0709589645 -0.774251223 0.293660998 0.831080019
0.0222352613 1.5784173 0.123277739 -0.767070055 0.240911394 -0.594613314 0.29162401 0.830515027
0.0330595337 1.57475626 0.117338568 0.0210061986 -0.0274617374 -0.999402106 0.296673 0.829168022
0.0289791785 1.57254136 0.117870852 -0.319968879 -0.231642157 -0.918673933 0.295720011 0.830496013
0.0366682671 1.57905936 0.118192621 0.248081952 0.25753805 -0.933878839 0.296705008 0.827076018
0.0404702984 1.58523858 0.123643853 0.628683686 0.754459798 -0.188539475 0.295724005 0.823525012
0.0432623103 1.5775286 0.120702609 0.837299705 0.0701994225 -0.542218924 0.299145013 0.825623989
0.0230577942 1.58459496 0.129364595 -0.704595864 0.660309017 0.259878397 0.289030999 0.828191996
0.0319948345 1.58890939 0.129181042 0.0152327335 0.986899018 0.16061841 0.290989012 0.824153006
0.0957316533 1.49904954 0.273353368 0.585089564 -0.680635154 -0.440914929 0.273229003 0.910054028
0.10221336 1.5099113 0.275884241 0.948593199 -0.0645538345 -0.309844613 0.275245994 0.908044994
0.10013175 1.51965928 0.280817807 0.791228712 0.605488956 0.085675396 0.277139992 0.905318975
0.0888065994 1.52602684 0.286615998 0.200111866 0.886632204 0.416939437 0.280245006 0.901229024
0.0968093053 1.52457559 0.271757424 0.792792976 0.600316107 0.105356134 0.276585996 0.900554001
0.0503133051 1.72833979 0.1287999 0.0481173694 0.792708576 -0.607698917 0.800361991 0.893197
0.0434981287 1.72994292 0.127723858 0.354573131 0.871017575 -0.340009093 0.798663974 0.893534005
0.0436051935 1.72974718 0.129045501 0.0769984499 0.780695856 0.620149314 0.798482001 0.892592013
0.0505411886 1.72809124 0.129744515 0.0800889432 0.792408288 0.60471046 0.800462008 0.892665982
0.0575712994 1.72867918 0.127271757 -0.366345823 0.80349791 -0.469235331 0.803066015 0.893603981
0.0578850731 1.72857296 0.128111094 0.020310089 0.834377766 0.550818861 0.802910984 0.892982006
0.0432694517 1.72825408 0.129935339 0.00753622968 0.0159237981 0.99984479 0.798269987 0.891848981
0.050693173 1.72756088 0.130014226 0.0811930001 -0.172197431 0.981710672 0.800373018 0.891997993
0.0583820157 1.7275672 0.129080996 0.298114747 -0.197730377 0.933825672 0.802828014 0.892463982
0.0645187721 1.73065317 0.125177577 0.0956087038 0.872412682 0.479327828 0.805293024 0.893343985
0.0656595603 1.72917068 0.126064166 0.568632364 -0.0734315515 0.819307566 0.805396974 0.892619014
0.0691055655 1.73225856 0.119687498 0.1304681 0.949264824 0.286136836 0.807950974 0.89358598
0.0703677088 1.73105669 0.120149873 0.743788958 0.160071075 0.648964822 0.808211029 0.892811
0.0634313151 1.73083961 0.123308674 -0.476539344 0.86367774 -0.164229035 0.804965019 0.894173026
0.0716708228 1.72669792 0.118785225 0.476324379 0.488032728 0.731395304 0.808610976 0.891565025
0.0660537109 1.72412324 0.123302683 0.369202763 0.338508934 0.865506291 0.805953979 0.890681982
0.0587896556 1.72127771 0.126560792 0.2372116 0.326008677 0.91512239 0.803134978 0.889675975
0.0507335588 1.72204709 0.128339991 0.266946971 0.377630562 0.886642218 0.800360978 0.890030026
0.0422596224 1.72308838 0.128966466 0.283021569 0.495485693 0.82121408 0.797541022 0.890133023
0.0800722316 1.75186169 0.114584632 0.784037352 0.0843579173 0.61495465 0.810283005 0.903726995
0.0705300346 1.7611897 0.1232851 0.711950839 0.200306699 0.673055232 0.80459398 0.907020986
0.0683807433 1.75059962 0.126770079 0.664108634 0.0438965447 0.746346295 0.804654002 0.903427005
0.0737133995 1.7449193 0.118761197 0.721240819 -0.121223956 0.681994438 0.808726013 0.900552988
0.0834574029 1.73734689 0.10834159 0.796393991 -0.11452838 0.593834758 0.813412011 0.897081971
0.0753926337 1.73659158 0.113307685 0.641643465 -0.261884838 0.720909178 0.810508013 0.89645803
0.0725718662 1.71567822 0.127247423 0.348346174 0.434305608 0.830682576 0.807020009 0.886300027
0.0794849545 1.72009349 0.120612562 0.528452575 0.501095593 0.685303628 0.810127974 0.888109028
0.0637465715 1.71039701 0.131900981 0.2754834 0.431521535 0.859009981 0.803717971 0.884356022
0.054030437 1.70825362 0.135497779 0.334850013 0.492882699 0.803082883 0.800360024 0.883566976
0.0431069285 1.71410453 0.138690069 0.348494798 0.555419743 0.75502336 0.796465993 0.885664999
0.0137302941 1.74074018 0.158967122 0.557521105 0.611517191 0.561441839 0.780526996 0.893299997
0.0214513391 1.73564613 0.148261741 0.8617149 0.372659236 0.344343632 0.785669029 0.892907977
0.0220437292 1.73998988 0.14134191 0.832377017 0.440701038 0.33605212 0.786852002 0.894686997
0.0139652202 1.74600601 0.150192484 0.687794447 0.381678522 0.617462754 0.781446993 0.89576602
5.76230605e-06 1.74759138 0.157651857 0.00983481295 0.653597057 0.756778836 0.775412977 0.896480024
-3.74303659e-06 1.74159944 0.164443523 0.000708663196 0.716575205 0.697509468 0.775231004 0.893418014
0.021204941 1.72841775 0.154959485 0.87848413 0.352403164 0.322610646 0.785234988 0.889935017
0.0146381781 1.73095727 0.166950494 0.548345089 0.533655226 0.643839896 0.78063798 0.889012992
-4.18629088e-06 1.73100638 0.174172074 0.000577636296 0.579818726 0.814745307 0.775231004 0.88873601
0.029976517 1.69042182 0.154606104 0.569164932 -0.61405915 0.546793103 0.791858971 0.874149978
0.027576033 1.69115746 0.164692014 0.419093639 -0.906701207 0.0474696718 0.78897202 0.876657009
0.0214342549 1.69320273 0.162957594 0.0116844326 -0.980638802 -0.195476338 0.787302017 0.873808026
0.0223387778 1.69295943 0.155254945 0.147784397 -0.666998982 0.730254769 0.788744986 0.873769999
0.0207788758 1.68036675 0.152712271 0.394288987 -0.00565420417 0.918969154 0.787832975 0.868224978
0.033898022 1.68802989 0.146522105 0.25110659 0.0192905311 0.967767179 0.793455005 0.873466015
0.0194036104 1.68424499 0.15740867 0.37574628 -0.431582063 0.820092499 0.787226021 0.870199978
0.0106244069 1.68189359 0.155674323 0.502291977 -0.146465555 0.852203369 0.783764005 0.868255019
0.00875959639 1.68476284 0.159983367 0.791453898 -0.303165078 0.530746162 0.783095002 0.869489014
0.00760594429 1.68486512 0.165547088 0.933245718 -0.356282234 0.0459923707 0.782495022 0.870898008
0.00911153108 1.68538737 0.17111972 0.666468143 -0.562868655 -0.48887518 0.781961977 0.871689022
0.0109792091 1.68067348 0.177257612 0.487975925 -0.784275532 0.383133769 0.779835999 0.872003019
0.00890641287 1.67813921 0.171933621 0.650617599 -0.752489626 0.102254502 0.779528975 0.869315982
0.00796759967 1.67807531 0.166159526 0.764716506 -0.598828495 0.237934873 0.780067027 0.867933989
5.36353446e-06 1.67624629 0.173810288 0.00209835754 -0.96578145 0.259348989 0.775461972 0.868165016
2.5959705e-06 1.67892671 0.180414349 0.00207427843 -0.781382859 0.624048531 0.775308013 0.869700015
1.30021281e-05 1.67515075 0.168879256 0.00162212993 -0.96607101 0.258271724 0.775461972 0.866783023
0.0199121274 1.686257 0.173721477 0.53617692 -0.844075501 -0.00712961983 0.783882976 0.875174999
0.0129609592 1.69084406 0.16890569 0.313775301 -0.873696208 -0.37175265 0.784680009 0.872440994
0.0129609592 1.69084406 0.16890569 0.313775301 -0.873696208 -0.37175265 0.967248023 0.955182016
0.00911153108 1.68538737 0.17111972 0.666468143 -0.562868655 -0.48887518 0.966805995 0.957949996
0.00760594429 1.68486512 0.165547088 0.933245718 -0.356282234 0.0459923707 0.964565992 0.957421005
0.0130364057 1.68948936 0.158569425 0.533347905 -0.665775657 0.521807194 0.963379025 0.953610003
0.0223387778 1.69295943 0.155254945 0.147784397 -0.666998982 0.730254769 0.963811994 0.949433029
0.0214342549 1.69320273 0.162957594 0.0116844326 -0.980638802 -0.195476338 0.966507018 0.950987995
0.0130364057 1.68948936 0.158569425 0.533347905 -0.665775657 0.521807194 0.785820007 0.871833026
0.00841666013 1.67504728 0.15859215 0.371023923 0.137625918 0.91836834 0.780219972 0.865554988
-9.31310933e-06 1.6713891 0.160246313 0.00063277263 -0.12988545 0.991528809 0.775614977 0.865171015
0.00813731272 1.65746319 0.164541513 0.129615307 0.212112248 0.968611538 0.779474974 0.86195302
-2.43234672e-06 1.65826714 0.162154391 -0.000225353448 0.160336956 0.987062275 0.775614977 0.861947
0.0238642618 1.67324555 0.154387146 0.328723252 0.264427245 0.906652808 0.788098991 0.866629004
0.0273620244 1.65572083 0.158304319 0.398896933 0.181822583 0.898789108 0.787922025 0.861411989
0.039147824 1.67573822 0.148367554 0.217472628 0.129224733 0.967474341 0.794784009 0.868984997
0.0448141843 1.65416205 0.150184125 0.339444757 0.0359507389 0.939938724 0.795315981 0.861056983
0.130623192 1.55686343 0.0126480414 0.938757837 -0.257315725 0.229177549 0.86204499 0.828804016
0.120876938 1.5717212 0.038014736 0.915732503 -0.0818550959 0.393362045 0.851131022 0.833467007
0.104745187 1.55563045 0.0686250478 0.867923737 -0.175408423 0.464693755 0.836317003 0.824850023
0.112672783 1.53796244 0.0445374399 0.878629446 -0.3156735 0.3582744 0.846852005 0.819011986
0.0820159763 1.54982281 0.0987851918 0.73728323 -0.284336239 0.612834811 0.816766977 0.82049799
0.0926516354 1.52202439 0.0749805719 0.82555449 -0.336583704 0.452958375 0.831475019 0.810100019
0.0590793975 1.49173093 0.109746218 0.782595754 -0.376669317 0.495645106 0.810654998 0.79440701
0.0529153533 1.50952363 0.12308149 0.765143991 -0.122482471 0.632101834 0.803740978 0.800391972
0.0452614874 1.49468446 0.128785491 0.754940212 -0.136277378 0.641477883 0.799754977 0.794232011
0.0448643379 1.48206997 0.122023925 0.810761511 -0.406483978 0.421232343 0.80210799 0.789288998
0.0361595117 1.4929049 0.138519183 0.727881312 0.0127069028 0.68558532 0.793745995 0.793076992
0.0366149172 1.47413993 0.135874361 0.83736974 -0.33770448 0.429846138 0.794188023 0.786211014
0.0780093744 1.50462234 0.0931040198 0.793088853 -0.366373181 0.486601263 0.821313024 0.801647007
0.0674511418 1.52540565 0.103823639 0.757098198 -0.131626129 0.639903903 0.813874006 0.808613002
0.032026995 1.50954127 0.14104183 0.607948124 -0.0957238898 0.788185239 0.791444004 0.798618019
-1.50213973e-05 1.57736015 0.170170248 -1.52187511e-06 -0.887592554 0.460629374 0.775425971 0.837334991
0.0143396277 1.58040488 0.166095048 0.200933814 -0.872506559 0.445373982 0.780658007 0.837599993
0.0116335452 1.59031415 0.174061328 0.306074858 0.0350890905 0.951360643 0.779772997 0.841372013
1.0539603e-05 1.58740032 0.17390196 -0.000299600244 -0.00622019637 0.999980628 0.775232017 0.840942025
0.0342450403 1.57763362 0.152111128 0.0549337231 -0.942133129 0.330707639 0.789788008 0.835250974
0.0356736407 1.58224082 0.156921282 0.605415463 -0.170463145 0.777441025 0.789686978 0.837328017
0.0471184812 1.57184517 0.136436135 -0.128394142 -0.940433383 0.314801604 0.796958029 0.830847979
0.0506452546 1.57607675 0.139176309 0.612851262 -0.275520831 0.740608931 0.798201978 0.83236903
0.0550823249 1.56536937 0.124557987 -0.229004219 -0.877561569 0.421239614 0.801509023 0.826228023
0.0599082895 1.56869304 0.126103252 0.539822996 -0.376171112 0.75305146 0.803852022 0.827681005
0.0616619475 1.56001854 0.118276365 0.575897276 -0.236499935 0.782566309 0.803713977 0.82210499
0.0667435601 1.55756629 0.115592681 0.619073451 -0.319632351 0.717344642 0.805841029 0.822327971
0.059976697 1.54213035 0.117679976 0.782717764 -0.141204968 0.606146932 0.80645299 0.814081013
0.0557504073 1.55880296 0.128015995 0.840534747 -0.0183373 0.541447163 0.800355017 0.818377018
0.0397263207 1.541394 0.147460282 0.730666518 -0.24429965 0.637529671 0.792717993 0.809096992
0.0468000323 1.52734113 0.136118397 0.752435982 -0.174714938 0.635070801 0.79755801 0.806034029
0.0273669157 1.51937318 0.147260219 0.496751577 -0.299582362 0.814547956 0.788322985 0.801160991
0.0248005129 1.53180981 0.155142158 0.412668318 -0.416650087 0.810004592 0.785409987 0.804997981
0.0104599698 1.53383982 0.157017097 0.116217829 -0.481137365 0.868907571 0.779525995 0.804998994
0.013026895 1.51926672 0.15190509 0.180710763 -0.282831848 0.941992342 0.781413019 0.800553024
0.00012863749 1.51979387 0.152702734 0.0495071188 -0.269203126 0.961810052 0.775416017 0.800424993
5.22102819e-05 1.5347805 0.159099191 0.0402054526 -0.488431513 0.871675551 0.775330007 0.805540025
0.0133390939 1.58072257 0.154952586 -0.12286716 -0.957729518 -0.260111243 0.780740976 0.834306002
-6.21509707e-06 1.58026421 0.156884223 -0.000245102099 -0.946438372 -0.32288453 0.775431991 0.833312988
0.0144537799 1.58774257 0.143561989 -0.335791528 -0.605802476 -0.721281767 0.781452 0.829972029
2.17178945e-06 1.58719611 0.145085752 -0.000304813555 -0.665257037 -0.746614277 0.775393009 0.829656005
0.0301720798 1.57893276 0.141594395 -0.415488988 -0.896350801 -0.154674232 0.788761973 0.832059979
0.0262365676 1.58555567 0.135594696 -0.681806147 -0.50018841 -0.533808827 0.786373973 0.829635024
0.0404154286 1.5744853 0.127588674 -0.531746566 -0.846903622 1.08683362e-05 0.79360199 0.828594983
0.0343457535 1.5791223 0.123259157 -0.780412376 -0.480308414 -0.400325328 0.790063024 0.827140987
0.0502757244 1.56734335 0.118573919 -0.542044103 -0.80323267 0.246992901 0.797918022 0.826186001
0.0555480905 1.56127143 0.114659004 -0.0443750545 0.843596756 0.535140395 0.800092995 0.823009014
0.0534746908 1.56257093 0.131878108 0.853471994 0.282671332 0.437815577 0.798434019 0.817579985
0.0397146419 1.54874766 0.153129071 0.698601842 -0.148265705 0.699980557 0.789375007 0.811495006
0.0392900594 1.55812359 0.153723538 0.540635288 0.481125712 0.690095246 0.788381994 0.814541996
0.0485115759 1.56529844 0.131272778 0.502207696 0.825574458 0.257321268 0.796186984 0.817961991
0.0189169142 1.56330824 0.142762557 -0.348904699 0.835612774 -0.424284041 0.943466008 0.801132023
0.0296142604 1.56715775 0.134749174 -0.337911308 0.879647255 -0.334719062 0.93828398 0.798771977
0.0270504318 1.55645382 0.127422184 -0.524067402 0.68633759 -0.504275858 0.940557003 0.793879986
0.0177529361 1.55207193 0.13279821 -0.448946774 0.747877657 -0.48900497 0.944983006 0.795278013
0.0240594596 1.54367149 0.16169259 0.380137861 -0.29699111 0.875951707 0.783387005 0.808789015
0.023787491 1.55656862 0.163063288 0.33480674 0.372580439 0.865498841 0.782468975 0.81287998
0.0341281779 1.56566083 0.146079674 0.181633517 0.931118488 0.316271633 0.787559986 0.817736983
0.0208444279 1.56503749 0.152695388 0.0889268965 0.936410606 0.339451194 0.782467008 0.817620993
0.00664201425 1.56147134 0.145946503 -0.263632834 0.74351716 -0.61455667 0.948840976 0.802559972
0.00627632858 1.5489769 0.137001678 -0.335067987 0.784338593 -0.522056103 0.949769974 0.796491027
0.0111177005 1.54356766 0.165889263 0.119522192 -0.281215757 0.952172339 0.778847992 0.808871984
0.010572792 1.55902147 0.164838269 0.129537091 0.461081564 0.877851963 0.778401017 0.81399399
0.00818641018 1.56521833 0.153970256 0.0165844299 0.981880963 0.188772112 0.778096974 0.818194985
-3.00271267e-07 1.5448103 0.166548058 0.0106217125 -0.213123053 0.976967573 0.77530098 0.809333026
-1.06873531e-05 1.56024635 0.164359629 0.000830174249 0.501549661 0.865128517 0.775325 0.814626992
-1.06428724e-05 1.56020355 0.147217304 0.00118195137 0.699679434 -0.714455903 0.952260971 0.802781999
-4.92027948e-06 1.54707468 0.138871536 0.000190311795 0.837448239 -0.546516538 0.952212989 0.796787024
-1.09876255e-05 1.5650593 0.15407373 0.00240706396 0.991599679 0.129322946 0.775336981 0.818288982
0.0486817844 1.56161475 0.112126827 -0.789881647 0.460556686 -0.404937685 0.796552002 0.823541999
0.0412015244 1.56438828 0.120978236 -0.302253544 0.821184516 -0.484044164 0.79351002 0.822721004
0.0421974175 1.56594872 0.130340397 0.207686782 0.975194812 0.0765589327 0.793467999 0.819613993
0.0296142604 1.56715775 0.134749174 -0.337911308 0.879647255 -0.334719062 0.787719011 0.822489023
0.0412015244 1.56438828 0.120978236 -0.302253544 0.821184516 -0.484044164 0.933569014 0.793263972
0.0386478826 1.55718851 0.119221218 -0.457658172 0.689878345 -0.560907245 0.935656011 0.790894985
0.0322257802 1.46263623 0.125879005 0.552841306 -0.83079648 -0.0643724725 0.796153009 0.780722022
0.0433038399 1.47270715 0.110228926 0.562048793 -0.826451302 -0.0328534916 0.806396008 0.78451103
0.0577360056 1.48277283 0.0935654938 0.562642395 -0.826331973 0.0246813204 0.816922009 0.789557993
0.0742667019 1.49381089 0.072168231 0.620653689 -0.782052815 0.0564122722 0.829244971 0.79569
0.0934588611 1.50698543 0.0479477495 0.705887198 -0.69767046 0.122389883 0.842809975 0.803571999
0.114253201 1.52022839 0.0148353362 0.766996503 -0.641620338 0.00629234314 0.859090984 0.812485993
0.127680317 1.54827833 -0.0115855616 0.807879925 -0.520561337 -0.276307821 0.871801019 0.825389981
0.134404823 1.57153714 -0.01876924 0.941586912 -0.193718478 -0.275476396 0.875393987 0.836359978
0.13572517 1.58984494 0.0127201723 0.963759661 0.0641376227 0.258947194 0.863074005 0.842922986
0.135543063 1.6091758 -0.0131662125 0.958340585 0.217476696 0.185167938 0.873567998 0.853115976
0.133303076 1.5900166 -0.0205371995 0.932650149 -0.0223351754 -0.360089868 0.877228975 0.844926
0.139568329 1.61746085 -0.0227080509 0.913882792 0.0997765586 0.393526137 0.874962986 0.857133985
0.130840704 1.60461986 -0.0203594565 0.733569205 -0.343242854 -0.586566687 0.878777981 0.852266014
0.139570609 1.60743546 -0.0236156508 0.773721933 -0.629641175 0.0700463951 0.878448009 0.855786979
0.140503943 1.60917687 -0.0326413326 0.71357733 -0.609311223 -0.345755935 0.880953014 0.85830301
0.1398554 1.62182295 -0.0328938738 0.9941625 0.090257585 0.0591138937 0.877066016 0.859916985
0.135883704 1.62961376 -0.0213415697 0.863518417 0.243728444 0.441511482 0.871253014 0.861772001
0.138915256 1.63350642 -0.0300750323 0.850485265 0.4877913 0.196810827 0.874530017 0.864184022
0.139456332 1.6287564 -0.04183257 0.995117307 0.0607838556 0.0777616948 0.880034029 0.863750994
0.139309809 1.62065887 -0.0444898494 0.756770074 -0.490151495 -0.432493627 0.883127987 0.864435017
0.127946362 1.68414557 -0.0229799226 0.819417894 0.256286293 0.512710094 0.865068972 0.88706398
0.120825872 1.66858506 -0.00915461592 0.934862733 0.145988598 0.323603392 0.862433016 0.877759993
0.126944572 1.65915525 -0.0175827872 0.925232768 0.116743691 0.360991895 0.865315974 0.87450999
0.128144726 1.67957103 -0.0253723394 0.975488067 -0.096912235 0.19756259 0.866284013 0.883881986
0.140580624 1.63983607 -0.0518824123 0.961302221 -0.015956426 0.275033712 0.881456017 0.869810998
0.141455367 1.63418543 -0.0575556643 0.785529912 -0.489221156 -0.378953189 0.884607017 0.871792018
0.145597622 1.65403068 -0.0615987293 0.885367572 -0.0937517807 0.455340356 0.881902993 0.879055023
0.147585377 1.65080476 -0.0690414086 0.712505162 -0.525872946 -0.464536399 0.88479501 0.879518986
0.15286541 1.6649667 -0.0663447827 0.820234418 -0.291635185 0.492101848 0.882444978 0.884404004
0.152828574 1.66314387 -0.0748634115 0.632541239 -0.28281033 -0.721047819 0.885165989 0.883971989
0.156045765 1.67286026 -0.0644729808 0.776043236 -0.308439493 0.550110877 0.881703019 0.88706398
0.155435562 1.67289042 -0.0719298124 0.664141178 0.139335796 -0.734507978 0.884423971 0.887372017
0.134162009 1.69849205 -0.0327575468 0.56017971 0.559470952 0.610893607 0.86837399 0.895434022
0.134547532 1.69061518 -0.0328856744 0.877435088 -0.38271752 0.289197385 0.867914021 0.891021013
0.14134936 1.69422925 -0.0409946181 0.787357152 -0.318293363 0.52797538 0.872179985 0.894730985
0.140519738 1.7027626 -0.0438341647 0.498394102 0.843384206 0.200764537 0.873255014 0.898813009
0.146608397 1.69334435 -0.0496082231 0.667581439 -0.236633658 0.705931604 0.874827981 0.892232001
0.148998961 1.7016691 -0.0534771383 0.522903264 0.850487053 -0.0569547005 0.87620002 0.897203982
0.154765204 1.69390595 -0.0597246774 0.782568038 0.575809836 -0.236707121 0.879290998 0.893864989
0.152903721 1.6880281 -0.0546042919 0.628285289 -0.215705708 0.747481465 0.877435982 0.891640007
0.156864896 1.68325317 -0.0657302886 0.782836735 0.319861382 -0.533718526 0.882569015 0.891083002
0.15559262 1.68090677 -0.0603751875 0.708454847 -0.276028007 0.649538457 0.880095005 0.889660001
0.130097896 1.63812447 -0.0134247206 0.842207372 0.163988292 0.51360935 0.868285 0.864740014
0.134041771 1.63649857 -0.0191920251 0.95288372 0.303274453 -0.00610058848 0.870325029 0.865359008
0.127501473 1.65595031 -0.0226352289 0.974402845 0.0997392908 -0.201472282 0.867573023 0.873373985
0.136770502 1.63745677 -0.0380031206 0.766808867 0.481568992 0.424376756 0.877622008 0.866719007
0.13915275 1.64526224 -0.0454642512 0.805257678 0.178545997 0.5654037 0.878611982 0.870862007
0.129520744 1.6354512 -0.0266008582 0.744552553 0.635567546 -0.204194531 0.872798979 0.866472006
0.121415786 1.65186334 -0.0253030527 0.952955008 0.123103544 -0.276988089 0.870325029 0.872655988
0.127356425 1.64196849 -0.0391279571 0.689157248 0.500993788 0.523514807 0.875519991 0.870119989
0.120040499 1.65034652 -0.0353610069 0.936361969 0.0860527903 0.340324968 0.872983992 0.872717023
0.129353926 1.68768632 -0.0374674536 0.888894081 -0.352722913 0.29232496 0.869087994 0.887867987
0.134322062 1.68984544 -0.0453814156 0.762961566 -0.388564259 0.516630888 0.871253014 0.891330004
0.140328839 1.68982971 -0.0516216755 0.569931924 -0.462584436 0.679112196 0.87429899 0.889358997
0.125340894 1.6759696 -0.0314995535 0.969657958 -0.0731104463 0.233277231 0.867680013 0.882224023
0.143427297 1.68468523 -0.0560808033 0.585297465 -0.254434288 0.769863665 0.876097023 0.888095021
0.137029037 1.68164515 -0.0444177873 0.779551744 0.13026154 0.612642646 0.872119009 0.886382997
0.145546541 1.67891824 -0.0590173341 0.622082412 -0.248300284 0.742536485 0.876818001 0.886444986
0.128143981 1.66588664 -0.031845782 0.911318421 -0.206986651 0.355886549 0.86986202 0.878928006
0.13840799 1.67386317 -0.0459483899 0.82599628 -0.0268531255 0.563035667 0.873787999 0.883414984
0.145473659 1.67284787 -0.0612331703 0.688656747 -0.213577121 0.692919016 0.877745986 0.884404004
0.128730908 1.65955079 -0.0387325808 0.775093555 -0.260578036 0.575611949 0.873035014 0.877020001
0.139862165 1.66723692 -0.0481240153 0.843600273 -0.133064434 0.520223498 0.875678003 0.88094902
0.132729664 1.65223813 -0.043058265 0.624053776 0.0443740971 0.780120492 0.876632988 0.874758005
0.143716648 1.66570449 -0.0621214435 0.757293344 -0.0621775948 0.650108218 0.87944001 0.882721007
0.141304299 1.65504408 -0.0565450191 0.855369031 0.0676815882 0.513578594 0.880169988 0.878151
0.141649261 1.65960145 -0.0513214543 0.854620337 -0.0465640612 0.51716125 0.878058016 0.87885797
0.13277778 1.61826086 -0.046720095 -0.0521714315 -0.717862666 -0.694227159 0.885618985 0.863992989
0.134538516 1.63343954 -0.0603512563 -0.15714173 -0.573354423 -0.80409652 0.887136996 0.872111976
0.138229147 1.65051603 -0.0721716434 -0.236534804 -0.371321261 -0.897870779 0.888814986 0.879952013
0.141480923 1.66399717 -0.0764862597 -0.281273782 -0.0180375706 -0.959458053 0.889308989 0.885146022
0.144690573 1.67396545 -0.0748028383 -0.193322673 0.31752491 -0.928334236 0.887763023 0.88972199
0.146760955 1.6836673 -0.0704174861 -0.0671772361 0.427341133 -0.901591301 0.885599017 0.893495023
0.147538036 1.69276428 -0.0654381588 0.0492403582 0.562964559 -0.825012922 0.881578982 0.895349979
0.140734673 1.69706845 -0.0614084788 -0.0274810735 0.694041729 -0.719410121 0.880200982 0.899658024
0.130324841 1.70487082 -0.051272735 0.876918077 0.420824051 -0.232210875 0.87579 0.903600991
0.124650255 1.70708859 -0.0377381667 0.925468862 0.208399773 0.316349328 0.867622972 0.90050298
0.117856644 1.69729531 -0.0207837559 0.939283431 0.117342778 0.322455198 0.862595975 0.894855022
0.125664026 1.69882429 -0.0594904795 0.747300923 0.0838707015 -0.659171522 0.882547975 0.903037012
0.133387238 1.68441641 -0.0631116778 -0.23930794 0.346613139 -0.906968117 0.888180971 0.897687018
0.133874923 1.67531502 -0.065558739 -0.416465968 0.232059821 -0.879036069 0.890528023 0.892430007
0.131574586 1.66627371 -0.0663195848 -0.483875453 0.0844086856 -0.871056557 0.892687023 0.887830019
0.12661092 1.65518928 -0.0648967847 -0.459112108 -0.196858585 -0.866292536 0.893343985 0.88154
0.124865189 1.63696945 -0.0572554246 -0.381130129 -0.441184223 -0.812463164 0.891936004 0.872622013
0.125495687 1.6211344 -0.0445946343 -0.066791229 -0.566713989 -0.821202815 0.888415992 0.863909006
0.130213752 1.60739732 -0.0310962368 0.497782379 -0.647518098 -0.577003539 0.883625984 0.855998993
0.122766979 1.6840992 -0.0633048341 0.669493139 -0.0891240314 -0.737452269 0.889589012 0.900785029
0.120158523 1.67622614 -0.0634174198 0.573525429 -0.166087106 -0.80217433 0.893907011 0.895434022
0.117584623 1.66794944 -0.0624545477 0.57564038 -0.13424632 -0.806607664 0.89606601 0.890177011
0.116551653 1.65598428 -0.0616345443 0.618034244 -0.176562414 -0.766067564 0.897379994 0.882854998
0.115280494 1.63788116 -0.0534301549 0.714867353 -0.242592037 -0.655830503 0.89606601 0.873372972
0.115283512 1.62129784 -0.0458962582 0.812825859 -0.166807458 -0.558112442 0.893343985 0.864080012
0.118552864 1.60532284 -0.0394179933 0.892315626 -0.0886249244 -0.442626715 0.889258981 0.855588973
0.121420167 1.58943737 -0.0264679324 0.878992915 -0.0497788675 -0.474229395 0.88361001 0.845834017
0.118810326 1.57011199 -0.0244605113 0.924634278 -0.0624879524 -0.375694811 0.882067978 0.835107028
0.116996631 1.5465498 -0.0143835377 0.901037514 -0.358377635 -0.244328976 0.875633001 0.822614014
0.120997205 1.7362498 -0.0264584515 0.974671245 -0.0175455362 0.222953439 0.860554993 0.909510016
0.113432184 1.72960174 0.000821992813 0.983021319 -0.0239789598 0.181917801 0.852494001 0.902254999
0.11656072 1.69021332 -0.00199868716 0.970269203 0.0694519058 0.231849402 0.857788026 0.886572003
0.108348303 1.74001384 0.0429870784 0.978932917 -0.0037711286 0.204147696 0.836301029 0.902377009
0.105596624 1.71154273 0.0479897112 0.986652315 0.0261009187 0.160735637 0.837819993 0.890419006
0.115421407 1.75722444 0.00513977697 0.979324877 -0.0171055514 0.201568946 0.847148001 0.912802994
0.104720749 1.76647043 0.0464115702 0.933646679 0.166551083 0.3171193 0.831099987 0.912663996
0.113725662 1.78413951 0.010376866 0.947140098 0.137763858 0.289735824 0.841014981 0.922833979
0.0934568793 1.79257381 0.052416008 0.860267818 0.282163382 0.424644709 0.823917985 0.92295301
0.104493059 1.81593668 0.0183745269 0.879911423 0.313763499 0.356803089 0.832637012 0.934722006
0.0759461075 1.81432259 0.0692129955 0.816672504 0.31545496 0.483253866 0.812370002 0.930361986
0.0859174132 1.84392881 0.0383705534 0.809648752 0.44032526 0.388049632 0.819190979 0.944083989
0.102539547 1.66714442 -0.0818970725 0.752019346 -0.105179392 -0.650695145 0.901979983 0.89496398
0.102486961 1.64847684 -0.0796813443 0.809085429 -0.0501774214 -0.585544944 0.904326975 0.885294974
0.105913013 1.68289316 -0.0832373202 0.711421609 -0.201637149 -0.673217475 0.89775598 0.903412998
0.0578057803 1.82409894 0.0933762416 0.682946563 0.44952473 0.575770259 0.800090015 0.932161987
0.0627237856 1.86229467 0.0604119115 0.627350628 0.611743271 0.481872678 0.804899991 0.949743986
0.0374798588 1.82464135 0.114341646 0.490830392 0.54365176 0.680829108 0.789273024 0.930670023
0.028102817 1.86441433 0.0848926529 0.352843583 0.708766401 0.610861361 0.787513018 0.950160027
7.88007753e-07 1.86366606 0.0918811783 0.000423902209 0.73759681 0.675241172 0.775273025 0.950146973
0.026460018 1.89667416 0.0359202288 0.305026919 0.902671337 0.303550571 0.795953989 0.971835017
2.856528e-06 1.89967918 0.0447406285 0.000420911703 0.914492726 0.404602349 0.775224984 0.972894013
0.0580825284 1.88560355 0.0198492315 0.533787429 0.824864566 0.186196774 0.81288898 0.964568973
0.0828430504 1.86748827 -0.00230778009 0.715956748 0.691237569 0.0979620144 0.828072011 0.957943022
0.109880246 1.84076369 -0.0220910683 0.848227501 0.5185799 0.107633397 0.842364013 0.947701991
0.123354673 1.80344963 -0.0304661188 0.964699566 0.216759428 0.149566144 0.851963997 0.934287012
0.122223638 1.76973104 -0.0301663503 0.983861387 0.00410877494 0.178884968 0.857375979 0.921348989
0.125584349 1.73578715 -0.0463050529 0.995544195 -0.00668495661 0.0940592661 0.868592024 0.910601974
0.123827331 1.7274369 -0.0627924502 0.966756403 -0.0570320822 -0.249257743 0.876024008 0.910534978
0.127923787 1.77181137 -0.058150515 0.994885027 0.0558753163 -0.0841536596 0.865850985 0.925651014
0.12197414 1.81415236 -0.0607517436 0.823034704 0.480082065 -0.303537786 0.858543992 0.941119015
0.0971336216 1.84401321 -0.0513789728 0.598667026 0.715183437 -0.360708356 0.849456012 0.954326987
9.85009692e-08 1.89745247 0.00801201537 0.000692426169 0.962239623 -0.272202939 0.808381975 0.984694004
0.0239472073 1.89303696 -0.000415463961 0.157454669 0.942012668 -0.296344638 0.812731028 0.979098976
0.119464874 1.71439481 -0.0730296522 0.849768162 -0.127403691 -0.511529326 0.883298993 0.910641015
0.122830845 1.76401246 -0.0816148743 0.904161811 0.0247427113 -0.426472962 0.874119997 0.926797986
0.111465506 1.80321717 -0.0923968852 0.608079374 0.486534685 -0.627314508 0.869053006 0.942627013
0.112587877 1.69818568 -0.080411613 0.75324744 -0.183610126 -0.631589651 0.891090989 0.907637
0.110785417 1.74380505 -0.0968034789 0.780077159 -0.0885917768 -0.61937958 0.883745015 0.923886001
0.0961818099 1.7803303 -0.113489904 0.523719907 0.324922711 -0.787491322 0.88013798 0.940840006
0.0979042873 1.72166121 -0.103093654 0.659703434 -0.200645864 -0.724246264 0.892687976 0.919107974
0.0868673101 1.69583809 -0.104874283 0.589941442 -0.205350846 -0.780896902 0.901773989 0.911660016
0.080924049 1.6681205 -0.105181545 0.619151473 -0.0493316203 -0.783720493 0.909443974 0.901618004
0.0625648573 1.70609999 -0.12192791 0.396127045 -0.213565126 -0.893013656 0.907939017 0.922650993
0.0580571592 1.66790414 -0.117173783 0.412752122 -0.0070172511 -0.910816431 0.917259991 0.908176005
0.0800192803 1.7469945 -0.126839191 0.47668615 -0.00353666162 -0.879066408 0.893649995 0.934759974
0.0353427865 1.71578276 -0.135235637 0.163242519 -0.165644631 -0.97258091 0.913882971 0.93422401
0.0318334363 1.67211974 -0.124165885 0.189021394 -0.036789041 -0.981283545 0.924844027 0.91674
1.37424513e-06 1.72165751 -0.140890673 0.00244588917 -0.11885418 -0.992908716 0.922981977 0.945473015
-6.40256303e-07 1.67320263 -0.12681511 0.00210324046 -0.047770232 -0.998856068 0.935263991 0.924459994
0.0520287938 1.8815558 -0.0141960494 0.311040193 0.891480446 -0.329418689 0.824804008 0.970708013
0.0751295835 1.86310577 -0.0347882845 0.385894716 0.840543747 -0.380225569 0.838607013 0.963162005
-1.72376701e-06 1.87344491 -0.0445329733 0.000346716115 0.848745942 -0.528800607 0.837960005 0.990719974
0.0312416498 1.86461484 -0.0532744154 0.121030599 0.817656934 -0.562839866 0.842850029 0.978944004
0.0679170489 1.8404814 -0.0754134506 0.266562909 0.740360022 -0.617098927 0.857259989 0.963860989
0.0551298596 1.81376207 -0.109592877 0.212336496 0.610053062 -0.763379753 0.875217974 0.961537004
0.0243362878 1.82511628 -0.100552596 0.0640403405 0.703273416 -0.708029151 0.87224102 0.974554002
-9.85009692e-08 1.83187819 -0.0937935039 -0.000236156688 0.744746149 -0.667347848 0.870927989 0.984651983
8.37258256e-07 1.78176057 -0.138974741 0.00212282245 0.333467931 -0.942758977 0.901184976 0.968638003
0.0471318252 1.76919699 -0.141256601 0.200337365 0.23447749 -0.951254547 0.896064997 0.950569987
4.92504846e-08 1.63617849 -0.136594102 0.00195171917 0.0233138986 -0.999726355 0.944029987 0.909388006
0.0353831798 1.63706279 -0.132853583 0.205733404 0.0269884542 -0.97823596 0.931994975 0.901926994
0.0626253411 1.63783514 -0.121826448 0.461280406 0.0237086844 -0.886937618 0.922689021 0.894991994
0.0841517895 1.6399138 -0.10337051 0.696779311 0.00594166666 -0.717260838 0.913506985 0.888819993
0.10402938 1.62695312 -0.075357005 0.857332885 0.00962281693 -0.514672697 0.903696001 0.873848975
0.0220550578 1.4683888 0.0930847302 0.291781306 -0.916805744 -0.272636831 0.808205009 0.773172021
0.0336443074 1.47480333 0.0819641873 0.346383244 -0.914059341 -0.210983947 0.816739023 0.777194023
0.0483331569 1.48415697 0.0667089745 0.396955848 -0.910010397 -0.11961209 0.82682699 0.782873988
0.0654752702 1.49354732 0.0486729816 0.486687809 -0.873498976 -0.0115918769 0.837947011 0.790078998
0.0855509937 1.50626981 0.0263657011 0.571299493 -0.819278419 0.0489860475 0.851411998 0.798915029
0.102716282 1.52286696 0.00429309998 0.733148217 -0.677353859 -0.0607078783 0.864594996 0.809085011
0.0115917725 1.46451342 0.0988298431 0.126575291 -0.949132264 -0.288316786 0.801307976 0.769312978
2.19558365e-06 1.46288264 0.101166688 -0.0378198102 -0.967824101 -0.248769373 0.797204971 0.765152991
0.00033222718 1.47145975 0.0800257698 0.0182062741 -0.983429968 -0.180372074 0.810220003 0.762996972
0.00868295133 1.47145736 0.0790848807 0.150577307 0.000537531916 0.988598108 0.812766016 0.765430987
0.0192062501 1.47416115 0.0736362264 0.178775176 0.521143615 0.834535003 0.817916989 0.768824995
0.0321232155 1.47756982 0.0682283416 0.229830042 0.649187982 0.72507453 0.824308991 0.773397982
0.0476571694 1.48258281 0.0562218092 0.229879484 0.718888938 0.656013787 0.832603991 0.779633999
0.0683178306 1.48974168 0.0397521928 0.27454412 0.73685658 0.617792726 0.842935979 0.787451029
0.0948502794 1.50240052 0.0216925833 0.36822325 0.690866709 0.622185469 0.855455995 0.797190011
0.107388496 1.51872373 1.019924e-05 0.545220137 0.581061959 0.604236782 0.867761016 0.807669997
0.122391991 1.53713191 -0.0256930944 0.746811986 0.557532787 0.362531543 0.881923974 0.819561005
0.120745353 1.55497265 -0.0449814126 0.857953131 0.513590455 0.0118886651 0.891794026 0.831261992
0.115739524 1.57161832 -0.0531357601 0.887947381 0.390457481 -0.243089572 0.89684999 0.84188199
0.109781578 1.59171641 -0.0621003434 0.912581861 0.257043868 -0.317998081 0.900649011 0.853619993
0.106295936 1.60819101 -0.0699559599 0.88892895 0.0891337693 -0.449289083 0.903081 0.863556981
0.08638338 1.60908532 -0.101103254 0.700369358 0.0971391201 -0.70713985 0.917594016 0.874715984
0.0632795244 1.60388422 -0.117316179 0.442163944 0.0497022718 -0.895556033 0.928355992 0.880546987
0.0343838744 1.59987068 -0.126402751 0.169995353 -0.0247459877 -0.985134125 0.939409971 0.88746798
-4.92504846e-08 1.59723949 -0.128806978 0.00370180304 -0.0489818938 -0.998792768 0.951465011 0.894823015
0.0995312855 1.57067108 -0.100177288 0.660107374 0.495114863 -0.564906657 0.920243979 0.855502009
0.128906459 1.53004122 -0.100006387 0.675217032 0.672795236 -0.302371621 0.915220022 0.837341011
0.0674398616 1.56356919 -0.123814039 0.296033621 0.519899428 -0.801291943 0.936978996 0.865240991
0.0349693112 1.56097519 -0.129911721 0.0681025609 0.457595706 -0.88654846 0.948580027 0.874300003
2.01747326e-07 1.55898559 -0.131159708 0.00163319299 0.442967117 -0.89653641 0.959837019 0.883309007
0.151355341 1.5167135 -0.0804166496 0.682748735 0.729963005 -0.0317499489 0.908568025 0.822134972
0.157709077 1.46321547 -0.162650079 0.431891114 0.576241732 -0.6938411 0.950478017 0.820032001
0.147107452 1.50208843 -0.14084664 0.504054844 0.659023702 -0.558226109 0.934221029 0.828764975
0.171262696 1.50112319 -0.112269454 0.540772498 0.780040383 -0.314804882 0.923358977 0.815387011
0.184969097 1.46575415 -0.14822033 0.486802429 0.630051434 -0.605027735 0.942975998 0.80824101
0.115177087 1.51360869 -0.149904981 0.423051178 0.599564493 -0.679374874 0.941100001 0.841414988
0.117167249 1.47586787 -0.17121914 0.298960507 0.468834907 -0.831153691 0.957305014 0.832126975
0.0778713897 1.52586043 -0.157060817 0.201547146 0.569002748 -0.797254443 0.950860977 0.852469981
0.077249743 1.47891188 -0.177350476 0.148694381 0.396760553 -0.905798674 0.966271996 0.841045022
0.0380633995 1.51925731 -0.16464144 0.0363197513 0.504308403 -0.862759471 0.963558018 0.86096102
0.0355394334 1.47442245 -0.180565029 0.0451300815 0.344949365 -0.937535703 0.977397025 0.850410998
1.03094315e-07 1.51545238 -0.16706261 8.99271708e-06 0.492352337 -0.870395958 0.974355996 0.869967997
-6.34743174e-08 1.47329891 -0.181157202 6.61497597e-06 0.325754941 -0.945454299 0.986419022 0.85948199
0.157708496 1.50685608 -0.0402180292 0.677492082 0.673263311 0.296177238 0.896112978 0.809423029
0.148921058 1.49077308 0.00175990781 0.563935161 0.592247427 0.575517237 0.882111013 0.796858013
0.130779222 1.47340465 0.0324970633 0.5151968 0.614488304 0.597475111 0.868780017 0.785279989
0.105254024 1.47046602 0.0627591088 0.375875711 0.699532509 0.607759595 0.855241001 0.775403976
0.0785656497 1.46035051 0.0810578316 0.239377752 0.715579689 0.656234682 0.843954027 0.767475009
0.0532077923 1.45546591 0.0910504535 0.143299967 0.724956751 0.673722982 0.833787978 0.762546003
0.0265921634 1.45315528 0.0963113308 0.0211494826 0.706897616 0.70699954 0.823692977 0.758623004
3.61842831e-05 1.46034312 0.0872382298 0.0151137132 0.69974792 0.714229941 0.813018978 0.759796977
0.0372268893 1.42179537 0.126412541 0.0854436234 0.586015344 0.805782557 0.830296993 0.743359029
-1.61323487e-06 1.41829371 0.129044726 0.0177606605 0.593349278 0.804749191 0.817363024 0.738994002
0.042328801 1.39255595 0.141063079 0.145337179 0.449333042 0.881462991 0.834426999 0.731896996
3.23598215e-07 1.3898989 0.145790234 0.0137572726 0.461966038 0.886790931 0.819646001 0.727145016
0.068710357 1.42622161 0.117602177 0.300671935 0.534490049 0.78988409 0.841012001 0.748535991
0.0780928731 1.39541316 0.126561373 0.409775913 0.366706014 0.835230768 0.846958995 0.737814009
0.0972310603 1.43257821 0.0976606235 0.474566907 0.462501138 0.748918414 0.851517975 0.75591898
0.10772901 1.4035939 0.0989717841 0.601356924 0.270244837 0.751889408 0.858372986 0.746845007
0.128369763 1.43923438 0.0696846396 0.641668558 0.418009162 0.64306277 0.864313006 0.764649987
0.139251739 1.41327024 0.0665917844 0.731571972 0.259857535 0.630298674 0.871475995 0.756127
0.154264167 1.44633186 0.027224686 0.722732484 0.385012865 0.573953569 0.879741013 0.776288986
0.168370351 1.42743516 0.0171535611 0.770621419 0.291454345 0.56674242 0.887975991 0.769815981
0.170830995 1.47280514 -0.00885407999 0.69806993 0.466039181 0.543604434 0.893521011 0.789897025
0.182391509 1.46263397 -0.0164079145 0.751124382 0.355515033 0.556256354 0.900366008 0.785820007
0.174210176 1.49442911 -0.0436791666 0.663788557 0.712349236 0.227910563 0.902903974 0.80221498
0.0164847802 1.50721967 0.149945676 0.396176517 0.102410652 0.912445188 0.783053994 0.797406971
-3.92573293e-06 1.50998902 0.151337594 0.0435386971 0.111999303 0.992754042 0.775349975 0.797856987
0.0260159709 1.4884181 0.150530562 0.631483436 0.0987040251 0.769081414 0.786786973 0.791101992
-1.03378325e-05 1.49774075 0.155977696 0.0445086956 0.264797091 0.963276446 0.775246978 0.793639004
0.01107697 1.4971391 0.155246764 0.220846012 0.269744068 0.93726474 0.779964983 0.793614984
1.62526601e-06 1.48325682 0.157340527 0.0220973808 -0.11595992 0.993008077 0.775128007 0.788357019
0.0152202714 1.48256254 0.158197254 0.239036724 -0.0176172145 0.970850706 0.781238019 0.788493991
0.0286118668 1.46816003 0.148351356 0.722868145 -0.359881908 0.589870036 0.787449002 0.784258008
0.016205674 1.46630144 0.156015873 0.186692506 -0.44230938 0.87721628 0.781715989 0.78333801
0.0200756807 1.45413005 0.135258868 0.251423061 -0.967861891 -0.00545729976 0.786575019 0.776654005
0.0143241566 1.45745635 0.147441864 0.00809970405 -0.842120171 0.539229095 0.781633019 0.779522002
0.000209319332 1.47030997 0.151149422 -0.0419502705 -0.498218298 0.866036236 0.775030017 0.782751024
7.88961279e-06 1.46302187 0.143086493 -0.0924469605 -0.856213927 0.508282661 0.774852991 0.778160989
5.03887259e-06 1.45673859 0.132508501 -0.0650070384 -0.994714677 -0.0794782415 0.774990022 0.771516025
0.126951352 1.63062835 -0.00949650351 0.895473242 0.279183418 0.346675843 0.866244018 0.86214298
0.109643877 1.67829633 0.0278776847 0.981470525 0.0208869055 0.190471649 0.848223984 0.878777981
0.118404508 1.65392065 0.0087973373 0.943905294 0.147206053 0.295589566 0.857958972 0.870191991
0.12220788 1.60826552 0.0350077488 0.911198497 0.205307171 0.357164264 0.852274001 0.848765016
0.104325876 1.68144512 0.0840189531 0.98911202 0.0245592277 0.145100549 0.828248978 0.875181019
0.10414999 1.65787315 0.0669069216 0.991539419 0.00708949519 0.129612431 0.835725009 0.867079973
0.103827246 1.63044107 0.0480251499 0.961121202 0.134413481 0.241203308 0.844133019 0.857473016
0.10958714 1.59065402 0.0616082959 0.936683118 0.0372953042 0.348186612 0.840647995 0.839995027
0.0975552127 1.66463852 0.113202795 0.938657641 -0.0177629236 0.344392836 0.818719029 0.866594017
0.100268878 1.64108789 0.102136999 0.97102803 -0.0124061545 0.238643378 0.823552012 0.858011007
0.10553354 1.61478877 0.0872060731 0.968845725 0.0275598858 0.246126652 0.830215991 0.848388016
0.0992171615 1.5783627 0.0960329026 0.83825624 -0.226659358 0.495935529 0.825866997 0.833519995
0.0852151439 1.65910804 0.130601943 0.6875453 -0.0355614796 0.725270212 0.811527014 0.863749981
0.090057455 1.63486719 0.12356481 0.77818048 -0.0911208093 0.62139529 0.814948976 0.854800999
0.0934948549 1.60691178 0.112063244 0.829384506 -0.14317584 0.540020406 0.819435 0.844237983
0.0741451234 1.58289671 0.123740196 0.647132814 -0.295578897 0.702746212 0.810078979 0.833782971
0.0699284449 1.62990963 0.139128789 0.530729592 -0.123845637 0.838443995 0.805604994 0.852209985
0.0642433092 1.65410519 0.143875882 0.439977407 -0.0382566415 0.897193551 0.80269599 0.861223996
0.0746655539 1.60673964 0.131333485 0.601359308 -0.208562195 0.771277368 0.808892012 0.843430996
0.0534066744 1.5967207 0.139821202 0.590427876 -0.160842329 0.790901184 0.800014019 0.839846015
0.0489855595 1.63263428 0.148011476 0.447489411 -0.044467587 0.893182993 0.797088981 0.853106022
0.0532093905 1.61339784 0.143660262 0.516275227 -0.12555933 0.847168624 0.799337983 0.84602201
0.0289069284 1.63650489 0.159677133 0.479205698 0.0785627067 0.874179542 0.788239002 0.85492599
0.0342874937 1.60124815 0.158309728 0.591010571 -0.000247758289 0.806663692 0.789784014 0.843011022
0.030761458 1.62116075 0.160286903 0.519148648 -0.0175549146 0.854503632 0.788667023 0.849906027
0.012584867 1.60725546 0.167726666 0.237805918 0.0952955261 0.966626704 0.78065902 0.846567988
0.0130131198 1.63713038 0.168914109 0.161626324 0.120456375 0.979472995 0.780753016 0.856803
0.0134869926 1.62510478 0.169000223 0.150440112 0.00300411927 0.988614559 0.780852973 0.851683974
1.96461733e-05 1.63899088 0.163323641 -0.000755742542 0.062923573 0.998017967 0.775554001 0.856374025
9.06796849e-05 1.62424469 0.163933039 -0.00321131153 0.00352184474 0.999988616 0.775565028 0.852068007
7.30877073e-05 1.60627198 0.16467531 -0.00245868182 0.206285775 0.978488684 0.775520027 0.846735001
0.0370870382 1.73109937 0.127928585 0.119869471 0.810837567 0.572864413 0.795979977 0.892506003
0.0365880318 1.72851682 0.12891537 0.200669751 0.325176895 0.924116671 0.795534015 0.891615987
0.0358812436 1.72376633 0.130646378 0.378335595 0.603200853 0.702147305 0.795343995 0.890173972
0.0307918917 1.72502899 0.134980813 0.614440382 0.572510004 0.542858541 0.792883992 0.890152991
0.0313688591 1.7280395 0.131655201 0.574012339 0.461442411 0.676447153 0.793498993 0.891382992
0.0253409501 1.72644973 0.142269552 0.876249194 0.340093881 0.341355234 0.789731979 0.890341997
0.0281225666 1.72837591 0.134896994 0.777489603 0.422018796 0.466272444 0.791845024 0.891489029
0.0249839798 1.73236966 0.138574332 0.913007796 0.236811727 0.332169771 0.789483011 0.892530024
0.031506367 1.73082054 0.12903057 0.441743195 0.684274197 0.580199659 0.793648005 0.892315984
0.0282424912 1.73152161 0.132803917 0.824510813 0.307465792 0.475023061 0.791782022 0.892400026
0.0363223776 1.74139082 0.131590188 -0.312570691 -0.339101851 0.887304544 0.792433023 0.897760987
0.0366244838 1.74045813 0.130718857 0.259559751 -0.927687347 0.268374532 0.793370008 0.897404015
0.0467755981 1.74375224 0.136543855 0.0861472636 -0.906782985 0.412702382 0.796103001 0.900101006
0.046650447 1.74542558 0.137697652 -0.101651348 0.101205193 0.989658773 0.795844018 0.900659025
0.0587188341 1.7491169 0.134072945 0.345134169 0.395037919 0.85136801 0.799822986 0.902769029
0.0582991317 1.75333905 0.131750345 0.503698111 -0.0370297097 0.863085806 0.799564004 0.904384971
0.0455957502 1.75237978 0.135313064 0.368911952 -0.469612151 0.802102566 0.793754995 0.902769029
0.0457638912 1.74828386 0.136045754 -0.0370809957 0.107406743 0.993523359 0.795041978 0.901449978
0.058382947 1.74470043 0.135252073 0.163879663 -0.84644264 0.506634295 0.800688982 0.900264025
0.0456151031 1.74352825 0.132176071 0.245649561 -0.956403852 -0.15794906 0.796791017 0.898155987
0.056852486 1.74403012 0.131716266 -0.040960446 -0.997214198 -0.0623398013 0.800508976 0.898621023
0.058749862 1.74655759 0.135758087 0.332700491 0.188966349 0.923905849 0.800235987 0.901174009
0.0666481629 1.74279034 0.128836632 0.141217351 -0.837206423 0.528340042 0.804279983 0.900097013
0.0649418831 1.7424556 0.126855671 -0.401881278 -0.915298581 0.0268319771 0.803861022 0.898679018
0.0679756626 1.74623954 0.128307909 0.721693218 0.203182623 0.661721826 0.804530025 0.901866019
0.0675082281 1.74414718 0.129092023 0.663381517 -0.0604451373 0.74583596 0.804419994 0.900959015
0.0702970773 1.73828423 0.121781349 -0.0406481586 -0.836920917 0.545812309 0.806719005 0.897825003
0.0679873303 1.73910797 0.120651394 -0.753060818 -0.622701347 0.212467507 0.805584013 0.897590995
0.0724959671 1.74048948 0.121453628 0.863352954 -0.10396222 0.493774623 0.80755502 0.89903599
0.0716941208 1.73897982 0.121900782 0.690194607 -0.463454634 0.555734813 0.807303011 0.898509026
0.0702196658 1.73412514 0.115950495 -0.236106858 -0.752362609 0.614982963 0.808475018 0.895878017
0.0677724034 1.73573089 0.11531806 -0.845636666 -0.415356398 0.335228115 0.806312978 0.896476984
0.0731230751 1.73593926 0.114826337 0.814088225 -0.3301709 0.477752566 0.809660971 0.896403015
0.0827667564 1.73393798 0.106772579 0.786155283 0.20434624 0.583268702 0.813461006 0.894946992
0.0762433335 1.73385191 0.112303786 0.545917511 0.212847024 0.810351968 0.810540974 0.895112991
0.0734924525 1.73427868 0.113321848 0.444170982 -0.0444234274 0.894840062 0.809642017 0.89538902
0.0742368251 1.73081708 0.114330329 0.488825083 0.515170336 0.704023838 0.809818029 0.893855989
0.072095409 1.73209131 0.116325356 0.738087952 0.432590634 0.517775655 0.808973014 0.894239008
0.0824717954 1.72584271 0.112808026 0.641911983 0.496762693 0.584102571 0.812343001 0.891106009
0.0716584176 1.73510909 0.115572393 0.638596058 -0.584310114 0.500776172 0.809010983 0.896139979
0.0724940971 1.73359036 0.113807879 0.53808099 0.165867046 0.826412201 0.809368014 0.895178974
0.0711778253 1.7324698 0.114896044 0.186640754 0.866711915 0.462575078 0.808811009 0.894959986
0.0666037947 1.73219383 0.117518887 -0.443206638 0.896396577 0.00640612887 0.806632996 0.894584
0.069173187 1.73215652 0.113983132 -0.109464914 0.963995218 0.242344424 0.808049023 0.894752026
0.0686343908 1.73284495 0.112577423 -0.61597532 -0.0225818753 0.787441671 0.807624996 0.895344019
0.0669720322 1.73410666 0.111469626 -0.985881031 0.0966312662 0.136751428 0.806439996 0.895725012
0.0665200129 1.73292756 0.11315845 -0.577678919 0.804709256 0.136857554 0.806342006 0.895129979
0.0366526507 1.74045956 0.126127571 0.622273386 -0.747779906 -0.231519014 0.79557699 0.897192001
0.0289497767 1.73400521 0.130751699 0.884053051 0.318533301 0.342033267 0.791845024 0.893375993
0.0305331778 1.73241234 0.126256227 0.531641245 0.760375142 0.373078018 0.793944001 0.893226981
0.0362105779 1.73253679 0.123972319 0.427952379 0.895059884 0.125397936 0.797003984 0.894033015
0.029281823 1.73535132 0.124888152 0.906732202 -0.0199629162 0.42123425 0.793033004 0.894500017
0.0321582966 1.73754847 0.123349719 0.646840394 -0.76069802 -0.054184705 0.793711007 0.895898998
0.0318736807 1.7348429 0.12036062 0.696083784 0.581052244 0.421717525 0.795298994 0.894541025
0.0305874553 1.7374562 0.118882857 0.810094953 -0.568207562 0.144520968 0.79569602 0.895465016
0.0328064822 1.73907959 0.117436141 0.928818285 -0.266528875 -0.257407874 0.796849012 0.896152973
0.0334273838 1.7358911 0.117991179 0.862479806 0.419981867 0.282389581 0.796678007 0.895105004
0.0334031545 1.73368907 0.120188385 0.806436121 0.578188598 -0.123930208 0.796750009 0.894491017
0.0219017882 1.7431668 0.135467187 0.577504456 -0.382672489 0.721145093 0.78758502 0.896480024
0.0352293141 1.74287665 0.13148126 0.0189247895 -0.43521753 0.900126398 0.791738987 0.897891998
0.0286703799 1.73774028 0.128460765 0.522221982 -0.401921868 0.752158821 0.791863978 0.894711018
0.0262498129 1.73574173 0.134870276 0.863352358 0.345271111 0.367981702 0.790090024 0.893712997
0.0374193825 1.79367423 0.136518151 0.445758939 0.470169991 0.761734307 0.788825989 0.91821301
0.057437934 1.79687369 0.117677897 0.690580845 0.439899534 0.574096203 0.797106028 0.919779003
0.0708193779 1.79083693 0.0955633149 0.80915457 0.392712116 0.437088162 0.807308018 0.919122994
0.0869943276 1.77410209 0.0832949355 0.842446506 0.371212989 0.390492827 0.817246974 0.914035976
0.0978854746 1.75168276 0.0798929706 0.932070553 0.159173191 0.325435698 0.821798027 0.904039979
0.0964234248 1.73404527 0.0770181045 0.960452974 0.0701426491 0.269462794 0.824536026 0.896935999
0.100271858 1.71529722 0.0858615264 0.964288831 0.163964778 0.207996845 0.824196994 0.888539016
0.0999318287 1.69866526 0.103201464 0.95027411 0.126508102 0.284560561 0.820252001 0.88042599
0.0910513476 1.68709636 0.123619169 0.839269936 0.0812636688 0.537607789 0.813490987 0.874751985
0.0799632818 1.68161368 0.134560794 0.587567031 0.0853557438 0.804661095 0.808920979 0.872312009
0.057216987 1.68154657 0.147898972 0.350027472 0.109639317 0.93030107 0.800166011 0.871612012
0.00732261082 1.75373673 0.152402297 0.479879886 0.144984007 0.865271628 0.778379023 0.898594022
-2.2162717e-06 1.75492752 0.154711127 0.0703267306 0.189345524 0.979388833 0.775349975 0.899487019
0.0723073408 1.7734189 0.114606805 0.771442354 0.418300033 0.479480714 0.805162013 0.911798
0.0856446177 1.76108634 0.10345415 0.840270638 0.336673468 0.424966276 0.812995017 0.906948984
0.0906872228 1.74338663 0.0983805135 0.913317502 0.0568670183 0.403258115 0.817081988 0.900246024
0.0886600316 1.73401761 0.0966393575 0.914878249 0.157724127 0.371646166 0.817342997 0.895519972
0.0911355019 1.72085679 0.105735488 0.849133492 0.360974252 0.385577291 0.816235006 0.889209986
0.0888347626 1.71139872 0.118179508 0.791222036 0.302713633 0.531349301 0.813063979 0.884398997
0.0811705589 1.70445418 0.127940327 0.619355857 0.257692337 0.741615117 0.809423983 0.881407976
0.0708351508 1.69918585 0.133492678 0.444316685 0.305618495 0.842128217 0.805868983 0.879472971
0.0546361133 1.6997366 0.14148128 0.353006572 0.348394632 0.868336022 0.799721003 0.879350007
0.00408316031 1.75953579 0.152280152 0.316470325 0.00206656777 0.948600173 0.777611971 0.900996983
0.00417097425 1.7698698 0.154975519 0.295257896 0.0598528907 0.953540921 0.776937008 0.904542983
4.28479188e-06 1.77161586 0.154988766 -0.0671840757 0.143686786 0.987340033 0.775290012 0.905137002
3.3982833e-06 1.76190901 0.152739599 0.021876717 -0.0570615865 0.998131037 0.775435984 0.901422977
0.0366629921 1.71636868 0.140218884 0.433471262 0.580088496 0.689637542 0.794369996 0.886554003
0.040951822 1.70391512 0.144610614 0.269571632 0.344542682 0.899233818 0.79509902 0.881107986
0.0303073656 1.71673548 0.143664762 0.710669875 0.462336332 0.530276835 0.792042971 0.886709988
0.0253120363 1.71813393 0.151113883 0.89318943 0.34372741 0.289938033 0.789068997 0.886673987
0.0227772128 1.71962714 0.163213879 0.877199829 0.369833678 0.306175441 0.785072982 0.886045992
0.0174832325 1.71946633 0.173669055 0.525191784 0.462925076 0.714054704 0.781720996 0.884759009
4.43254351e-07 1.71930504 0.180468187 0.000503455929 0.476847202 0.878986001 0.775155008 0.885051012
0.0353676081 1.70514524 0.145070955 0.540105164 0.388900518 0.746352971 0.793706 0.881762981
0.0382375866 1.69520569 0.145617709 0.227138638 0.143422633 0.963243484 0.794468999 0.877341986
0.0359688066 1.70046186 0.147574916 0.791912794 0.290195823 0.53727138 0.793706 0.879571021
0.0340319872 1.69630623 0.155128241 0.861359477 -0.198564008 0.467581153 0.791821003 0.877492011
0.0312525332 1.70671034 0.150337368 0.76826036 0.423511595 0.480014473 0.791751027 0.882166028
0.0341591984 1.7009387 0.154422924 0.826635838 0.347011209 0.443008304 0.791858971 0.879202008
0.0287436601 1.69486141 0.162856326 0.896866679 -0.166420415 0.409797937 0.789162993 0.877721012
0.0272886585 1.70752001 0.158272117 0.899424136 0.330343485 0.28619805 0.789352 0.882202029
0.0286198463 1.70036435 0.16153349 0.905544996 0.185640663 0.381478518 0.789162993 0.879694998
0.0245774183 1.70931053 0.170364738 0.878098965 0.283978075 0.385095775 0.78559202 0.882430017
0.0231931284 1.69248986 0.174806058 0.806109071 -0.221664891 0.54868269 0.784642994 0.877301991
0.0248643998 1.70059645 0.173272938 0.866833746 0.0707506239 0.493552059 0.785133004 0.879447997
0.018174069 1.7080574 0.179874435 0.482419372 0.334657788 0.809491158 0.781769991 0.881213009
0.0144408774 1.68906569 0.183847979 0.465437025 -0.287356257 0.837134838 0.780124009 0.875527024
0.0168433189 1.69920266 0.182479218 0.484657735 0.101412207 0.86880511 0.781112015 0.878791988
1.1327611e-06 1.70695937 0.185689211 0.00169475854 0.353664547 0.935370803 0.775077999 0.880523026
-2.16702119e-06 1.69768322 0.188002855 0.00242035044 0.122817658 0.992426276 0.775308013 0.87737602
4.03540611e-07 1.68637872 0.187800005 0.00214729877 -0.345875949 0.938277721 0.775385022 0.87330699
0.0583162159 1.77468932 0.129605442 0.665795803 0.395853698 0.632467926 0.797330022 0.911126971
0.0591860712 1.76483274 0.132680446 0.656786323 0.0517230853 0.75230068 0.79944402 0.907199979
0.0554026514 1.76824129 0.138251022 0.606653452 0.225356281 0.762355626 0.795911014 0.908097982
0.0421731882 1.77326334 0.143297479 0.441654503 0.358779907 0.822324932 0.789049983 0.908814013
0.0470538549 1.75977981 0.14142853 0.482528806 -0.501016498 0.718434751 0.792737007 0.905044019
0.0459036641 1.76426744 0.14479275 0.459180325 0.0799646452 0.884736717 0.79183799 0.906361997
0.0268169865 1.76733565 0.149460509 0.214656457 0.173968241 0.961071074 0.784871995 0.906127989
0.0187479332 1.78774059 0.146544874 0.27839902 0.402984262 0.871835768 0.781499982 0.913029015
0.0316912532 1.75953197 0.149809182 0.226167575 -0.0538507402 0.972598732 0.786320984 0.903330028
0.0147537682 1.75732052 0.148115352 0.184140921 0.00781113468 0.982868791 0.781053007 0.900093019
0.00692579988 1.76560509 0.152162835 0.245515779 0.00860302523 0.96935451 0.778625011 0.904375017
0.0238849092 1.75661695 0.148381457 -0.0544129647 -0.242650196 0.968586743 0.78412801 0.901284993
0.0335371159 1.75461149 0.146222919 0.35068208 -0.64621526 0.677811086 0.787708998 0.902137995
0.0194136538 1.75153732 0.145413548 0.444489539 -0.436203778 0.782403529 0.783813 0.898600996
0.026329454 1.75271463 0.1464843 0.165370494 -0.706804693 0.687807858 0.785560012 0.900478005
0.032787323 1.74760652 0.135096282 0.240127236 -0.681456983 0.691343129 0.790412009 0.898912013
0.0434981287 1.72994292 0.127723858 0.354573131 0.871017575 -0.340009093 0.962746978 0.979196012
0.0503133051 1.72833979 0.1287999 0.0481173694 0.792708576 -0.607698917 0.962490022 0.976234019
0.0500903018 1.72693908 0.128187105 -0.0108160395 0.34610346 -0.938133955 0.963105023 0.976242006
0.0429538041 1.72849786 0.127376541 0.394946635 0.236129314 -0.887840152 0.963371992 0.979183018
0.0575712994 1.72867918 0.127271757 -0.366345823 0.80349791 -0.469235331 0.962548018 0.973122001
0.0575893261 1.72715485 0.126595512 -0.413305581 0.335621893 -0.84648478 0.963213027 0.973156989
0.0634313151 1.73083961 0.123308674 -0.476539344 0.86367774 -0.164229035 0.962850988 0.970058978
0.0637210533 1.72924912 0.122716732 -0.763874471 0.218846709 -0.607125759 0.963533998 0.970117986
0.056852486 1.74403012 0.131716266 -0.040960446 -0.997214198 -0.0623398013 0.971148014 0.974453986
0.0456151031 1.74352825 0.132176071 0.245649561 -0.956403852 -0.15794906 0.970681012 0.97903198
0.0450657159 1.74437964 0.131224498 0.384575188 -0.352883965 -0.852980018 0.970146 0.979143023
0.0566444993 1.74506772 0.131019339 -0.231693879 -0.590217113 -0.773279786 0.970647991 0.974502027
0.0649418831 1.7424556 0.126855671 -0.401881278 -0.915298581 0.0268319771 0.970398009 0.970561028
0.065058358 1.74365675 0.126201034 -0.745750666 -0.279885679 -0.604582489 0.969874024 0.970682025
0.0679873303 1.73910797 0.120651394 -0.753060818 -0.622701347 0.212467507 0.968927026 0.967670023
0.0683401674 1.74028361 0.119892195 -0.943600774 0.121717744 -0.307899952 0.96844703 0.96796
0.0677724034 1.73573089 0.11531806 -0.845636666 -0.415356398 0.335228115 0.967060983 0.965762019
0.068509981 1.73693538 0.114453673 -0.896700978 0.403827459 -0.18124792 0.966637015 0.966257989
0.0666037947 1.73219383 0.117518887 -0.443206638 0.896396577 0.00640612887 0.96370697 0.967401028
0.065892905 1.73045027 0.117651679 -0.939712226 0.220093533 -0.261724532 0.964231014 0.967938006
0.0669720322 1.73410666 0.111469626 -0.985881031 0.0966312662 0.136751428 0.965326011 0.964998007
0.0673661828 1.73391855 0.110691667 -0.879531205 0.42465809 -0.214687034 0.965502024 0.965435982
0.0665200129 1.73292756 0.11315845 -0.577678919 0.804709256 0.136857554 0.964807987 0.96587801
0.0661724582 1.7313931 0.112783812 -0.959602177 0.280884206 -0.0163617488 0.965310991 0.966274977
0.0366526507 1.74045956 0.126127571 0.622273386 -0.747779906 -0.231519014 0.968935013 0.98327899
0.0361046419 1.74187934 0.125941172 0.696833074 0.141270205 -0.703183055 0.968379974 0.983057976
0.0362105779 1.73253679 0.123972319 0.427952379 0.895059884 0.125397936 0.963553011 0.982670009
0.0368392095 1.73086739 0.123593517 0.640703022 0.32304889 -0.696519256 0.964043021 0.982143998
0.0328064822 1.73907959 0.117436141 0.928818285 -0.266528875 -0.257407874 0.966651976 0.986639977
0.0320222713 1.73932433 0.117116079 0.76731199 0.369691372 -0.523985326 0.966700971 0.985794008
0.0334273838 1.7358911 0.117991179 0.862479806 0.419981867 0.282389581 0.965713024 0.985376
0.0328615457 1.73530388 0.116700448 0.930296898 0.125832453 -0.344548792 0.966208994 0.985082984
0.0334031545 1.73368907 0.120188385 0.806436121 0.578188598 -0.123930208 0.964801013 0.984337986
0.0338693075 1.73257291 0.118758924 0.8914572 0.373102903 -0.257096142 0.965442002 0.984000027
0.00664201425 1.56147134 0.145946503 -0.263632834 0.74351716 -0.61455667 0.777912974 0.820949972
-1.06428724e-05 1.56020355 0.147217304 0.00118195137 0.699679434 -0.714455903 0.775349021 0.820658028
0.0189169142 1.56330824 0.142762557 -0.348904699 0.835612774 -0.424284041 0.78284198 0.821269989
0.0453779586 1.57083261 0.115297467 -0.81772995 -0.504180372 -0.277704746 0.794847012 0.825143993
0.0144537799 1.58774257 0.143561989 -0.335791528 -0.605802476 -0.721281767 0.944640994 0.738170028
2.17178945e-06 1.58719611 0.145085752 -0.000304813555 -0.665257037 -0.746614277 0.951739013 0.736531019
2.3147727e-06 1.59550929 0.143401965 -0.000231266793 -0.772309661 -0.635246277 0.951774001 0.739804983
0.0147210173 1.59591377 0.141817391 -0.284658492 -0.775976121 -0.562877059 0.945828974 0.740972996
0.0262365676 1.58555567 0.135594696 -0.681806147 -0.50018841 -0.533808827 0.938750029 0.742576003
0.0270438828 1.59323859 0.13417697 -0.635711968 -0.67931509 -0.366607815 0.940952003 0.744413018
0.0343457535 1.5791223 0.123259157 -0.780412376 -0.480308414 -0.400325328 0.934150994 0.748862028
0.0355212688 1.58546042 0.121048331 -0.790401995 -0.569261312 -0.226287723 0.936598003 0.750235021
0.0453779586 1.57083261 0.115297467 -0.81772995 -0.504180372 -0.277704746 0.929762006 0.755079985
0.046704568 1.57597709 0.111576997 -0.843892634 -0.519901216 -0.132467896 0.932047009 0.75603497
0.0486817844 1.56161475 0.112126827 -0.789881647 0.460556686 -0.404937685 0.926558971 0.759532988
0.0513167381 1.56203592 0.104643069 -0.983112335 -0.171484381 0.0638998896 0.928656995 0.761811018
0.0506512634 1.5548588 0.10362877 -0.864849031 0.498706609 0.0576877296 0.927208006 0.764322996
0.0472142696 1.55480802 0.110434771 -0.534100354 0.71636498 -0.448952258 0.924652994 0.763145983
0.0486817844 1.56161475 0.112126827 -0.789881647 0.460556686 -0.404937685 0.930532992 0.789627016
0.0472142696 1.55480802 0.110434771 -0.534100354 0.71636498 -0.448952258 0.932163 0.78728497
-0.0503112413 1.72833526 0.12880832 -0.0440076366 0.789456308 -0.612227261 0.750298977 0.893554986
-0.0505447313 1.72809672 0.129745513 -0.0797204152 0.782805026 0.61713928 0.750250995 0.893055022
-0.0436053872 1.72975445 0.129051059 -0.0676172152 0.76624012 0.638986707 0.75278002 0.893118024
-0.0433891341 1.72993255 0.127885878 -0.349497586 0.877779961 -0.327648789 0.752829015 0.893628001
-0.0575773083 1.72867548 0.12728101 0.365198225 0.80531776 -0.467004776 0.74752599 0.894060016
-0.0578936934 1.72856855 0.128124386 -0.0222936794 0.829047263 0.558734 0.747619987 0.893495977
-0.0506927818 1.72752142 0.130033523 -0.0678118467 -0.165834099 0.983819425 0.750226021 0.892679989
-0.043259114 1.72823846 0.129962474 -0.008072339 0.00981736183 0.999919295 0.752784014 0.89230603
-0.058413934 1.72749186 0.129118994 -0.292540491 -0.172066554 0.940645099 0.74763 0.892684996
-0.0645217746 1.73065317 0.125177965 -0.0907739699 0.873254836 0.478733808 0.745274007 0.893540978
-0.0656760558 1.72917855 0.126084834 -0.573002279 -0.0485958457 0.818111777 0.745045006 0.892625988
-0.0691100508 1.73226523 0.119689278 -0.12243475 0.951332033 0.282802224 0.742528975 0.893540978
-0.0704094172 1.73108077 0.120176941 -0.744606972 0.168524191 0.645879269 0.741910994 0.892718017
-0.0634388551 1.73082757 0.123309664 0.476930469 0.863147855 -0.165870935 0.745365977 0.894760013
-0.0717467219 1.7267462 0.118871629 -0.479286224 0.496256262 0.723888457 0.741403997 0.891571999
-0.0660890266 1.72411203 0.123315692 -0.377245367 0.344686508 0.859579742 0.744207978 0.890058994
-0.0589809492 1.72110999 0.126926795 -0.225741103 0.335975915 0.914418399 0.747394979 0.889805019
-0.0506786965 1.72195292 0.128279403 -0.256258249 0.377784759 0.88972497 0.75030297 0.890241027
-0.0422453396 1.72305346 0.128904328 -0.292660385 0.492518812 0.81961894 0.752876997 0.89041698
-0.0800831467 1.75186265 0.11460875 -0.783193111 0.0812857151 0.616442442 0.739646018 0.903900981
-0.0737656504 1.74491358 0.118787266 -0.721804619 -0.119255692 0.681744993 0.741385996 0.901365995
-0.0683284923 1.75059354 0.126715243 -0.664319217 0.0430255905 0.746209621 0.746037006 0.903670013
-0.0705172345 1.76118743 0.123269953 -0.712903321 0.195741177 0.67339009 0.746232986 0.907694995
-0.0834145546 1.7374084 0.108283743 -0.793170691 -0.104862094 0.599903524 0.73696202 0.897405982
-0.0754185542 1.73655999 0.113354445 -0.640809298 -0.267674804 0.719523191 0.739713013 0.896906972
-0.0638266057 1.71047449 0.13205339 -0.267758638 0.44533971 0.854387403 0.746725976 0.88458401
-0.0726402774 1.71572614 0.127352268 -0.366333216 0.432084501 0.82407701 0.743268013 0.886511981
-0.0430966318 1.71409583 0.138681412 -0.357182324 0.573210895 0.737461805 0.753777027 0.885649025
-0.0538472272 1.7077136 0.135833219 -0.327698171 0.520855546 0.78824079 0.750220001 0.883525014
-0.0137547227 1.74075937 0.159013912 -0.557180882 0.610943377 0.562403321 0.770039022 0.893346012
-0.0139594572 1.74629807 0.150039628 -0.697045147 0.341325939 0.630574822 0.769378006 0.895976007
-0.0220522974 1.74000335 0.141332 -0.832581282 0.440388888 0.33595562 0.763743997 0.894770026
-0.0214788727 1.73564374 0.148266897 -0.862680078 0.370977879 0.343741745 0.764891982 0.892946005
-0.0212399103 1.72842145 0.154963776 -0.877306223 0.355729282 0.322165281 0.765295982 0.889937997
-0.0146523137 1.73097336 0.16697605 -0.547282457 0.533438742 0.644922495 0.769913018 0.88902998
-0.0301435161 1.69017208 0.154746905 -0.565415323 -0.622733653 0.540840447 0.75960201 0.874916971
-0.0223158803 1.692909 0.155305341 -0.137335598 -0.670294642 0.729276359 0.763469994 0.873179018
-0.0214120857 1.69342649 0.163002908 -0.0118546085 -0.97828263 -0.206936195 0.764199018 0.873907983
-0.0275843609 1.6911397 0.16469419 -0.416372955 -0.908000588 0.0465663895 0.762628973 0.876374006
-0.0106648467 1.68190169 0.155698717 -0.502948463 -0.135451704 0.853636682 0.767252982 0.867879987
-0.00876886118 1.68478394 0.15997307 -0.794830084 -0.30249235 0.526064217 0.767745018 0.869011998
-0.0193626788 1.68427825 0.157231078 -0.381936759 -0.44019714 0.812619746 0.763607979 0.870046973
-0.0208288133 1.68031073 0.152844429 -0.411202669 -0.0158246681 0.911406517 0.763206005 0.868623018
-0.00776832737 1.68490076 0.165575728 -0.932213187 -0.359624624 0.0406059213 0.768958986 0.870123029
-0.00895571709 1.67811823 0.171938717 -0.644939125 -0.757237196 0.103177004 0.771930993 0.869086027
-0.0110291084 1.68059385 0.177272081 -0.481403053 -0.785599113 0.388696671 0.771239996 0.87223202
-0.00916439202 1.68536019 0.171070367 -0.657373726 -0.570139289 -0.492748439 0.769321978 0.870932996
-0.00804791227 1.67805707 0.166146696 -0.763162374 -0.602210522 0.234362066 0.771239996 0.867627025
-0.0199291967 1.68617582 0.173691541 -0.539294839 -0.842092574 -0.00640979037 0.768028021 0.874662995
-0.0130312294 1.6905365 0.168725699 -0.310543537 -0.869806051 -0.383406013 0.767417014 0.872043014
-0.0130312294 1.6905365 0.168725699 -0.310543537 -0.869806051 -0.383406013 0.946148992 0.954468012
-0.0130803352 1.68969142 0.158730432 -0.534417927 -0.671083629 0.513852179 0.949837983 0.952867985
-0.00776832737 1.68490076 0.165575728 -0.932213187 -0.359624624 0.0406059213 0.94867599 0.956658006
-0.00916439202 1.68536019 0.171070367 -0.657373726 -0.570139289 -0.492748439 0.946474016 0.957193017
-0.0214120857 1.69342649 0.163002908 -0.0118546085 -0.97828263 -0.206936195 0.946735024 0.950275004
-0.0223158803 1.692909 0.155305341 -0.137335598 -0.670294642 0.729276359 0.949440002 0.948728979
-0.0130803352 1.68969142 0.158730432 -0.534417927 -0.671083629 0.513852179 0.766040027 0.871740997
-0.00846413802 1.67505658 0.158621162 -0.368687272 0.13571085 0.919593573 0.770779014 0.865554988
-0.00812702253 1.65745771 0.164525464 -0.129116341 0.210213244 0.969092011 0.771625996 0.861926973
-0.023889685 1.67326784 0.154420465 -0.356763065 0.256334156 0.898338854 0.763242006 0.866587996
-0.0274449755 1.65575659 0.158346549 -0.424143761 0.185240433 0.886446774 0.763278008 0.861284971
-0.129890457 1.55709291 0.0126317572 -0.939574659 -0.259683609 0.223078266 0.688511014 0.829347014
-0.11262092 1.53802001 0.0446140952 -0.877289772 -0.325216234 0.352983296 0.703747988 0.819613993
-0.106166653 1.555475 0.0694961995 -0.859323025 -0.177277267 0.479725778 0.714290023 0.825486004
-0.120870933 1.57172573 0.0380657203 -0.919994414 -0.0801828429 0.38364175 0.699407995 0.83405298
-0.0923412517 1.52214718 0.0747395083 -0.819871545 -0.348116487 0.454560727 0.719034016 0.81052798
-0.0808635727 1.55051923 0.0977774337 -0.738402843 -0.274771512 0.615842342 0.733218014 0.820446014
-0.0612399615 1.49044061 0.111194238 -0.790836334 -0.379133642 0.48045364 0.739823997 0.794647992
-0.0465159491 1.48141551 0.12296585 -0.775613904 -0.442572236 0.450058639 0.748234987 0.789614022
-0.0447189398 1.49471498 0.128353581 -0.727693439 -0.113611706 0.676427841 0.750721991 0.794525981
-0.0530762151 1.50943589 0.123883948 -0.750778735 -0.086165376 0.654909849 0.746976018 0.800767004
-0.0368658975 1.47410393 0.135926202 -0.810623109 -0.402176231 0.425610662 0.756008029 0.786243021
-0.0367930159 1.49296439 0.139126241 -0.755898893 0.00877689756 0.654629529 0.756636024 0.793272972
-0.0781600252 1.50476122 0.0933114514 -0.817453384 -0.348565191 0.458554596 0.729233027 0.801998019
-0.0680222586 1.52575731 0.105059519 -0.770218134 -0.093590349 0.630876243 0.736910999 0.809176028
-0.0324356295 1.50944972 0.141369894 -0.647382736 -0.0572898015 0.760008872 0.758970976 0.798768997
-0.0116164582 1.59030879 0.17407085 -0.306420416 0.0370580517 0.951174617 0.771130979 0.841374993
-0.0143250935 1.58039939 0.166108325 -0.200148031 -0.872065723 0.44658947 0.770210981 0.837632
-0.0357089639 1.58223891 0.156999439 -0.605063617 -0.174742609 0.776764512 0.761479974 0.837930024
-0.0340964459 1.5774684 0.151871309 -0.0540629737 -0.94276309 0.329051465 0.761058986 0.835237026
-0.0505560115 1.57615817 0.139059201 -0.618318737 -0.2756989 0.735983789 0.752444983 0.832911015
-0.0469356477 1.57176971 0.13634029 0.127165958 -0.940805137 0.314188778 0.753829002 0.831022978
-0.0599635541 1.56862998 0.126152337 -0.573769152 -0.358818233 0.736232519 0.746775985 0.827982008
-0.055046279 1.56541932 0.124519937 0.233234107 -0.875506461 0.423190475 0.749197006 0.826493979
-0.0670690089 1.55742276 0.116013154 -0.667985916 -0.284860581 0.687494934 0.744355977 0.82160598
-0.0614571646 1.56002343 0.118264526 -0.542871773 -0.239364162 0.804981411 0.747051001 0.822381973
-0.0601078011 1.54210913 0.117798634 -0.777106881 -0.130622149 0.615664482 0.744158983 0.814414978
-0.0557815842 1.55882621 0.128033593 -0.834011793 -0.0496659279 0.549506724 0.750311971 0.818624973
-0.0455446318 1.52758539 0.135295466 -0.749276698 -0.15182817 0.644618034 0.753078997 0.806285977
-0.0395606086 1.54144669 0.147173375 -0.736520767 -0.247205213 0.629624188 0.757578015 0.809010983
-0.0283853542 1.5191685 0.148727745 -0.534819484 -0.254273891 0.805799544 0.762126982 0.801383018
-0.0244027767 1.53214562 0.154541045 -0.455164611 -0.368390411 0.810625434 0.765159011 0.805050015
-0.0131858857 1.51859498 0.153152481 -0.157280967 -0.271261096 0.949568331 0.769253016 0.80044198
-0.0107639395 1.53308868 0.158000633 -0.108436361 -0.449317515 0.886766791 0.770973027 0.804934978
-0.013331701 1.58073449 0.154954642 0.126688346 -0.955925465 -0.264870644 0.770093024 0.834343016
-0.0144498404 1.58775926 0.143559694 0.3351309 -0.605989873 -0.721431553 0.769334972 0.830022991
-0.0301775429 1.57896042 0.141600087 0.422397643 -0.891638756 -0.162973791 0.762039006 0.832166016
-0.026237309 1.58558345 0.135602355 0.681300402 -0.500830173 -0.533852935 0.764402986 0.829732001
-0.0404242501 1.57451642 0.12758556 0.536095083 -0.844135582 -0.00610000687 0.756159008 0.828494012
-0.0343474336 1.57913637 0.123262063 0.780379593 -0.480961889 -0.399603873 0.760672987 0.827287972
-0.0502860732 1.567361 0.118568301 0.544471085 -0.802364945 0.244462118 0.752143025 0.825583994
-0.0555486344 1.5612694 0.114655912 0.0318975672 0.855120599 0.517446935 0.750607014 0.823246002
-0.053548716 1.56269634 0.131885588 -0.856000662 0.272654951 0.439228922 0.752238989 0.817804992
-0.0395836905 1.54884005 0.152933121 -0.703193545 -0.165592015 0.691446364 0.761258006 0.811671972
-0.0393101498 1.5580945 0.153615475 -0.544698894 0.477538377 0.689391255 0.762483001 0.814742029
-0.0485968776 1.5654434 0.131311581 -0.500926733 0.826380014 0.257232457 0.754487991 0.81814301
-0.0189205073 1.56331205 0.142764285 0.349943459 0.833998024 -0.426599026 0.961031973 0.800996006
-0.0177547969 1.55207121 0.132800773 0.449451059 0.747601748 -0.488963723 0.959415972 0.795167029
-0.0270537306 1.55646956 0.127409741 0.531476915 0.687667608 -0.494616628 0.963814974 0.793695986
-0.029613534 1.56718469 0.134753764 0.336937636 0.882078171 -0.329258502 0.966189027 0.798542976
-0.024164753 1.54354453 0.161938161 -0.401088685 -0.300996602 0.865175605 0.767208993 0.808830023
-0.0237855185 1.55660152 0.163085088 -0.33664152 0.374403179 0.863999307 0.768182993 0.812942028
-0.0208402909 1.56513238 0.152707905 -0.090102911 0.936019421 0.340219259 0.768221021 0.817690015
-0.0341475196 1.56572032 0.146107569 -0.181898132 0.930621803 0.317578554 0.763126016 0.81784302
-0.00665689679 1.56147277 0.145945817 0.264609307 0.741828561 -0.616175473 0.955676019 0.80250603
-0.00628959155 1.54897928 0.137002543 0.334621042 0.784848809 -0.52157557 0.954653978 0.796452999
-0.0111610414 1.54365051 0.165902704 -0.121411808 -0.264939487 0.956590891 0.771740973 0.808878005
-0.0105849225 1.55903685 0.164814159 -0.125206709 0.462746173 0.877604246 0.772252977 0.814007998
-0.00817050692 1.56529629 0.153956413 -0.0133274952 0.982079387 0.187996045 0.772593021 0.818223
-0.0421936661 1.56594193 0.130340502 -0.203581035 0.9761886 0.0749024749 0.757237971 0.819787025
-0.0412050709 1.56440759 0.120961413 0.293062866 0.83460182 -0.466426849 0.75721103 0.822897971
-0.048684787 1.56162333 0.112119712 0.775421321 0.486687839 -0.402314037 0.75416702 0.823746026
-0.029613534 1.56718469 0.134753764 0.336937636 0.882078171 -0.329258502 0.763004005 0.822606027
-0.0412050709 1.56440759 0.120961413 0.293062866 0.83460182 -0.466426849 0.970744014 0.792882979
-0.0388083421 1.55786097 0.118663728 0.463681221 0.695491314 -0.548900187 0.968869984 0.790574014
-0.0438430794 1.47183836 0.110090017 -0.515349746 -0.856408656 -0.0312843844 0.743779004 0.784614027
-0.0313038193 1.46370256 0.126014173 -0.480452925 -0.876571596 -0.0280584991 0.754128993 0.780834019
-0.0579747185 1.4824481 0.0932909101 -0.575869381 -0.817365587 -0.0169644915 0.733232021 0.789646983
-0.0736080855 1.49471736 0.0722034425 -0.631683588 -0.77426368 0.0386215523 0.721162021 0.796059012
-0.093316108 1.50718641 0.0478973575 -0.698419034 -0.704475045 0.126197487 0.707699001 0.804159999
-0.114192665 1.52026594 0.0148241064 -0.769381106 -0.638771236 0.00490158144 0.691486001 0.813139021
-0.127391428 1.5485611 -0.0113064433 -0.811702013 -0.516452193 -0.272794664 0.678704977 0.825948
-0.134546265 1.57141089 -0.019398259 -0.937934697 -0.20271565 -0.281398058 0.674925029 0.836861014
-0.13569735 1.58984077 0.0127249258 -0.96427536 0.0547764152 0.259176612 0.687403977 0.843491018
-0.135599405 1.60917401 -0.0131791085 -0.958396435 0.214356989 0.188487083 0.676757991 0.853604972
-0.13328658 1.58999121 -0.0204450022 -0.933327854 -0.0203341879 -0.358448923 0.67317301 0.84542501
-0.13962245 1.61746597 -0.0226873234 -0.915107071 0.0991035029 0.390841991 0.674247026 0.858967006
-0.139596164 1.60740471 -0.0236017834 -0.783525705 -0.617955983 0.0649461001 0.671571016 0.854368985
-0.131099313 1.60417962 -0.0203429591 -0.732385159 -0.35046041 -0.583771825 0.670819998 0.850838006
-0.139956117 1.62179959 -0.0329163633 -0.994210422 0.0898793712 0.058884982 0.671316981 0.862699986
-0.140552044 1.60914505 -0.0326690748 -0.71208632 -0.608230829 -0.350696892 0.668565989 0.858201027
-0.135914549 1.62964916 -0.0213102717 -0.864824414 0.244505391 0.438515484 0.67701298 0.863407016
-0.138943836 1.63354766 -0.0300449934 -0.849530101 0.488851368 0.198300168 0.674127996 0.865787983
-0.139531478 1.62874472 -0.0418613553 -0.995220482 0.0604031309 0.0767313689 0.669474006 0.866954982
-0.13935867 1.62063646 -0.0445156954 -0.751793027 -0.493780792 -0.437021315 0.667132974 0.864938974
-0.127988398 1.68414903 -0.0229519121 -0.825227022 0.240527928 0.511025071 0.685395002 0.886901021
-0.128210872 1.67955887 -0.025397338 -0.974464417 -0.103695638 0.199164197 0.684418023 0.884422004
-0.126720652 1.65913999 -0.0176363103 -0.927865267 0.118076891 0.353728563 0.685095012 0.875555992
-0.120811574 1.66861618 -0.00911447778 -0.936147392 0.143972218 0.320780337 0.688551009 0.878036022
-0.140676081 1.63981807 -0.0518753231 -0.961499095 -0.0150468554 0.274396002 0.668456018 0.872731984
-0.141487673 1.63416529 -0.0575663745 -0.782069147 -0.491502672 -0.383135527 0.665669978 0.87232101
-0.145624712 1.6540283 -0.0615766644 -0.88570857 -0.0934306756 0.45474267 0.668358028 0.879598022
-0.147610143 1.65078688 -0.0690530911 -0.711121261 -0.525958896 -0.466555238 0.664960027 0.880213976
-0.15287742 1.66495359 -0.0663209632 -0.820675969 -0.291690648 0.491332203 0.667814016 0.885022998
-0.152873695 1.66311944 -0.0748991072 -0.631518722 -0.281427473 -0.722483695 0.665109992 0.884948015
-0.156060785 1.67284787 -0.0644505545 -0.77806747 -0.307601422 0.547715485 0.668716013 0.887727976
-0.155470863 1.6728996 -0.0719613358 -0.661644578 0.141531348 -0.736339271 0.666086972 0.887952983
-0.134180814 1.69852364 -0.0327278972 -0.576392472 0.546404004 0.607630134 0.681421995 0.893521011
-0.134595662 1.69056809 -0.0328828506 -0.878655076 -0.381121188 0.287596762 0.681411982 0.890235007
-0.14132461 1.69425213 -0.0410101153 -0.77623868 -0.30163607 0.553596735 0.678318977 0.892795026
-0.140524238 1.70278418 -0.0438324027 -0.498200625 0.841190219 0.210226417 0.677281022 0.897570014
-0.14724417 1.69282615 -0.0485484861 -0.667504668 -0.232171863 0.707484066 0.676078975 0.893361986
-0.149041757 1.70173836 -0.0534819402 -0.529593408 0.846745431 -0.0505280681 0.673524022 0.897194028
-0.154919252 1.69401145 -0.0598008186 -0.787042439 0.566533625 -0.24413909 0.671501994 0.893657029
-0.152903736 1.68801892 -0.0545930117 -0.652426004 -0.223399654 0.724177361 0.673299015 0.892159998
-0.155600145 1.68089843 -0.0603574589 -0.710479438 -0.275961161 0.647351801 0.670369029 0.890206993
-0.156888202 1.68327308 -0.065754585 -0.782355905 0.316805691 -0.536240101 0.668340027 0.891259015
-0.127495453 1.65595746 -0.0226537362 -0.9764359 0.104903266 -0.18859534 0.68306601 0.874279022
-0.134072617 1.63649201 -0.0191851631 -0.950538754 0.310591549 -0.00298925466 0.679261029 0.865616024
-0.130094886 1.6381079 -0.0133972764 -0.848515689 0.172268465 0.500344634 0.682539999 0.865262985
-0.136793807 1.6375047 -0.0379769132 -0.764434695 0.483553469 0.426398486 0.672483027 0.869071007
-0.139191806 1.64527905 -0.0454397723 -0.804078102 0.181309402 0.566202581 0.671463013 0.873256981
-0.129526749 1.63545203 -0.0266132485 -0.744678497 0.635349214 -0.204414621 0.676454008 0.867742002
-0.121451832 1.65187287 -0.0253985785 -0.95344907 0.120841525 -0.276282698 0.680787027 0.872907996
-0.127355635 1.6419754 -0.0391212925 -0.687906325 0.501424253 0.524746239 0.675113022 0.871358991
-0.120121665 1.65033996 -0.0353233367 -0.936960578 0.0848281533 0.338982314 0.677432001 0.873602986
-0.134350628 1.68982458 -0.045363564 -0.749950945 -0.413841754 0.516050875 0.678224027 0.889081001
-0.129371211 1.68766999 -0.037469659 -0.88868022 -0.365086854 0.277414978 0.680629015 0.887750983
-0.14034915 1.68983245 -0.0515880659 -0.529887855 -0.51189208 0.676154852 0.675956011 0.889692008
-0.125358194 1.67597497 -0.0315075926 -0.969841838 -0.0652092844 0.234850138 0.682506979 0.882739007
-0.143431038 1.68467772 -0.0560597107 -0.572180867 -0.276488215 0.772116244 0.674133003 0.88854301
-0.136681065 1.681499 -0.0446281768 -0.779398203 0.131417781 0.612590969 0.677432001 0.885923982
-0.145569831 1.67889798 -0.0589678474 -0.618302524 -0.242085546 0.747727692 0.672775984 0.887332976
-0.128193572 1.66587317 -0.0317775682 -0.913061619 -0.199247256 0.355835587 0.680437028 0.879387975
-0.138442561 1.67386806 -0.0459444337 -0.824983537 -0.0148026403 0.564962804 0.676604986 0.882919014
-0.145484164 1.67283762 -0.0612050705 -0.688685477 -0.21326755 0.692985713 0.671854973 0.885613978
-0.128697067 1.65956819 -0.0387724079 -0.775772035 -0.261179924 0.574424028 0.676604986 0.877435029
-0.139878705 1.66723824 -0.0481246971 -0.842710972 -0.134778559 0.521222532 0.675177991 0.880966008
-0.132721379 1.65223289 -0.0430603698 -0.623327434 0.0463966653 0.780583203 0.673974991 0.875105977
-0.143751964 1.66569662 -0.0620778129 -0.75651145 -0.0608178377 0.651146472 0.670795023 0.883260012
-0.141275018 1.65504324 -0.0565593578 -0.854792237 0.0695116073 0.514294088 0.670068979 0.878687978
-0.141722888 1.65960157 -0.0513060242 -0.853715539 -0.0461574122 0.51869005 0.672154009 0.879384995
-0.134531781 1.63344049 -0.0603549667 0.158102423 -0.573644161 -0.80370146 0.662329972 0.872776985
-0.13277097 1.61826599 -0.0467164852 0.054645922 -0.717692137 -0.694213033 0.663381994 0.864588022
-0.138211861 1.65051329 -0.0721988305 0.237201512 -0.37036413 -0.898090184 0.661503017 0.881191015
-0.141500413 1.66399956 -0.0764256045 0.281265736 -0.0151051078 -0.959511042 0.661728978 0.88607502
-0.144746915 1.67389596 -0.0746667683 0.193516582 0.318568468 -0.927936077 0.662931025 0.889907002
-0.146775246 1.68363357 -0.0703456327 0.0697099268 0.422671139 -0.903598189 0.664960027 0.893287003
-0.147543266 1.69275999 -0.0654297322 -0.0468002558 0.558421135 -0.828236401 0.668565989 0.895541012
-0.140688822 1.69708741 -0.0614568926 0.0261312779 0.69042623 -0.72293067 0.669918001 0.899447978
-0.130450338 1.70502234 -0.0513381511 -0.878350973 0.415237963 -0.236806169 0.674275994 0.902979016
-0.124988407 1.70723569 -0.0375751182 -0.926667511 0.211428195 0.310781956 0.681261003 0.899025023
-0.118309803 1.69739497 -0.0205999054 -0.937736988 0.116996899 0.327049166 0.687014997 0.892408013
-0.125779763 1.69883358 -0.0595821999 -0.744237483 0.082575649 -0.662790954 0.667964995 0.902827978
-0.133395463 1.68441772 -0.0631183833 0.239084929 0.340575069 -0.909311295 0.662931025 0.89696902
-0.133875713 1.67531562 -0.0655778646 0.41474086 0.2306436 -0.880223513 0.65970099 0.892836988
-0.131575376 1.66627169 -0.0663192794 0.484393448 0.0857449919 -0.870638192 0.657896996 0.888402998
-0.126638755 1.65517831 -0.0649062917 0.465902001 -0.194975242 -0.863087475 0.657070994 0.882467985
-0.124871939 1.63696647 -0.0572593063 0.388618559 -0.43791762 -0.810681045 0.658573985 0.873302996
-0.125503972 1.62114441 -0.0445828959 0.0681834221 -0.564972043 -0.822287977 0.660377026 0.863986015
-0.130196467 1.60739541 -0.0311004631 -0.495233983 -0.643258095 -0.583919704 0.665710986 0.855121017
-0.122782774 1.68408108 -0.0632842556 -0.666876793 -0.0959696695 -0.738962293 0.661428988 0.898997009
-0.120085619 1.67626429 -0.0632261559 -0.577302694 -0.16348727 -0.799995959 0.657145977 0.894563973
-0.11741329 1.66802919 -0.0622779876 -0.587070107 -0.136035621 -0.798024595 0.65466702 0.889756024
-0.11634881 1.65609527 -0.0613132305 -0.620858312 -0.187328249 -0.761211574 0.653990984 0.883219004
-0.115293309 1.63796854 -0.053240452 -0.70783931 -0.240167111 -0.664291561 0.65466702 0.873377025
-0.115296654 1.62128139 -0.0459233075 -0.810584903 -0.158651158 -0.563721359 0.656170011 0.864588022
-0.118610755 1.6053102 -0.039451655 -0.892321527 -0.0884637311 -0.44264695 0.659475029 0.855121017
-0.12141718 1.58945799 -0.0263715517 -0.878664851 -0.0529919006 -0.474489123 0.666756988 0.846320987
-0.11846938 1.57031024 -0.0240211412 -0.922540069 -0.0643818825 -0.380492896 0.668362975 0.83564198
-0.117170848 1.54605496 -0.0149927158 -0.903823555 -0.362382442 -0.227556825 0.674714983 0.823035002
-0.121058077 1.73624885 -0.0264426637 -0.973346055 -0.0111719295 0.229068846 0.688674986 0.908571005
-0.116591498 1.69021463 -0.0019944862 -0.969789267 0.0692890137 0.233897045 0.692104995 0.887147009
-0.11350172 1.7295804 0.000851098972 -0.980796397 -0.00933276303 0.194811016 0.697474003 0.90288198
-0.104821481 1.76650679 0.0464463718 -0.937078536 0.148177281 0.316112995 0.719096005 0.913214028
-0.113701224 1.7841363 0.0103703141 -0.948455274 0.128957808 0.289486736 0.709231973 0.923376977
-0.114933334 1.75724769 0.0050955168 -0.97751379 -0.0185463354 0.210054427 0.702980995 0.913407981
-0.106840387 1.74013877 0.0426025018 -0.978647113 0.0136277862 0.205095008 0.713730991 0.903077006
-0.0934951827 1.792588 0.0524367616 -0.861157417 0.278298616 0.425391406 0.726432979 0.923380017
-0.104537055 1.81594419 0.0183986202 -0.880613148 0.31233862 0.356321692 0.717747986 0.935167015
-0.076027669 1.81434953 0.0692558587 -0.816773653 0.315529853 0.483033806 0.738070011 0.930660009
-0.0859579891 1.84393942 0.0383973606 -0.809536159 0.439760923 0.388923556 0.731284022 0.944401979
-0.102964543 1.66705871 -0.0821573883 -0.757001102 -0.105968677 -0.64476347 0.649990976 0.894317985
-0.102535762 1.64848387 -0.0797084868 -0.81353265 -0.0597146042 -0.578445137 0.647614002 0.885315001
-0.105916418 1.6828953 -0.083238706 -0.714258611 -0.193377271 -0.672636628 0.653792024 0.901102006
-0.0578476936 1.8241328 0.0934095532 -0.682567477 0.450821996 0.575205326 0.750679016 0.93196398
-0.0627470836 1.86231089 0.0604367815 -0.626353443 0.611970544 0.482880265 0.745624006 0.949956
-0.0374449417 1.82459879 0.114293106 -0.488356888 0.548126459 0.679017484 0.761305988 0.929965019
-0.0281093158 1.86442125 0.0849085823 -0.352218598 0.708837688 0.611139238 0.763028979 0.95025003
-0.0264681932 1.89670217 0.0359166488 -0.304569215 0.902851343 0.303474665 0.754656017 0.971984982
-0.0581199005 1.8856895 0.019846851 -0.533035338 0.825533092 0.185387313 0.737675011 0.964845002
-0.0830045938 1.8677088 -0.00232687034 -0.714718044 0.692940056 0.0949324742 0.722441018 0.958347023
-0.109946728 1.8408103 -0.022090856 -0.848181248 0.518805444 0.106908359 0.708070993 0.948193014
-0.1233043 1.80344474 -0.0304738339 -0.96463728 0.214902833 0.152616382 0.698356986 0.934835017
-0.122287512 1.76972592 -0.0301455278 -0.982953012 0.00316230068 0.183829397 0.692816973 0.921914995
-0.12565127 1.7357856 -0.0462991074 -0.99551785 -0.00428712601 0.0944766626 0.681542993 0.911143005
-0.123931788 1.72742951 -0.0628104359 -0.966368616 -0.0592634715 -0.250239074 0.674143016 0.91107899
-0.128010228 1.77179968 -0.0581397489 -0.995102167 0.0554065369 -0.0818642899 0.684391975 0.926199973
-0.122281499 1.81430793 -0.0608004667 -0.822540641 0.481946796 -0.301917523 0.691828012 0.941659987
-0.0970790908 1.84391081 -0.0513188653 -0.595228314 0.717788696 -0.361223698 0.701012015 0.95481497
9.85009692e-08 1.89745247 0.00801201537 0.000692426169 0.962239623 -0.272202939 0.74299401 0.985198021
-0.0239556301 1.8930887 -0.000426319166 -0.157781258 0.941572487 -0.297567576 0.737893999 0.979354024
-0.119431086 1.71439958 -0.0730230138 -0.848545969 -0.129746765 -0.512967408 0.667203009 0.908995986
-0.123086363 1.76395226 -0.0817491785 -0.90326196 0.0240515992 -0.428414971 0.67611903 0.927344978
-0.111498557 1.80323493 -0.0924352333 -0.607831061 0.486475587 -0.627600968 0.681304991 0.943190992
-0.112633735 1.69817305 -0.0804400221 -0.752021492 -0.185810447 -0.632406652 0.659776986 0.905641019
-0.110866576 1.74378562 -0.0968652889 -0.779402792 -0.0892828926 -0.62012887 0.666512012 0.924457014
-0.0961716622 1.78032434 -0.113475852 -0.524336457 0.325252444 -0.786944866 0.670216024 0.941416979
-0.0979264453 1.72165132 -0.103105381 -0.661218882 -0.202284545 -0.722406089 0.657573998 0.919677019
-0.0868225843 1.69585168 -0.104820251 -0.590502858 -0.202563092 -0.781200767 0.648468018 0.912235975
-0.0811694339 1.66809893 -0.105502211 -0.614392459 -0.0531057976 -0.787211418 0.640785992 0.902199984
-0.062618196 1.70607233 -0.122044265 -0.397687554 -0.214374736 -0.892125607 0.642345011 0.923231006
-0.0580421388 1.66790414 -0.117137708 -0.4136751 -0.0152812991 -0.910296261 0.632996976 0.908752978
-0.0801590607 1.74695969 -0.127028793 -0.478562713 -0.00373481773 -0.87804538 0.656674981 0.935329974
-0.035381496 1.71571589 -0.135348454 -0.160887256 -0.165815681 -0.9729442 0.636422992 0.934799016
-0.0319204703 1.67208886 -0.124478728 -0.190417141 -0.0411359444 -0.980840981 0.625442028 0.917307973
1.37424513e-06 1.72165751 -0.140890673 0.00244588917 -0.11885418 -0.992908716 0.62736702 0.946089983
-6.40256303e-07 1.67320263 -0.12681511 0.00210324046 -0.047770232 -0.998856068 0.615024984 0.925065994
-0.0519628525 1.88136709 -0.0141179441 -0.311078399 0.890679896 -0.33154121 0.72577697 0.971050978
-0.0750157684 1.86279261 -0.0346288271 -0.3847754 0.840814829 -0.380760461 0.711923003 0.963585973
-1.72376701e-06 1.87344491 -0.0445329733 0.000346716115 0.848745942 -0.528800607 0.712687016 0.991105974
-0.0312429778 1.86462629 -0.0532829277 -0.122472003 0.818481088 -0.561328113 0.707742989 0.979363978
-0.0679437444 1.84057701 -0.0754843578 -0.266444266 0.741600871 -0.61565876 0.693255007 0.964371026
-0.055146005 1.81388819 -0.109704584 -0.211186945 0.610890985 -0.763028383 0.675262988 0.962110996
-0.0243365839 1.82509184 -0.100528084 -0.0613266937 0.703947604 -0.707599401 0.678291976 0.975099027
-9.85009692e-08 1.83187819 -0.0937935039 -0.000236156688 0.744746149 -0.667347848 0.679648995 0.985184014
8.37258256e-07 1.78176057 -0.138974741 0.00212282245 0.333467931 -0.942758977 0.649285018 0.969254017
-0.0471744724 1.76925516 -0.141476691 -0.198926702 0.235236123 -0.951363206 0.654325008 0.951173007
4.92504846e-08 1.63617849 -0.136594102 0.00195171917 0.0233138986 -0.999726355 0.606267989 0.909988999
-0.0353016593 1.63699555 -0.132618859 -0.207648858 0.0310631897 -0.977710128 0.61827302 0.902498007
-0.0622728989 1.63773215 -0.121252559 -0.459415615 0.0295544248 -0.887729585 0.627553999 0.895545006
-0.0840991884 1.63991022 -0.103315741 -0.693157077 0.00517303636 -0.720767975 0.636739016 0.889387012
-0.103571735 1.62693238 -0.0751085728 -0.860650301 0.0135359801 -0.509016454 0.64656502 0.874382019
-0.0337530971 1.47409451 0.0816976056 -0.33290872 -0.918046057 -0.215321273 0.733461976 0.777390003
-0.0220935624 1.46808267 0.0929760039 -0.251425862 -0.938376307 -0.237138912 0.742043018 0.773398995
-0.0484635159 1.48368847 0.0665858537 -0.421037108 -0.896569908 -0.137441427 0.723345995 0.783125997
-0.0652615726 1.49409437 0.0487768054 -0.500833035 -0.865521491 -0.00623349147 0.712392986 0.79054898
-0.0854674205 1.50632536 0.0263155289 -0.569642484 -0.820577502 0.0464778282 0.699115992 0.799628019
-0.101906694 1.52305937 0.00383292371 -0.72662276 -0.684510529 -0.0588617027 0.685811996 0.809545994
-0.0318871513 1.47767162 0.0679587796 -0.216577098 0.657058895 0.722058177 0.725930989 0.773711026
-0.0192216281 1.47381437 0.0737638772 -0.17312859 0.532234728 0.82870543 0.732335985 0.769124985
-0.0478141643 1.4827646 0.056504868 -0.228239417 0.71955353 0.655857861 0.717630029 0.779992998
-0.0683465451 1.48988521 0.0398492776 -0.28732726 0.739291728 0.609008133 0.70726198 0.787903011
-0.0937676206 1.50225556 0.0202968325 -0.369446158 0.694474578 0.61742568 0.694868982 0.797739983
-0.106786624 1.51864755 -0.000690422428 -0.53313905 0.583074927 0.613014281 0.682591021 0.808117986
-0.122321218 1.53708065 -0.0257639252 -0.742203832 0.55956924 0.368803084 0.668531001 0.820014
-0.120793737 1.55499923 -0.0449647494 -0.858445883 0.512706041 0.0142532429 0.658569992 0.831705987
-0.115802087 1.57164192 -0.0531373285 -0.889083087 0.389106572 -0.241096228 0.653487027 0.842374027
-0.109846741 1.59172249 -0.0621053576 -0.912619114 0.257050216 -0.317886025 0.649671972 0.854125977
-0.106346659 1.60818756 -0.0699708238 -0.890298605 0.0943036973 -0.44550547 0.647222996 0.864071012
-0.0867711231 1.60908127 -0.101485565 -0.701836646 0.101091109 -0.705128312 0.632686973 0.875249028
-0.0634734258 1.60388029 -0.117697731 -0.442670554 0.054010693 -0.895056188 0.621924996 0.881125987
-0.0345815159 1.59968019 -0.127014518 -0.168772519 -0.0210756622 -0.985429704 0.610854983 0.888007998
-4.92504846e-08 1.59723949 -0.128806978 0.00370180304 -0.0489818938 -0.998792768 0.598797023 0.895451009
-0.0995624438 1.57068467 -0.1002037 -0.661326826 0.49330309 -0.565065324 0.630066991 0.856051981
-0.128920823 1.53008497 -0.100005418 -0.675340652 0.672547698 -0.30264619 0.635122001 0.837866008
-0.0674465224 1.56356645 -0.123832069 -0.297317594 0.516589105 -0.802955806 0.613323987 0.865836024
-0.0349685289 1.56097603 -0.129911676 -0.0670349449 0.45438832 -0.888277888 0.601719022 0.87491101
2.01747326e-07 1.55898559 -0.131159708 0.00163319299 0.442967117 -0.89653641 0.590444982 0.88390702
-0.151360244 1.51674402 -0.0804105252 -0.683039367 0.72970891 -0.0313371494 0.641790986 0.822633982
-0.157715067 1.46321893 -0.162651196 -0.431779951 0.576089203 -0.694036901 0.599847972 0.820594013
-0.184982613 1.46576595 -0.14822872 -0.486691982 0.629978061 -0.605193019 0.607339978 0.808795989
-0.171270162 1.50114214 -0.112273902 -0.54099369 0.779859185 -0.314873993 0.626971006 0.815925002
-0.147115186 1.50210416 -0.140855059 -0.504030108 0.658853948 -0.558448911 0.616111994 0.829315007
-0.115182646 1.51361525 -0.149917811 -0.422836781 0.59936136 -0.6796875 0.609221995 0.841980994
-0.117168993 1.47586787 -0.171218693 -0.298838437 0.468590379 -0.831335545 0.593020022 0.832696021
-0.0778702572 1.5258652 -0.157068819 -0.201325625 0.568879664 -0.797398269 0.599457979 0.853052974
-0.0772497356 1.47890687 -0.177352384 -0.148607373 0.396601915 -0.905882239 0.584052026 0.841620028
-0.0380638316 1.51925564 -0.164643988 -0.0362294503 0.504256308 -0.862793684 0.586757004 0.861543
-0.0355392173 1.47442245 -0.18056421 -0.0450867042 0.344883293 -0.937562168 0.572925985 0.850983024
1.03094315e-07 1.51545238 -0.16706261 8.99271708e-06 0.492352337 -0.870395958 0.57595098 0.87054199
-6.34743174e-08 1.47329891 -0.181157202 6.61497597e-06 0.325754941 -0.945454299 0.563898027 0.860046983
-0.157722399 1.50688195 -0.040208295 -0.675363183 0.674094617 0.299133539 0.654218972 0.809876025
-0.148926675 1.49079478 0.00177870481 -0.555051863 0.596032321 0.580226719 0.668085992 0.797164023
-0.130786449 1.47341728 0.0325071625 -0.509179294 0.621767759 0.595097721 0.68136698 0.78550297
-0.105256878 1.47047043 0.0627671406 -0.377340406 0.703903317 0.601776004 0.694984972 0.775708973
-0.0785747096 1.46035182 0.081065923 -0.240267694 0.715068996 0.656466186 0.706282973 0.767811
-0.0532001965 1.45547259 0.0910509601 -0.152641594 0.734375954 0.661356509 0.71646601 0.762858987
-0.0265743639 1.45324218 0.0963621661 -0.00945958961 0.724054813 0.689677596 0.726647973 0.759018004
-0.0372271128 1.42363083 0.128474861 -0.0840286613 0.58450532 0.807027161 0.72012198 0.743728995
-1.61323487e-06 1.41829371 0.129044726 0.0177606605 0.593349278 0.804749191 0.733016014 0.739346027
3.61842831e-05 1.46034312 0.0872382298 0.0151137132 0.69974792 0.714229941 0.737303972 0.760257006
-0.0423143953 1.39254391 0.140999556 -0.150815219 0.412962615 0.898174107 0.715875983 0.732087016
3.23598215e-07 1.3898989 0.145790234 0.0137572726 0.461966038 0.886790931 0.730760992 0.727442026
-0.0687346831 1.42642891 0.117793851 -0.320391148 0.532558382 0.783409894 0.709268987 0.748834014
-0.0780957267 1.39540279 0.126568317 -0.428383946 0.345944434 0.834751308 0.703236997 0.738047004
-0.0972355828 1.43259394 0.0976765454 -0.476237416 0.462276548 0.747996211 0.698724985 0.756219983
-0.107734792 1.40358198 0.0989757776 -0.602916181 0.268438578 0.75128746 0.691847026 0.747138023
-0.128383636 1.43924797 0.0697049722 -0.641721904 0.417770386 0.643164754 0.685899019 0.764944017
-0.139254391 1.4132638 0.0665913448 -0.731788158 0.258995831 0.630402446 0.678731978 0.756416976
-0.154284596 1.44634867 0.0272464287 -0.722870231 0.384710222 0.573983014 0.670419991 0.776564002
-0.1683781 1.42744112 0.017155163 -0.771036863 0.290631324 0.566599965 0.662180007 0.770110011
-0.170848668 1.47282135 -0.00883970782 -0.698316932 0.465878397 0.543425202 0.656669974 0.79025197
-0.182400063 1.46264434 -0.0164054055 -0.751712799 0.354942292 0.5558272 0.649815023 0.78620702
-0.174219534 1.49443972 -0.0436772183 -0.66407901 0.712117314 0.227789447 0.647382975 0.802668989
-0.0168764107 1.50742722 0.151026174 -0.376087487 0.117461987 0.919108689 0.767499983 0.797618985
-0.0278272219 1.48953533 0.152549028 -0.638538659 0.0722203478 0.766193569 0.763436019 0.791513979
-0.0111616319 1.49740386 0.15658024 -0.13876909 0.275883198 0.951121151 0.770554006 0.793711007
-0.0152429352 1.48271835 0.159261078 -0.200351894 -0.0898914263 0.975591421 0.769077003 0.788585007
-0.028076617 1.46859038 0.147947073 -0.687610209 -0.437655479 0.579352975 0.762799025 0.784183979
-0.0160136893 1.46703064 0.154748529 -0.176984295 -0.507949114 0.843009114 0.768353999 0.783259988
-0.0192208067 1.45746732 0.135287151 -0.261115909 -0.965198934 0.0144724306 0.763572991 0.777019024
-0.0115966201 1.46441126 0.0987816602 -0.143414363 -0.958800197 -0.245223552 0.748920023 0.769618988
-0.0140898284 1.46017289 0.145805091 -0.0421015434 -0.864240408 0.501314282 0.768420994 0.779554009
2.19558365e-06 1.46288264 0.101166688 -0.0378198102 -0.967824101 -0.248769373 0.753017008 0.765488982
-0.127127215 1.63069832 -0.00944748428 -0.895515203 0.278402448 0.347195357 0.68434298 0.86203301
-0.118511237 1.65395403 0.00881079864 -0.94337517 0.147402555 0.297179878 0.692043006 0.870665014
-0.122243918 1.60830414 0.0349680074 -0.910780609 0.205499917 0.358117938 0.698137999 0.84938401
-0.103738546 1.63042259 0.0480010584 -0.960956752 0.134128377 0.242015794 0.70619297 0.858153999
-0.109639011 1.5906508 0.0616025329 -0.931711197 0.0506750606 0.359647334 0.709914029 0.840659976
-0.105571456 1.61478674 0.0872502103 -0.965926766 0.0122694708 0.258524358 0.720344007 0.849204004
-0.100289941 1.64109313 0.102136493 -0.966746569 -0.0187057666 0.255051225 0.726979017 0.859046996
-0.104220659 1.65787649 0.0669010505 -0.989908695 0.0197593458 0.140322626 0.714365005 0.867924988
-0.0977340415 1.57889235 0.0956270397 -0.826261163 -0.226716653 0.515647292 0.724853992 0.834217012
-0.0924366936 1.60705519 0.111469314 -0.833814621 -0.167531192 0.526009977 0.731149018 0.844923973
-0.0899991766 1.63485932 0.123531379 -0.791849732 -0.0908075124 0.603927195 0.735683024 0.855610013
-0.0735879093 1.5832448 0.123416096 -0.660102785 -0.295226693 0.690728188 0.740607977 0.834300995
-0.0749932155 1.6064992 0.131938457 -0.619650185 -0.239303708 0.747507393 0.741792023 0.843829989
-0.0710305199 1.6293298 0.141836584 -0.520453036 -0.123071261 0.844974577 0.745335996 0.852418005
-0.0534230359 1.59672928 0.139891103 -0.588812411 -0.168372229 0.790538192 0.750788987 0.840067983
-0.0531162024 1.61332762 0.143480673 -0.482252836 -0.155141219 0.862185299 0.751551986 0.846109986
-0.0487738363 1.6326251 0.147625551 -0.39500913 -0.0358494185 0.917977452 0.754015028 0.853027999
-0.0341854952 1.60120642 0.158292025 -0.59104532 0.00347811659 0.80663079 0.761178017 0.84375298
-0.0307204779 1.62114441 0.160306484 -0.522099972 -0.0125220781 0.852792442 0.762394011 0.849871993
-0.0288296882 1.63650155 0.159575418 -0.49399659 0.0877814889 0.865021288 0.762917995 0.85481298
-0.0124956751 1.60721397 0.167642832 -0.236936197 0.097807318 0.966589332 0.770352006 0.846566021
-0.0130118327 1.63714683 0.16890052 -0.163245037 0.118632264 0.979427099 0.770614028 0.856000006
-0.01340573 1.62507701 0.16890724 -0.150002047 0.00249739154 0.988682508 0.770012021 0.851583004
-0.0365825668 1.72851431 0.128922001 -0.205368862 0.32632634 0.922678053 0.755110979 0.892099977
-0.0370838381 1.73107004 0.127914861 -0.131997377 0.795063019 0.591989398 0.755155981 0.892758012
-0.0359143354 1.72381175 0.130685657 -0.385138184 0.602198005 0.699304104 0.754872024 0.890271008
-0.0308071114 1.72503912 0.134982735 -0.612256527 0.576106548 0.541519344 0.757790983 0.890003026
-0.0314152576 1.72805595 0.13169767 -0.577619731 0.45620361 0.676929653 0.757358015 0.891233027
-0.0253202114 1.72642744 0.142255798 -0.874893129 0.345552653 0.339345425 0.760827005 0.890464008
-0.0281655639 1.72836912 0.134922609 -0.77567327 0.413945585 0.476424217 0.75901401 0.891350985
-0.0249702875 1.73236907 0.138579175 -0.912658632 0.234233603 0.334945977 0.761106014 0.892693996
-0.0315873362 1.73084068 0.129045025 -0.451679468 0.672520697 0.586260676 0.757358015 0.892316997
-0.028403243 1.73150861 0.132866934 -0.820177376 0.31916678 0.474806994 0.758895993 0.892572999
-0.0362913981 1.74134874 0.131657138 0.306364149 -0.347568929 0.886192381 0.758736014 0.898613989
-0.0466525219 1.74542236 0.13768509 0.0998606011 0.0992714688 0.990036845 0.754472971 0.900665998
-0.0467750542 1.74375594 0.136542886 -0.0891613886 -0.907635927 0.410179585 0.754222989 0.900000989
-0.0366230011 1.74046278 0.130717546 -0.257819772 -0.927791119 0.269690007 0.757893026 0.898066998
-0.0587177128 1.74912488 0.13408719 -0.343611568 0.406684101 0.84648633 0.750753999 0.902637005
-0.0457687639 1.74827802 0.136036471 0.0350188762 0.116591178 0.992562473 0.755195022 0.901637971
-0.0455863401 1.75240767 0.13528122 -0.368960679 -0.453301013 0.811410129 0.756609976 0.902970016
-0.0582709499 1.75334311 0.131667405 -0.498540819 -0.0400367118 0.865941167 0.751541972 0.903926015
-0.0583827533 1.74469721 0.135252282 -0.161897868 -0.847399294 0.505671501 0.749885976 0.900587022
-0.0568500757 1.7440325 0.131715253 0.0418981388 -0.997089028 -0.063702032 0.749606013 0.899181008
-0.045621261 1.74350464 0.132164478 -0.245017767 -0.956787705 -0.156599879 0.753575027 0.898702025
-0.0587648861 1.74656904 0.135800704 -0.331038356 0.18735823 0.924830019 0.750292003 0.901592016
-0.0666511655 1.74275947 0.128853306 -0.134882107 -0.840777576 0.52430892 0.746113002 0.900309026
-0.064945966 1.74247062 0.126850709 0.406052798 -0.913585782 0.0219608005 0.746564984 0.898854017
-0.0680034831 1.74622631 0.128344536 -0.721210539 0.214844257 0.658556938 0.746204972 0.90198499
-0.0675450638 1.74414206 0.129128665 -0.661764622 -0.0643690377 0.746943295 0.746080995 0.901144981
-0.0703117102 1.73827982 0.121787563 0.0504634194 -0.837901175 0.543484211 0.743368983 0.898645997
-0.067998223 1.73911953 0.120647028 0.754776359 -0.621493816 0.209900349 0.744419992 0.897780001
-0.0725098625 1.74044466 0.121480614 -0.862822711 -0.102912396 0.494920164 0.742413998 0.899993002
-0.071695596 1.73895693 0.121915206 -0.688589454 -0.466811866 0.554915607 0.742825985 0.899284005
-0.070223406 1.73411095 0.11595434 0.242907405 -0.749400318 0.615950644 0.742070973 0.896332026
-0.0677836835 1.73574424 0.115309246 0.848767579 -0.408477724 0.33576721 0.744198978 0.897041976
-0.0731027797 1.73594141 0.114821926 -0.812353969 -0.340783298 0.473231167 0.740674973 0.896903992
-0.0830970332 1.73349428 0.107177049 -0.76637888 0.215383917 0.605205119 0.736869991 0.895309985
-0.0758905113 1.73352122 0.1116376 -0.505827487 0.221987978 0.83358252 0.739791989 0.895451009
-0.0734992027 1.73427808 0.113348141 -0.563898981 -0.129777104 0.81558311 0.74040103 0.895920992
-0.0741628036 1.73072815 0.11413487 -0.480298132 0.539412737 0.691626668 0.740297019 0.894339025
-0.0721081644 1.73212659 0.116339348 -0.75472343 0.431371599 0.494278461 0.741504014 0.894649029
-0.082450375 1.72581613 0.112782396 -0.635804772 0.501398802 0.58681488 0.737951994 0.891641021
-0.0716783106 1.73507977 0.115592144 -0.63857317 -0.584735632 0.500308454 0.741360009 0.896560013
-0.0725019798 1.73360014 0.113829017 -0.623815477 0.130693644 0.770567 0.741005003 0.895614028
-0.0711999908 1.73243821 0.114878461 -0.200458005 0.863875329 0.462099463 0.741609991 0.895392001
-0.0666421577 1.7321713 0.117520891 0.440234005 0.897851825 0.00748351496 0.743649006 0.894569993
-0.0691799372 1.73219621 0.113981098 0.119486898 0.959320545 0.255787075 0.74227798 0.895381987
-0.0685878024 1.73287749 0.112667263 0.625639796 -0.012763246 0.780007601 0.742771983 0.895825982
-0.0669716895 1.7341069 0.111470029 0.984273493 0.116758041 0.132564336 0.744099021 0.896045983
-0.0665763542 1.73291409 0.113158986 0.589379609 0.795517206 0.140656322 0.743878007 0.89537102
-0.0366678722 1.74044597 0.12611942 -0.624570668 -0.745669782 -0.232138172 0.754283011 0.897678018
-0.0287218466 1.73389459 0.130791128 -0.87228936 0.332588673 0.358463228 0.758877993 0.89360702
-0.0306445863 1.73280144 0.12627922 -0.541984856 0.752610564 0.373938203 0.757377982 0.893440008
-0.0360738114 1.7325263 0.124141097 -0.430821896 0.894204438 0.12161798 0.754696012 0.893917978
-0.0293449629 1.73533595 0.124896489 -0.906037211 -0.0283805486 0.422245175 0.757677972 0.895497978
-0.0321819857 1.7375257 0.123340815 -0.64854306 -0.759104013 -0.0561529547 0.756687999 0.896633029
-0.031883236 1.73486066 0.120370045 -0.729850411 0.56411618 0.386123359 0.756204009 0.894926012
-0.0305903088 1.73745728 0.118881769 -0.810703456 -0.569218934 0.136929348 0.755328 0.895569026
-0.0328102261 1.73907816 0.117436819 -0.928719521 -0.261040777 -0.263320625 0.753968 0.896396995
-0.0334129557 1.73590517 0.118012123 -0.867377758 0.390761048 0.308158576 0.75446099 0.895155013
-0.033019539 1.73370039 0.120416448 -0.802282274 0.583961964 -0.123821124 0.754815996 0.894487023
-0.0218718424 1.74321866 0.135443196 -0.580162644 -0.395887762 0.711817503 0.763132989 0.896364987
-0.0352067575 1.74281454 0.131544694 -0.0141779361 -0.435547084 0.900054276 0.759275019 0.899001002
-0.0286898352 1.73777032 0.12842603 -0.510728836 -0.40626362 0.757697761 0.759284973 0.895532012
-0.0263286177 1.73581815 0.134910926 -0.861846983 0.354209781 0.362981051 0.760514021 0.893975019
-0.0575177707 1.79692566 0.117736258 -0.693798482 0.440702945 0.569582939 0.752641022 0.920403004
-0.0377339013 1.79402983 0.137163296 -0.441259027 0.474481225 0.76168108 0.761660993 0.918049991
-0.070864059 1.79085946 0.0955795571 -0.809606552 0.39234671 0.436579108 0.743130982 0.919411004
-0.0870191455 1.77412498 0.0833093226 -0.8467834 0.362093419 0.389674544 0.732755005 0.914783001
-0.096832253 1.75167823 0.0795390457 -0.936623871 0.151814088 0.315734327 0.728637993 0.904461026
-0.00786451343 1.75370681 0.153405666 -0.445683479 0.0334254019 0.894566298 0.772228003 0.898675978
-0.0723821074 1.77346539 0.114669815 -0.772165775 0.417646468 0.478885651 0.745140016 0.911758006
-0.0857100189 1.7611053 0.103480242 -0.847887397 0.330923349 0.414218158 0.736958981 0.908326983
-0.0906883627 1.74335217 0.0983752236 -0.920538485 0.0717542544 0.384005547 0.73348099 0.900528014
-0.0890804753 1.73387432 0.0968450978 -0.900192916 0.211744338 0.380548686 0.732849002 0.896131992
-0.0048133973 1.7595942 0.154156581 -0.200964302 0.00408347696 0.979590058 0.772714972 0.901251018
-0.00388349872 1.76988626 0.153305545 -0.218168795 0.138596043 0.966019392 0.773980975 0.904964983
-0.0366968252 1.71639395 0.140238777 -0.427317649 0.591279209 0.683950722 0.756183982 0.886491001
-0.0303774513 1.71677613 0.143747821 -0.71080476 0.464176983 0.528484881 0.758508027 0.886646986
-0.0254422035 1.71819222 0.151158229 -0.892653227 0.346059352 0.288813204 0.761448979 0.886645019
-0.0228530113 1.71965492 0.163232416 -0.875525594 0.371304125 0.309173197 0.764792025 0.886433005
-0.0174775179 1.71946239 0.173664331 -0.524004281 0.463386893 0.714627147 0.768845975 0.884764016
-0.0312549956 1.70670927 0.150320753 -0.772443235 0.420758963 0.475703001 0.758719027 0.882022023
-0.0353275687 1.70511389 0.145259485 -0.539297283 0.406130135 0.737710476 0.756790996 0.881489992
-0.036412552 1.70059276 0.145645618 -0.692650259 0.251012862 0.676186502 0.756738007 0.879373014
-0.0343179367 1.70100236 0.154462576 -0.83734411 0.340183794 0.427936673 0.759016991 0.879079998
-0.0288949069 1.69483519 0.16294691 -0.896933973 -0.162154466 0.411358029 0.762301028 0.87748301
-0.0339726359 1.69632673 0.155128404 -0.873707771 -0.175625816 0.453641266 0.759272993 0.877233028
-0.0273548029 1.70755684 0.158295602 -0.898679435 0.330192715 0.288700521 0.76147598 0.881990016
-0.0287062805 1.70038307 0.16160126 -0.903884649 0.190028846 0.383251369 0.761819005 0.879238009
-0.0245811623 1.70931756 0.170371071 -0.876811862 0.284905851 0.387336582 0.76502198 0.882287979
-0.0232923832 1.69246519 0.174867392 -0.806194305 -0.225536227 0.546977222 0.766873002 0.876798987
-0.0248748418 1.70060074 0.173281416 -0.866267145 0.0760550275 0.493757904 0.765329003 0.879447997
-0.0182073116 1.70807397 0.179912806 -0.481433421 0.337976336 0.808698773 0.768845022 0.881226003
-0.0144748641 1.68903291 0.183902949 -0.462693363 -0.290283382 0.837645829 0.770874977 0.875925004
-0.0169384722 1.69923568 0.182610065 -0.483214617 0.103509657 0.86936152 0.769541979 0.878821015
-0.0583806783 1.77471709 0.129667222 -0.67279464 0.388309181 0.629732728 0.752641022 0.912364006
-0.0593300313 1.76481199 0.132823184 -0.657094002 0.0385312028 0.752823293 0.752049029 0.906911016
-0.0555127263 1.76825893 0.138459086 -0.61132443 0.224750742 0.758794785 0.754275024 0.908259988
-0.0421643741 1.77325964 0.143290132 -0.448419273 0.357048094 0.819412529 0.759618998 0.909694016
-0.0468477495 1.76007402 0.141171202 -0.478645027 -0.519784629 0.7076177 0.758719027 0.905662
-0.0460812114 1.76435065 0.145338863 -0.473540306 0.0584725738 0.878829062 0.759607971 0.907050014
-0.0271407068 1.76727152 0.150447249 -0.229259372 0.189064682 0.954827011 0.766099989 0.907293975
-0.0187177919 1.78765488 0.146398529 -0.250330508 0.419605762 0.872505426 0.768469989 0.914386988
-0.0316786468 1.75951362 0.149905071 -0.262013853 -0.0991255045 0.959959805 0.766185999 0.903802991
-0.0152445016 1.75725985 0.14937979 -0.205819279 0.00393886492 0.978582084 0.770474017 0.901239991
-0.00778610772 1.76501441 0.153495416 -0.188148424 0.0829141065 0.978634417 0.772280991 0.906064987
-0.0238768309 1.75649559 0.148857862 -0.016972106 -0.306650877 0.951670766 0.766595006 0.901346982
-0.0334721021 1.75469327 0.146183282 -0.36379233 -0.65433526 0.66294837 0.763132989 0.902913988
-0.0196039546 1.75137413 0.145756453 -0.445495129 -0.496733576 0.744842231 0.767130017 0.89922303
-0.0263448693 1.75266826 0.14653413 -0.191807315 -0.717628539 0.669491768 0.765112996 0.900572002
-0.0328201726 1.74754417 0.135112286 -0.246233389 -0.675659478 0.694876492 0.760828972 0.899917006
-0.0433891341 1.72993255 0.127885878 -0.349497586 0.877779961 -0.327648789 0.951386988 0.971773982
-0.0429538041 1.72849774 0.127376512 -0.401559204 0.330735981 -0.854027987 0.951932013 0.971467972
-0.0500903018 1.72693908 0.128187448 0.00993813016 0.377493232 -0.925959051 0.952847004 0.974335015
-0.0503112413 1.72833526 0.12880832 -0.0440076366 0.789456308 -0.612227261 0.95224601 0.974491
-0.0575893261 1.72715485 0.126595512 0.413032651 0.341456234 -0.844281733 0.95323801 0.97744
-0.0575773083 1.72867548 0.12728101 0.365198225 0.80531776 -0.467004776 0.952569008 0.977442026
-0.0637214109 1.72924888 0.122716732 0.762527287 0.228687733 -0.605189264 0.952960014 0.980526984
-0.0634388551 1.73082757 0.123309664 0.476930469 0.863147855 -0.165870935 0.952301979 0.980368972
-0.0568500757 1.7440325 0.131715253 0.0418981388 -0.997089028 -0.063702032 0.944477022 0.978160977
-0.0566394329 1.7450701 0.131016448 0.229743481 -0.587966144 -0.775573194 0.943982005 0.978214979
-0.045065172 1.74437821 0.131222874 -0.384441167 -0.342010766 -0.857457697 0.943816006 0.973459005
-0.045621261 1.74350464 0.132164478 -0.245017767 -0.956787705 -0.156599879 0.944278002 0.973730981
-0.064945966 1.74247062 0.126850709 0.406052798 -0.913585782 0.0219608005 0.945527971 0.981781006
-0.0650598332 1.74366248 0.126196757 0.745393038 -0.282844841 -0.603645504 0.945086002 0.982089996
-0.067998223 1.73911953 0.120647028 0.754776359 -0.621493816 0.209900349 0.947508991 0.984052002
-0.0683450326 1.74029386 0.119888902 0.944311082 0.118507534 -0.30697304 0.947216988 0.984538972
-0.0677836835 1.73574424 0.115309246 0.848767579 -0.408477724 0.33576721 0.949802995 0.985011995
-0.068509981 1.73693573 0.114453688 0.897672415 0.402156681 -0.180150628 0.949607015 0.985630989
-0.065892905 1.73045027 0.117651679 0.935711265 0.239461556 -0.259041637 0.95264101 0.982832015
-0.0666421577 1.7321713 0.117520891 0.440234005 0.897851825 0.00748351496 0.951916993 0.983013988
-0.0669716895 1.7341069 0.111470029 0.984273493 0.116758041 0.132564336 0.951422989 0.98557502
-0.0673661828 1.73391855 0.110691316 0.879725635 0.430113077 -0.202695519 0.951579988 0.985872984
-0.0665763542 1.73291409 0.113158986 0.589379609 0.795517206 0.140656322 0.95185101 0.984791994
-0.0661724582 1.7313931 0.112783812 0.951835096 0.306505471 -0.00803039316 0.952493012 0.984844029
-0.0361046419 1.74187911 0.125941157 -0.693734884 0.149789631 -0.704482079 0.944666982 0.969152987
-0.0366678722 1.74044597 0.12611942 -0.624570668 -0.745669782 -0.232138172 0.945214987 0.969403982
-0.0360738114 1.7325263 0.124141097 -0.430821896 0.894204438 0.12161798 0.949724019 0.968802989
-0.0368416756 1.7308656 0.123590447 -0.634384692 0.453352988 -0.626120687 0.950469017 0.968713999
-0.0320222713 1.73932409 0.117116064 -0.767713308 0.372676164 -0.521275997 0.946645975 0.965599
-0.0328102261 1.73907816 0.117436819 -0.928719521 -0.261040777 -0.263320625 0.946776986 0.965897977
-0.0328616947 1.73530388 0.116700448 -0.955381989 0.147374198 -0.25598073 0.948310018 0.965551019
-0.0334129557 1.73590517 0.118012123 -0.867377758 0.390761048 0.308158576 0.948077023 0.96608299
-0.033019539 1.73370039 0.120416448 -0.802282274 0.583961964 -0.123821124 0.948812008 0.967099011
-0.0338694565 1.73257291 0.118758924 -0.862856686 0.472758114 -0.178824618 0.949415028 0.966506004
-0.00665689679 1.56147277 0.145945817 0.264609307 0.741828561 -0.616175473 0.772789001 0.820978999
-0.0189205073 1.56331205 0.142764285 0.349943459 0.833998024 -0.426599026 0.767868996 0.821344972
-0.0453823023 1.57083797 0.115297705 0.817786753 -0.504799366 -0.276409626 0.755877972 0.825330019
-0.0144498404 1.58775926 0.143559694 0.3351309 -0.605989873 -0.721431553 0.95886898 0.738021016
-0.0147160385 1.5959307 0.141811356 0.283709824 -0.776110947 -0.563170016 0.957741022 0.740850985
-0.026237309 1.58558345 0.135602355 0.681300402 -0.500830173 -0.533852935 0.964854002 0.742299974
-0.0270437859 1.59326148 0.134171978 0.635529757 -0.679222524 -0.367094874 0.962697029 0.744185984
-0.0343474336 1.57913637 0.123262063 0.780379593 -0.480961889 -0.399603873 0.969591975 0.748488009
-0.0355235338 1.58546889 0.121044576 0.790728927 -0.568843007 -0.226197749 0.967176974 0.749916017
-0.0453823023 1.57083797 0.115297705 0.817786753 -0.504799366 -0.276409626 0.974116027 0.754612982
-0.0467091091 1.57598007 0.111576393 0.843895495 -0.519977152 -0.132151261 0.971852005 0.755618989
-0.048684787 1.56162333 0.112119712 0.775421321 0.486687839 -0.402314037 0.977410972 0.758993983
-0.0513174683 1.56203818 0.104641251 0.982433259 -0.17444846 0.0662775263 0.975365996 0.761322021
-0.0473585799 1.55522275 0.110123806 0.517567754 0.72381264 -0.456310004 0.979209006 0.762521982
-0.0506569296 1.55487359 0.103617787 0.861461163 0.504534543 0.0577034727 0.976858974 0.763796985
-0.048684787 1.56162333 0.112119712 0.775421321 0.486687839 -0.402314037 0.973724008 0.789219022
-0.0473585799 1.55522275 0.110123806 0.517567754 0.72381264 -0.456310004 0.972262025 0.786934972
0.0258251783 1.54964364 0.11298082 -0.288236082 0.928902864 -0.232506722 0.941187024 0.787248015
0.0178050883 1.54745233 0.116922632 -0.352249444 0.923326731 -0.152931765 0.94471103 0.788577974
0.00833958667 1.54480362 0.120125212 -0.267584801 0.954811692 -0.129355446 0.948756993 0.789618015
3.87577456e-05 1.54347241 0.121655673 -0.000254687358 0.993358135 -0.115063123 0.952158988 0.790109992
0.0336007886 1.54915965 0.107541889 -0.165358454 0.94781661 -0.272580594 0.937887013 0.78520602
-1.67690064e-06 1.60119247 0.12778616 -0.000335395598 -0.999129653 -0.041711174 0.951847017 0.746294022
0.0126490975 1.60068905 0.125379071 -0.161683738 -0.98679781 0.00940578897 0.947310984 0.747331023
0.0247886982 1.59556437 0.118557967 -0.441826522 -0.891722739 0.0980809033 0.942653 0.750311017
0.0338145867 1.58699477 0.109483257 -0.594119251 -0.792089343 0.140059933 0.938687027 0.754593015
0.0431629159 1.57784951 0.101259209 -0.741060257 -0.63966608 0.204100758 0.935006976 0.759177983
0.0480597019 1.56543374 0.0949165225 -0.906134784 -0.26791355 0.327325642 0.932108998 0.764059007
0.0470895097 1.554322 0.0948234349 -0.82262063 0.474173278 0.313775063 0.929455996 0.767401993
0.0413756743 1.54881501 0.10055314 -0.310045809 0.946066856 -0.0939622223 0.926167011 0.769186974
0.0413756743 1.54881501 0.10055314 -0.310045809 0.946066856 -0.0939622223 0.934481978 0.782720983
-0.0178057253 1.54743814 0.116924256 0.352384925 0.923596859 -0.150975958 0.959617972 0.788462996
-0.0258257724 1.54964125 0.112981111 0.309972048 0.921875596 -0.232514352 0.963129997 0.78708303
-0.00832628924 1.54479897 0.120131776 0.267400503 0.955037296 -0.128064767 0.955582023 0.789568007
-0.0337077118 1.54945815 0.107327648 0.190260872 0.94020617 -0.282512546 0.966476977 0.784947991
-0.012648806 1.6006918 0.12537837 0.16022341 -0.987045407 0.00835654326 0.956403017 0.747237027
-0.0247904826 1.59559405 0.118628114 0.443088084 -0.891382098 0.0954508409 0.961124003 0.750090003
-0.0338166617 1.58699858 0.109500326 0.595793903 -0.791050613 0.138811633 0.965186 0.754315019
-0.0431631282 1.57784605 0.10125304 0.741567135 -0.639140964 0.203903913 0.968959987 0.758834004
-0.0480606817 1.56543565 0.0949128717 0.905783415 -0.269251108 0.327200711 0.971960008 0.76365298
-0.0471188203 1.55440295 0.0947653651 0.825165629 0.470466733 0.31267038 0.974653006 0.766925991
-0.0414910167 1.54913342 0.10032402 0.311246008 0.943823218 -0.111012325 0.977865994 0.768602014
-0.0414910167 1.54913342 0.10032402 0.311246008 0.943823218 -0.111012325 0.969861984 0.782424986
0.0228889678 1.54891741 0.0974983349 -0.0549818128 0.989483118 0.133791417 0.94195497 0.780704021
0.0158868693 1.54726851 0.100143716 -0.205118403 0.964909494 0.16393888 0.945142984 0.78173703
0.00823517516 1.54502106 0.101940259 -0.173313379 0.96714431 0.185995623 0.948584974 0.782489002
4.50149419e-05 1.54363549 0.102575712 0.000531233905 0.980462551 0.196705222 0.952127993 0.782782018
0.0296702608 1.5487144 0.0936497822 0.084121041 0.987625778 0.132359356 0.938843012 0.779347003
-3.89555635e-06 1.59503007 0.105950475 -9.41760736e-05 -0.921780407 0.387712508 0.951945007 0.755307972
0.0103527941 1.59507918 0.104479775 -0.0611910187 -0.917112947 0.393903077 0.94827199 0.755751014
0.021119738 1.59185517 0.100652091 -0.264635473 -0.868689656 0.418743759 0.944378972 0.757411003
0.0301923696 1.58558297 0.0954802707 -0.408579707 -0.794179916 0.44982326 0.940991998 0.760025024
0.0382433869 1.57767332 0.0894011185 -0.5375489 -0.652050614 0.53466922 0.937933028 0.763251007
0.0432904772 1.56636477 0.0841395929 -0.704494178 -0.29433465 0.645798087 0.935294986 0.767075002
0.0419875644 1.55441177 0.0841866732 -0.695027769 0.420049787 0.583519101 0.933080971 0.77058202
0.0361563079 1.548527 0.0891391858 -0.186721891 0.941336632 0.28110522 0.930930972 0.77335602
0.0361563079 1.548527 0.0891391858 -0.186721891 0.941336632 0.28110522 0.935856998 0.777967989
-0.0158424508 1.54737628 0.099953346 0.202582911 0.963526011 0.17486468 0.959136009 0.781548977
-0.0228780787 1.54892743 0.0974758118 0.0555714816 0.989175797 0.135804817 0.96232599 0.780535996
-0.00820454303 1.54502344 0.101919658 0.177958354 0.965847135 0.188335747 0.955691993 0.782428026
-0.0296700634 1.54871154 0.0936496556 -0.0721604377 0.989524484 0.125036061 0.965438008 0.779147983
-0.0103633907 1.59511435 0.104554325 0.0596501492 -0.916875243 0.394691795 0.955624998 0.755644977
-0.021127915 1.59206498 0.101129755 0.266969949 -0.870393097 0.413694203 0.95954603 0.757053971
-0.0301936958 1.58568096 0.0956772566 0.407513171 -0.795504391 0.448448151 0.962993026 0.759718001
-0.0382481217 1.5776875 0.0894160643 0.536813855 -0.652506709 0.534851313 0.966121018 0.76296401
-0.0432908759 1.56636333 0.0841372684 0.703388929 -0.295387924 0.646521449 0.968833983 0.766746998
-0.0419879518 1.55441248 0.0841849893 0.694691718 0.419866681 0.584050894 0.971117973 0.770206988
-0.0361630507 1.54854715 0.0891229808 0.187325865 0.943831921 0.272195309 0.973313987 0.772933006
-0.0361630507 1.54854715 0.0891229808 0.187325865 0.943831921 0.272195309 0.968416989 0.777733982
0.020282872 1.55322123 0.0866027623 0.123812407 0.684194386 0.718713105 0.942671001 0.775772989
0.0144011909 1.55227852 0.0876168832 -0.00701188063 0.668356717 0.743807912 0.945514023 0.776279986
0.00762081798 1.55148613 0.0879113749 -0.0218176246 0.64786607 0.761441708 0.948669016 0.776464999
-2.89148011e-05 1.55143416 0.0877941474 0.000127295716 0.628358185 0.77792424 0.952133 0.776367009
0.0263421703 1.5535835 0.0845041722 0.252711713 0.652722776 0.714205682 0.939643025 0.774976015
-6.35569631e-06 1.58422685 0.0909510404 0.000583678251 -0.654332817 0.756206512 0.952019989 0.762751997
0.00797483698 1.58396614 0.0896033943 0.0573049299 -0.639980376 0.766251504 0.949012995 0.763095975
0.0169048849 1.58180618 0.0876944512 -0.0411893614 -0.609175622 0.791964948 0.945618987 0.76395601
0.024276156 1.57720482 0.0858060941 -0.0949486345 -0.549126387 0.830328166 0.942705989 0.765446007
0.030480925 1.57130158 0.0832535475 -0.120706767 -0.46696645 0.875997841 0.939999998 0.767374992
0.0336419679 1.56232917 0.0805442706 -0.145116523 -0.16497542 0.975563645 0.93769902 0.770515025
0.0359919034 1.55655372 0.0807060525 -0.298977643 0.284010023 0.911016226 0.935712993 0.771907985
0.0323157534 1.55392754 0.0820555463 0.134581 0.63256222 0.76272732 0.936420977 0.773895979
-0.0323153622 1.55393231 0.082048215 -0.1342327 0.632127166 0.763149381 0.967827022 0.773617029
-0.0359903798 1.55655444 0.0807062835 0.298898935 0.283715874 0.911133707 0.968508005 0.771601975
-0.0141741382 1.55286694 0.0869745985 -0.00376264239 0.643658698 0.765303433 0.958649993 0.775858998
-0.0202407669 1.55333018 0.0864699855 -0.114923336 0.692580104 0.712127447 0.961560011 0.775548995
-0.00755610969 1.55159628 0.0878019184 0.0218565054 0.655492783 0.754885077 0.955550015 0.776354015
-0.0263379309 1.55358422 0.0844859704 -0.250480145 0.654843986 0.713049114 0.96460402 0.774757981
-0.00800236594 1.58400369 0.0896533728 -0.0554199927 -0.642031014 0.764673114 0.955038011 0.763010979
-0.0168871041 1.58199871 0.0879145712 0.0444101878 -0.617462993 0.785345316 0.958423018 0.763716996
-0.0242362637 1.57741463 0.0859397948 0.0970948115 -0.555615962 0.825750351 0.961354971 0.765166998
-0.0304918624 1.57139945 0.0832985491 0.120126918 -0.469129801 0.874920964 0.964124978 0.76710099
-0.033643838 1.56234479 0.0805455074 0.144974321 -0.165759981 0.975451708 0.966493011 0.770241022
-9.3099078e-07 1.56788266 0.0847318321 -0.000492819527 -0.090995416 0.995851219 0.952078998 0.76978898
-0.00674455799 1.56760645 0.0838747174 -0.10318251 -0.0827847049 0.991211474 0.955024004 0.769897997
0.00681350799 1.56755412 0.0838676989 0.0941790789 -0.0734850988 0.992839515 0.949109972 0.76997602
0.014074509 1.56689405 0.0830479711 0.0860099718 -0.0576803572 0.994623184 0.945989013 0.770205021
0.0205391329 1.56523752 0.0825618431 0.123535924 -0.0192610398 0.992153168 0.943183005 0.770644009
0.0265427083 1.56333697 0.0816103816 0.202257574 0.0253220964 0.97900492 0.940526009 0.77096498
-0.0140138799 1.5670855 0.08293657 -0.0864705741 -0.0787215307 0.993139386 0.95815599 0.770013988
-0.020499777 1.5652566 0.0825572312 -0.108528808 -0.0303103775 0.993631124 0.960985005 0.770467997
-0.0265364088 1.56334865 0.081618838 -0.198479682 0.0192602221 0.979915738 0.963665009 0.770745993
-0.00820688717 1.4710263 0.0801235735 -0.148537174 -0.0876262709 0.985016942 0.737802029 0.765546978
0.00033222718 1.47145975 0.0800257698 0.0182062741 -0.983429968 -0.180372074 0.740275025 0.763038993
-0.0795176104 1.72011697 0.12067306 -0.540054142 0.495886326 0.680028141 0.740116 0.888469994
-0.096579358 1.73406029 0.0770697594 -0.964676559 0.106541269 0.2409316 0.725534976 0.897669017
-0.0347473957 1.68899596 0.14612405 -0.377146751 -0.0673110709 0.923704207 0.757423997 0.874090016
-0.0389845595 1.6756444 0.147520438 -0.2586779 0.173892215 0.950182796 0.757625997 0.868869007
-0.0442774184 1.65427399 0.148943037 -0.357678324 0.0597206056 0.931933224 0.756154001 0.860794008
-0.0964437202 1.6711427 0.116467513 -0.945604801 -0.0925842002 0.311865062 0.732554018 0.869517982
-0.0838357434 1.66552901 0.132322267 -0.746748388 -0.0783487782 0.660475731 0.740095019 0.866400003
-0.0652327016 1.65970135 0.144156486 -0.475277692 -0.0599046499 0.877794147 0.748345971 0.863084018
-0.0524862893 1.66412675 0.148081377 -0.0293496344 -0.0805087984 0.996321678 0.753693998 0.864235997
-0.046095483 1.67744637 0.147829965 0.113728441 0.0236821435 0.993229568 0.755077004 0.869980991
-0.0690574497 1.70139384 0.132923543 -0.310813785 0.454320759 0.834857762 0.745344996 0.880720019
-0.0798231065 1.70605636 0.127994195 -0.430612952 0.430660129 0.793160975 0.741173983 0.882236004
-0.0838079602 1.70155716 0.129177853 -0.416590959 0.548630059 0.724884152 0.740270019 0.88013798
-0.0717843026 1.69746363 0.136075765 -0.293192804 0.547014654 0.784100056 0.745118976 0.878540993
-0.0699393153 1.68771112 0.142314062 -0.353265047 0.248426303 0.901935875 0.746411979 0.874149978
-0.0657211691 1.69489992 0.140797913 -0.339444846 0.417215973 0.843034923 0.747394025 0.877251029
-0.0778654516 1.6915288 0.138549417 -0.457784057 0.304606944 0.835253537 0.743587017 0.87560302
-0.0413944386 1.70519543 0.144835502 -0.298690945 0.376647681 0.876881003 0.755104005 0.881363988
-0.0618730783 1.69762719 0.141101316 -0.31195575 0.530373454 0.788281441 0.748556018 0.878345013
-0.0492568798 1.7009778 0.14334099 -0.298128068 0.437570155 0.848323166 0.752502024 0.879787982
-0.0523613282 1.69384575 0.145618707 -0.165500462 0.453482151 0.875764549 0.752125025 0.876599014
-0.0381190404 1.69520354 0.145721793 -0.46654126 -0.0255413875 0.884130538 0.755891979 0.876999021
-0.0427884758 1.69365454 0.146277785 -0.0346335806 0.178258583 0.983374 0.75476402 0.87638998
-0.0477037169 1.68746686 0.147491455 0.125489816 0.177565262 0.976075172 0.754086971 0.874060988
-0.0547118187 1.69015169 0.148034424 -0.263090581 0.306224138 0.9148826 0.751589 0.874786019
-0.050085023 1.68581223 0.149578452 0.080540359 0.174585477 0.981342435 0.752851009 0.872938991
-0.0505614839 1.67883933 0.15023239 0.0380959548 0.0139744133 0.999176443 0.753400028 0.870317996
-0.0571933016 1.68146849 0.147640109 -0.3082591 0.159249678 0.93787837 0.751168013 0.871299028
-0.0558293201 1.66739726 0.149425358 -0.0511408783 -0.147708848 0.987707734 0.752341986 0.865772009
-0.0952379182 1.70805311 0.114215888 -0.649261951 0.565335393 0.508777738 0.734019995 0.884024978
-0.0996902138 1.70169878 0.115320221 -0.797183752 0.358143687 0.486036211 0.733054996 0.88143301
-0.0900288969 1.69642937 0.128968954 -0.610487401 0.328401268 0.720734179 0.738353014 0.878063977
-0.0807237998 1.68250012 0.137943745 -0.557543635 0.114722587 0.822182298 0.742622972 0.872247994
-0.0943864807 1.68857765 0.126350135 -0.734255493 0.126102224 0.667058408 0.736316979 0.875531018
-0.102060109 1.69363868 0.113049798 -0.908137679 0.148032948 0.39162761 0.731406987 0.87886101
-0.101906791 1.70360947 0.102508157 -0.941580117 0.276329398 0.192533344 0.729125977 0.883608997
-0.103608184 1.6957252 0.100313649 -0.980562747 0.154493898 0.120948374 0.727298021 0.880881011
-0.103366964 1.68828547 0.110581554 -0.954675794 0.0099102417 0.29748264 0.730189025 0.877296984
-0.104388997 1.69002175 0.0989747122 -0.992748678 0.0623905137 0.10275019 0.726189971 0.87884903
-0.103123464 1.68374097 0.107652225 -0.950924218 -0.230077505 0.206899896 0.729013026 0.875880003
-0.105613172 1.68327987 0.0910952538 -0.970838845 -0.235340551 0.045681648 0.723016977 0.87678802
-0.0963539258 1.68273687 0.124584593 -0.801534772 -0.0203175396 0.597602904 0.735294998 0.873781025
-0.097222276 1.67424715 0.118506208 -0.870456994 -0.408974797 0.273941845 0.733370006 0.871297002
-0.0970956385 1.67876923 0.122696109 -0.85049808 -0.263884902 0.454991847 0.734709978 0.87273097
-0.0841810852 1.66855252 0.134222403 -0.693124175 -0.402622312 0.59789145 0.740427017 0.867606997
-0.0831394866 1.67779505 0.137921438 -0.627192855 -0.00880111568 0.778814256 0.74198699 0.870745003
-0.0737753958 1.67963791 0.142454386 -0.39591828 0.124181412 0.909850359 0.745361984 0.870925009
-0.0639882013 1.67367578 0.14738974 -0.326031685 0.0899162665 0.94107306 0.74911499 0.868160009
-0.0654844269 1.66308379 0.146121114 -0.390359759 -0.336017281 0.857153296 0.748697996 0.864217997
-0.0745332614 1.67311263 0.141446248 -0.485642135 -0.0465660393 0.872916639 0.745028019 0.868469
-0.067388393 1.66892207 0.145699039 -0.435530573 -0.0556353368 0.898452997 0.747898996 0.866437972
-0.0836373717 1.67201829 0.136215538 -0.680339694 -0.246481568 0.69020623 0.741423011 0.868887007
-0.0765954405 1.66905177 0.140166 -0.536973238 -0.210755244 0.816848814 0.744108975 0.867155015
-0.104556203 1.69514632 0.089254342 -0.99550283 0.0937676653 -0.0134778218 0.723623991 0.881510973
-0.103194483 1.70363832 0.0921545327 -0.984288394 0.168202996 0.0537041314 0.72576803 0.884423971
-0.104388997 1.68058777 0.0819086283 -0.993410766 -0.00572389876 0.114465334 0.720578015 0.876103997
-0.103962161 1.69144797 0.0753180087 -0.998854399 0.0343742184 -0.0332895741 0.71865499 0.881067991
-0.103062943 1.70526469 0.078077659 -0.997990549 0.047665637 0.041749727 0.721260011 0.886220992
-0.10562598 1.71156454 0.0480599888 -0.98169595 0.0426709279 0.185612828 0.711929023 0.891160011
-0.103765994 1.70497847 0.06519223 -0.997796953 -0.00845924951 0.0657996088 0.716841996 0.887097001
-0.101347648 1.71336436 0.0913648978 -0.942873299 0.241126135 0.229887187 0.727299988 0.887926996
-0.103557795 1.69348443 0.0636048689 -0.999525487 -0.0183932949 0.0247104242 0.714919984 0.882766008
-0.109708115 1.67818081 0.0279979445 -0.9758901 0.0263596736 0.216664404 0.701323986 0.879311025
-0.103305288 1.68379283 0.054987181 -0.992681146 0.0427004062 0.112964056 0.711263001 0.879575014
-0.10134729 1.71077847 0.0942804515 -0.936433852 0.316766143 0.150834054 0.727496028 0.886932015
-0.0987218991 1.71062088 0.103982911 -0.819628239 0.492689967 0.29234603 0.730916977 0.88618499
-0.0911715478 1.72090018 0.105757408 -0.792588592 0.434345394 0.427957058 0.733965993 0.890106976
-0.0908157229 1.71053326 0.116504379 -0.607214987 0.496368855 0.620409489 0.735764027 0.884679973
-0.0959165394 1.71335065 0.10391859 -0.767407715 0.519110024 0.376311243 0.731783986 0.887434006
0.00750705414 1.78581154 0.150096297 0.2157024 0.395156115 0.89293009 0.777776003 0.913501978
0.0187371969 1.82294369 0.12379425 0.185846761 0.605512619 0.773831606 0.782140017 0.930961013
0.00996878929 1.80352163 0.138714924 0.108046114 0.55871141 0.822294116 0.779147983 0.921805978
1.03426009e-06 1.78498638 0.151522234 -0.0479377434 0.441147119 0.896153569 0.77570802 0.913043022
-0.000153661502 1.82144666 0.125533566 -0.00202649529 0.634774566 0.772694826 0.775247991 0.931420982
0.000154892754 1.80214632 0.139470115 -0.0161164477 0.576584876 0.816878319 0.775247991 0.92119801
-0.0187401529 1.82295585 0.123808689 -0.179622069 0.607186496 0.773990095 0.76789701 0.931420982
-0.006905952 1.78559017 0.149811491 -0.176842541 0.410810381 0.894405663 0.772994995 0.912939012
-0.0100768944 1.80377758 0.137902245 -0.103129417 0.554025412 0.826087236 0.771907985 0.920358002
-7.25148949e-25 1.58078539 0.155126899 -1.90470203e-07 0.0819171444 0.996639132 0.698933005 0.343336999
0.00667033764 1.58284211 0.15483804 0.109262317 0.112392522 0.987638414 0.69403398 0.341938972
0.00659212703 1.59769237 0.151733547 0.107752755 0.178788096 0.977969348 0.693431973 0.330594003
-7.25148949e-25 1.5974009 0.152033493 -9.17267862e-09 0.193279445 0.981143773 0.699037015 0.330667973
0.00221696123 1.5780946 0.153363153 0.0483805798 -0.24916479 0.967251837 0.697260022 0.345672965
0.00654135039 1.57980406 0.153154343 0.120091267 -0.265828907 0.956510901 0.694051027 0.344455004
-7.25148949e-25 1.5745002 0.152219519 0.000576498336 -0.126741573 0.991935611 0.69887203 0.348461032
0.012840339 1.58126616 0.153151125 0.221389785 0.0764077231 0.9721874 0.689422011 0.343451023
0.0102600083 1.57871807 0.152723715 0.192775875 -0.207522273 0.959047318 0.691339016 0.345353007
0.0464026667 1.6033181 0.095657967 0.991417468 0.0764752328 0.106032968 0.629763007 0.34265101
0.0480880663 1.58147764 0.0939787254 0.993296981 -0.0316638872 0.11116907 0.635255992 0.358484983
0.0489336997 1.58223796 0.0881881714 0.993539155 -0.0292167999 0.109665141 0.630985975 0.359925985
0.0471137464 1.60367858 0.0889275223 0.988903165 0.0728568658 0.129469827 0.625030994 0.344668031
0.0457574911 1.6024996 0.101843335 0.989487052 0.0707073435 0.126158357 0.634348989 0.340755999
0.0476264991 1.58405328 0.0999100879 0.991549551 0.0317159705 0.125791967 0.638423026 0.354169011
0.0463309139 1.58038616 0.106516674 0.990145743 -0.0168620162 0.139022037 0.64437902 0.35382998
0.0451053604 1.60152936 0.10820055 0.988494813 0.060007818 0.138842031 0.639461994 0.338855982
0.0459776856 1.58202064 0.11108771 0.988366961 -0.00708320038 0.151922941 0.647363007 0.351279974
0.044562228 1.60066414 0.113081284 0.98752296 0.0477248766 0.150068939 0.643863022 0.337677956
0.0446323082 1.5807066 0.116194025 0.972964644 -0.0479602143 0.225919753 0.651651978 0.350896001
0.0438422896 1.59966254 0.117787026 0.97303158 0.024568839 0.229359671 0.648279011 0.337064981
0.0432037003 1.58117867 0.121322878 0.954741001 -0.0715844333 0.288695961 0.655507982 0.349645019
0.0425410867 1.59971559 0.123501241 0.956402659 -0.0112032443 0.29183653 0.653182983 0.335797012
0.0248332229 1.58019602 0.1491905 0.481845945 0.049410183 0.874861717 0.680423021 0.345503986
0.0313874297 1.58083749 0.144542441 0.632909 0.0195847731 0.773978412 0.674588025 0.345829964
0.0296268743 1.59863567 0.143931955 0.620830119 0.0791465715 0.779939592 0.673180997 0.332459986
0.0242074989 1.59809935 0.147049442 0.485379994 0.112446479 0.867042065 0.678243995 0.332049012
0.0193755329 1.58195817 0.151575983 0.32381022 0.0742881894 0.943201125 0.684472978 0.343517005
0.0158619545 1.5784986 0.151189148 0.265173435 -0.201497212 0.942911327 0.687099993 0.345977008
0.0186304227 1.57936633 0.150053605 0.289231688 -0.248325795 0.924488723 0.684853017 0.345735013
0.0186863206 1.59785628 0.1494973 0.3230232 0.130448252 0.937357485 0.683166027 0.331524014
0.012463917 1.59786141 0.151068613 0.219748139 0.145740733 0.964608967 0.688444018 0.330897987
0.040477246 1.58009624 0.127865791 0.941214085 -0.0906648263 0.325416416 0.660950005 0.349395037
0.0406961143 1.59952235 0.130204916 0.943567932 -0.0284351148 0.329956174 0.658765972 0.334689021
0.0345360637 1.59851849 0.139989808 0.761010468 0.0228467751 0.648337185 0.668210983 0.33344698
0.0351977423 1.57919395 0.139736712 0.763854504 -0.0487622358 0.64354378 0.670462012 0.347833037
0.0386965461 1.58059525 0.134144887 0.888044357 -0.0729507133 0.453933209 0.665527999 0.34778899
0.0381921232 1.59909904 0.135923475 0.883679986 -0.0187085811 0.467717439 0.663762987 0.333904028
0.012443874 1.57589853 0.151328087 0.22744742 -0.15192014 0.961866856 0.689724028 0.347663999
0.032134261 1.57645535 0.140336201 0.671017349 -0.425814003 0.606974661 0.672713995 0.34995997
0.0299291741 1.57854486 0.143675059 0.610352159 -0.427252203 0.667027593 0.675311029 0.347793996
0.0361211859 1.57767296 0.136249438 0.821007013 -0.408420235 0.398924172 0.668312013 0.349748969
0.0369590856 1.57826734 0.132655352 0.855967045 -0.411739528 0.312715381 0.665589988 0.350212991
0.0384594537 1.57794154 0.128388733 0.884541452 -0.408429921 0.22532545 0.662356019 0.351341009
0.0328694247 1.57512414 0.138018191 0.772264481 -0.266854078 0.576538265 0.671283007 0.351471007
0.0371180214 1.57404828 0.132663786 0.910986423 -0.225771576 0.34515354 0.666429996 0.353111029
0.0402892046 1.5788281 0.123545818 0.818387508 -0.493909538 0.293760478 0.658406019 0.351562977
0.0409635007 1.57903838 0.120990753 0.832919002 -0.467312068 0.296420932 0.656440973 0.351781011
0.0418382287 1.57825875 0.11794322 0.874201655 -0.39731276 0.279130816 0.654196978 0.352771997
0.0378496312 1.57644773 0.126096144 0.927013099 -0.272226989 0.257951617 0.66130501 0.353244007
0.0409653671 1.57546973 0.121007137 0.911285222 -0.294109374 0.288199186 0.657115996 0.354274988
0.0420856662 1.57702041 0.115302838 0.903884053 -0.371184647 0.212639779 0.652547002 0.354101002
0.0433226451 1.57937646 0.1131441 0.89521867 -0.42615065 0.130304173 0.650142014 0.352980971
0.0440170281 1.58049083 0.110813312 0.830366254 -0.522149503 0.194555253 0.648077011 0.35273397
0.0446570814 1.57871294 0.107449673 0.876210153 -0.423259974 0.230449125 0.646000028 0.354804993
0.0439138934 1.57677257 0.110220477 0.918842673 -0.356195152 0.169862017 0.648595989 0.355126977
0.0440369211 1.57702529 0.105134144 0.896866977 -0.41939187 0.140499979 0.644975007 0.356649041
0.0456289947 1.5795666 0.103253677 0.938885629 -0.341374725 0.0442386083 0.642485023 0.355738044
0.0458523929 1.58120644 0.0998706818 0.922392786 -0.372262329 0.103015892 0.639442027 0.356215
0.0464407876 1.57949364 0.095012933 0.939706922 -0.312678695 0.138502672 0.636992991 0.359696984
0.0460118651 1.57671857 0.0993800014 0.921658397 -0.377994597 0.0875558108 0.640631974 0.358723044
0.041857738 1.57095623 0.109344445 0.829842627 -0.551989913 0.0816606879 0.649978995 0.359063029
0.0407408327 1.5716269 0.104278244 0.805067182 -0.590196848 0.0594517365 0.64705497 0.360620975
0.0440315045 1.57189155 0.0986688659 0.848207057 -0.526340783 0.0592460111 0.642023981 0.360607028
0.0358712934 1.56810725 0.132474229 0.882264435 -0.339804888 0.325794548 0.667784989 0.356881022
0.0310936011 1.56846797 0.13726677 0.7658301 -0.33830303 0.546859622 0.672887981 0.356882989
0.033172071 1.56324291 0.131568804 0.73359257 -0.662299335 0.152319938 0.669059992 0.359727979
0.0318526477 1.56360352 0.134212524 0.455521941 -0.581812024 0.673791111 0.670747995 0.359650016
0.0364424512 1.57015967 0.125436738 0.894867599 -0.406824946 0.183590055 0.662599027 0.359055042
0.0331521742 1.5644629 0.128120035 0.661545873 -0.66282934 -0.350734085 0.667185009 0.360875964
0.0392137729 1.56986201 0.119819969 0.860306203 -0.469769865 0.197963327 0.65774399 0.358335018
0.0358250961 1.56544399 0.119263597 0.485375434 -0.871265113 0.0728551 0.658321023 0.361685991
0.0344470143 1.56642985 0.122911982 0.340273887 -0.816878438 0.465750277 0.660694003 0.361891985
0.0331775397 1.56721616 0.118411012 -0.422999918 -0.891834199 -0.160320535 0.657999992 0.363314033
0.0325503834 1.56764269 0.122269891 -0.430040985 -0.87705493 0.214101732 0.660848022 0.363225996
0.0335702114 1.56792605 0.114319198 -0.268322051 -0.872277439 -0.408821881 0.655481994 0.363799989
0.036053177 1.5672487 0.115256764 0.476372063 -0.802107453 -0.360129476 0.655692995 0.362031996
0.0392368697 1.57095504 0.114660911 0.839764476 -0.524876297 0.138926595 0.654024005 0.358947992
0.0355564319 1.56920815 0.113282323 0.120105542 -0.9759354 -0.182002544 0.654318988 0.362684965
0.0377339013 1.56670809 0.108356684 0.395475447 -0.915459037 -0.0743894652 0.65121299 0.362720966
0.0367400199 1.56767046 0.112123288 0.331916988 -0.86698252 0.371715575 0.653340995 0.362280965
0.0353397802 1.56920516 0.108394779 -0.429109007 -0.880729318 -0.200452849 0.651875973 0.36461699
0.0350940712 1.56883311 0.111506037 -0.362124741 -0.93049866 0.0551164225 0.653503001 0.363638043
0.0371634774 1.56946433 0.103481375 0.187306285 -0.975865364 -0.112263739 0.648410022 0.363994956
0.0391217247 1.56658959 0.0982813984 0.363597393 -0.930233955 -0.0496158302 0.644358993 0.363965034
0.0394950435 1.56771111 0.101317912 0.472401351 -0.785019279 0.400726348 0.646143019 0.363587976
0.0424056053 1.57255912 0.0930127576 0.627765298 -0.401305556 -0.666981637 0.639771998 0.364255011
0.0407923013 1.5693289 0.0935561806 0.467258185 -0.709454715 -0.527583003 0.64151299 0.364950001
0.0386676379 1.57326448 0.0930183083 -0.20973593 -0.0185270663 -0.977582455 0.639141023 0.367138982
0.0375405885 1.57006133 0.0937464312 -0.413405091 -0.427352339 -0.804031134 0.641659021 0.36659199
0.0457742363 1.57843149 0.0931774303 0.644674957 -0.644288659 -0.411444366 0.636081994 0.361917019
0.046032358 1.57970786 0.0874836072 0.324685574 -0.93469137 -0.144676477 0.631760001 0.363270044
0.03509688 1.57003939 0.10320425 -0.396488518 -0.9157359 -0.064996168 0.649155974 0.365390003
0.0371189564 1.5690304 0.10182739 -0.314267814 -0.883248627 0.348005056 0.647509992 0.364529014
0.0365034752 1.56897712 0.0980825275 -0.503911674 -0.836382627 -0.215724707 0.645235002 0.366227031
0.0348565839 1.56964898 0.102007285 -0.26011917 -0.964316607 0.0493089482 0.647998989 0.365903974
0.0346277207 1.57026041 0.0986088365 -0.406181037 -0.88397783 -0.231517211 0.64585501 0.367249012
0.0185314789 1.56705475 0.149382994 0.283303738 -0.290742964 0.913896918 0.685986996 0.354458988
0.0122206695 1.5671916 0.149822384 0.191740543 -0.318549842 0.928311169 0.69036901 0.354331017
0.0114844739 1.56223416 0.147245079 0.14089857 -0.60215348 0.785848975 0.690886021 0.358803034
0.017655164 1.56172192 0.14677085 0.238232031 -0.603340626 0.761068821 0.686730981 0.35821104
0.0233307909 1.56717467 0.146441415 0.678514481 -0.279884845 0.679177821 0.68216002 0.355677009
0.0219024271 1.5626899 0.144212037 0.618831813 -0.585415006 0.523771346 0.683695018 0.357751966
0.0187172033 1.57348573 0.150392145 0.295002311 -0.129845709 0.946632862 0.685397983 0.349967957
0.0233393088 1.57532454 0.147623569 0.638126314 -0.100737698 0.763313055 0.681340992 0.349560022
0.0222543236 1.57807493 0.149049997 0.347786725 -0.253314227 0.902705073 0.682233989 0.347136021
0.0259751473 1.56197083 0.140955806 0.556596339 -0.630188882 0.541352332 0.678394973 0.358298004
0.0275086593 1.56291795 0.138226807 0.780705571 -0.619341731 0.0831547305 0.676379025 0.359127045
0.0281385258 1.56839871 0.142442897 0.69816196 -0.31996423 0.640462935 0.677039981 0.354757011
0.0245620999 1.56872797 0.144572943 0.408512026 -0.310692221 0.85824728 0.680346012 0.354876041
0.0232351441 1.56858134 0.145312637 0.814363718 -0.256798267 0.520448208 0.681352019 0.355809987
0.0224519148 1.56577384 0.143141195 -0.993828237 -0.106489718 -0.031072678 0.682255983 0.359643996
0.0232746936 1.56326616 0.142346576 0.152833745 -0.561554968 0.813202322 0.680460989 0.35897398
0.0291504208 1.57477057 0.143446058 0.712076008 -0.257387578 0.653222322 0.676110983 0.350468993
0.0239249468 1.57601392 0.146601617 0.612450004 -0.295313925 0.733276725 0.68055898 0.349359035
0.0275598783 1.57801986 0.145851225 0.574637175 -0.393327296 0.717694819 0.677747011 0.34781301
0.0255720317 1.57518506 0.146211758 0.470120132 -0.232833624 0.851337492 0.679455996 0.349900007
0.0112421112 1.56204736 0.146572143 -0.160632059 -0.0897545815 -0.982924938 0.690984011 0.359759986
0.0170165338 1.56107461 0.144808367 -0.308365345 -0.105386309 -0.945412338 0.68682301 0.359336972
0.0211329889 1.5622009 0.142715082 -0.326586574 -0.0690708533 -0.942640126 0.683202028 0.360013962
0.0240834821 1.56169152 0.138772726 -0.715935349 -0.110542759 -0.689359784 0.678313971 0.35995996
0.0220227949 1.56351447 0.14074035 -0.784651875 0.0235184692 -0.619490385 0.680158019 0.360229015
0.0220223032 1.56437707 0.142730176 0.663158417 -0.139165789 -0.735427558 0.682585001 0.359889984
0.0259284582 1.56435895 0.136144161 -0.671328366 -0.0559861995 -0.739042401 0.67581898 0.361096978
0.029079305 1.56728101 0.135412887 -0.843008041 -0.305944711 -0.442419857 0.673322022 0.361277997
0.0301756728 1.56340325 0.13379021 -0.954737365 -0.296856105 0.018786449 0.671289027 0.360540032
0.0302214716 1.56292498 0.130467221 -0.934575498 -0.274467826 -0.226353869 0.669483006 0.362150013
0.0309508219 1.56549263 0.127057955 -0.791833699 -0.220679656 -0.569473267 0.667077005 0.362426043
0.0344088487 1.56954515 0.124930128 -0.896601617 -0.349466801 -0.271990031 0.663520992 0.362411022
0.02919746 1.56853533 0.121940382 -0.941644192 -0.112511404 0.317249686 0.660951972 0.365298986
0.0291567277 1.56947958 0.117330633 -0.949863136 -0.00952914823 -0.312520683 0.658012986 0.366232991
0.0314411633 1.56956971 0.113376297 -0.812354088 -0.0348051563 -0.582124949 0.655449986 0.365940988
0.0319561251 1.56968105 0.112481557 -0.977671564 -0.0554977097 0.202677533 0.654590011 0.365915
0.0315225236 1.56899869 0.11109817 -0.991999567 -0.122558087 0.0302740242 0.653568029 0.366459966
0.0319952331 1.5705564 0.1077995 -0.954997003 0.0293693468 -0.295158058 0.65199703 0.367220044
0.0335457847 1.57048607 0.103426911 -0.98551923 0.0693298876 -0.154742703 0.649650991 0.366994023
0.033038307 1.56934083 0.101513237 -0.983690083 0.0899183154 0.155783609 0.648046017 0.367043972
0.0328945927 1.57092988 0.0987429023 -0.969877005 0.200607628 -0.138184816 0.645527005 0.368963957
0.0344131812 1.57167614 0.0947129354 -0.827083886 0.0715544596 -0.557505429 0.642570972 0.368562996
0.0378340222 1.58129227 0.0939851478 -0.928402662 -0.261365652 -0.264114231 0.636914015 0.371591985
0.0427169129 1.58012283 0.0871698558 -0.277401924 -0.940625131 -0.195633546 0.631938994 0.366706014
0.0412806198 1.57929444 0.0927040204 -0.25892517 -0.620962381 -0.739840209 0.635236025 0.367249012
0.0365123376 1.58141947 0.0980965868 -0.974703014 -0.124861687 -0.185374066 0.64100498 0.373934031
0.030453546 1.60174811 0.0969799757 -0.935830116 -0.300178081 -0.18470265 0.638899028 0.389490962
0.030962646 1.60209417 0.0922930911 -0.926077366 -0.323002964 -0.19506374 0.63489598 0.38835597
0.0394335799 1.58135021 0.0874651596 -0.877906561 -0.436652839 -0.196505547 0.632327974 0.37036401
0.0314193964 1.60319424 0.0868870318 -0.923444986 -0.332522035 -0.191516101 0.630662978 0.388282001
0.0351321883 1.57955348 0.113209188 -0.947394729 0.149426237 -0.283046097 0.654313982 0.37343502
0.0304433964 1.57892025 0.126452848 -0.935772955 -0.184777826 -0.300310135 0.665385008 0.372193992
0.0294615403 1.579777 0.129066423 -0.966634274 -0.143534645 -0.21216929 0.667900026 0.373072028
0.0288447253 1.58004177 0.131309062 -0.955681086 -0.157540128 -0.248706013 0.670122027 0.372905016
0.0254863854 1.59683406 0.129854426 -0.932605326 -0.213996112 -0.290608019 0.670758009 0.385825992
0.0259011239 1.59712172 0.127941087 -0.948545814 -0.214848012 -0.23259671 0.668646991 0.386245012
0.0288761985 1.57677686 0.135983005 -0.817425609 0.0684069097 -0.571958005 0.673649013 0.370020032
0.0281496067 1.57970095 0.133552477 -0.88131243 -0.222216278 -0.417023033 0.672200978 0.372254014
0.0271799602 1.57876933 0.138057873 -0.719926119 -0.162607446 -0.6747334 0.675751984 0.371650994
0.0263082255 1.59731793 0.125452757 -0.956932485 -0.221922502 -0.187164128 0.666125 0.386512041
0.0332008302 1.57653642 0.12494991 -0.996875823 -0.078469865 0.00900507253 0.663667977 0.369572997
0.03104233 1.57983863 0.121666677 -0.989463806 -0.128493056 -0.0667153522 0.661464989 0.373149037
0.0270734336 1.59810126 0.120202042 -0.957164884 -0.226589769 -0.18025662 0.661561012 0.387462974
0.0319766141 1.58018923 0.117253795 -0.955774605 -0.0958628133 -0.278038204 0.657564998 0.374168992
0.0277532842 1.59817755 0.116084591 -0.939130664 -0.24550055 -0.240339667 0.657684028 0.388028026
0.0341257602 1.58060265 0.110699832 -0.971380472 -0.154271156 -0.18061164 0.651995003 0.374768972
0.0287120938 1.59917307 0.110550731 -0.934285343 -0.26281774 -0.240910321 0.652484 0.389160991
0.0347746834 1.58091843 0.107085437 -0.963159978 -0.134174883 -0.233066469 0.64884001 0.37490499
0.0372591242 1.58018231 0.103063017 -0.966084719 0.196425483 -0.167622641 0.646475971 0.373780966
0.0361343436 1.5811305 0.100880601 -0.979069829 -0.171843782 -0.109050162 0.643890023 0.374776959
0.0300306305 1.60108483 0.1007699 -0.94220221 -0.284296542 -0.177286431 0.642741024 0.390058994
0.0292014945 1.60003424 0.107276991 -0.940660238 -0.27872017 -0.193580493 0.648850024 0.389854014
0.0246131252 1.59625041 0.132220894 -0.866334677 -0.257077903 -0.428223193 0.673247993 0.38519901
0.0217645764 1.59603608 0.135128915 -0.676254153 -0.323541462 -0.661816657 0.676916003 0.385123968
0.0238278769 1.57824659 0.141562611 -0.475254536 -0.219424143 -0.852048278 0.679804981 0.370775998
0.0185425598 1.59625256 0.136115402 -0.366588295 -0.350897819 -0.861674905 0.680056989 0.385636985
0.0227036346 1.57564223 0.143012181 -0.368047595 -0.15172717 -0.917343915 0.681200981 0.368963003
0.0147976531 1.59612739 0.136855677 -0.323318243 -0.403630376 -0.855890095 0.683606029 0.386094987
0.0168575048 1.57887971 0.144873679 -0.268514335 -0.282450289 -0.920935214 0.685617983 0.372164965
0.011334802 1.59588599 0.137657702 -0.214049459 -0.415077686 -0.884247303 0.687062025 0.386443019
0.0112717114 1.57578778 0.146396667 -0.154363066 -0.1374764 -0.978402972 0.69018501 0.370283961
0.00731960637 1.59529579 0.138632238 -0.183855772 -0.415675908 -0.890735984 0.691148996 0.386328995
-0.00659212703 1.59769237 0.151733547 -0.107752383 0.178787664 0.977969527 0.704650998 0.330664039
-0.00667033764 1.58284211 0.15483804 -0.109262072 0.11239174 0.987638593 0.703859985 0.342000961
-0.00221696123 1.5780946 0.153363153 -0.0483834669 -0.249165893 0.96725148 0.700554013 0.345695972
-0.00654135039 1.57980406 0.153154343 -0.120092928 -0.265830308 0.956510246 0.703788996 0.344524026
-0.012840339 1.58126616 0.153151125 -0.221389577 0.0764075369 0.972187579 0.708464026 0.343564034
-0.0102600083 1.57871807 0.152723715 -0.192777723 -0.20752427 0.959046662 0.706493974 0.345448017
-0.0464026667 1.6033181 0.095657967 -0.991416395 0.0764770135 0.106041029 0.768585026 0.344817042
-0.0471137464 1.60367858 0.0889275223 -0.988900721 0.0728601515 0.129486918 0.77323103 0.347032011
-0.0489338972 1.58223796 0.0881881714 -0.993537247 -0.0292158909 0.109682642 0.766646028 0.362028956
-0.0480880663 1.58147764 0.0939787254 -0.993295789 -0.0316649005 0.111179285 0.762435973 0.360408008
-0.0457574911 1.6024996 0.101843335 -0.989487171 0.0707073808 0.126156479 0.764077008 0.342721999
-0.0476264991 1.58405328 0.0999100879 -0.99154973 0.0317161903 0.125790834 0.759446025 0.355955005
-0.0463309139 1.58038616 0.106516674 -0.990146101 -0.0168600269 0.139019728 0.753499985 0.355350971
-0.0451053604 1.60152936 0.10820055 -0.988494933 0.0600078553 0.138840958 0.759033024 0.340593994
-0.0459776856 1.58202064 0.11108771 -0.98836714 -0.0070807226 0.151922196 0.750609994 0.352663994
-0.044562228 1.60066414 0.113081284 -0.987523019 0.0477248915 0.1500687 0.75466001 0.339213014
-0.0446323082 1.5807066 0.116194025 -0.972964406 -0.0479594283 0.225920752 0.746325016 0.352084994
-0.0438422896 1.59966254 0.117787026 -0.973031521 0.0245688781 0.229359731 0.750235975 0.338396013
-0.0432037003 1.58117867 0.121322878 -0.954740882 -0.071584329 0.28869617 0.742496014 0.350658
-0.0425410867 1.59971559 0.123501241 -0.956402659 -0.011203167 0.291836381 0.745335996 0.336905956
-0.0248332229 1.58019602 0.1491905 -0.481848329 0.0494101606 0.874860406 0.717504025 0.345723033
-0.0242074989 1.59809935 0.147049442 -0.485381961 0.112447008 0.867040932 0.719964981 0.332322001
-0.0296268743 1.59863567 0.143931955 -0.620831013 0.0791468173 0.779938817 0.725108981 0.332839966
-0.0313874297 1.58083749 0.144542441 -0.63291055 0.0195843205 0.77397716 0.723380983 0.346168041
-0.0193755329 1.58195817 0.151575983 -0.323812038 0.0742888153 0.943200409 0.713445008 0.343686998
-0.0186304227 1.57936633 0.150053605 -0.289229631 -0.248325482 0.924489439 0.713016987 0.345899999
-0.0158619545 1.5784986 0.151189148 -0.265170544 -0.201496169 0.94291234 0.710747004 0.34612
-0.0186863206 1.59785628 0.1494973 -0.323025435 0.130448908 0.93735683 0.71497798 0.331721008
-0.012463917 1.59786141 0.151068613 -0.219747812 0.145740584 0.964608967 0.709661007 0.331027031
-0.040477246 1.58009624 0.127865791 -0.941214085 -0.0906648859 0.325416416 0.737038016 0.350178003
-0.0406961143 1.59952235 0.130204916 -0.943567812 -0.0284350887 0.329956412 0.73973 0.335559964
-0.0345360637 1.59851849 0.139989808 -0.761010587 0.0228468347 0.648337066 0.730150998 0.33396399
-0.0351977423 1.57919395 0.139736712 -0.763854444 -0.0487621129 0.64354378 0.727505028 0.348273993
-0.0381921232 1.59909904 0.135923475 -0.883679628 -0.0187085606 0.467718333 0.734678984 0.334576011
-0.0386965461 1.58059525 0.134144887 -0.888043702 -0.0729506016 0.45393461 0.732478976 0.348397017
-0.012443874 1.57589853 0.151328087 -0.227447435 -0.15192008 0.961866915 0.708067 0.347774982
-0.032134261 1.57645535 0.140336201 -0.671019673 -0.425813675 0.606972158 0.725180984 0.350335002
-0.0299291741 1.57854486 0.143675059 -0.610359132 -0.42725566 0.667019069 0.722612977 0.348109961
-0.0369590856 1.57826734 0.132655352 -0.855965078 -0.411739141 0.312721729 0.732340991 0.350816011
-0.0361211859 1.57767296 0.136249438 -0.821002245 -0.408418953 0.398935169 0.729617 0.350257039
-0.0384594537 1.57794154 0.128388733 -0.884541333 -0.408430099 0.225325406 0.735552013 0.35206604
-0.0328694247 1.57512414 0.138018191 -0.772263765 -0.266853839 0.576539576 0.726583004 0.351882994
-0.0371180214 1.57404828 0.132663786 -0.910985827 -0.225771159 0.345155239 0.731410027 0.353680015
-0.0409635007 1.57903838 0.120990753 -0.832918942 -0.467311919 0.29642126 0.741486013 0.35275799
-0.0402892046 1.5788281 0.123545818 -0.818387866 -0.49391076 0.293757409 0.739517987 0.352450967
-0.0418382287 1.57825875 0.11794322 -0.874201477 -0.397311151 0.279133767 0.743699014 0.353850961
-0.0378496312 1.57644773 0.126096144 -0.92701304 -0.27222687 0.257952452 0.736550987 0.354012012
-0.0409653671 1.57546973 0.121007137 -0.911285043 -0.294109195 0.288200319 0.740720987 0.355226994
-0.0420856662 1.57702041 0.115302838 -0.903883934 -0.371186316 0.212637246 0.745306015 0.355259001
-0.0433226451 1.57937646 0.1131441 -0.895215988 -0.426150858 0.130322263 0.747757971 0.354241014
-0.0440172292 1.58049083 0.110813312 -0.830366433 -0.522149265 0.194555014 0.749839008 0.354092002
-0.0446570814 1.57871294 0.107449673 -0.876214743 -0.423261225 0.230429262 0.751836002 0.356253982
-0.0439138934 1.57677257 0.110220477 -0.918841243 -0.3562015 0.169856533 0.74922502 0.356465995
-0.0440369211 1.57702529 0.105134144 -0.896866441 -0.419393629 0.14049755 0.752790987 0.358146012
-0.0456289947 1.5795666 0.103253677 -0.938885629 -0.341374844 0.0442400649 0.755320013 0.357342958
-0.0458523929 1.58120644 0.0998706818 -0.922392368 -0.372261822 0.103021041 0.758346021 0.357957006
-0.0464407876 1.57949364 0.095012933 -0.939707041 -0.312678188 0.138502777 0.760652006 0.36154604
-0.0460118651 1.57671857 0.0993800014 -0.921658456 -0.377994657 0.0875548497 0.757058024 0.360409975
-0.0407408327 1.5716269 0.104278244 -0.805067241 -0.590197563 0.0594456419 0.750562012 0.362040997
-0.041857738 1.57095623 0.109344445 -0.829842865 -0.551990211 0.0816557109 0.747698009 0.36035502
-0.0440315045 1.57189155 0.0986688659 -0.848207474 -0.526340425 0.0592430234 0.755153 0.362787008
-0.0358712934 1.56810725 0.132474229 -0.882264614 -0.339804828 0.325794369 0.729939997 0.357396007
-0.0310936011 1.56846797 0.13726677 -0.7658301 -0.338303059 0.546859562 0.724825978 0.357243001
-0.033172071 1.56324291 0.131568804 -0.733593583 -0.66229862 0.152318537 0.728576005 0.360217988
-0.0318526477 1.56360352 0.134212524 -0.455524087 -0.581812501 0.673789322 0.726885974 0.360062957
-0.0364424512 1.57015967 0.125436738 -0.894867063 -0.406825751 0.183591172 0.735059977 0.35977304
-0.0331521742 1.5644629 0.128120035 -0.661546052 -0.662828028 -0.350735813 0.730397999 0.361418962
-0.0392137729 1.56986201 0.119819969 -0.860305786 -0.469769806 0.197965428 0.739950001 0.359266043
-0.0358250961 1.56544399 0.119263597 -0.485375404 -0.871265113 0.0728535056 0.739242017 0.362591982
-0.0344470143 1.56642985 0.122911982 -0.340271443 -0.81688261 0.465744704 0.736859977 0.362690985
-0.0331775397 1.56721616 0.118411012 0.422999322 -0.891833961 -0.160323843 0.739498019 0.364238024
-0.0325503834 1.56764269 0.122269891 0.430040926 -0.877055764 0.214098245 0.736654997 0.364019036
-0.0335702114 1.56792605 0.114319198 0.268319815 -0.872274697 -0.408829063 0.742200017 0.364897966
-0.036053177 1.5672487 0.115256764 -0.476373017 -0.80210954 -0.360123664 0.741855979 0.363068998
-0.0392368697 1.57095504 0.114660911 -0.839764655 -0.524876177 0.138925821 0.743655026 0.360064983
-0.0355564319 1.56920815 0.113282323 -0.120114312 -0.975935221 -0.181997374 0.743229985 0.363799989
-0.0377339013 1.56670809 0.108356684 -0.395475209 -0.915459275 -0.0743886307 0.74634397 0.363976002
-0.0367400199 1.56767046 0.112123288 -0.331916988 -0.866978168 0.371725649 0.744228005 0.363438964
-0.0353397802 1.56920516 0.108394779 0.429109275 -0.88072902 -0.200453669 0.746048987 0.365962982
-0.0350940712 1.56883311 0.111506037 0.362125158 -0.930498421 0.0551190004 0.744032979 0.364714026
-0.0371634774 1.56946433 0.103481375 -0.18730548 -0.975864112 -0.112275712 0.749414027 0.365354002
-0.0391217247 1.56658959 0.0982813984 -0.363596648 -0.930234015 -0.0496216342 0.752920985 0.36540401
-0.0394950435 1.56771111 0.101317912 -0.472404867 -0.785023928 0.400713235 0.751064003 0.364906013
-0.0424056053 1.57255912 0.0930127576 -0.627764523 -0.401305765 -0.666982293 0.758723021 0.365570009
-0.0407923013 1.5693289 0.0935561806 -0.467255861 -0.709456503 -0.527582765 0.755823016 0.366237044
-0.0386676379 1.57326448 0.0930183083 0.209734544 -0.018528847 -0.977582812 0.757727981 0.368520021
-0.0375405885 1.57006133 0.0937464312 0.413404882 -0.427355587 -0.804029703 0.755406976 0.367658019
-0.0457742363 1.57843149 0.0931774303 -0.644671857 -0.644292533 -0.411442816 0.761479974 0.36380899
-0.046032358 1.57970786 0.0874836072 -0.32468152 -0.934693396 -0.144672304 0.765740991 0.365346014
-0.03509688 1.57003939 0.10320425 0.396487296 -0.915735722 -0.0650068745 0.748856008 0.367006004
-0.0371189564 1.5690304 0.10182739 0.314267546 -0.883255243 0.347988576 0.750268996 0.366034031
-0.0365034752 1.56897712 0.0980825275 0.503911197 -0.836382449 -0.215726614 0.752125025 0.367758036
-0.0348565839 1.56964898 0.102007285 0.260118484 -0.96431762 0.0492941216 0.749638975 0.367426038
-0.0346277207 1.57026041 0.0986088365 0.406180531 -0.883976221 -0.231523842 0.751860023 0.368950963
-0.0185314789 1.56705475 0.149382994 -0.283305258 -0.290742904 0.913896561 0.711687982 0.354595006
-0.017655164 1.56172192 0.14677085 -0.238234714 -0.603345394 0.761064053 0.710880995 0.358335018
-0.0114844739 1.56223416 0.147245079 -0.140899584 -0.602154613 0.785848022 0.706681013 0.358877003
-0.0122206695 1.5671916 0.149822384 -0.191740766 -0.318550348 0.928310931 0.70727098 0.354425013
-0.0233307909 1.56717467 0.146441415 -0.678515017 -0.27988553 0.679176986 0.715523005 0.355852962
-0.0219024271 1.5626899 0.144212037 -0.618835449 -0.585419834 0.523761749 0.714085996 0.359171033
-0.0187172033 1.57348573 0.150392145 -0.295002669 -0.129845291 0.946632802 0.712382019 0.350120008
-0.0233393088 1.57532454 0.147623569 -0.638124764 -0.100737944 0.763314307 0.71647501 0.349761963
-0.0222543236 1.57807493 0.149049997 -0.347786754 -0.253315598 0.902704597 0.715637028 0.34732604
-0.0259751473 1.56197083 0.140955806 -0.556594551 -0.630188346 0.541355073 0.719269991 0.358521998
-0.0281385258 1.56839871 0.142442897 -0.698161542 -0.319963485 0.64046365 0.720717013 0.355021
-0.0275086593 1.56291795 0.138226807 -0.780706048 -0.619341016 0.0831560418 0.721270978 0.359395027
-0.0245620999 1.56872797 0.144572943 -0.408513337 -0.310691357 0.858246922 0.717397988 0.355071008
-0.0232746936 1.56326616 0.142346576 -0.152828962 -0.561554432 0.813203573 0.717182994 0.359167993
-0.0224519148 1.56577384 0.143141195 0.993828595 -0.106484599 -0.0310745779 0.715708017 0.359609962
-0.0232351441 1.56858134 0.145312637 -0.814364076 -0.256797105 0.520448267 0.716359019 0.355978012
-0.0291504208 1.57477057 0.143446058 -0.712079525 -0.257388771 0.653218031 0.721755028 0.350760996
-0.0239249468 1.57601392 0.146601617 -0.612450361 -0.295315593 0.733275712 0.717290998 0.349563956
-0.0275598783 1.57801986 0.145851225 -0.574647665 -0.393333524 0.717682898 0.720153987 0.348075986
-0.0255720317 1.57518506 0.146211758 -0.470126837 -0.232836127 0.851333141 0.718403995 0.350121021
-0.0170165338 1.56107461 0.144808367 0.308364183 -0.10538739 -0.945412695 0.710774004 0.359447956
-0.0112421112 1.56204736 0.146572143 0.160631686 -0.0897549093 -0.982924938 0.706565976 0.359824002
-0.0211329889 1.5622009 0.142715082 0.326585859 -0.0690716654 -0.942640305 0.715071976 0.360724986
-0.0240834821 1.56169152 0.138772726 0.715935588 -0.110542357 -0.689359546 0.719416022 0.360566974
-0.0220227949 1.56351447 0.14074035 0.784651697 0.0235176161 -0.619490564 0.717465997 0.360417008
-0.0220223032 1.56437707 0.142730176 -0.663159251 -0.139165908 -0.735426843 0.715466022 0.359673977
-0.0259284582 1.56435895 0.136144161 0.671330869 -0.0559872091 -0.739040136 0.721786022 0.361377001
-0.029079305 1.56728101 0.135412887 0.843007326 -0.305946946 -0.44241944 0.724269986 0.361622989
-0.0301756728 1.56340325 0.13379021 0.954737425 -0.296856195 0.0187837519 0.726311982 0.360940993
-0.0302214716 1.56292498 0.130467221 0.9345752 -0.27446726 -0.226355836 0.728181005 0.362475038
-0.0309508219 1.56549263 0.127057955 0.791832745 -0.220680326 -0.569474399 0.730455995 0.362967014
-0.0344088487 1.56954515 0.124930128 0.896598697 -0.349472821 -0.271991968 0.734082997 0.363568008
-0.02919746 1.56853533 0.121940382 0.941643775 -0.112512082 0.317250907 0.736678004 0.366559029
-0.0291567277 1.56947958 0.117330633 0.949862361 -0.00952934381 -0.312522799 0.739131987 0.367078006
-0.0314411633 1.56956971 0.113376297 0.812353015 -0.0348016359 -0.582126737 0.742034972 0.367078006
-0.0319561251 1.56968105 0.112481557 0.97767365 -0.0554914922 0.202669978 0.742837012 0.367011011
-0.0315225236 1.56899869 0.11109817 0.991999686 -0.122557804 0.0302700978 0.743871987 0.367697001
-0.0319952331 1.5705564 0.1077995 0.954996705 0.0293698423 -0.295158923 0.745846987 0.368463039
-0.0335457847 1.57048607 0.103426911 0.985518754 0.0693303347 -0.154744789 0.748259008 0.368167996
-0.033038307 1.56934083 0.101513237 0.983690858 0.08991988 0.155777708 0.74980402 0.368587017
-0.0328945927 1.57092988 0.0987429023 0.969876468 0.20060809 -0.138188258 0.751827002 0.370476007
-0.0344131812 1.57167614 0.0947129354 0.82708329 0.0715546459 -0.557506025 0.754413009 0.370045006
-0.0378340222 1.58129227 0.0939851478 0.928402424 -0.261365563 -0.264115512 0.759850979 0.373531997
-0.0427169129 1.58012283 0.0871698558 0.277401835 -0.940624177 -0.19563815 0.765426993 0.368791997
-0.0412806198 1.57929444 0.0927040204 0.258924156 -0.620961666 -0.739841044 0.761207998 0.369001031
-0.0365123376 1.58141947 0.0980965868 0.974702954 -0.124861687 -0.185374558 0.756070971 0.375681043
-0.030962646 1.60209417 0.0922930911 0.926077068 -0.323002875 -0.19506532 0.761501014 0.390339017
-0.030453546 1.60174811 0.0969799757 0.935830057 -0.300178081 -0.184702799 0.757448971 0.39131403
-0.0394335799 1.58135021 0.0874651596 0.877906203 -0.436653048 -0.196506813 0.764886022 0.372458994
-0.0314193964 1.60319424 0.0868870318 0.923444629 -0.332522124 -0.191517562 0.76573199 0.390447974
-0.0351321883 1.57955348 0.113209188 0.947394192 0.149426445 -0.283047646 0.742277026 0.374405026
-0.0304433964 1.57892025 0.126452848 0.935772359 -0.184777975 -0.300311595 0.73180598 0.372802019
-0.0294615403 1.579777 0.129066423 0.966633856 -0.143534675 -0.212171495 0.729295015 0.373584986
-0.0288447253 1.58004177 0.131309062 0.955681026 -0.157540277 -0.248706236 0.727110982 0.373342037
-0.0254863854 1.59683406 0.129854426 0.932605207 -0.213996083 -0.290608376 0.726067007 0.386236012
-0.0259011239 1.59712172 0.127941087 0.94854486 -0.214847699 -0.232600942 0.728089988 0.386723042
-0.0281496067 1.57970095 0.133552477 0.881312668 -0.222216487 -0.417022556 0.725084007 0.372628987
-0.0288761985 1.57677686 0.135983005 0.81742847 0.068407014 -0.571953952 0.723710001 0.370357037
-0.0271799602 1.57876933 0.138057873 0.719924152 -0.162606552 -0.674735785 0.721574008 0.37193799
-0.0263082255 1.59731793 0.125452757 0.956931949 -0.221922442 -0.187167272 0.730533004 0.387082994
-0.0332008302 1.57653642 0.12494991 0.996875703 -0.0784707516 0.00900742505 0.733606994 0.370251
-0.03104233 1.57983863 0.121666677 0.989463568 -0.128493264 -0.0667178184 0.735661983 0.373916984
-0.0270734336 1.59810126 0.120202042 0.957164288 -0.226589724 -0.180259988 0.734996021 0.388216972
-0.0319766141 1.58018923 0.117253795 0.955774307 -0.0958628505 -0.278039098 0.739500999 0.375111997
-0.0277532842 1.59817755 0.116084591 0.939130664 -0.245500579 -0.240339547 0.738794982 0.388954997
-0.0341257602 1.58060265 0.110699832 0.971380532 -0.154271185 -0.180610955 0.745038986 0.375975013
-0.0287120938 1.59917307 0.110550731 0.934285462 -0.26281777 -0.240909725 0.743903995 0.390332997
-0.0372591242 1.58018231 0.103063017 0.966084599 0.196425706 -0.167623356 0.75059998 0.37541604
-0.0347746834 1.58091843 0.107085437 0.9631598 -0.134174943 -0.233066872 0.748193026 0.37627697
-0.0300306305 1.60108483 0.1007699 0.94220233 -0.284296811 -0.177285463 0.753575027 0.391716003
-0.0361343436 1.5811305 0.100880601 0.979069829 -0.171843752 -0.109050363 0.753144026 0.376417041
-0.0292014945 1.60003424 0.107276991 0.940660059 -0.27872014 -0.193581253 0.747484028 0.391211033
-0.0246131252 1.59625041 0.132220894 0.866334975 -0.257078081 -0.428222626 0.723668993 0.385540962
-0.0217645764 1.59603608 0.135128915 0.676250339 -0.323539764 -0.661821425 0.720075011 0.385378957
-0.0238278769 1.57824659 0.141562611 0.475252271 -0.219424069 -0.85204953 0.717568994 0.370980978
-0.0185425598 1.59625256 0.136115402 0.366584957 -0.350896746 -0.861676812 0.716989994 0.385833025
-0.0227036346 1.57564223 0.143012181 0.368049145 -0.15172793 -0.917343199 0.716233015 0.369152009
-0.0147976531 1.59612739 0.136855677 0.323319077 -0.403632015 -0.855889022 0.713491976 0.386234999
-0.0168575048 1.57887971 0.144873679 0.268514186 -0.282450944 -0.920935094 0.711771011 0.372289002
-0.011334802 1.59588599 0.137657702 0.214048907 -0.415078461 -0.884247065 0.710080981 0.386539996
-0.0112717114 1.57578778 0.146396667 0.154362485 -0.137476534 -0.978402972 0.707238972 0.370352983
-0.00731960637 1.59529579 0.138632238 0.183855131 -0.415676862 -0.890735686 0.706036985 0.386382997
0.00672722142 1.56688964 0.151848271 0.194462925 -0.36724484 0.909568787 0.694299996 0.353963971
0.0059282314 1.5613029 0.147982091 0.111829504 -0.669697046 0.734166205 0.694775999 0.35888499
0.00591641106 1.56127119 0.146572471 -0.115824759 -0.0780557171 -0.990197957 0.694715977 0.359697998
-0.0059282314 1.5613029 0.147982091 -0.119409531 -0.661668003 0.74022758 0.70273602 0.358927011
-0.00672722142 1.56688964 0.151848271 -0.197230354 -0.366350085 0.909333646 0.703288019 0.354017973
-0.00591641106 1.56127119 0.146572471 0.124946892 -0.0743328035 -0.989374995 0.702793002 0.359730005
-0.00099298812 1.56166029 0.146870404 0.21351561 -0.0793111399 -0.973715007 0.699364007 0.359943032
-0.000613020675 1.56178129 0.148742944 0.0198474545 -0.644945204 0.76397115 0.699230015 0.35847199
0.00661163032 1.57328224 0.153280765 0.155260041 -0.145474598 0.97710371 0.694164991 0.349197984
-7.25148949e-25 1.56638694 0.151093915 0.0117146755 -0.163300127 0.98650682 0.698774993 0.354649007
0.000450986641 1.5664413 0.151261061 -0.0959725752 -0.311386287 0.945424676 0.698597014 0.354555964
0.000517474778 1.56181073 0.148728818 -0.0234377626 -0.673847914 0.738498271 0.698357999 0.358515978
-7.25148949e-25 1.56174409 0.148905978 0.00366665656 -0.75512886 0.655566156 0.698769987 0.358521998
-0.000543134287 1.5663774 0.151258975 0.0922977328 -0.31573692 0.944347143 0.698970973 0.354588032
-0.00661163032 1.57328224 0.153280765 -0.154508904 -0.145433784 0.977228701 0.703558981 0.349276006
-0.00728281587 1.57989681 0.14653866 0.0945717245 -0.322955877 -0.941676974 0.704325974 0.373530984
-0.00344546512 1.59562802 0.139104426 0.0346512683 -0.405040234 -0.913641989 0.702183008 0.386716008
0.00105632411 1.56183708 0.146582708 -0.16997458 -0.0628826916 -0.983440101 0.698029995 0.36006701
0.00728281587 1.57989681 0.14653866 -0.0937799513 -0.321192592 -0.942359149 0.693066001 0.373486996
0.00344546512 1.59562802 0.139104426 -0.0347117297 -0.405006498 -0.913654685 0.69502598 0.386695027
-7.25148949e-25 1.59550452 0.139250845 -5.59602231e-05 -0.378913373 -0.925432146 0.698610008 0.386628032
1.58094044e-05 1.57692468 0.146337926 0.00102763937 -0.346437365 -0.938072503 0.698695004 0.371643007
0.00171288243 1.57083941 0.148165897 -0.120350406 0.0390250646 -0.991964102 0.697552025 0.366840005
-0.00189264666 1.57067776 0.148128957 0.132229567 0.0269581173 -0.990852416 0.700026989 0.366711974
2.01926978e-05 1.57448494 0.147702366 0.00109936367 -0.235980332 -0.971757174 0.698704004 0.369534969
-0.000523828086 1.56242967 0.147045806 -0.0643602982 0.0260439739 -0.997586846 0.699033022 0.360211968
-7.25148949e-25 1.54925621 0.147388041 -3.25141514e-07 -0.275951743 0.961171508 0.698933005 0.343336999
-0.00667033764 1.54729736 0.146701828 -0.109258056 -0.304030687 0.946376204 0.69403398 0.341938972
-0.00659212703 1.53334403 0.14074263 -0.107749857 -0.367256135 0.923857689 0.693431973 0.330594003
-7.25148949e-25 1.53357112 0.141094297 -2.27688531e-07 -0.38207379 0.92413187 0.699037015 0.330667973
-0.00221696123 1.55224097 0.146187514 -0.0483939238 0.054527279 0.997338891 0.697260022 0.345672965
-0.00654135039 1.55060649 0.145646647 -0.120117955 0.0729656741 0.990074575 0.694051027 0.344455004
-7.25148949e-25 1.5559901 0.145771086 -0.000573617639 -0.0704007074 0.997518659 0.69887203 0.348461032
-0.012840339 1.54917228 0.145356953 -0.221388906 -0.265746772 0.938278019 0.689422011 0.343451023
-0.0102600083 1.55175459 0.145436853 -0.192750707 0.015350678 0.981127679 0.691339016 0.345353007
-0.0464026667 1.53883493 0.0846538618 -0.991416991 -0.0958032236 0.0889617801 0.629763007 0.34265101
-0.0480880663 1.56057918 0.0872935429 -0.993296325 0.00922791194 0.115227334 0.635255992 0.358484983
-0.0489338972 1.56096995 0.0814663842 -0.993537068 0.0071154763 0.113284566 0.630985975 0.359925985
-0.0471137464 1.53980219 0.0779835805 -0.988900125 -0.0968603343 0.112670362 0.625030994 0.344668031
-0.0457574911 1.53842175 0.0908794925 -0.98948729 -0.0940911695 0.109826632 0.634348989 0.340755999
-0.0476264991 1.5568893 0.0926041231 -0.991550088 -0.055786144 0.117116623 0.638423026 0.354169011
-0.0463309139 1.55918801 0.0998016074 -0.99014771 -0.0107594989 0.139613047 0.64437902 0.35382998
-0.0451053604 1.53812563 0.0973032638 -0.988494694 -0.0860886872 0.124366358 0.639461994 0.338855982
-0.0459776856 1.55668914 0.103963599 -0.988366842 -0.0228610579 0.150360584 0.647363007 0.351279974
-0.044562228 1.53801632 0.102259099 -0.987523735 -0.0762511715 0.137777135 0.643863022 0.337677956
-0.0446323082 1.55697405 0.109228149 -0.972961843 0.00267228601 0.230950713 0.651651978 0.350896001
-0.0438422896 1.5380758 0.107069798 -0.973029137 -0.0691138655 0.220085368 0.648279011 0.337064981
-0.0432037003 1.55550563 0.11416474 -0.954740882 0.0135352788 0.297130525 0.655507982 0.349645019
-0.0425410867 1.53690255 0.11266192 -0.956402421 -0.0463000275 0.28835845 0.653182983 0.335797012
-0.0248332229 1.55099928 0.14168331 -0.481854379 -0.22015509 0.848143935 0.680423021 0.345503986
-0.0313874297 1.55128348 0.136999667 -0.6329391 -0.171096459 0.755059004 0.674588025 0.345829964
-0.0296268743 1.53395104 0.132907927 -0.620859563 -0.230675191 0.74921447 0.673180997 0.332459986
-0.0242074989 1.53386486 0.136070311 -0.48538968 -0.280431032 0.828103423 0.678243995 0.332049012
-0.0193755329 1.54880381 0.143676564 -0.323800087 -0.257965386 0.910278738 0.684472978 0.343517005
-0.0158619545 1.55227196 0.14397651 -0.265157044 0.0125297243 0.964123785 0.687099993 0.345977008
-0.0186304227 1.55164409 0.142692238 -0.289253682 0.0620492846 0.955239415 0.684853017 0.345735013
-0.0186863206 1.53362322 0.138517857 -0.323007226 -0.311900944 0.893523455 0.683166027 0.331524014
-0.012463917 1.53330886 0.140057251 -0.219748959 -0.332250595 0.917234957 0.688444018 0.330897987
-0.040477246 1.55528283 0.120793037 -0.941216409 0.0250274129 0.336875856 0.660950005 0.349395037
-0.0406961143 1.53577483 0.119273536 -0.943569958 -0.0368841738 0.329113007 0.658765972 0.334689021
-0.0345360637 1.53483987 0.129065245 -0.761013091 -0.149645105 0.631241202 0.668210983 0.33344698
-0.0351977423 1.5538379 0.132609561 -0.76385659 -0.0784980357 0.640594304 0.670462012 0.347833037
-0.0386965461 1.55356133 0.126851901 -0.888038635 -0.0175623242 0.459433287 0.665527999 0.34778899
-0.0381921232 1.53506768 0.124963984 -0.883680999 -0.0734520704 0.462290704 0.663762987 0.333904028
-0.012443874 1.55479407 0.144622415 -0.22741133 -0.0398276486 0.972983956 0.689724028 0.347663999
-0.032134261 1.55640531 0.133735195 -0.671001256 0.29843989 0.67874229 0.672713995 0.34995997
-0.0299291741 1.55370104 0.136599019 -0.610347271 0.28808403 0.737891436 0.675311029 0.347793996
-0.0361211859 1.55601335 0.12948893 -0.820998013 0.322183877 0.471338332 0.668312013 0.349748969
-0.0369590856 1.55613601 0.125847876 -0.855951309 0.342370987 0.387465477 0.665589988 0.350212991
-0.0384594537 1.55729318 0.121728286 -0.884542704 0.356259793 0.301103324 0.662356019 0.351341009
-0.0328694247 1.55816591 0.131723285 -0.772266924 0.14849034 0.617701054 0.671283007 0.351471007
-0.0371180214 1.56027138 0.126684621 -0.910987377 0.153629154 0.382753372 0.666429996 0.353111029
-0.0402892046 1.55737376 0.116805725 -0.818357289 0.426687837 0.385004908 0.658406019 0.351562977
-0.0409635007 1.55766952 0.114259049 -0.832936585 0.400024742 0.382357091 0.656440973 0.351781011
-0.0418382287 1.55903196 0.111423664 -0.874241769 0.334764034 0.351616681 0.654196978 0.352771997
-0.0378496312 1.55920768 0.119773224 -0.927008748 0.216304317 0.306377292 0.66130501 0.353244007
-0.0409653671 1.56116557 0.114975862 -0.911281765 0.231809616 0.340337753 0.657115996 0.354274988
-0.0420856662 1.56076455 0.109077625 -0.90389663 0.322209716 0.281339377 0.652547002 0.354101002
-0.0433226451 1.55887783 0.106498562 -0.895191431 0.392303139 0.211495504 0.650142014 0.352980971
-0.0440172292 1.55824351 0.103994235 -0.830378592 0.473758668 0.293298781 0.648077011 0.35273397
-0.0446570814 1.56064618 0.101045094 -0.876220524 0.369840086 0.308959574 0.646000028 0.354804993
-0.0439138934 1.5620048 0.104142919 -0.918844283 0.315933734 0.236455202 0.648595989 0.355126977
-0.0440369211 1.56275535 0.0991058797 -0.896865904 0.383660853 0.220081583 0.644975007 0.356649041
-0.0456289947 1.56063259 0.0967634171 -0.938890517 0.326030344 0.11040248 0.642485023 0.355738044
-0.0458523929 1.55968833 0.0931243896 -0.922397912 0.34479031 0.174073994 0.639442027 0.356215
-0.0464407876 1.56232119 0.0886971653 -0.939710021 0.279402673 0.197177887 0.636992991 0.359696984
-0.0460118651 1.56418562 0.0935240611 -0.921655893 0.353457928 0.16005598 0.640631974 0.358723044
-0.041857738 1.56788003 0.104425445 -0.829862773 0.525203705 0.188384637 0.649978995 0.359063029
-0.0407408327 1.5682168 0.0993262902 -0.805083811 0.56703186 0.174111634 0.64705497 0.360620975
-0.0440315045 1.56905806 0.0937738717 -0.848211944 0.504466295 0.161400571 0.642023981 0.360607028
-0.0358712934 1.56613433 0.12766467 -0.882270873 0.269248158 0.386139303 0.667784989 0.356881022
-0.0310936011 1.56484008 0.13229309 -0.765832722 0.224383593 0.602621138 0.672887981 0.356882989
-0.033172071 1.571082 0.127731681 -0.7335971 0.619519114 0.279340774 0.669059992 0.359727979
-0.0318526477 1.5702095 0.130253002 -0.455496132 0.438235432 0.774901986 0.670747995 0.359650016
-0.0364424512 1.56550264 0.120361462 -0.894877255 0.362878352 0.259834439 0.662599027 0.359055042
-0.0331521742 1.5705626 0.124110483 -0.661537886 0.718771875 -0.21385622 0.667185009 0.360875964
-0.0392137729 1.56689739 0.114911631 -0.860299766 0.421797723 0.286305696 0.65774399 0.358335018
-0.0358250961 1.57133806 0.115233563 -0.48532626 0.840044498 0.242453337 0.658321023 0.361685991
-0.0344470143 1.56965542 0.118617669 -0.340307832 0.709616184 0.616956532 0.660694003 0.361891985
-0.0331775397 1.56976748 0.11404974 0.422909558 0.905996501 0.0178265516 0.657999992 0.363314033
-0.0325503834 1.56859279 0.11775028 0.42997992 0.818065047 0.381951302 0.660848022 0.363225996
-0.0335702114 1.56987548 0.109898008 0.268286079 0.935586452 -0.229566231 0.655481994 0.363799989
-0.036053177 1.5703547 0.110950351 -0.476285189 0.857254803 -0.19561857 0.655692995 0.362031996
-0.0392368697 1.56683886 0.109638698 -0.839760065 0.487408161 0.239241362 0.654024005 0.358947992
-0.0355564319 1.56882155 0.108629681 -0.120106548 0.992674589 0.0130980164 0.654318988 0.362684965
-0.0377339013 1.57224023 0.104290925 -0.395468324 0.912261426 0.106695794 0.65121299 0.362720966
-0.0367400199 1.57055664 0.107795015 -0.331876159 0.777196765 0.534624577 0.653340995 0.362280965
-0.0353397802 1.56978393 0.10383793 0.429188758 0.902903438 -0.0237156469 0.651875973 0.36461699
-0.0350940712 1.56953764 0.106961936 0.362149 0.901568174 0.236691728 0.653503001 0.363638043
-0.0371634774 1.57049406 0.0989690498 -0.187285513 0.978924096 0.0814361274 0.648410022 0.363994956
-0.0391217247 1.57433343 0.0944347158 -0.36361745 0.921869338 0.133937851 0.644358993 0.363965034
-0.0394950435 1.57263756 0.0971920267 -0.472434402 0.691074312 0.547011912 0.646143019 0.363587976
-0.0424056053 1.56951368 0.0880970582 -0.627774954 0.524416327 -0.575226963 0.639771998 0.364255011
-0.0407923013 1.57257533 0.089263916 -0.467280358 0.799191654 -0.378076494 0.64151299 0.364950001
-0.0386676379 1.56882107 0.0879637897 0.209708333 0.210068345 -0.954931259 0.639141023 0.367138982
-0.0375405885 1.57181895 0.0893064663 0.413405567 0.576819062 -0.704539418 0.641659021 0.36659199
-0.0457742363 1.56372356 0.0871055499 -0.644710958 0.712501884 -0.276927233 0.636081994 0.361917019
-0.046032358 1.56358993 0.0812722892 -0.324761391 0.944877863 0.0416642055 0.631760001 0.363270044
-0.03509688 1.56998384 0.098584801 0.396573186 0.910653532 0.115930378 0.649155974 0.365390003
-0.0371189564 1.57124412 0.097432591 0.314340472 0.797746181 0.51457876 0.647509992 0.364529014
-0.0365034752 1.57203102 0.0937707797 0.503966689 0.86242348 -0.0473622493 0.645235002 0.366227031
-0.0348565839 1.57060218 0.0974874496 0.260182291 0.9358778 0.237566739 0.647998989 0.365903974
-0.0346277207 1.57066905 0.0940349922 0.406181693 0.912225127 -0.05349629 0.64585501 0.367249012
-0.0185314789 1.56384742 0.144451037 -0.283310056 0.105715878 0.953184009 0.685986996 0.354458988
-0.0122206695 1.56362724 0.144854963 -0.191721842 0.130146325 0.972781956 0.69036901 0.354331017
-0.0114844739 1.56899476 0.1433011 -0.140897691 0.436198294 0.888751328 0.690886021 0.358803034
-0.017655164 1.56958938 0.142936453 -0.238249913 0.442190528 0.864699066 0.686730981 0.35821104
-0.0233307909 1.56430757 0.141543046 -0.678539157 0.141153187 0.720874727 0.68216002 0.355677009
-0.0219024271 1.56914258 0.140237391 -0.618830562 0.471197248 0.628507555 0.683695018 0.357751966
-0.0187172033 1.55734372 0.144178852 -0.295001328 -0.0584549047 0.953707039 0.685397983 0.349967957
-0.0233393088 1.55608392 0.141102672 -0.638132393 -0.0510366336 0.76823324 0.681340992 0.349560022
-0.0222543236 1.55310667 0.141961649 -0.347799897 0.0712500364 0.934857547 0.682233989 0.347136021
-0.0259751473 1.5704869 0.137185365 -0.556611121 0.511674047 0.65450263 0.678394973 0.358298004
-0.0275086593 1.57009411 0.13432394 -0.780704141 0.590970695 0.203112617 0.676379025 0.359127045
-0.0281385258 1.56389201 0.137382254 -0.69815433 0.188015163 0.690818965 0.677039981 0.354757011
-0.0245620999 1.56315124 0.139406219 -0.408509254 0.136197522 0.902535558 0.680346012 0.354876041
-0.0232351441 1.56314909 0.140160248 -0.814333498 0.149622366 0.56077987 0.681352019 0.355809987
-0.0224519148 1.56632853 0.138582096 0.993826032 0.110544175 -0.00947534293 0.682255983 0.359643996
-0.0232746936 1.56894422 0.138294861 -0.152814001 0.391063213 0.90758872 0.680460989 0.35897398
-0.0291504208 1.55744684 0.137114927 -0.712069571 0.124170229 0.691041768 0.676110983 0.350468993
-0.0239249468 1.55560911 0.139965147 -0.612438202 0.145654798 0.776984036 0.68055898 0.349359035
-0.0275598783 1.55378938 0.138836056 -0.574630022 0.24487485 0.780920386 0.677747011 0.34781301
-0.0255720317 1.55649674 0.139745653 -0.470134616 0.0612020157 0.880470157 0.679455996 0.349900007
-0.0112421112 1.56930983 0.142677665 0.160662845 0.280923754 -0.946186721 0.690984011 0.359759986
-0.0170165338 1.57060981 0.141139016 0.308372051 0.288887948 -0.906339049 0.68682301 0.359336972
-0.0211329889 1.56991601 0.13886562 0.326580942 0.252743512 -0.910750091 0.683202028 0.360013962
-0.0240834821 1.5711894 0.135099828 0.715931535 0.243680388 -0.65426451 0.678313971 0.35995996
-0.0220227949 1.56901515 0.136671305 0.784638047 0.0984956622 -0.612079859 0.680158019 0.360229015
-0.0220223032 1.56777859 0.138453111 -0.663175881 0.280776203 -0.693803012 0.682585001 0.359889984
-0.0259284582 1.56908917 0.131998643 0.671344221 0.199914858 -0.713674307 0.67581898 0.361096978
-0.0290794037 1.56636775 0.130708203 0.843023837 0.386811733 -0.373748124 0.673322022 0.361277997
-0.0301756728 1.57048881 0.129878074 0.954735339 0.287401885 0.0766849741 0.671289027 0.360540032
-0.0302214716 1.5716095 0.126713708 0.934572995 0.3135539 -0.168099001 0.669483006 0.362150013
-0.0309508219 1.56976056 0.122866936 0.791812062 0.328164369 -0.515113354 0.667077005 0.362426043
-0.0344088487 1.56620479 0.119985081 0.896633625 0.396016836 -0.198037431 0.663520992 0.362411022
-0.0291973613 1.5677824 0.11725188 0.941657305 0.0480851419 0.333120584 0.660951972 0.365298986
-0.0291567799 1.56776071 0.112545915 0.949856222 0.0706732944 -0.304595441 0.658012986 0.366232991
-0.0314411633 1.56844902 0.108651012 0.81234163 0.14843592 -0.563975096 0.655449986 0.365940988
-0.0319561251 1.5685147 0.107752018 0.977692664 0.014577115 0.209534019 0.654590011 0.365915
-0.0315225236 1.5694555 0.106529117 0.991997778 0.114244908 0.0537444465 0.653568029 0.366459966
-0.0319952331 1.56857526 0.102988832 0.954992592 0.0291210879 -0.295196712 0.65199703 0.367220044
-0.0335457847 1.56950247 0.098715663 0.985510707 -0.0375785418 -0.165398106 0.649650991 0.366994023
-0.033038307 1.57100093 0.0970636606 0.9836905 -0.118749999 0.135097757 0.648046017 0.367043972
-0.0328945927 1.56998682 0.0940353498 0.969875515 -0.1695842 -0.174879223 0.645527005 0.368963957
-0.0344131812 1.57004619 0.0899371132 0.82710427 0.0392548814 -0.560676038 0.642570972 0.368562996
-0.0378340222 1.56075919 0.0873358548 0.92840755 0.30811727 -0.207660839 0.636914015 0.371591985
-0.0427169129 1.56324458 0.0808833838 0.277439177 0.960716665 -0.00712931901 0.631938994 0.366706014
-0.0412806198 1.5629704 0.0864720047 0.25894478 0.754097223 -0.603560269 0.635236025 0.367249012
-0.0365123376 1.55982816 0.0913428739 0.974701762 0.15880616 -0.157280371 0.64100498 0.373934031
-0.030453546 1.54011333 0.086257942 0.935827434 0.330591679 -0.122213535 0.638899028 0.389490962
-0.030962646 1.54069459 0.0815943629 0.926079512 0.354998946 -0.127876788 0.63489598 0.38835597
-0.0394335799 1.56198311 0.0809318498 0.877909482 0.466722876 -0.106980301 0.632327974 0.37036401
-0.0314193964 1.54067564 0.0760775954 0.923446894 0.363634884 -0.122538254 0.630662978 0.388282001
-0.0351321883 1.55869162 0.106527857 0.947397768 -0.0909715667 -0.306857616 0.654313982 0.37343502
-0.0304433964 1.55671322 0.119638182 0.935770154 0.240131944 -0.258207202 0.665385008 0.372193992
-0.0294615403 1.55536067 0.122032829 0.966633081 0.182376117 -0.17988728 0.667900026 0.373072028
-0.0288447253 1.5546602 0.124179669 0.955679893 0.203298047 -0.212945521 0.670122027 0.372905016
-0.0254863854 1.5384804 0.119457833 0.932610631 0.26686883 -0.242937177 0.670758009 0.385825992
-0.0259011239 1.53857338 0.117524952 0.948540866 0.256319821 -0.185931206 0.668646991 0.386245012
-0.0288762953 1.55694473 0.129403681 0.81742686 0.0451612659 -0.574259281 0.673649013 0.370020032
-0.0281496067 1.55455446 0.126446784 0.881325185 0.299734622 -0.365274012 0.672200978 0.372254014
-0.0271799602 1.55458367 0.131047338 0.719922662 0.291866571 -0.629702508 0.675751984 0.371650994
-0.0263082255 1.53886902 0.115046702 0.956932724 0.254336417 -0.139973879 0.666125 0.386512041
-0.0332008302 1.55934584 0.118632197 0.996876001 0.0751532838 0.0242954288 0.663667977 0.369572997
-0.03104233 1.55675185 0.114764571 0.989462793 0.139094427 -0.0402004831 0.661464989 0.373149037
-0.0270734336 1.539132 0.109744154 0.957168937 0.257553071 -0.132264599 0.661561012 0.387462974
-0.0319766141 1.55727518 0.110368818 0.955776215 0.148545086 -0.25382328 0.657564998 0.374168992
-0.0277532842 1.53986514 0.105692163 0.939133644 0.287888706 -0.187478244 0.657684028 0.388028026
-0.0341257602 1.5581553 0.103861272 0.971381009 0.186712667 -0.14682427 0.651995003 0.374768972
-0.028711997 1.53997529 0.100070223 0.934284985 0.304986924 -0.184647381 0.652484 0.389160991
-0.0347746834 1.55855477 0.100255147 0.963159025 0.177323058 -0.202191338 0.64884001 0.37490499
-0.0372591242 1.56006634 0.0964553058 0.96608007 -0.159699798 -0.202941522 0.646475971 0.373780966
-0.0361343436 1.55956542 0.0941295326 0.979072571 0.189889342 -0.0732049868 0.643890023 0.374776959
-0.0300306305 1.5400207 0.0901045874 0.942199647 0.313564926 -0.118054792 0.642741024 0.390058994
-0.0292014945 1.5397737 0.0966911688 0.940660775 0.311295033 -0.135102734 0.648850024 0.389854014
-0.0246131252 1.53858793 0.121892415 0.866341949 0.336123765 -0.369421661 0.673247993 0.38519901
-0.0217645764 1.53822684 0.124786377 0.676254928 0.447134495 -0.585448623 0.676916003 0.385123968
-0.0238278769 1.55440855 0.134586349 0.475208133 0.382371873 -0.792444944 0.679804981 0.370775998
-0.0185425598 1.53782177 0.125711292 0.366539389 0.513173282 -0.776081324 0.680056989 0.385636985
-0.0227036346 1.5566777 0.136518613 0.368038654 0.328816414 -0.869728386 0.681200981 0.368963003
-0.0147976531 1.53779924 0.126461387 0.32332924 0.563758373 -0.760022879 0.683606029 0.386094987
-0.0168575048 1.55313766 0.137708664 0.268516123 0.45770666 -0.847587049 0.685617983 0.372164965
-0.011334802 1.53787827 0.12729536 0.214044318 0.580553412 -0.785584331 0.687062025 0.386443019
-0.0112717114 1.55587089 0.139809117 0.154370919 0.326810211 -0.932397366 0.69018501 0.370283961
-0.00731965527 1.5382663 0.128366619 0.183849961 0.582419872 -0.791824579 0.691148996 0.386328995
0.00659212703 1.53334403 0.14074263 0.107749514 -0.367255956 0.923857689 0.704650998 0.330664039
0.00667033764 1.54729736 0.146701828 0.109257787 -0.304031104 0.946376204 0.703859985 0.342000961
0.00221696123 1.55224097 0.146187514 0.0483935997 0.054526791 0.997338891 0.700554013 0.345695972
0.00654135039 1.55060649 0.145646647 0.120118268 0.0729647577 0.990074575 0.703788996 0.344524026
0.012840339 1.54917228 0.145356953 0.221389711 -0.265746951 0.938277721 0.708464026 0.343564034
0.0102600083 1.55175459 0.145436853 0.192752495 0.0153498948 0.981127441 0.706493974 0.345448017
0.0464026667 1.53883493 0.0846538618 0.991416931 -0.0958032459 0.0889621004 0.768585026 0.344817042
0.0471137464 1.53980219 0.0779835805 0.988900006 -0.0968602449 0.112670965 0.77323103 0.347032011
0.0489338972 1.56096995 0.0814663842 0.993536949 0.00711550238 0.113285676 0.766646028 0.362028956
0.0480880663 1.56057918 0.0872935429 0.993296087 0.0092277946 0.11522866 0.762435973 0.360408008
0.0457574911 1.53842175 0.0908794925 0.989487231 -0.0940910503 0.109826647 0.764077008 0.342721999
0.0476264991 1.5568893 0.0926041231 0.991550088 -0.0557860583 0.117116831 0.759446025 0.355955005
0.0463309139 1.55918801 0.0998016074 0.99014771 -0.0107593341 0.139612779 0.753499985 0.355350971
0.0451053604 1.53812563 0.0973032638 0.988494694 -0.0860884413 0.124366157 0.759033024 0.340593994
0.0459776856 1.55668914 0.103963599 0.988366842 -0.0228610747 0.150360838 0.750609994 0.352663994
0.044562228 1.53801632 0.102259099 0.987523794 -0.0762511268 0.137776792 0.75466001 0.339213014
0.0446323082 1.55697405 0.109228149 0.972961724 0.00267229904 0.230950877 0.746325016 0.352084994
0.0438422896 1.5380758 0.107069798 0.973029256 -0.0691138953 0.220084831 0.750235975 0.338396013
0.0432037003 1.55550563 0.11416474 0.954738855 0.0135360323 0.297137171 0.742496014 0.350658
0.0425410867 1.53690255 0.11266192 0.956400037 -0.0462976359 0.288366973 0.745335996 0.336905956
0.0248332229 1.55099928 0.14168331 0.481855065 -0.220156118 0.84814322 0.717504025 0.345723033
0.0242073983 1.53386486 0.136070311 0.48538959 -0.280432642 0.828102827 0.719964981 0.332322001
0.0296268743 1.53395104 0.132907927 0.620857894 -0.230676711 0.749215484 0.725108981 0.332839966
0.0313874297 1.55128348 0.136999667 0.632938445 -0.171097994 0.755059242 0.723380983 0.346168041
0.0193755329 1.54880381 0.143676564 0.323801547 -0.257965803 0.910278082 0.713445008 0.343686998
0.0186304227 1.55164409 0.142692238 0.28925705 0.0620481595 0.955238461 0.713016987 0.345899999
0.0158619545 1.55227196 0.14397651 0.265163273 0.0125308353 0.964122117 0.710747004 0.34612
0.0186863206 1.53362322 0.138517857 0.323008627 -0.31190154 0.893522739 0.71497798 0.331721008
0.012463917 1.53330886 0.140057251 0.219749212 -0.332250834 0.917234778 0.709661007 0.331027031
0.0404770523 1.55528283 0.120793037 0.941216052 0.0250293706 0.336876363 0.737038016 0.350178003
0.0406961143 1.53577483 0.119273536 0.943569779 -0.0368792601 0.329114079 0.73973 0.335559964
0.0345360637 1.53483987 0.129065245 0.761012197 -0.14964512 0.631242394 0.730150998 0.33396399
0.0351977423 1.5538379 0.132609561 0.763855994 -0.0784982741 0.640595138 0.727505028 0.348273993
0.0381921232 1.53506768 0.124963984 0.88368398 -0.0734492019 0.462285459 0.734678984 0.334576011
0.0386965461 1.55356133 0.126851901 0.888042152 -0.017561242 0.459426373 0.732478976 0.348397017
0.012443874 1.55479407 0.144622415 0.22741127 -0.0398274288 0.972984016 0.708067 0.347774982
0.032134261 1.55640531 0.133735195 0.671004295 0.298440516 0.678738832 0.725180984 0.350335002
0.0299291741 1.55370104 0.136599019 0.610353112 0.288086206 0.737885773 0.722612977 0.348109961
0.0369590856 1.55613601 0.125847876 0.855956078 0.342363715 0.387461424 0.732340991 0.350816011
0.0361211859 1.55601335 0.12948893 0.820995152 0.322183579 0.471343368 0.729617 0.350257039
0.0384594537 1.55729318 0.121728286 0.884551167 0.356245607 0.301094979 0.735552013 0.35206604
0.0328694247 1.55816591 0.131723285 0.772266567 0.148490503 0.617701352 0.726583004 0.351882994
0.0371180214 1.56027138 0.126684621 0.910985887 0.15362902 0.382756859 0.731410027 0.353680015
0.0409635007 1.55766952 0.114259049 0.832938075 0.400020421 0.382358193 0.741486013 0.35275799
0.0402892046 1.55737376 0.116805725 0.818361044 0.426677704 0.385008246 0.739517987 0.352450967
0.0418382287 1.55903196 0.111423664 0.874240518 0.334763825 0.351620167 0.743699014 0.353850961
0.0378496312 1.55920768 0.119773224 0.927009404 0.216301739 0.306377262 0.736550987 0.354012012
0.0409653671 1.56116557 0.114975862 0.911282241 0.231809452 0.340336561 0.740720987 0.355226994
0.0420856662 1.56076455 0.109077625 0.903896928 0.322209477 0.281338662 0.745306015 0.355259001
0.0433226451 1.55887783 0.106498562 0.895191014 0.392302692 0.211498976 0.747757971 0.354241014
0.0440172292 1.55824351 0.103994235 0.830377519 0.473757684 0.293303043 0.749839008 0.354092002
0.0446570814 1.56064618 0.101045094 0.876219928 0.369840473 0.308960646 0.751836002 0.356253982
0.0439138934 1.5620048 0.104142919 0.918844283 0.315933883 0.236454591 0.74922502 0.356465995
0.0440369211 1.56275535 0.0991058797 0.896865726 0.383660823 0.220082268 0.752790987 0.358146012
0.0456289947 1.56063259 0.0967634171 0.938890338 0.326030076 0.110405348 0.755320013 0.357342958
0.0458523929 1.55968833 0.0931243896 0.922397375 0.344790369 0.1740769 0.758346021 0.357957006
0.0464407876 1.56232119 0.0886971653 0.939708889 0.279402137 0.197184294 0.760652006 0.36154604
0.0460118651 1.56418562 0.0935240611 0.921655715 0.35345763 0.160057172 0.757058024 0.360409975
0.0407408327 1.5682168 0.0993262902 0.805083632 0.567032337 0.174110949 0.750562012 0.362040997
0.041857738 1.56788003 0.104425445 0.829862416 0.525203228 0.188387752 0.747698009 0.36035502
0.0440315045 1.56905806 0.0937738717 0.848211706 0.504466414 0.161401659 0.755153 0.362787008
0.0358712934 1.56613433 0.12766467 0.882270575 0.269248396 0.386139899 0.729939997 0.357396007
0.0310936011 1.56484008 0.13229309 0.765832603 0.224384621 0.602621078 0.724825978 0.357243001
0.033172071 1.571082 0.127731681 0.733596385 0.619519532 0.279342234 0.728576005 0.360217988
0.0318526477 1.5702095 0.130253002 0.455495328 0.438237309 0.77490133 0.726885974 0.360062957
0.0364424512 1.56550264 0.120361462 0.894876361 0.362878263 0.259838074 0.735059977 0.35977304
0.0331521742 1.5705626 0.124110483 0.661538601 0.718774736 -0.213844687 0.730397999 0.361418962
0.0392137729 1.56689739 0.114911631 0.860300183 0.421797842 0.286304444 0.739950001 0.359266043
0.0358250961 1.57133806 0.115233563 0.485324174 0.840047002 0.242448926 0.739242017 0.362591982
0.0344470143 1.56965542 0.118617669 0.340302527 0.709618866 0.616956472 0.736859977 0.362690985
0.0331775397 1.56976748 0.11404974 -0.42291382 0.905994654 0.0178210307 0.739498019 0.364238024
0.0325502306 1.56859279 0.11775028 -0.429984242 0.818056107 0.381965876 0.736654997 0.364019036
0.0335702114 1.56987548 0.109898008 -0.268282801 0.935587227 -0.229566976 0.742200017 0.364897966
0.036053177 1.5703547 0.110950351 0.476285815 0.857256174 -0.195611149 0.741855979 0.363068998
0.0392368697 1.56683886 0.109638698 0.839759409 0.487408131 0.239243612 0.743655026 0.360064983
0.0355564319 1.56882155 0.108629681 0.120105974 0.992674351 0.0131184198 0.743229985 0.363799989
0.0377339013 1.57224023 0.104290925 0.395466298 0.912261069 0.10670612 0.74634397 0.363976002
0.0367400199 1.57055664 0.107795015 0.331868529 0.777190745 0.534637809 0.744228005 0.363438964
0.0353397802 1.56978393 0.10383793 -0.429188579 0.902903616 -0.0237114336 0.746048987 0.365962982
0.0350940712 1.56953764 0.106961936 -0.362149715 0.901566327 0.23669748 0.744032979 0.364714026
0.0371634774 1.57049406 0.0989690498 0.187284797 0.978924036 0.0814377293 0.749414027 0.365354002
0.0391217247 1.57433343 0.0944347158 0.363617718 0.92186898 0.133939251 0.752920985 0.36540401
0.0394950435 1.57263756 0.0971920267 0.472436816 0.691075802 0.547007918 0.751064003 0.364906013
0.0424056053 1.56951368 0.0880970582 0.62777406 0.524419129 -0.575225353 0.758723021 0.365570009
0.0407923013 1.57257533 0.089263916 0.467276931 0.79919517 -0.378073156 0.755823016 0.366237044
0.0386676379 1.56882107 0.0879637897 -0.209708139 0.21007137 -0.954930604 0.757727981 0.368520021
0.0375405885 1.57181895 0.0893064663 -0.413404495 0.576819658 -0.704539478 0.755406976 0.367658019
0.0457742363 1.56372356 0.0871055499 0.644710839 0.712502122 -0.276926965 0.761479974 0.36380899
0.046032358 1.56358993 0.0812722892 0.324761242 0.944877982 0.0416616425 0.765740991 0.365346014
0.03509688 1.56998384 0.098584801 -0.396573573 0.910652936 0.115933314 0.748856008 0.367006004
0.0371189564 1.57124412 0.097432591 -0.314337611 0.797747731 0.514577806 0.750268996 0.366034031
0.0365034752 1.57203102 0.0937707797 -0.50396651 0.86242336 -0.047367271 0.752125025 0.367758036
0.0348565839 1.57060218 0.0974874496 -0.260182858 0.935876429 0.237571448 0.749638975 0.367426038
0.0346277207 1.57066905 0.0940349922 -0.406181306 0.912225008 -0.0535004213 0.751860023 0.368950963
0.0185314789 1.56384742 0.144451037 0.283309549 0.105716698 0.953184068 0.711687982 0.354595006
0.017655164 1.56958938 0.142936453 0.23824966 0.442193687 0.864697576 0.710880995 0.358335018
0.0114844739 1.56899476 0.1433011 0.140899107 0.436205238 0.888747752 0.706681013 0.358877003
0.0122206695 1.56362724 0.144854963 0.19172205 0.130147487 0.972781777 0.70727098 0.354425013
0.0233307909 1.56430757 0.141543046 0.678539872 0.141153634 0.720873892 0.715523005 0.355852962
0.0219024271 1.56914258 0.140237391 0.618832052 0.471195877 0.628507257 0.714085996 0.359171033
0.0187172033 1.55734372 0.144178852 0.295001209 -0.0584552139 0.95370698 0.712382019 0.350120008
0.0233393088 1.55608392 0.141102672 0.638133883 -0.0510386191 0.768231809 0.71647501 0.349761963
0.0222543236 1.55310667 0.141961649 0.347802192 0.0712478533 0.934856951 0.715637028 0.34732604
0.0259751473 1.5704869 0.137185365 0.556607842 0.511672676 0.654506326 0.719269991 0.358521998
0.0281385258 1.56389201 0.137382254 0.698154926 0.188015193 0.690818429 0.720717013 0.355021
0.0275086593 1.57009411 0.13432394 0.78070116 0.590969384 0.203127652 0.721270978 0.359395027
0.0245620999 1.56315124 0.139406219 0.408506989 0.136196017 0.902536869 0.717397988 0.355071008
0.0232746936 1.56894422 0.138294861 0.152811632 0.391064167 0.90758878 0.717182994 0.359167993
0.0224519148 1.56632853 0.138582096 -0.993825793 0.110545598 -0.00948370621 0.715708017 0.359609962
0.0232351441 1.56314909 0.140160248 0.814335525 0.149619669 0.560777724 0.716359019 0.355978012
0.0291504208 1.55744684 0.137114927 0.712071657 0.124170743 0.691039503 0.721755028 0.350760996
0.0239248481 1.55560911 0.139965147 0.612440467 0.145653993 0.776982367 0.717290998 0.349563956
0.0275598783 1.55378938 0.138836056 0.5746364 0.244878739 0.780914485 0.720153987 0.348075986
0.0255720317 1.55649674 0.139745653 0.470134169 0.0611997731 0.880470634 0.718403995 0.350121021
0.0170165338 1.57060981 0.141139016 -0.308371782 0.288888425 -0.90633899 0.710774004 0.359447956
0.0112421112 1.56930983 0.142677665 -0.160662711 0.280923784 -0.946186781 0.706565976 0.359824002
0.0211329889 1.56991601 0.13886562 -0.326581746 0.25274238 -0.910750091 0.715071976 0.360724986
0.0240834821 1.5711894 0.135099828 -0.71593231 0.243682802 -0.654262722 0.719416022 0.360566974
0.0220227949 1.56901515 0.136671305 -0.784638286 0.0984964445 -0.612079382 0.717465997 0.360417008
0.0220223032 1.56777859 0.138453111 0.663178563 0.280777305 -0.693799913 0.715466022 0.359673977
0.0259284582 1.56908917 0.131998643 -0.671343744 0.199920073 -0.713673294 0.721786022 0.361377001
0.0290794037 1.56636775 0.130708203 -0.843022883 0.386817515 -0.373743951 0.724269986 0.361622989
0.0301756728 1.57048881 0.129878074 -0.954735041 0.287402242 0.076687634 0.726311982 0.360940993
0.0302214716 1.5716095 0.126713708 -0.934573174 0.313554704 -0.168097079 0.728181005 0.362475038
0.0309508219 1.56976056 0.122866936 -0.79181385 0.328167051 -0.515108943 0.730455995 0.362967014
0.0344088487 1.56620479 0.119985081 -0.896630645 0.396026045 -0.198032677 0.734082997 0.363568008
0.0291975569 1.5677824 0.11725188 -0.941655099 0.0480863824 0.333126694 0.736678004 0.366559029
0.0291567799 1.56776071 0.112545915 -0.949859738 0.0706675574 -0.304585844 0.739131987 0.367078006
0.0314411633 1.56844902 0.108651012 -0.812340736 0.14843829 -0.563975632 0.742034972 0.367078006
0.0319561251 1.5685147 0.107752018 -0.977691174 0.0145826321 0.209540516 0.742837012 0.367011011
0.0315225236 1.5694555 0.106529117 -0.991997957 0.114243679 0.0537442379 0.743871987 0.367697001
0.0319952331 1.56857526 0.102988832 -0.954993367 0.0291205924 -0.295194298 0.745846987 0.368463039
0.0335457847 1.56950247 0.098715663 -0.985510349 -0.0375804082 -0.165399522 0.748259008 0.368167996
0.033038307 1.57100093 0.0970636606 -0.98369056 -0.118752025 0.135095745 0.74980402 0.368587017
0.0328945927 1.56998682 0.0940353498 -0.969875515 -0.169584423 -0.17487891 0.751827002 0.370476007
0.0344131812 1.57004619 0.0899371132 -0.827103794 0.0392543748 -0.560676813 0.754413009 0.370045006
0.0378340222 1.56075919 0.0873358548 -0.928407669 0.308117121 -0.207660839 0.759850979 0.373531997
0.0427169129 1.56324458 0.0808833838 -0.277439117 0.960716724 -0.0071341889 0.765426993 0.368791997
0.0412806198 1.5629704 0.0864720047 -0.258943647 0.754096866 -0.603561103 0.761207998 0.369001031
0.0365123376 1.55982816 0.0913428739 -0.974701703 0.158805996 -0.157280996 0.756070971 0.375681043
0.030962646 1.54069459 0.0815943629 -0.926079512 0.354998916 -0.12787658 0.761501014 0.390339017
0.030453546 1.54011333 0.086257942 -0.935827374 0.330591679 -0.122214258 0.757448971 0.39131403
0.0394335799 1.56198311 0.0809318498 -0.877909541 0.466722906 -0.106979094 0.764886022 0.372458994
0.0314193964 1.54067564 0.0760775954 -0.923447073 0.363634884 -0.12253686 0.76573199 0.390447974
0.0351321883 1.55869162 0.106527857 -0.947397351 -0.0909716785 -0.306859046 0.742277026 0.374405026
0.0304433964 1.55671322 0.119638182 -0.935770333 0.240131915 -0.258206218 0.73180598 0.372802019
0.0294615403 1.55536067 0.122032829 -0.966632664 0.182375968 -0.179889411 0.729295015 0.373584986
0.0288447253 1.5546602 0.124179669 -0.955679536 0.203298032 -0.212947413 0.727110982 0.373342037
0.0254863854 1.5384804 0.119457833 -0.932609856 0.266868562 -0.242940515 0.726067007 0.386236012
0.0259011239 1.53857338 0.117524952 -0.948540092 0.256319553 -0.185935661 0.728089988 0.386723042
0.0281496067 1.55455446 0.126446784 -0.881325424 0.29973501 -0.365273148 0.725084007 0.372628987
0.0288762953 1.55694473 0.129403681 -0.817424595 0.0451615602 -0.574262559 0.723710001 0.370357037
0.0271799602 1.55458367 0.131047338 -0.719920814 0.291864842 -0.629705489 0.721574008 0.37193799
0.0263082255 1.53886902 0.115046702 -0.956932902 0.254336327 -0.139972791 0.730533004 0.387082994
0.0332008302 1.55934584 0.118632197 -0.996875823 0.0751643032 0.0242712572 0.733606994 0.370251
0.03104233 1.55675185 0.114764571 -0.989462495 0.139097109 -0.0401985981 0.735661983 0.373916984
0.0270734336 1.539132 0.109744154 -0.957168996 0.257552952 -0.132264897 0.734996021 0.388216972
0.0319766141 1.55727518 0.110368818 -0.955776453 0.148545653 -0.25382179 0.739500999 0.375111997
0.0277532842 1.53986514 0.105692163 -0.939132988 0.287888348 -0.187481761 0.738794982 0.388954997
0.0341257602 1.5581553 0.103861272 -0.971381009 0.186712503 -0.146824479 0.745038986 0.375975013
0.028711997 1.53997529 0.100070223 -0.934284925 0.304986984 -0.184647486 0.743903995 0.390332997
0.0372591242 1.56006634 0.0964553058 -0.966079772 -0.159700647 -0.202942237 0.75059998 0.37541604
0.0347746834 1.55855477 0.100255147 -0.96315968 0.177323014 -0.202188209 0.748193026 0.37627697
0.0300306305 1.5400207 0.0901045874 -0.942199886 0.313564956 -0.11805252 0.753575027 0.391716003
0.0361343436 1.55956542 0.0941295326 -0.97907263 0.189889103 -0.0732039362 0.753144026 0.376417041
0.0292014945 1.5397737 0.0966911688 -0.940661132 0.311295152 -0.135099575 0.747484028 0.391211033
0.0246131252 1.53858793 0.121892415 -0.866342247 0.336124063 -0.369420767 0.723668993 0.385540962
0.0217645764 1.53822684 0.124786377 -0.676252902 0.447131336 -0.585453331 0.720075011 0.385378957
0.0238278769 1.55440855 0.134586349 -0.475206614 0.382370532 -0.792446554 0.717568994 0.370980978
0.0185425598 1.53782177 0.125711292 -0.366537333 0.513170362 -0.776084065 0.716989994 0.385833025
0.0227036346 1.5566777 0.136518613 -0.368038267 0.32881707 -0.869728267 0.716233015 0.369152009
0.0147976531 1.53779924 0.126461387 -0.323331147 0.563760102 -0.760020673 0.713491976 0.386234999
0.0168575048 1.55313766 0.137708664 -0.26851663 0.457707494 -0.847586453 0.711771011 0.372289002
0.011334802 1.53787827 0.12729536 -0.214045078 0.580554426 -0.785583436 0.710080981 0.386539996
0.0112717114 1.55587089 0.139809117 -0.154370934 0.326809913 -0.932397306 0.707238972 0.370352983
0.00731960637 1.5382663 0.128366619 -0.183851257 0.58241868 -0.791825116 0.706036985 0.386382997
-0.00672722142 1.56352532 0.146901011 -0.194477543 0.18155393 0.963958859 0.694299996 0.353963971
-0.0059282314 1.56976211 0.144206479 -0.111842901 0.512572944 0.851328433 0.694775999 0.35888499
-0.00591641106 1.57007027 0.142830446 0.115812816 0.270890146 -0.955618083 0.694715977 0.359697998
0.0059282314 1.56976211 0.144206479 0.11939951 0.503506899 0.855701208 0.70273602 0.358927011
0.00672717253 1.56352532 0.146901011 0.197227776 0.180726856 0.963555396 0.703288019 0.354017973
0.00591641106 1.57007027 0.142830446 -0.124964513 0.267060786 -0.955542982 0.702793002 0.359730005
0.00099298812 1.56963038 0.14304626 -0.213487774 0.268869817 -0.939218819 0.699364007 0.359943032
0.000613020675 1.56914377 0.144858167 -0.0197759233 0.482472658 0.875687778 0.699230015 0.35847199
-0.00661163032 1.55697644 0.147050306 -0.155289754 -0.0491527021 0.986645401 0.694164991 0.349197984
-7.25148949e-25 1.56416702 0.146260157 -0.0117055979 -0.0335103162 0.99936986 0.698774993 0.354649007
-0.000450986641 1.56408048 0.14641349 0.0959413499 0.119718917 0.988161206 0.698597014 0.354555964
-0.000517474778 1.56911862 0.144838974 0.0233671349 0.515848815 0.856360912 0.698357999 0.358515978
-7.25148949e-25 1.56914949 0.145025417 -0.00331452652 0.612093925 0.79077816 0.698769987 0.358521998
0.000543134287 1.56414378 0.146423876 -0.0922631845 0.124234006 0.987954199 0.698970973 0.354588032
0.00661163032 1.55697644 0.147050306 0.154536724 -0.0492144823 0.986760497 0.703558981 0.349276006
0.00728281587 1.55181301 0.139141634 -0.0946009606 0.50151211 -0.859962881 0.704325974 0.373530984
0.00344546512 1.537848 0.128764689 -0.0346701592 0.576499462 -0.816361725 0.702183008 0.386716008
-0.00105632411 1.56951272 0.142729208 0.169910267 0.254664332 -0.951985598 0.698029995 0.36006701
-0.00728281587 1.55181301 0.139141634 0.0938069448 0.499919623 -0.860976517 0.693066001 0.373486996
-0.00344546512 1.537848 0.128764689 0.0347310789 0.576472223 -0.816378295 0.69502598 0.386695027
-7.25148949e-25 1.53794014 0.128932416 5.62021705e-05 0.553191781 -0.833054006 0.698610008 0.386628032
-1.58094044e-05 1.55476701 0.139528126 -0.00102430908 0.523815989 -0.85183084 0.698695004 0.371643007
-0.00171288243 1.56037498 0.142514721 0.120313749 0.156429112 -0.980333865 0.697552025 0.366840005
0.00189264666 1.5605408 0.142510444 -0.13219437 0.168040588 -0.976876199 0.700026989 0.366711974
-2.01926978e-05 1.5568918 0.141344488 -0.00108227669 0.422097474 -0.906549752 0.698704004 0.369534969
0.000523828086 1.56884181 0.143067122 0.0644997284 0.170273274 -0.983283699 0.699033022 0.360211968
-0.950791359 1.44428658 -0.106689133 -0.611708283 -0.482759953 -0.626702368 0.946179986 0.654690027
-0.943579257 1.44154572 -0.108852588 0.0104900869 -0.683651268 -0.729733527 0.942340016 0.652809978
-0.946641207 1.43738043 -0.0985332727 -0.130388588 -0.985864043 0.105218835 0.942030013 0.658460021
-0.952704072 1.44252956 -0.100881785 -0.774513423 -0.610424042 -0.165865362 0.946049988 0.658200026
-0.948868752 1.44413984 -0.088565059 -0.288727671 -0.478076339 0.829505444 0.942770004 0.664420009
-0.954408348 1.44468081 -0.094155319 -0.850254178 -0.421298563 0.315555573 0.94630003 0.662109971
-0.95134306 1.44019866 -0.0559863225 -0.119314842 -0.527161896 0.841346622 0.937759995 0.685500026
-0.960886061 1.44151592 -0.0604799651 -0.643961608 -0.48548919 0.591281354 0.943279982 0.684620023
-0.960368633 1.43926454 -0.0680580288 -0.632600784 -0.772580683 -0.0541780107 0.943910003 0.680450022
-0.952213645 1.43492353 -0.0669876635 -0.0674391687 -0.996940196 0.0395233408 0.93937999 0.679709971
-0.948214531 1.44016075 -0.0785051212 -0.00819968339 -0.56850189 -0.822641075 0.939559996 0.673139989
-0.958990932 1.44115806 -0.0759367123 -0.497834176 -0.525057614 -0.690272093 0.944580019 0.67614001
-0.933505177 1.44099998 -0.0769256875 0.00795759261 -0.59931165 -0.800476253 0.932169974 0.671169996
-0.936570048 1.43616152 -0.0653304905 -0.000392765884 -0.9966048 0.0823334381 0.931469977 0.67859
-0.952508628 1.43874609 -0.0414437577 -0.519251287 -0.519165576 -0.678855836 0.93550998 0.700800002
-0.942838132 1.43806303 -0.0438890681 0.0447443612 -0.561155379 -0.826500177 0.932500005 0.696430027
-0.945625663 1.4324249 -0.0333754644 -0.0315945297 -0.999391794 -0.0147651415 0.929560006 0.701690018
-0.954087913 1.43641293 -0.0335964449 -0.670446992 -0.741926074 -0.0068224892 0.933109999 0.704580009
-0.944772065 1.43791413 -0.0227593966 -0.11985179 -0.558123648 0.821056306 0.925580025 0.706030011
-0.954047382 1.44035912 -0.0257938709 -0.608916998 -0.417719007 0.674337268 0.930369973 0.708429992
-0.931453049 1.44071484 -0.0214861818 -0.0271851607 -0.491020143 0.870723963 0.91911 0.702090025
-0.930058479 1.43451941 -0.0314198881 0.0407939143 -0.999148309 -0.00620011752 0.922540009 0.697380006
-0.915223122 1.43374443 -0.123797834 -0.341425717 -0.933895707 0.106147282 0.935940027 0.644020021
-0.910065949 1.43838465 -0.135427058 -0.0440724716 -0.639843225 -0.767240644 0.93629998 0.637419999
-0.896250606 1.4349196 -0.131452903 0.10913571 -0.733337224 -0.671048403 0.927709997 0.637250006
-0.899532139 1.43204844 -0.11935702 -0.191213235 -0.960187495 0.203660041 0.927600026 0.643859982
-0.916690707 1.44116116 -0.133935571 -0.640284598 -0.315120012 -0.700524807 0.939830005 0.63944
-0.920379102 1.44093049 -0.127336293 -0.90239054 -0.356007904 -0.242796034 0.940439999 0.643670022
-0.915078044 1.44096041 -0.116162024 -0.45953986 -0.322442561 0.827558935 0.936200023 0.648899972
-0.899871886 1.44053698 -0.110505566 -0.347123235 -0.398705691 0.84884572 0.927940011 0.650059998
-0.920656264 1.44333506 -0.121930085 -0.90060997 -0.0752809867 0.428059012 0.940339983 0.646939993
-0.859188318 1.36988127 0.0113590844 -0.549626887 -0.55274266 -0.626407087 0.866659999 0.696910024
-0.862233877 1.36743832 0.0223280787 -0.7367993 -0.676026046 -0.010751538 0.861150026 0.701770008
-0.865774751 1.3736459 0.0213122815 -0.99753958 -0.0477822945 -0.0513006039 0.859089971 0.705799997
-0.863239586 1.37887406 0.0111588165 -0.900830865 0.207601041 -0.381320834 0.868709981 0.699140012
-0.851299882 1.36448729 0.0149570508 0.205592379 -0.919208288 -0.335839331 0.863610029 0.693379998
-0.85657841 1.36380398 0.0219041817 -0.238184854 -0.971191466 0.00743416045 0.86352998 0.697160006
-0.849587321 1.38053298 -0.00271066185 -0.503316522 -0.385467052 -0.773361206 0.86917001 0.68562001
-0.854207993 1.39107621 0.00130543392 -0.83827126 0.350347161 -0.417801589 0.87462002 0.688390017
-0.847381592 1.39775431 -0.00261838734 -0.72545284 0.555609822 -0.40622142 0.87695998 0.683200002
-0.845052838 1.38631701 -0.00763088511 -0.568057358 -0.232123658 -0.789575398 0.870500028 0.680899978
-0.841670334 1.37406969 -5.09517595e-05 0.225852892 -0.840174913 -0.49304837 0.86473 0.683430016
-0.866882861 1.45867217 -0.025828559 -0.10518495 0.979342401 0.17269735 0.801270008 0.692399979
-0.846077025 1.46166468 -0.0231914222 0.0531885698 0.894284964 0.444325835 0.804700017 0.679409981
-0.84842962 1.46214247 -0.0363416746 -0.281263858 0.957516849 0.063655436 0.797089994 0.679709971
-0.864179611 1.45492554 -0.0409281403 -0.200135171 0.772441864 -0.602726758 0.791760027 0.690649986
-0.838160515 1.41414106 -0.0190881304 -0.547271132 -0.410701424 0.729259074 0.826219976 0.683210015
-0.831191361 1.44329572 -0.00925193913 -0.0992521495 0.307784289 0.94626528 0.819999993 0.673330009
-0.846389234 1.45292747 -0.0118568847 0.00161600008 0.388711274 0.921358228 0.812640011 0.680689991
-0.84801358 1.43154323 -0.016931219 -0.275636435 -0.413028091 0.868004799 0.822610021 0.686070025
-0.792194605 1.43601477 -0.00736523652 0.0927108526 0.318418145 0.943405926 0.829999983 0.651719987
-0.808444202 1.45368767 -0.017377235 -0.0241110306 0.659214795 0.751568139 0.81704998 0.657249987
-0.817502856 1.42324841 -0.0065656607 -0.139887646 0.234640375 0.961964369 0.83118999 0.667580009
-0.834908426 1.46384013 -0.0334601663 0.0172595475 0.914490759 0.404238403 0.801569998 0.671739995
-0.841441989 1.47086823 -0.0548163988 -0.124330141 0.988637447 0.0844864622 0.787039995 0.672150016
-0.841574967 1.46745038 -0.0668384656 -0.336278409 0.901293993 -0.273104161 0.779139996 0.669939995
-0.856314421 1.45846009 -0.0685475692 -0.102107175 0.521213233 -0.847296178 0.771130025 0.678420007
-0.860658705 1.46267939 -0.0548010096 -0.234556749 0.971859932 -0.0217139497 0.780560017 0.683960021
-0.850769997 1.4604373 -0.0815670341 -0.123466499 0.920556426 -0.370583147 0.763549984 0.66970998
-0.832118809 1.46776175 -0.0830404833 -0.220048025 0.917122662 -0.332362622 0.772539973 0.660920024
-0.83088553 1.46129763 -0.0892489031 -0.321596146 0.746619403 -0.582353294 0.766420007 0.656899989
-0.845064998 1.45315838 -0.0917033851 -0.00615581265 0.483495802 -0.875324965 0.75880003 0.661679983
-0.820209861 1.46643007 -0.0879817307 -0.0147952354 0.966528833 -0.256131232 0.773999989 0.654429972
-0.827510536 1.46127009 -0.0933929309 -0.209650233 0.900793374 -0.380286872 0.766550004 0.653599977
-0.843913317 1.46726012 -0.0449457504 -0.124696061 0.950447559 0.284781396 0.792699993 0.675400019
-0.830633044 1.41868019 -0.0905558243 -0.333334178 -0.941761494 -0.0444246121 0.908110023 0.64297998
-0.830452263 1.41851091 -0.082482554 -0.167433083 -0.976213932 -0.137740597 0.904600024 0.646080017
-0.854708314 1.43128145 -0.0910806134 -0.0218801368 -0.653312087 -0.756772518 0.915279984 0.649110019
-0.852264166 1.43248761 -0.092928566 -0.511862755 -0.717625201 0.472240061 0.913389981 0.645929992
-0.819739878 1.41839087 -0.0883073583 -0.116966605 -0.993040204 -0.0137789017 0.902390003 0.640470028
-0.833722234 1.42096376 -0.0642499179 -0.213972002 -0.968466938 -0.127623871 0.897210002 0.653760016
-0.835531473 1.41905951 -0.0752801597 -0.188971624 -0.973928332 -0.125512883 0.903259993 0.650070012
-0.840904474 1.42147803 -0.0453357361 -0.524780333 -0.790192485 -0.316545993 0.891740024 0.663309991
-0.850409508 1.42333412 -0.0410158448 -0.306593001 -0.950692117 -0.0467471182 0.894330025 0.66839999
-0.853403509 1.4246304 -0.0468605049 -0.37601465 -0.926544189 0.0113505423 0.897700012 0.66723001
-0.847364843 1.42350578 -0.0538013428 -0.289499998 -0.953191578 -0.0872680396 0.898069978 0.662540019
-0.849284947 1.42386103 -0.0291557238 -0.395036519 -0.895146728 0.206539065 0.890020013 0.672879994
-0.840596974 1.42073512 -0.0299356524 -0.681696117 -0.707366943 -0.186875239 0.88556999 0.669529974
-0.838160515 1.41414106 -0.0190881304 -0.547271132 -0.410701424 0.729259074 0.882170022 0.676339984
-0.84801358 1.43154323 -0.016931219 -0.275636435 -0.413028091 0.868004799 0.885670006 0.679180026
-0.846760154 1.42204261 -0.0601828471 -0.288879901 -0.954859555 -0.0692217201 0.900399983 0.659590006
-0.847625494 1.42058682 -0.067790471 -0.392274857 -0.902332664 0.178651243 0.904030025 0.656400025
-0.809196711 1.41742337 -0.0631023794 -0.218081817 -0.944896996 -0.244151801 0.887290001 0.646260023
-0.793241501 1.40610552 -0.0591358282 -0.153855726 -0.701616168 -0.695746422 0.877719998 0.642939985
-0.790575266 1.39501786 -0.0472148173 0.0306576248 -0.931970358 -0.361235589 0.869589984 0.648459971
-0.81697911 1.40932298 -0.0529407151 -0.411226779 -0.739501119 -0.532945216 0.883480012 0.654839993
-0.843168914 1.42422462 -0.104659393 -0.271441847 -0.955090642 -0.118832104 0.914129972 0.640169978
-0.820305109 1.41822064 -0.101290204 -0.108669259 -0.909055352 -0.402255565 0.907769978 0.636039972
-0.815765619 1.43053305 -0.113380678 0.00255630049 -0.33389464 -0.942606866 0.912450016 0.628470004
-0.831062555 1.42716324 -0.112278663 0.0362860523 -0.542842865 -0.839050114 0.915769994 0.633400023
-0.818720579 1.44792295 -0.112145975 -0.00510773063 0.417636096 -0.908600092 0.761420012 0.64410001
-0.815765619 1.43053305 -0.113380678 0.00255630049 -0.33389464 -0.942606866 0.756980002 0.636789978
-0.831062555 1.42716324 -0.112278663 0.0362860523 -0.542842865 -0.839050114 0.752279997 0.638409972
-0.834218264 1.44199502 -0.114252567 0.133201748 0.171769679 -0.976090312 0.754140019 0.645940006
-0.827679634 1.46926618 -0.0668293908 0.00561783696 0.999635935 0.0263912808 0.784089983 0.662880003
-0.83687377 1.4677645 -0.0710330456 -0.225005895 0.963646889 -0.144072458 0.776390016 0.665390015
-0.781980872 1.41416931 -0.0679598227 -0.0907487199 -0.973779559 -0.208609655 0.879949987 0.633220017
-0.774557173 1.40614152 -0.0599098131 0.0492386296 -0.796657145 -0.602422476 0.872730017 0.634019971
-0.800869942 1.41461611 -0.0830830336 -0.0957299471 -0.99476409 -0.0357809663 0.892989993 0.635930002
-0.794953227 1.41760445 -0.103011779 0.00497963745 -0.851470292 -0.524379194 0.899110019 0.627470016
-0.794382215 1.43228722 -0.113493532 0.0704434887 -0.242401049 -0.967615366 0.90565002 0.621079981
-0.795319557 1.45006895 -0.111291222 0.0708135217 0.476243675 -0.876457334 0.769940019 0.636319995
-0.794382215 1.43228722 -0.113493532 0.0704434887 -0.242401049 -0.967615366 0.763369977 0.630490005
-0.823349833 1.45813811 -0.10379117 -0.0838618204 0.776596963 -0.624391258 0.764400005 0.650179982
-0.801565051 1.46320617 -0.0957213938 0.00562963728 0.905466974 -0.424379349 0.776650012 0.644209981
-0.807616115 1.4697696 -0.064959012 -0.0343637057 0.999382436 -0.00733932061 0.791079998 0.653069973
-0.813810945 1.46455133 -0.035088785 -0.0586740226 0.930466473 0.361648291 0.805480003 0.659690022
-0.768545687 1.40160453 -0.0511836745 0.24847281 -0.935189128 -0.252354234 0.866620004 0.634679973
-0.760835707 1.4028672 -0.0330304392 0.428296536 -0.834568381 0.346493065 0.855970025 0.636080027
-0.779395401 1.395805 -0.024975447 0.402208239 -0.850684702 0.338472933 0.855979979 0.647809982
-0.777112424 1.41253412 -0.0839484856 -0.0386623517 -0.994576991 -0.096549429 0.885330021 0.627009988
-0.774230719 1.41979301 -0.102343187 0.0670436174 -0.76402086 -0.641698718 0.892750025 0.620369971
-0.743279696 1.41311109 -0.0672833025 0.0746770799 -0.980538607 -0.181569591 0.868319988 0.617470026
-0.752937376 1.40776229 -0.0505761243 0.253525764 -0.951303124 -0.175348073 0.862420022 0.625940025
-0.759576797 1.4116137 -0.0837904066 0.0560530685 -0.990270019 -0.1273707 0.879899979 0.620519996
-0.744990349 1.41014612 -0.0394536629 0.304440796 -0.898091793 0.317406476 0.854849994 0.62440002
-0.730263531 1.41091132 -0.0424864553 0.0118005918 -0.984392822 0.175589353 0.853919983 0.615760028
-0.762030721 1.42045009 -0.0142157171 0.384303004 -0.353631556 0.852792978 0.842310011 0.637279987
-0.78274852 1.41448593 -0.00842573587 0.365608066 -0.227747232 0.902475417 0.842390001 0.649649978
-0.743497014 1.42506111 -0.0210999176 0.329065949 -0.456197321 0.826800883 0.841700017 0.625739992
-0.729560018 1.42367399 -0.0238264222 -0.00656505069 -0.631701291 0.775184095 0.84138 0.616890013
-0.768398345 1.44215512 -0.0122700287 0.193997532 0.299438059 0.934185088 0.830630004 0.638960004
-0.748898506 1.44172955 -0.017585827 0.281116784 0.266946077 0.921798885 0.832040012 0.62826997
-0.735185742 1.44169474 -0.0217431132 0.126035884 0.319884747 0.939036071 0.831709981 0.619859993
-0.778723657 1.45908105 -0.0213254206 0.0586653575 0.736765802 0.673598111 0.819649994 0.642820001
-0.758989215 1.45807111 -0.0260754619 0.226953402 0.793707788 0.564375818 0.821529984 0.632390022
-0.784236073 1.46848643 -0.0404322669 -0.00850021001 0.955210805 0.295803666 0.808520019 0.644320011
-0.784993887 1.47082901 -0.0631667823 -0.0249243211 0.999122202 -0.0336686745 0.797399998 0.64222002
-0.78178066 1.46502364 -0.0922558308 0.0223887414 0.915309727 -0.402128041 0.78391999 0.636059999
-0.775699317 1.45108986 -0.107039146 0.107488424 0.542646706 -0.833055079 0.776090026 0.629199982
-0.773335338 1.43355143 -0.1105868 0.141472608 -0.180768996 -0.973297477 0.898559988 0.614690006
-0.773335338 1.43355143 -0.1105868 0.141472608 -0.180768996 -0.973297477 0.768959999 0.62349999
-0.752321064 1.41728425 -0.0980216116 0.154271737 -0.803461969 -0.57502085 0.884389997 0.616039991
-0.732942343 1.420941 -0.0972319767 0.12823838 -0.80152452 -0.584049225 0.878620028 0.610390007
-0.754449189 1.45257914 -0.10359624 0.157706797 0.656821668 -0.737369597 0.781920016 0.621219993
-0.750805676 1.43708491 -0.108091198 0.135965005 -0.116561897 -0.983832777 0.775300026 0.616599977
-0.750805676 1.43708491 -0.108091198 0.135965005 -0.116561897 -0.983832777 0.892610013 0.609040022
-0.731998563 1.4380157 -0.105726466 0.118568182 -0.0690106302 -0.990544915 0.887820005 0.604629993
-0.721029699 1.42236543 -0.0212466493 -0.00235956092 -0.584217966 0.811593413 0.841260016 0.610840023
-0.725841939 1.44045103 -0.0196135752 -0.0520657375 0.318037063 0.946647525 0.831749976 0.613059998
-0.717232585 1.41016686 -0.0440962352 -0.0437801033 -0.967993438 0.247127488 0.854080021 0.608770013
-0.716400027 1.41236556 -0.0714176819 -0.11116527 -0.966288567 -0.232225388 0.866609991 0.607360005
-0.7127707 1.42343593 -0.0938796103 -0.123601712 -0.746378303 -0.653943419 0.874570012 0.602789998
-0.707688272 1.44083726 -0.104001053 -0.140392855 -0.00208326965 -0.990093648 0.885249972 0.59898001
-0.763435185 1.46688712 -0.0440666229 0.1727321 0.94232583 0.28668046 0.811100006 0.633440018
-0.765655577 1.4697932 -0.0626884848 0.0534441881 0.998192728 -0.027477188 0.801339984 0.632759988
-0.760480762 1.46691346 -0.086262919 0.125110134 0.918229818 -0.375767767 0.790960014 0.62737
-0.742671669 1.45610821 -0.0303552318 0.166127637 0.853458524 0.493973851 0.822470009 0.622959971
-0.728257716 1.45710647 -0.0337751135 -0.0625834018 0.87146765 0.486443788 0.821820021 0.614759982
-0.712738931 1.46044159 -0.0959835202 -0.126483575 0.831181586 -0.541423202 0.789709985 0.607060015
-0.722804844 1.46662211 -0.0640386939 -0.104337275 0.9945153 -0.00729146926 0.806609988 0.613359988
-0.681181848 1.4729507 -0.0678650662 -0.186128169 0.981995702 -0.0322625563 0.802940011 0.596899986
-0.666335583 1.46504188 -0.101314761 -0.196959406 0.763396442 -0.615169048 0.786530018 0.592899978
-0.737947047 1.45492005 -0.0998877287 0.0715659857 0.795608521 -0.601569176 0.786570013 0.615289986
-0.731998563 1.4380157 -0.105726466 0.118568182 -0.0690106302 -0.990544915 0.778230011 0.611810029
-0.7455374 1.4676497 -0.0635695606 0.0691668019 0.99731642 -0.0239989385 0.804809988 0.621420026
-0.707688272 1.44083726 -0.104001053 -0.140392855 -0.00208326965 -0.990093648 0.778720021 0.606670022
-0.677723587 1.42292047 -0.0231571104 -0.039623078 -0.579849005 0.813759804 0.840820014 0.593119979
-0.689612091 1.44587278 -0.0191814508 -0.0809021518 0.346733183 0.93446821 0.830550015 0.596449971
-0.678397834 1.4095881 -0.0473208614 -0.0721117631 -0.933392763 0.351536363 0.852569997 0.591210008
-0.674942255 1.40320969 -0.074097313 -0.154627889 -0.971673906 -0.178717792 0.865620017 0.589429975
-0.687830389 1.46458864 -0.0377614312 -0.150703028 0.855834961 0.494808018 0.818409979 0.597930014
-0.663594723 1.44383514 -0.113672473 -0.182924837 0.0796321183 -0.979896605 0.776440024 0.593659997
-0.664052963 1.41873169 -0.10514567 -0.187659219 -0.631695628 -0.752160072 0.879920006 0.587260008
-0.663594723 1.44383514 -0.113672473 -0.182924837 0.0796321183 -0.979896605 0.89023 0.591009974
-0.614003062 1.48856127 -0.0697344989 -0.201184049 0.976805866 -0.0733170509 0.795780003 0.568560004
-0.589293063 1.47734964 -0.111279026 -0.20028685 0.727614999 -0.656095624 0.776989996 0.565930009
-0.614434659 1.42552543 -0.0175709724 -0.064746879 -0.523360312 0.849648118 0.839680016 0.571370006
-0.618147194 1.45293963 -0.0146123432 -0.10115888 0.359672934 0.927578807 0.827960014 0.568350017
-0.605768621 1.40287316 -0.0450053476 -0.0978073105 -0.904313326 0.415513128 0.854740024 0.567960024
-0.592465401 1.39137828 -0.0853063315 -0.157492757 -0.959556043 -0.233341441 0.872910023 0.563530028
-0.616886318 1.47719419 -0.0353293158 -0.15723078 0.852944791 0.497758627 0.811119974 0.569630027
-0.572648704 1.4469856 -0.126928523 -0.164304256 0.114764161 -0.979710817 0.763979971 0.566039979
-0.572648704 1.4469856 -0.126928523 -0.164304256 0.114764161 -0.979710817 0.905369997 0.565079987
-0.570681512 1.41409075 -0.123061739 -0.161367834 -0.530761242 -0.832017362 0.890569985 0.559780002
-0.442438543 1.4616102 -0.13425906 -0.0563724935 0.236237586 -0.970058739 0.927250028 0.505379975
-0.4167642 1.45801353 -0.137070179 -0.16002202 0.229236543 -0.960126758 0.928759992 0.488929987
-0.415841699 1.41979659 -0.136366516 -0.233920917 -0.452554166 -0.860508919 0.912060022 0.487919986
-0.436777562 1.4261812 -0.130825922 -0.0748726577 -0.410235703 -0.908900857 0.911740005 0.499920011
-0.387539804 1.49332535 -0.097709842 -0.110127412 0.957216024 -0.267599046 0.777689993 0.472900033
-0.386067271 1.4997859 -0.0643122718 -0.052887857 0.969467402 0.239449337 0.793160021 0.47487998
-0.343864173 1.50031149 -0.0712020397 -0.0314793475 0.977697372 0.207646191 0.790610015 0.446940005
-0.345569611 1.49838531 -0.105866238 -0.152383983 0.949443579 -0.274473846 0.776160002 0.444970012
-0.430114895 1.49391711 -0.0616853572 -0.110098854 0.959162951 0.260547161 0.795029998 0.49691999
-0.424413294 1.49279428 -0.0951222554 -0.0952241346 0.962418854 -0.254327208 0.778379977 0.494320035
-0.380164474 1.41363204 -0.144027799 -0.179276064 -0.482108027 -0.857573211 0.912159979 0.469169974
-0.381989896 1.45503461 -0.143191829 -0.21262829 0.195096806 -0.957458317 0.929470003 0.467720032
-0.346439809 1.45912683 -0.154787213 -0.240716159 0.183191881 -0.953150749 0.929080009 0.443859994
-0.343333274 1.4179219 -0.146744877 -0.131538302 -0.457002074 -0.879685581 0.911759973 0.445309997
-0.381989896 1.45503461 -0.143191829 -0.21262829 0.195096806 -0.957458317 0.748809993 0.465849996
-0.3860493 1.47862756 -0.127143487 -0.179218233 0.755939186 -0.629632235 0.762799978 0.470340014
-0.347923219 1.48508811 -0.135162756 -0.256873429 0.742559731 -0.618563712 0.761829972 0.443979979
-0.346439809 1.45912683 -0.154787213 -0.240716159 0.183191881 -0.953150749 0.74673003 0.442250013
-0.4167642 1.45801353 -0.137070179 -0.16002202 0.229236543 -0.960126758 0.75116998 0.486259997
-0.420286298 1.4782418 -0.122406662 -0.0819100067 0.777348876 -0.623714149 0.764680028 0.491079986
-0.382448196 1.37520957 -0.101944655 -0.123762392 -0.927397668 -0.353010714 0.892059982 0.473819971
-0.33928749 1.37656736 -0.113548636 -0.0378934629 -0.908628404 -0.415882796 0.894659996 0.447070003
-0.42140919 1.38382065 -0.097346276 -0.211136729 -0.908461154 -0.360720873 0.890389979 0.494879961
-0.456182659 1.48628128 -0.0965922028 0.0608941913 0.980570674 -0.186475277 0.778689981 0.508270025
-0.468437403 1.49065042 -0.0673216879 0.0748386607 0.952428699 0.295429945 0.794990003 0.510140002
-0.443951935 1.47936857 -0.117629088 -0.0016047922 0.811593235 -0.584220588 0.76503998 0.50395
-0.442438543 1.4616102 -0.13425906 -0.0563724935 0.236237586 -0.970058739 0.751680017 0.502529979
-0.446005464 1.3874563 -0.0986620337 -0.0339345373 -0.919797838 -0.390922338 0.888329983 0.507600009
-0.539634645 1.49687648 -0.0438773856 -0.0998597965 0.896621764 0.431390226 0.803480029 0.538190007
-0.500948071 1.5021441 -0.0527264886 0.18289642 0.892647982 0.411981285 0.799000025 0.523570001
-0.48567009 1.49623358 -0.0924924985 0.178731233 0.973986626 -0.139302358 0.782199979 0.521340013
-0.526273549 1.50293159 -0.0844625011 -0.129899487 0.976674795 -0.170975104 0.787010014 0.536310017
-0.472700328 1.48546159 -0.116986975 0.135490224 0.779104412 -0.612077355 0.767120004 0.517560005
-0.464859366 1.46123278 -0.133968368 0.0571551286 0.194008499 -0.97933352 0.75395 0.514890015
-0.465115398 1.42030025 -0.129291937 0.0777209103 -0.429453731 -0.899738252 0.906750023 0.515919983
-0.464859366 1.46123278 -0.133968368 0.0571551286 0.194008499 -0.97933352 0.92422998 0.517400026
-0.502882957 1.45499206 -0.136634499 -0.0662070289 0.148985937 -0.986620367 0.918349981 0.53569001
-0.504766464 1.41389513 -0.132009596 -0.06601087 -0.446656704 -0.892266989 0.900240004 0.533819973
-0.502882957 1.45499206 -0.136634499 -0.0662070289 0.148985937 -0.986620367 0.754540026 0.534690022
-0.507937372 1.49047923 -0.121333346 -0.0969818532 0.716082633 -0.691245377 0.76928997 0.533590019
-0.483262539 1.38279629 -0.104880944 0.030875124 -0.90937835 -0.414822459 0.884989977 0.524240017
-0.529161215 1.38182116 -0.094447948 -0.0959103033 -0.947616041 -0.304672122 0.880720019 0.540899992
-0.4338274 1.4744519 -0.0200270861 -0.109367207 0.763777256 0.636146963 0.814480007 0.496029973
-0.483633399 1.46782863 -0.0256981291 0.0778563395 0.73179698 0.677061021 0.816179991 0.513440013
-0.379735589 1.47615111 -0.0173631292 -0.0567820668 0.786156714 0.61541307 0.813120008 0.475210011
-0.455400527 1.4471395 -0.00799983367 -0.128317997 0.32676205 0.936355174 0.827970028 0.502229989
-0.382534981 1.44971335 0.000383347156 -0.0888364911 0.358933359 0.929125905 0.826330006 0.479460001
-0.336106241 1.4792012 -0.0199065395 -0.0331945308 0.81372869 0.580296278 0.810790002 0.448830009
-0.327507764 1.4550482 0.00642680051 -0.0683070868 0.387637436 0.919277608 0.825370014 0.448500037
-0.389237344 1.42279601 0.00464027748 -0.0601356439 -0.224220037 0.972681284 0.837140024 0.484490037
-0.329502136 1.43362117 0.00314143999 0.0253541507 -0.215366006 0.976204157 0.834599972 0.450479984
-0.384730816 1.37184501 -0.0461773425 -0.0907156989 -0.971138477 0.22059159 0.866980016 0.478649974
-0.335497856 1.3720634 -0.0464466736 0.0241657719 -0.97073549 0.238932088 0.86747998 0.450410008
-0.328353405 1.39645922 -0.0121589657 0.0617583692 -0.641814232 0.764369369 0.849150002 0.450089991
-0.386957467 1.39376044 -0.0093222009 -0.0595938042 -0.708609641 0.703079641 0.851090014 0.481519997
-0.434034824 1.38271487 -0.0514276102 -0.180674389 -0.958238661 0.221665159 0.866530001 0.500880003
-0.466129154 1.41939592 -0.00457839854 -0.1638432 -0.260311514 0.951521635 0.839429975 0.506940007
-0.461789668 1.40240526 -0.0215114225 -0.166113719 -0.770301282 0.615664124 0.852519989 0.503539979
-0.483914435 1.38628268 -0.0581287369 -0.0711937845 -0.971078634 0.2278983 0.866159976 0.519429982
-0.521959066 1.46517944 -0.0118865296 0.111663163 0.50475949 0.856007755 0.822059989 0.529460013
-0.500480473 1.40664589 -0.0294560473 -0.157210216 -0.805075407 0.571960211 0.852469981 0.521019995
-0.508476734 1.42036462 -0.0142080849 -0.217938304 -0.343899399 0.913365364 0.842090011 0.522430003
-0.51985985 1.39052582 -0.0513432957 0.0101480559 -0.939519703 0.342344403 0.862540007 0.533450007
-0.515595138 1.40836763 -0.035545826 -0.0858993828 -0.762876213 0.640812993 0.853370011 0.528540015
-0.548160434 1.39340127 -0.045173768 -0.0608152263 -0.905117214 0.420790046 0.859830022 0.545229971
-0.541010022 1.4248085 -0.0185921546 0.0689186305 -0.426969588 0.901635885 0.840900004 0.538749993
-0.562582254 1.4246918 -0.0160592441 -0.0214231145 -0.479005396 0.877550483 0.840709984 0.549300015
-0.523769796 1.42018592 -0.0199502129 -0.0816873685 -0.464663625 0.881711304 0.842920005 0.53026998
-0.495012701 1.44989645 -0.0134921428 -0.095220983 0.265325665 0.959445238 0.828149974 0.516799986
-0.554752409 1.46054637 -0.0100139249 -0.0475940593 0.41840288 0.907013655 0.824450016 0.54302001
-0.507780015 1.45057654 -0.0134110469 0.0195779111 0.0268510729 0.999447763 0.827950001 0.522729993
-0.900211573 1.44210553 -0.0773151815 -0.268172204 -0.295725971 0.916858673 0.753709972 0.691330016
-0.890818775 1.4552058 -0.078420043 -0.134568706 0.596012414 0.791618824 0.753180027 0.683380008
-0.900185227 1.45585442 -0.0799767971 -0.155386552 0.669100702 0.726745665 0.750209987 0.685400009
-0.874744475 1.42932522 -0.109658159 -0.149652243 -0.939061463 0.30946362 0.923990011 0.643630028
-0.880074501 1.44038308 -0.102971129 -0.337724447 -0.373218983 0.864088953 0.923389971 0.650259972
-0.871016681 1.43085432 -0.121424034 0.172513977 -0.753999054 -0.633817196 0.923709989 0.637430012
-0.86925298 1.45280099 -0.100037351 -0.223417848 0.798398197 0.559146583 0.745670021 0.656180024
-0.8642717 1.45650315 -0.112280637 0.0748762786 0.975739598 -0.205732271 0.745540023 0.652109981
-0.875320554 1.45542109 -0.116093203 -0.016709771 0.980670929 -0.194949955 0.740930021 0.651950002
-0.880249739 1.45067334 -0.104181208 -0.322760969 0.655504167 0.682744205 0.740199983 0.65674001
-0.837590933 1.37879896 -0.00371466996 0.144095987 -0.900257587 -0.410819292 0.864459991 0.679310024
-0.824715197 1.38453293 0.00550798187 0.572210789 -0.694153309 0.436721772 0.855480015 0.675909996
-0.829367936 1.39639008 0.0120767923 0.379032433 0.301015139 0.875056744 0.847790003 0.679069996
-0.834901512 1.39447486 0.0165447835 0.292773515 0.401864737 0.86763382 0.848710001 0.682669997
-0.830107987 1.38128197 0.0100086331 0.718605161 -0.479304343 0.503859222 0.856159985 0.67979002
-0.905509174 1.46004117 -0.0647169352 0.0467552207 0.975775659 -0.213719159 0.769330025 0.701189995
-0.900274158 1.4615761 -0.063610971 0.0599888042 0.987238646 -0.147516802 0.771109998 0.698930025
-0.899539649 1.44929421 -0.0763059109 0.185979992 0.285857975 -0.940051436 0.763809979 0.694899976
-0.904953957 1.44888425 -0.0769177824 0.108568408 0.367233932 -0.923770666 0.762189984 0.698000014
-0.863460302 1.45545316 -0.0448361784 -0.315068752 0.636324883 0.704146445 0.788540006 0.689059973
-0.865842521 1.42877901 -0.0576509498 -0.147465527 -0.986985326 -0.0641395226 0.909879982 0.669139981
-0.858822405 1.43427718 -0.0677397698 -0.0339885615 -0.433486164 -0.900519073 0.911239982 0.663380027
-0.87144351 1.43490434 -0.0458745696 -0.266919911 -0.449545592 0.852445006 0.907580018 0.675490022
-0.893767536 1.45025086 -0.0740546137 0.109817177 0.257052451 -0.960137606 0.770489991 0.688369989
-0.894659936 1.46016288 -0.0632132068 -0.06536109 0.993639886 -0.0916932672 0.775319993 0.692179978
-0.901848793 1.45378196 -0.0515763573 -0.0468203127 0.521382391 0.852037728 0.775470018 0.703320026
-0.897530973 1.45363104 -0.0511656553 -0.15838176 0.432692707 0.887520254 0.779919982 0.696780026
-0.896542013 1.43337405 -0.0708533004 0.0881089419 -0.511280179 -0.854885578 0.760150015 0.689949989
-0.858822405 1.43427718 -0.0677397698 -0.0339885615 -0.433486164 -0.900519073 0.760969996 0.687070012
-0.904029369 1.43685746 -0.0733185187 0.0366378874 -0.656011224 -0.753861368 0.756720006 0.693359971
-0.900106192 1.43687904 -0.0496309586 -0.176479042 -0.426385194 0.887158751 0.782890022 0.704639971
-0.87144351 1.43490434 -0.0458745696 -0.266919911 -0.449545592 0.852445006 0.785099983 0.701610029
-0.900106192 1.43687904 -0.0496309586 -0.176479042 -0.426385194 0.887158751 0.913110018 0.678539991
-0.89890343 1.43012404 -0.0617243424 -0.0969511643 -0.993441105 0.0606239326 0.91486001 0.671920002
-0.908201039 1.4391005 -0.0508168414 -0.18883431 -0.450761348 0.872442365 0.78065002 0.709339976
-0.908201039 1.4391005 -0.0508168414 -0.18883431 -0.450761348 0.872442365 0.917959988 0.681680024
-0.905510068 1.43238747 -0.0620139837 -0.166001737 -0.983216047 0.0756937638 0.920319974 0.674470007
-0.896542013 1.43337405 -0.0708533004 0.0881089419 -0.511280179 -0.854885578 0.916679978 0.666999996
-0.904029369 1.43685746 -0.0733185187 0.0366378874 -0.656011224 -0.753861368 0.922619998 0.667959988
-0.896841347 1.46076691 -0.0276397038 0.0163501352 0.998731196 0.0476300158 0.800859988 0.705540001
-0.903474867 1.45989954 -0.0289667193 -0.104648143 0.994505227 0.00284081395 0.800289989 0.709219992
-0.903584659 1.45277452 -0.0180356801 -0.159241021 0.532944143 0.831031263 0.806299984 0.710309982
-0.89904356 1.45238435 -0.0176622514 -0.0922265574 0.434403211 0.89598453 0.806760013 0.707440019
-0.866813481 1.45074928 -0.0151065188 -0.0892603174 0.323076844 0.942153811 0.808679998 0.693319976
-0.865128934 1.43595517 -0.0165331364 -0.100083299 -0.523914754 0.845870376 0.815519989 0.696479976
-0.867147207 1.43087351 -0.0434981845 -0.202327088 -0.666326344 -0.717685819 0.785780013 0.701610029
-0.867147207 1.43087351 -0.0434981845 -0.202327088 -0.666326344 -0.717685819 0.906009972 0.676859975
-0.866824567 1.42855048 -0.0299757756 -0.154255897 -0.966442347 0.205412447 0.900099993 0.682299972
-0.865128934 1.43595517 -0.0165331364 -0.100083299 -0.523914754 0.845870376 0.895839989 0.687330008
-0.890636444 1.45347178 -0.0426146835 0.0202703867 0.449229777 -0.893186331 0.793649971 0.700020015
-0.898254514 1.45309424 -0.0422552191 0.0171185285 0.571005344 -0.820767879 0.793389976 0.706749976
-0.888974309 1.45907211 -0.0270875972 0.0125934221 0.995506406 0.0938521251 0.800800025 0.699000001
-0.891209245 1.4517616 -0.016630888 -0.0389731787 0.337112635 0.940657318 0.807500005 0.700150013
-0.896108091 1.43504679 -0.0427977182 -0.069272846 -0.488118351 -0.870024025 0.78599 0.705259979
-0.904684365 1.43808806 -0.0427204706 -0.0465890095 -0.521467268 -0.851998389 0.785359979 0.710359991
-0.895351231 1.4378469 -0.017131621 -0.0905865356 -0.574883461 0.813205481 0.814580023 0.703450024
-0.895351231 1.4378469 -0.017131621 -0.0905865356 -0.574883461 0.813205481 0.902050018 0.691349983
-0.897748291 1.42974377 -0.0305641424 -0.129844174 -0.983122885 0.128879309 0.905820012 0.685580015
-0.905705392 1.43989539 -0.0188331828 -0.150441617 -0.452965796 0.878743112 0.812510014 0.713140011
-0.905705392 1.43989539 -0.0188331828 -0.150441617 -0.452965796 0.878743112 0.909259975 0.695749998
-0.906116068 1.4323504 -0.0295264628 -0.133997262 -0.984122694 0.116392419 0.912609994 0.689710021
-0.896108091 1.43504679 -0.0427977182 -0.069272846 -0.488118351 -0.870024025 0.910489976 0.680410028
-0.904684365 1.43808806 -0.0427204706 -0.0465890095 -0.521467268 -0.851998389 0.916549981 0.683780015
-0.903027534 1.45229948 -0.0432054214 0.00991819613 0.576585352 -0.816976726 0.792680025 0.709550023
-0.92816788 1.44129944 -0.0433380827 0.0489099324 -0.488763571 -0.871044159 0.926230013 0.69066
-0.922316313 1.45262969 -0.0434872843 -0.0095835682 0.518932939 -0.854761243 0.79211998 0.717710018
-0.920670629 1.45679092 -0.0313061029 -0.0798176974 0.996651232 -0.0177646838 0.799179971 0.717850029
-0.922868788 1.4522959 -0.0218634997 -0.137219146 0.484024316 0.864228785 0.804929972 0.719120026
-0.926573634 1.44097733 -0.0203989223 -0.126027644 -0.45841682 0.879756212 0.81099999 0.720870018
-0.923869312 1.43923819 -0.0440455601 -0.0394323841 -0.576428056 -0.816195905 0.785229981 0.716440022
-0.926127195 1.43303919 -0.0310145281 -0.101612322 -0.991794646 0.0775785744 0.917620003 0.693560004
-0.923869312 1.43923819 -0.0440455601 -0.0394323841 -0.576428056 -0.816195905 0.921440005 0.687059999
-0.926573634 1.44097733 -0.0203989223 -0.126027644 -0.45841682 0.879756212 0.91395998 0.699109972
-0.908538401 1.45508301 -0.0517618395 -0.0912311748 0.570294201 0.816358566 0.773320019 0.705690026
-0.936161578 1.44412196 -0.0544302724 -0.0524540991 -0.413456261 0.909011841 0.9296 0.684509993
-0.927685738 1.45285702 -0.0789638907 0.0955517665 0.448410481 -0.88870573 0.757290006 0.70460999
-0.9289819 1.46071649 -0.065709807 0.0519208498 0.986129522 -0.157647103 0.763719976 0.709100008
-0.927931547 1.43915045 -0.0768914521 -0.0086415112 -0.646935105 -0.762496173 0.752390027 0.69927001
-0.930332899 1.45579886 -0.0552209802 -0.0857579336 0.558946371 0.824757278 0.76898998 0.712979972
-0.930582047 1.44238353 -0.0542895682 -0.183151528 -0.414177775 0.891578555 0.775129974 0.716480017
-0.930582047 1.44238353 -0.0542895682 -0.183151528 -0.414177775 0.891578555 0.923759997 0.682770014
-0.929888964 1.43444109 -0.0641012341 -0.148373738 -0.983079731 0.107422419 0.925859988 0.676540017
-0.927931547 1.43915045 -0.0768914521 -0.0086415112 -0.646935105 -0.762496173 0.927139997 0.669589996
-0.924589515 1.4424926 -0.106829509 0.090622507 -0.660288393 -0.745524466 0.933409989 0.651350021
-0.931298435 1.43750441 -0.0950212851 -0.0790003091 -0.985984623 0.146945983 0.933409989 0.658590019
-0.930799067 1.44617057 -0.0845165327 -0.228635877 -0.416989118 0.879684985 0.934189975 0.66573
-0.894435585 1.44912183 -0.103345267 0.221204564 0.190792754 -0.956382096 0.743179977 0.673160017
-0.91744411 1.45171475 -0.108112372 0.208759144 0.203291953 -0.956604362 0.737680018 0.67553997
-0.917490184 1.46124184 -0.0969464928 0.0666018128 0.97389859 -0.216992155 0.739979982 0.683009982
-0.897643805 1.46126413 -0.0926480442 0.0797088221 0.96876812 -0.234808132 0.747749984 0.679229975
-0.920963347 1.45489228 -0.0846935064 -0.165214583 0.616320729 0.769969404 0.743839979 0.689209998
-0.923327148 1.44496453 -0.0826215222 -0.280803204 -0.352336526 0.892753303 0.746550024 0.694329977
-0.892387927 1.43592954 -0.0968989953 0.0549017601 -0.7093485 -0.702716529 0.740100026 0.667050004
-0.920198798 1.44119966 -0.104414061 0.0520431511 -0.694078207 -0.718015969 0.73556 0.669430017
-0.92368716 1.43478608 -0.0929468647 -0.206609696 -0.970134616 0.127087608 0.928550005 0.658410013
-0.920198798 1.44119966 -0.104414061 0.0520431511 -0.694078207 -0.718015969 0.928860009 0.651380002
-0.892387927 1.43592954 -0.0968989953 0.0549017601 -0.7093485 -0.702716529 0.92404002 0.651419997
-0.898354411 1.43067598 -0.0864279419 -0.191201434 -0.972388208 0.133803278 0.923319995 0.658060014
-0.923327148 1.44496453 -0.0826215222 -0.280803204 -0.352336526 0.892753303 0.928520024 0.666130006
-0.900211573 1.44210553 -0.0773151815 -0.268172204 -0.295725971 0.916858673 0.921959996 0.666419983
-0.884969294 1.44880867 -0.100537106 0.223196208 0.384887189 -0.895569861 0.74594003 0.67177999
-0.888604701 1.46108413 -0.0901740938 0.111237049 0.971001506 -0.211618483 0.751030028 0.677479982
-0.854605138 1.46006036 -0.0705813468 -0.311117589 0.723065078 0.61675179 0.769460022 0.677070022
-0.857727468 1.43253613 -0.0690581053 -0.389905512 -0.36568743 0.84513098 0.759190023 0.687619984
-0.857727468 1.43253613 -0.0690581053 -0.389905512 -0.36568743 0.84513098 0.911840022 0.662509978
-0.86131084 1.4263047 -0.0783694312 -0.227319241 -0.973786116 0.00815720763 0.913389981 0.655250013
-0.880680203 1.44850779 -0.0994433016 0.184006333 0.182908565 -0.965756774 0.751999974 0.668489993
-0.880426705 1.46025312 -0.0883416757 0.0183489174 0.950092793 -0.311427474 0.757539988 0.673669994
-0.887266159 1.43540299 -0.0970699415 0.0805261508 -0.624444902 -0.776906729 0.74605 0.664650023
-0.854708314 1.43128145 -0.0910806134 -0.0218801368 -0.653312087 -0.756772518 0.746110022 0.663810015
-0.892119348 1.43036568 -0.08489272 -0.170280144 -0.979787529 0.104981109 0.917819977 0.656939983
-0.887266159 1.43540299 -0.0970699415 0.0805261508 -0.624444902 -0.776906729 0.918770015 0.650860012
-0.883166552 1.45520175 -0.0761043131 -0.195767686 0.41662094 0.887751102 0.760590017 0.679139972
-0.889996231 1.43788528 -0.0755245835 -0.242907643 -0.26680094 0.932637691 0.757340014 0.688709974
-0.889996231 1.43788528 -0.0755245835 -0.242907643 -0.26680094 0.932637691 0.916469991 0.664229989
-0.861106873 1.44693935 -0.123399496 0.299597323 0.419912159 -0.856688499 0.745620012 0.646070004
-0.872600555 1.44704723 -0.12669304 0.28173393 0.258167326 -0.924108028 0.741540015 0.64625001
-0.864830673 1.43203974 -0.119160809 0.114118613 -0.706763029 -0.698185384 0.744989991 0.638599992
-0.871016681 1.43085432 -0.121424034 0.172513977 -0.753999054 -0.633817196 0.740689993 0.637669981
-0.880074501 1.44038308 -0.102971129 -0.337724447 -0.373218983 0.864088953 0.737789989 0.662020028
-0.871078014 1.44188857 -0.0993592888 -0.360473663 -0.355362803 0.862424433 0.742789984 0.661970019
-0.845989227 1.45404172 -0.0930142924 -0.372675896 0.831622362 0.411724299 0.756680012 0.658370018
-0.867497325 1.43067229 -0.107577391 -0.246903002 -0.939244628 0.238450095 0.91952002 0.643260002
-0.864830673 1.43203974 -0.119160809 0.114118613 -0.706763029 -0.698185384 0.920960009 0.637530029
-0.871078014 1.44188857 -0.0993592888 -0.360473663 -0.355362803 0.862424433 0.918889999 0.649649978
-0.852264166 1.43248761 -0.092928566 -0.511862755 -0.717625201 0.472240061 0.745190024 0.663259983
-0.837063193 1.45578134 -0.103614137 -0.0724101067 0.853702366 -0.515702486 0.755909979 0.652540028
-0.847568333 1.44486594 -0.118694283 0.277275264 0.245170832 -0.928983152 0.748880029 0.646030009
-0.849048674 1.45579112 -0.107005388 0.137137622 0.944147408 -0.299631327 0.750029981 0.652440012
-0.85556829 1.45136106 -0.0951849595 -0.240476876 0.513127565 0.823936224 0.749130011 0.657199979
-0.836953163 1.40392768 0.0043457672 -0.286399454 0.88735795 0.361346364 0.841050029 0.682169974
-0.845231235 1.4008981 0.00656862324 -0.389222205 0.847497702 0.360906869 0.841719985 0.687030017
-0.847381592 1.39775431 -0.00261838734 -0.72545284 0.555609822 -0.40622142 0.837100029 0.687940001
-0.801480412 1.39318168 -0.00950819161 0.455304801 -0.776650727 0.43532896 0.853120029 0.661310017
-0.80750525 1.38785672 -0.0342386961 -0.0632943884 -0.936349034 -0.345317811 0.866890013 0.660380006
-0.829556108 1.40686059 -0.0204487555 -0.923990369 -0.0508810394 0.379015476 0.830150008 0.681710005
-0.805940211 1.40862119 0.00277928705 0.296015918 -0.0154184327 0.955058575 0.843020022 0.664380014
-0.828487992 1.39767027 -0.0288644731 -0.58332938 -0.625579298 -0.518051565 0.876779974 0.668470025
-0.829556108 1.40686059 -0.0204487555 -0.923990369 -0.0508810394 0.379015476 0.879109979 0.673510015
-0.825623274 1.41226602 -0.00209722016 -0.453473151 0.766915262 0.45409587 0.836910009 0.674390018
-0.81743598 1.40241778 0.00544722844 0.292291671 0.150994316 0.944333792 0.845319986 0.671389997
-0.836315751 1.40215802 -0.01184553 -0.755431831 0.576814115 -0.310818642 0.83375001 0.682990015
-0.81243968 1.38966715 -0.00246806489 0.496000588 -0.764211297 0.412267387 0.854290009 0.668169975
-0.823477209 1.3833369 -0.0165778454 0.0283170436 -0.965637624 -0.258345187 0.865480006 0.669350028
-0.83553195 1.39215636 -0.0168144889 -0.632855058 -0.351738125 -0.689764261 0.872609973 0.674080014
-0.836315751 1.40215802 -0.01184553 -0.755431831 0.576814115 -0.310818642 0.877510011 0.677110016
-0.926594317 1.4570123 -0.0310529079 0.0443543158 0.998218894 0.0398978777 0.798179984 0.723209977
-0.931656837 1.45715797 -0.0315121748 -0.0717991814 0.996887505 0.0325615816 0.797749996 0.725560009
-0.933023453 1.4527787 -0.0217366926 -0.0970801562 0.413113087 0.905490577 0.803080022 0.725679994
-0.927530408 1.45282209 -0.0217595212 -0.0151195647 0.621171772 0.783528566 0.80339998 0.724529982
-0.954087913 1.43641293 -0.0335964449 -0.670446992 -0.741926074 -0.0068224892 0.79400003 0.744270027
-0.958773792 1.44844306 -0.0343159027 -0.995179355 -0.0726551488 -0.065874055 0.794749975 0.739250004
-0.955862463 1.44794035 -0.0421962999 -0.695569158 -0.103627637 -0.7109465 0.790449977 0.737720013
-0.952508628 1.43874609 -0.0414437577 -0.519251287 -0.519165576 -0.678855836 0.788230002 0.740100026
-0.940223694 1.45225573 -0.0243531913 -0.13421151 0.934426427 0.329900682 0.801259995 0.73032999
-0.939005077 1.45502424 -0.0323081277 -0.119996943 0.990500867 0.0671478286 0.797150016 0.728890002
-0.931453049 1.44071484 -0.0214861818 -0.0271851607 -0.491020143 0.870723963 0.809069991 0.727930009
-0.945592105 1.45066965 -0.0219559837 -0.181137308 0.0710704327 0.980886519 0.802919984 0.733699977
-0.944772065 1.43791413 -0.0227593966 -0.11985179 -0.558123648 0.821056306 0.806829989 0.736899972
-0.945939302 1.45255685 -0.0243006628 -0.122463919 0.901047111 0.416073084 0.800650001 0.732959986
-0.946760356 1.45467234 -0.0331647024 -0.0726371184 0.994790912 0.0715172589 0.796500027 0.732320011
-0.92816788 1.44129944 -0.0433380827 0.0489099324 -0.488763571 -0.871044159 0.785220027 0.723280013
-0.925445855 1.45305741 -0.042714458 -0.00632299297 0.724787414 -0.688943446 0.791729987 0.722500026
-0.931865573 1.45333314 -0.043042291 0.0731442273 0.428673536 -0.900493681 0.791589975 0.724240005
-0.942838132 1.43806303 -0.0438890681 0.0447443612 -0.561155379 -0.826500177 0.784139991 0.733460009
-0.946483612 1.45089698 -0.0456003323 -0.062829636 0.0751814768 -0.995188475 0.789349973 0.732829988
-0.938992262 1.45451331 -0.041120749 -0.0716125816 0.949939013 -0.304117739 0.792659998 0.728659987
-0.946982265 1.45325625 -0.0421328954 -0.110011287 0.918312311 -0.380263269 0.792029977 0.732460022
-0.953471482 1.45283902 -0.0415660031 -0.396961033 0.808317363 -0.434792966 0.792360008 0.735360026
-0.955894828 1.45434892 -0.0338618644 -0.468361795 0.883318782 0.0196275152 0.795549989 0.736190021
-0.956586659 1.44833839 -0.0265604351 -0.770559072 -0.0350420102 0.636404574 0.79964 0.738810003
-0.954047382 1.44035912 -0.0257938709 -0.608916998 -0.417719007 0.674337268 0.800679982 0.741419971
-0.954220414 1.45166457 -0.025980331 -0.388802856 0.792322814 0.470166832 0.798979998 0.736739993
-0.954053402 1.45150769 -0.0561108142 -0.232752591 0.108528614 0.96646148 0.75948 0.72566998
-0.95134306 1.44019866 -0.0559863225 -0.119314842 -0.527161896 0.841346622 0.762009978 0.729690015
-0.936161578 1.44412196 -0.0544302724 -0.0524540991 -0.413456261 0.909011841 0.76918 0.722079992
-0.939939618 1.45704246 -0.0559603348 -0.112502508 0.423115134 0.899064481 0.763419986 0.718689978
-0.964605033 1.4505142 -0.0676735342 -0.993968487 0.0161082894 -0.108476236 0.751649976 0.724659979
-0.960368633 1.43926454 -0.0680580288 -0.632600784 -0.772580683 -0.0541780107 0.747759998 0.728659987
-0.960886061 1.44151592 -0.0604799651 -0.643961608 -0.48548919 0.591281354 0.754100025 0.730350018
-0.96360594 1.449646 -0.0612729527 -0.816462636 -0.0571731664 0.574560761 0.754450023 0.727569997
-0.953808486 1.45229828 -0.0790018886 -0.114840321 0.0482342094 -0.992212236 0.749350011 0.717429996
-0.948214531 1.44016075 -0.0785051212 -0.00819968339 -0.56850189 -0.822641075 0.744690001 0.714339972
-0.958990932 1.44115806 -0.0759367123 -0.497834176 -0.525057614 -0.690272093 0.744989991 0.722530007
-0.962857544 1.44818294 -0.0746706501 -0.774354815 -0.0915053114 -0.626100123 0.747600019 0.722609997
-0.937758446 1.45397353 -0.0788293183 0.0626623333 0.28194353 -0.957382441 0.753859997 0.710500002
-0.943380475 1.45626533 -0.0761308447 -0.0994559377 0.898449183 -0.427665114 0.754270017 0.713769972
-0.943862617 1.45818722 -0.0671691373 -0.171488956 0.983393431 -0.0594040528 0.757730007 0.716780007
-0.939276338 1.46057189 -0.0662220195 -0.0551979318 0.994903266 -0.0843834206 0.759339988 0.715170026
-0.933238029 1.45340526 -0.0786227137 0.0159441177 0.574953973 -0.818030357 0.754710019 0.709020019
-0.934596598 1.46006787 -0.0659124032 0.0451326147 0.991485476 -0.122146167 0.760510027 0.713530004
-0.933505177 1.44099998 -0.0769256875 0.00795759261 -0.59931165 -0.800476253 0.749090016 0.705579996
-0.953946829 1.45401537 -0.0769015402 -0.168609455 0.868238211 -0.466619015 0.75116998 0.71845001
-0.956125379 1.45694077 -0.0680678561 -0.152834803 0.986912429 -0.0514348261 0.754670024 0.72070998
-0.959134102 1.45346069 -0.0762406662 -0.503888965 0.693271995 -0.515237749 0.750370026 0.720640004
-0.961601317 1.45565391 -0.0670521855 -0.564262688 0.822541416 -0.0709443912 0.753409982 0.72319001
-0.961134553 1.45452404 -0.0609513894 -0.490784556 0.723008752 0.486198455 0.755400002 0.725310028
-0.95500344 1.45452094 -0.0590557382 -0.226551041 0.865462601 0.446821123 0.75861001 0.723559976
-0.935400963 1.45626342 -0.0555388071 -0.00642588735 0.627963305 0.778216422 0.76503998 0.717019975
-0.945498705 1.456025 -0.0582520515 -0.23684217 0.90704596 0.348099798 0.761120021 0.720359981
-0.955196083 1.45183682 -0.0945054218 -0.949623704 0.0528809875 0.308898866 0.726530015 0.692879975
-0.955094218 1.45334518 -0.102591753 -0.962892592 0.0325559974 -0.267914176 0.723959982 0.689559996
-0.952704072 1.44252956 -0.100881785 -0.774513423 -0.610424042 -0.165865362 0.720420003 0.690880001
-0.954408348 1.44468081 -0.094155319 -0.850254178 -0.421298563 0.315555573 0.724439979 0.695249975
-0.950903773 1.4508363 -0.109429345 -0.624143541 -0.148644596 -0.767039597 0.723879993 0.685299993
-0.943949163 1.45279336 -0.111725658 0.0307081286 -0.0325089097 -0.998999596 0.725939989 0.682579994
-0.943579257 1.44154572 -0.108852588 0.0104900869 -0.683651268 -0.729733527 0.722360015 0.679409981
-0.950791359 1.44428658 -0.106689133 -0.611708283 -0.482759953 -0.626702368 0.720780015 0.685400009
-0.924589515 1.4424926 -0.106829509 0.090622507 -0.660288393 -0.745524466 0.730989993 0.673080027
-0.922725379 1.45254815 -0.108662143 0.189924151 0.478075176 -0.857538939 0.73398 0.677739978
-0.922919393 1.46119738 -0.0979077891 0.069091633 0.989638567 -0.125865147 0.736999989 0.684350014
-0.928286195 1.45323813 -0.109502964 0.145008475 0.168429375 -0.974989295 0.73247999 0.678650022
-0.935007989 1.45701456 -0.107100114 0.029913418 0.843317628 -0.536582291 0.731729984 0.682110012
-0.945190489 1.45553708 -0.109686486 -0.0649032071 0.829135835 -0.555266917 0.727159977 0.684050024
-0.935600162 1.45962596 -0.0998531356 -0.0847167745 0.994165361 -0.0667708889 0.733439982 0.685720026
-0.928701937 1.46139264 -0.0987928733 0.0246341452 0.995784163 -0.0883575082 0.735679984 0.684949994
-0.946799695 1.45799828 -0.10157378 -0.144008309 0.988392413 -0.0483933426 0.729759991 0.687650025
-0.931250691 1.45545316 -0.0861611664 -0.183656022 0.562328994 0.806260765 0.737770021 0.691810012
-0.925570607 1.45550859 -0.0852818266 -0.0943644494 0.706941009 0.700949132 0.739639997 0.690999985
-0.937399745 1.45806396 -0.091223374 -0.188871011 0.889773071 0.415489674 0.734809995 0.690129995
-0.949354827 1.45209849 -0.0897882506 -0.349849194 0.276985198 0.89492166 0.729960024 0.694700003
-0.948868752 1.44413984 -0.088565059 -0.288727671 -0.478076339 0.829505444 0.729830027 0.69788003
-0.930799067 1.44617057 -0.0845165327 -0.228635877 -0.416989118 0.879684985 0.739799976 0.696139991
-0.949195087 1.45558512 -0.0928042084 -0.254539073 0.860666752 0.440979302 0.730000019 0.692070007
-0.953680754 1.45587933 -0.0947617292 -0.516243815 0.800568044 0.304274827 0.727869987 0.691829979
-0.952990234 1.45683742 -0.103045553 -0.515758455 0.834939003 -0.192016348 0.726549983 0.688380003
-0.949480951 1.45489192 -0.109300055 -0.400110781 0.688802361 -0.604535222 0.725740016 0.685239971
-0.918652833 1.45228219 -0.128820166 -0.871437967 0.325120091 -0.367277682 0.721859992 0.648639977
-0.913978636 1.45024383 -0.135799095 -0.549840748 0.171602324 -0.817452013 0.723580003 0.645550013
-0.916690707 1.44116116 -0.133935571 -0.640284598 -0.315120012 -0.700524807 0.720200002 0.64309001
-0.920379102 1.44093049 -0.127336293 -0.90239054 -0.356007904 -0.242796034 0.717050016 0.648500025
-0.912817061 1.45148313 -0.117229186 -0.413862348 0.320237786 0.852153599 0.724609971 0.654640019
-0.919091344 1.45211709 -0.122795902 -0.858076334 0.347517937 0.378069192 0.721520007 0.652239978
-0.920656264 1.44333506 -0.121930085 -0.90060997 -0.0752809867 0.428059012 0.718640029 0.653550029
-0.915078044 1.44096041 -0.116162024 -0.45953986 -0.322442561 0.827558935 0.72240001 0.658760011
-0.888711214 1.44791317 -0.131621152 0.311451733 0.239969552 -0.919463098 0.737169981 0.645349979
-0.891218603 1.45386696 -0.119754314 0.0406644568 0.992569566 -0.114682235 0.736559987 0.651520014
-0.896250606 1.4349196 -0.131452903 0.10913571 -0.733337224 -0.671048403 0.735130012 0.638069987
-0.907601118 1.44872451 -0.136628866 0.141122699 0.0160272736 -0.989862382 0.726320028 0.643239975
-0.893206477 1.44867826 -0.133477628 0.298716247 0.277158946 -0.913209438 0.735480011 0.645009995
-0.910065949 1.43838465 -0.135427058 -0.0440724716 -0.639843225 -0.767240644 0.724839985 0.639230013
-0.899810135 1.45222878 -0.129909858 0.163030684 0.903945863 -0.395351499 0.73082 0.647180021
-0.900652349 1.45354104 -0.122957133 0.0274431668 0.997589469 -0.0637354329 0.730669975 0.650740027
-0.896725118 1.45524609 -0.120907284 0.103035651 0.994115055 -0.0334525555 0.734910011 0.651359975
-0.907412648 1.45264995 -0.13414596 0.198881164 0.863482714 -0.463512659 0.727230012 0.645959973
-0.909701526 1.4540484 -0.126360789 0.134423107 0.990896225 0.0074204565 0.727270007 0.65000999
-0.899953663 1.45127618 -0.112664171 -0.266137272 0.484801352 0.83314985 0.733959973 0.655789971
-0.899871886 1.44053698 -0.110505566 -0.347123235 -0.398705691 0.84884572 0.731939971 0.661140025
-0.894750178 1.45016658 -0.110222049 -0.28452152 0.610114276 0.739464641 0.736100018 0.656109989
-0.903164804 1.45238841 -0.116929688 -0.104880445 0.958003521 0.266888291 0.72973001 0.653949976
-0.912363112 1.45327485 -0.12000446 -0.050667882 0.94539839 0.321954608 0.725530028 0.653119981
-0.915676832 1.45511138 -0.122592658 -0.211046636 0.946566701 0.243866459 0.724120021 0.651799977
-0.914859772 1.45499372 -0.128237322 -0.219224855 0.958562851 -0.181927428 0.724319994 0.649410009
-0.911421895 1.45402753 -0.134740755 -0.0724136308 0.862780333 -0.500366211 0.725610018 0.646380007
-0.860146821 1.37101197 0.0322651416 -0.651018381 -0.545791447 0.527528882 0.857360005 0.700779974
-0.85324204 1.36543453 0.0315860063 -0.108321786 -0.898300707 0.425819486 0.859830022 0.697080016
-0.83638227 1.3755095 0.0140596926 0.733261704 -0.649663746 0.200659588 0.857640028 0.684409976
-0.84279716 1.38902438 0.0202907752 0.284330666 0.407195061 0.8679564 0.85048002 0.687550008
-0.846055508 1.36661756 0.0268112123 0.643356264 -0.752504706 0.140817344 0.859089971 0.692390025
-0.84260124 1.37737787 0.0227105096 0.713523984 0.169961631 0.679703295 0.855319977 0.688690007
-0.847031474 1.3845619 0.0223611072 0.459034503 0.465194881 0.756889105 0.851379991 0.690270007
-0.847250521 1.37029874 0.0299891736 0.699922025 0.126250207 0.702972412 0.857360005 0.693050027
-0.854155004 1.37755752 0.0316236764 0.446468055 0.479353517 0.755570352 0.853579998 0.695349991
-0.851944864 1.39346123 0.0131776556 -0.619612515 0.74935925 0.233540237 0.844560027 0.691799998
-0.854207993 1.39107621 0.00130543392 -0.83827126 0.350347161 -0.417801589 0.83890003 0.694400012
-0.863239586 1.37887406 0.0111588165 -0.900830865 0.207601041 -0.381320834 0.846319973 0.70393002
-0.860671163 1.38413537 0.0259710345 -0.731241107 0.668162465 0.13727887 0.849860013 0.700460017
-0.851899862 1.38765311 0.0216852818 0.0735849962 0.751928568 0.655124962 0.849150002 0.692889988
-0.858551919 1.38277495 0.0289270058 0.0596511737 0.728286445 0.682671547 0.851029992 0.697820008
-0.863738239 1.37721026 0.0303846281 -0.94954741 0.124359645 0.287913948 0.853129983 0.702120006
-0.861278415 1.37885571 0.0321862176 -0.320632696 0.472201735 0.821109176 0.853330016 0.700119972
-0.857668221 1.37458384 0.0351344496 0.0270741042 0.150504842 0.988238454 0.855449975 0.698260009
-0.851006687 1.36787462 0.0340459608 0.356340587 -0.153258294 0.921701252 0.857559979 0.69551003
0.950530529 1.44413948 -0.107343592 0.610957682 -0.469325334 -0.637545705 0.946179986 0.654690027
0.952450871 1.4422605 -0.101577118 0.774372756 -0.606669605 -0.179718822 0.946049988 0.658200026
0.946391582 1.43706203 -0.099330239 0.130625576 -0.987850428 0.0841925442 0.942030013 0.658460021
0.943315923 1.44144404 -0.109555289 -0.0113528818 -0.668070436 -0.744011402 0.942340016 0.652809978
0.948631167 1.4436096 -0.0892242342 0.289838672 -0.495470554 0.818842232 0.942770004 0.664420009
0.954163432 1.44426918 -0.0948088691 0.850704551 -0.427758187 0.30549103 0.94630003 0.662109971
0.951387763 1.43902934 -0.0567592233 0.120445408 -0.544806778 0.829866588 0.937759995 0.685500026
0.952244878 1.43398821 -0.0678706989 0.0675982237 -0.997543752 0.018357981 0.93937999 0.679709971
0.960398018 1.43835187 -0.0688594878 0.632613778 -0.771178782 -0.071296066 0.943910003 0.680450022
0.960924864 1.4404428 -0.0612361878 0.644766688 -0.497788161 0.58007139 0.943279982 0.684620023
0.948230505 1.43946707 -0.0792697817 0.00720765907 -0.550983071 -0.834485352 0.939559996 0.673139989
0.959010065 1.44041145 -0.0766946152 0.497003615 -0.510273755 -0.701860487 0.944580019 0.67614001
0.936603308 1.43518877 -0.0661677718 0.000601519307 -0.998122454 0.0612490177 0.931469977 0.67859
0.933523059 1.44027078 -0.0776541904 -0.00891820528 -0.5822559 -0.812956631 0.932169974 0.671169996
0.952603102 1.43713439 -0.0418407768 0.519251585 -0.504703343 -0.68967551 0.93550998 0.700800002
0.954182386 1.43463588 -0.0340445302 0.670447826 -0.741615117 -0.0225088075 0.933109999 0.704580009
0.945720196 1.43064404 -0.0339078829 0.0315928198 -0.998856187 -0.0358925611 0.929560006 0.701690018
0.942932665 1.43650305 -0.044299975 -0.0447452664 -0.543559968 -0.838176727 0.932500005 0.696430027
0.954141915 1.43841624 -0.0261602923 0.608920515 -0.431883514 0.665351391 0.930369973 0.708429992
0.944866598 1.4359076 -0.0231781714 0.119851232 -0.575355768 0.809074342 0.925580025 0.706030011
0.931547582 1.43868089 -0.0218460467 0.0271840598 -0.509316444 0.860149801 0.91911 0.702090025
0.930153012 1.43269682 -0.0319084786 -0.040795207 -0.9987939 -0.0273207445 0.922540009 0.697380006
0.915150762 1.43387687 -0.124263667 0.34166187 -0.935884297 0.0859521255 0.935940027 0.644020021
0.899465621 1.43208539 -0.119839668 0.191575289 -0.964251697 0.183077857 0.927600026 0.643859982
0.896168172 1.43521094 -0.131867975 -0.109916225 -0.71900636 -0.686256588 0.927709997 0.637250006
0.909978151 1.43876123 -0.135785639 0.0431580469 -0.623483002 -0.780644834 0.93629998 0.637419999
0.916604578 1.44150651 -0.134244233 0.639424324 -0.300159454 -0.70784229 0.939830005 0.63944
0.920301318 1.44113672 -0.127656043 0.902115107 -0.350679219 -0.251420796 0.940439999 0.643670022
0.915014625 1.44092965 -0.116476864 0.46063754 -0.339807063 0.819966018 0.936200023 0.648899972
0.899815738 1.44038498 -0.110811219 0.348251402 -0.416515768 0.839783013 0.927940011 0.650059998
0.920585155 1.44342673 -0.122200564 0.901168525 -0.0841852948 0.425215542 0.940339983 0.646939993
0.857966065 1.3685174 0.00901208539 0.505486667 -0.495959282 -0.706050694 0.866659999 0.696910024
0.861788452 1.37761188 0.00907519553 0.861633301 0.260051221 -0.435845762 0.868709981 0.699140012
0.865317464 1.37179863 0.0185939111 0.99019289 -0.0173610505 -0.138623863 0.859089971 0.705799997
0.862014532 1.36544275 0.0194867048 0.748248637 -0.65240258 -0.120394327 0.861150026 0.701770008
0.856423795 1.36169004 0.0193053763 0.258100122 -0.962733328 -0.080801338 0.86352998 0.697160006
0.850542426 1.36268365 0.0129010817 -0.211830005 -0.899923682 -0.381136745 0.863610029 0.693379998
0.8472206 1.37980008 -0.00326498062 0.44976002 -0.331575215 -0.829321265 0.86917001 0.68562001
0.842912197 1.384956 -0.00721532665 0.579076827 -0.244479984 -0.777752817 0.870500028 0.680899978
0.845544338 1.39610302 -0.00193901767 0.721773088 0.574247062 -0.386372656 0.87695998 0.683200002
0.851789236 1.3901037 0.000981934019 0.804139018 0.392914295 -0.446070462 0.87462002 0.688390017
0.839788735 1.37285209 -0.000330978219 -0.249047875 -0.81691438 -0.520217299 0.86473 0.683430016
0.867074728 1.45660698 -0.0259127989 0.104614958 0.975693583 0.192555681 0.801270008 0.692399979
0.864280939 1.45322537 -0.0410410762 0.21131663 0.783477366 -0.584387422 0.791760027 0.690649986
0.848668218 1.46036315 -0.0362847447 0.295515686 0.951419413 0.08643841 0.797089994 0.679709971
0.846401513 1.4596374 -0.0231352523 -0.00353209302 0.891544402 0.452919424 0.804700017 0.679409981
0.837035716 1.41433668 -0.0188176725 0.565032065 -0.414946705 0.713132501 0.826219976 0.683210015
0.848026931 1.42938149 -0.017507514 0.299177974 -0.445042729 0.844055295 0.822610021 0.686070025
0.846645236 1.45066524 -0.0119858896 0.0578107536 0.366613775 0.928575337 0.812640011 0.680689991
0.830497622 1.44245219 -0.00797615014 0.166650072 0.32230407 0.931851745 0.819999993 0.673330009
0.789930165 1.43692315 -0.00641818671 -0.148959115 0.329394728 0.9323681 0.829999983 0.651719987
0.815277815 1.42542589 -0.00308297505 0.120598488 0.213006333 0.969579458 0.83118999 0.667580009
0.806708634 1.45443535 -0.0155412788 0.020463042 0.698671162 0.715150297 0.81704998 0.657249987
0.83526516 1.46237397 -0.0330616087 0.0298192706 0.917719066 0.396109164 0.801569998 0.671739995
0.841353893 1.46947432 -0.0544560552 0.128419399 0.986633539 0.100312501 0.787039995 0.672150016
0.860237956 1.4617331 -0.0554510877 0.229321018 0.973056436 -0.0239401553 0.780560017 0.683960021
0.855191648 1.45773876 -0.0691057816 0.107977107 0.540540516 -0.834360182 0.771130025 0.678420007
0.841155052 1.46630096 -0.0665245801 0.331365824 0.908643484 -0.254093885 0.779139996 0.669939995
0.849734962 1.45993662 -0.0822941214 0.110713698 0.917905986 -0.381039411 0.763549984 0.66970998
0.843590081 1.45267892 -0.0919623747 0.0316773318 0.520769954 -0.853109062 0.75880003 0.661679983
0.830158889 1.46054399 -0.088467218 0.325955868 0.769044876 -0.549838781 0.766420007 0.656899989
0.831743598 1.46690726 -0.0822403058 0.221266598 0.921276808 -0.319828242 0.772539973 0.660920024
0.82039547 1.4660635 -0.0877585262 0.0348482691 0.969100177 -0.244193316 0.773999989 0.654429972
0.8277812 1.46076167 -0.0927305073 0.236386448 0.896724582 -0.374174565 0.766550004 0.653599977
0.844163239 1.46568489 -0.0447155051 0.147586554 0.943647802 0.296221286 0.792699993 0.675400019
0.83131361 1.41814613 -0.091072537 0.338333845 -0.939650714 -0.0508584864 0.908110023 0.64297998
0.853865087 1.43216026 -0.0949022919 0.500208497 -0.656838179 0.564229786 0.913389981 0.645929992
0.853391767 1.43053126 -0.0905794129 0.0736502856 -0.674943924 -0.734184146 0.915279984 0.649110019
0.830275178 1.41782594 -0.0830778405 0.158044145 -0.979787886 -0.122629479 0.904600024 0.646080017
0.819311798 1.41806793 -0.0890979245 0.101441912 -0.994328558 -0.0319423564 0.902390003 0.640470028
0.83556354 1.41823518 -0.0760614499 0.178465262 -0.971900523 -0.15349111 0.903259993 0.650070012
0.833420634 1.41995728 -0.0650584027 0.206832886 -0.962933123 -0.173147172 0.897210002 0.653760016
0.839655459 1.41945219 -0.0475742854 0.502174497 -0.798187494 -0.332742333 0.891740024 0.663309991
0.846990943 1.42217588 -0.0546350665 0.297520399 -0.946654201 -0.123803832 0.898069978 0.662540019
0.853015184 1.42309022 -0.0476650856 0.374896765 -0.926981628 -0.0125513757 0.897700012 0.66723001
0.849608362 1.42164361 -0.041664809 0.322965115 -0.943177223 -0.0781680122 0.894330025 0.66839999
0.849138141 1.42194319 -0.0298963059 0.398209989 -0.895656109 0.198062748 0.890020013 0.672879994
0.848026931 1.42938149 -0.017507514 0.299177974 -0.445042729 0.844055295 0.885670006 0.679180026
0.837035716 1.41433668 -0.0188176725 0.565032065 -0.414946705 0.713132501 0.882170022 0.676339984
0.839930177 1.41780066 -0.0322423168 0.661197066 -0.732462168 -0.162227303 0.88556999 0.669529974
0.847517848 1.41956615 -0.0687603503 0.398541391 -0.901512802 0.168639958 0.904030025 0.656400025
0.846218467 1.42084718 -0.0610082857 0.287446022 -0.953189254 -0.0938349217 0.900399983 0.659590006
0.808164895 1.4165808 -0.0645422712 0.204813242 -0.935201347 -0.288877249 0.887290001 0.646260023
0.816704035 1.40721738 -0.0536829978 0.400643498 -0.742580831 -0.536710739 0.883480012 0.654839993
0.790883899 1.39322531 -0.0472754762 -0.0347265899 -0.927380145 -0.372505218 0.869589984 0.648459971
0.791401327 1.40541959 -0.0613434352 0.121994793 -0.690315783 -0.713148892 0.877719998 0.642939985
0.842936754 1.42400384 -0.10555473 0.256887585 -0.950518012 -0.174712136 0.914129972 0.640169978
0.820077181 1.41797793 -0.101491198 0.0977196321 -0.902370512 -0.419736177 0.907769978 0.636039972
0.815189183 1.43054414 -0.11306303 0.00831469614 -0.316153288 -0.948671639 0.912450016 0.628470004
0.830302715 1.42704332 -0.112448558 -0.0645018891 -0.515305758 -0.854575574 0.915769994 0.633400023
0.81807518 1.4477917 -0.111170277 0.030897459 0.436326772 -0.8992576 0.761420012 0.64410001
0.831932604 1.44182396 -0.113763355 -0.154189885 0.197726235 -0.968054712 0.754140019 0.645940006
0.830302715 1.42704332 -0.112448558 -0.0645018891 -0.515305758 -0.854575574 0.752279997 0.638409972
0.815189183 1.43054414 -0.11306303 0.00831469614 -0.316153288 -0.948671639 0.756980002 0.636789978
0.82795167 1.46836555 -0.0665720329 0.0137362247 0.999078989 0.0406513065 0.784089983 0.662880003
0.837049603 1.4666903 -0.0705076084 0.242163464 0.961219907 -0.131959081 0.776390016 0.665390015
0.780474961 1.41448438 -0.0693591833 0.0696961656 -0.971978664 -0.224499241 0.879949987 0.633220017
0.772875607 1.40630007 -0.061588116 -0.0741175562 -0.779525876 -0.621969581 0.872730017 0.634019971
0.800392509 1.41441536 -0.08387658 0.0771326348 -0.995826662 -0.0487827584 0.892989993 0.635930002
0.794468164 1.41789079 -0.103723921 -0.0128939254 -0.838054776 -0.545433819 0.899110019 0.627470016
0.794064105 1.43279278 -0.113899656 -0.058605969 -0.216795638 -0.97445631 0.90565002 0.621079981
0.794064105 1.43279278 -0.113899656 -0.058605969 -0.216795638 -0.97445631 0.763369977 0.630490005
0.795238733 1.45051146 -0.111334234 -0.0477170497 0.491941005 -0.869319916 0.769940019 0.636319995
0.823108375 1.45783615 -0.102890298 0.103480339 0.773023129 -0.625880957 0.764400005 0.650179982
0.801691949 1.46324265 -0.0955137685 0.0129876528 0.912081182 -0.409803867 0.776650012 0.644209981
0.807900906 1.46909118 -0.0646388456 0.0459826179 0.998899639 0.0092254309 0.791079998 0.653069973
0.814047217 1.46352291 -0.0343990214 0.0744831339 0.933987021 0.349457294 0.805480003 0.659690022
0.76716423 1.40140867 -0.0526978113 -0.261593282 -0.92399174 -0.278941453 0.866620004 0.634679973
0.778496027 1.39469767 -0.0250209589 -0.443222582 -0.838611603 0.316677123 0.855979979 0.647809982
0.760117948 1.40217376 -0.0337440409 -0.44864887 -0.831760108 0.326939404 0.855970025 0.636080027
0.776607871 1.41266084 -0.0847221166 0.0280298423 -0.993670583 -0.108779632 0.885330021 0.627009988
0.773777664 1.42033434 -0.102955826 -0.0787691772 -0.749981463 -0.65675199 0.892750025 0.620369971
0.743003547 1.41326571 -0.0676925406 -0.080615297 -0.977303207 -0.195906997 0.868319988 0.617470026
0.753578067 1.40686774 -0.050801672 -0.270564944 -0.941744566 -0.199779794 0.862420022 0.625940025
0.759327888 1.41182756 -0.0841634721 -0.0577730536 -0.989049554 -0.135805711 0.879899979 0.620519996
0.745362163 1.40913248 -0.0401320457 -0.325425297 -0.89792341 0.296364397 0.854849994 0.62440002
0.730234504 1.41065979 -0.0429032929 -0.0260911454 -0.985095561 0.170018166 0.853919983 0.615760028
0.761032641 1.41994441 -0.0145695778 -0.425346315 -0.353828996 0.832997978 0.842310011 0.637279987
0.781048477 1.41464317 -0.00760262879 -0.41416803 -0.21288906 0.884953618 0.842390001 0.649649978
0.743029237 1.42438042 -0.0221013222 -0.336493492 -0.461266249 0.820978403 0.841700017 0.625739992
0.729366601 1.42358232 -0.0240967292 0.00791410822 -0.62456274 0.780934572 0.84138 0.616890013
0.767839849 1.44124019 -0.0123018678 -0.248111352 0.305139303 0.919418812 0.830630004 0.638960004
0.748143673 1.44121957 -0.0185699072 -0.279305369 0.260066092 0.92431283 0.832040012 0.62826997
0.734813392 1.44183958 -0.0220431946 -0.0921568573 0.305943251 0.947578967 0.831709981 0.619859993
0.778901517 1.45790875 -0.02116533 -0.0934061483 0.754366577 0.649774134 0.819649994 0.642820001
0.758711636 1.45750594 -0.0264588427 -0.212003648 0.790794611 0.574193656 0.821529984 0.632390022
0.784610569 1.46757686 -0.040086288 0.00731319468 0.956504762 0.291625232 0.808520019 0.644320011
0.785298645 1.47040737 -0.0627655908 0.0354572311 0.999248862 -0.0156368446 0.797399998 0.64222002
0.781941295 1.46524537 -0.0919594243 -0.0138730379 0.923526108 -0.383284569 0.78391999 0.636059999
0.775643468 1.45169961 -0.107010365 -0.106137328 0.56155616 -0.820603192 0.776090026 0.629199982
0.77304244 1.43427014 -0.110912085 -0.147901669 -0.159484014 -0.976058364 0.898559988 0.614690006
0.77304244 1.43427014 -0.110912085 -0.147901669 -0.159484014 -0.976058364 0.768959999 0.62349999
0.752012074 1.41784692 -0.0984514952 -0.15773426 -0.793522298 -0.587743461 0.884389997 0.616039991
0.732956827 1.42118037 -0.0973323882 -0.129211679 -0.797040701 -0.589941025 0.878620028 0.610390007
0.754549444 1.45308685 -0.103477851 -0.165168345 0.672237754 -0.721675575 0.781920016 0.621219993
0.750652552 1.4378686 -0.108230315 -0.143058121 -0.0978221595 -0.98486805 0.775300026 0.616599977
0.750652552 1.4378686 -0.108230315 -0.143058121 -0.0978221595 -0.98486805 0.892610013 0.609040022
0.732143521 1.43819821 -0.105740309 -0.12052162 -0.065033786 -0.990578115 0.887820005 0.604629993
0.725338936 1.44104087 -0.0198910665 0.0539910235 0.326862723 0.943528235 0.831749976 0.613059998
0.72085923 1.42268693 -0.0211898852 0.00553802075 -0.579817772 0.814727426 0.841260016 0.610840023
0.717271268 1.41012084 -0.044119928 0.0424943827 -0.967566907 0.249015078 0.854080021 0.608770013
0.716428995 1.41237938 -0.0714521557 0.109895647 -0.965608895 -0.235631958 0.866609991 0.607360005
0.712778866 1.42357469 -0.0939358696 0.122564115 -0.741990447 -0.659111798 0.874570012 0.602789998
0.707585037 1.44138002 -0.103941523 0.139855713 0.00538947154 -0.990157187 0.885249972 0.59898001
0.763635635 1.46649575 -0.0437749326 -0.15118359 0.94182843 0.300171196 0.811100006 0.633440018
0.765847504 1.4696753 -0.0623944476 -0.0427366458 0.999030471 -0.0105708502 0.801339984 0.632759988
0.7607041 1.46708274 -0.0859925076 -0.125972137 0.923308551 -0.362811625 0.790960014 0.62737
0.742410541 1.45631027 -0.0304471273 -0.146201104 0.853272736 0.500550628 0.822470009 0.622959971
0.727950871 1.45733809 -0.0340796709 0.0621524975 0.874280572 0.481425405 0.821820021 0.614759982
0.712746799 1.46086824 -0.095795162 0.127548292 0.834798276 -0.535577416 0.789709985 0.607060015
0.666327834 1.4652977 -0.101158857 0.195866197 0.765488803 -0.612913787 0.786530018 0.592899978
0.68121326 1.47304749 -0.067755118 0.18500571 0.982337594 -0.0280318782 0.802940011 0.596899986
0.722831249 1.46660912 -0.0640898198 0.105798624 0.994367719 -0.00628915941 0.806609988 0.613359988
0.732143521 1.43819821 -0.105740309 -0.12052162 -0.065033786 -0.990578115 0.778230011 0.611810029
0.738207757 1.45483351 -0.0998868942 -0.0716950521 0.797722518 -0.598747551 0.786570013 0.615289986
0.745578349 1.46760881 -0.0636100248 -0.0628827363 0.997739851 -0.023686165 0.804809988 0.621420026
0.707585037 1.44138002 -0.103941523 0.139855713 0.00538947154 -0.990157187 0.778720021 0.606670022
0.689571917 1.44588923 -0.019236492 0.0819667876 0.348852366 0.933586359 0.830550015 0.596449971
0.677723587 1.42293108 -0.0231496356 0.0407392532 -0.579958618 0.813626647 0.840820014 0.593119979
0.678331077 1.40970135 -0.0473572686 0.0724919587 -0.933574498 0.350975126 0.852569997 0.591210008
0.674873054 1.40334809 -0.0741359964 0.155131534 -0.9712497 -0.180577382 0.865620017 0.589429975
0.687770069 1.4645654 -0.0379083864 0.150619209 0.855697811 0.495070845 0.818409979 0.597930014
0.663549304 1.44409502 -0.113591619 0.183241785 0.0814396739 -0.979688764 0.776440024 0.593659997
0.663992167 1.41893578 -0.10513705 0.188767001 -0.629252076 -0.7539289 0.879920006 0.587260008
0.663549304 1.44409502 -0.113591619 0.183241785 0.0814396739 -0.979688764 0.89023 0.591009974
0.589293063 1.47734988 -0.111279026 0.200020239 0.727796197 -0.655975997 0.776989996 0.565930009
0.614003062 1.48856139 -0.0697344989 0.200532779 0.97702837 -0.0721257478 0.795780003 0.568560004
0.618147194 1.45293975 -0.0146123422 0.101634972 0.360291123 0.927286744 0.827960014 0.568350017
0.614434659 1.42552567 -0.0175709706 0.065151602 -0.523583591 0.849479616 0.839680016 0.571370006
0.605768621 1.4028734 -0.0450053476 0.0985861123 -0.904494643 0.414934099 0.854740024 0.567960024
0.592465401 1.3913784 -0.0853063315 0.15853712 -0.959217429 -0.234025314 0.872910023 0.563530028
0.616886318 1.47719431 -0.0353293158 0.157238692 0.852569282 0.49839896 0.811119974 0.569630027
0.572648704 1.44698572 -0.126928523 0.16459617 0.114914052 -0.979644239 0.763979971 0.566039979
0.570681512 1.41409087 -0.123061739 0.161979586 -0.530344903 -0.83216393 0.890569985 0.559780002
0.572648704 1.44698572 -0.126928523 0.16459617 0.114914052 -0.979644239 0.905369997 0.565079987
0.442438543 1.46161044 -0.13425906 0.0563725978 0.236237809 -0.97005868 0.927250028 0.505379975
0.436777562 1.42618132 -0.130825922 0.0748727322 -0.410237342 -0.908900142 0.911740005 0.499920011
0.415841699 1.41979671 -0.136366516 0.233921468 -0.452554941 -0.860508442 0.912060022 0.487919986
0.4167642 1.45801377 -0.137070179 0.160022035 0.229236081 -0.960126996 0.928759992 0.488929987
0.387539804 1.49332547 -0.097709842 0.110127509 0.957216382 -0.267598093 0.777689993 0.472900033
0.345569611 1.49838543 -0.105866238 0.152384177 0.949444532 -0.274470717 0.776160002 0.444970012
0.343864173 1.50031173 -0.0712020397 0.0314793773 0.977698445 0.207641318 0.790610015 0.446940005
0.386067271 1.49978602 -0.0643122718 0.0528878719 0.969467998 0.239446431 0.793160021 0.47487998
0.430114895 1.49391723 -0.0616853572 0.110098816 0.959162712 0.260547787 0.795029998 0.49691999
0.424413294 1.49279451 -0.0951222554 0.0952241346 0.962418497 -0.254328728 0.778379977 0.494320035
0.380164474 1.41363215 -0.144027799 0.179276034 -0.482107699 -0.85757345 0.912159979 0.469169974
0.343333274 1.41792202 -0.146744877 0.131538123 -0.457001477 -0.879685938 0.911759973 0.445309997
0.346439809 1.45912707 -0.154787213 0.240716904 0.183192864 -0.953150392 0.929080009 0.443859994
0.381989896 1.45503473 -0.143191829 0.212628663 0.195097044 -0.957458198 0.929470003 0.467720032
0.381989896 1.45503473 -0.143191829 0.212628663 0.195097044 -0.957458198 0.748809993 0.465849996
0.346439809 1.45912707 -0.154787213 0.240716904 0.183192864 -0.953150392 0.74673003 0.442250013
0.347923219 1.48508835 -0.135162756 0.256874919 0.74256289 -0.618559301 0.761829972 0.443979979
0.3860493 1.4786278 -0.127143487 0.179219007 0.755941033 -0.62962991 0.762799978 0.470340014
0.420286298 1.47824204 -0.122406662 0.081909813 0.777347326 -0.623716235 0.764680028 0.491079986
0.4167642 1.45801377 -0.137070179 0.160022035 0.229236081 -0.960126996 0.75116998 0.486259997
0.382448196 1.37520981 -0.101944655 0.123762324 -0.927397251 -0.353011757 0.892059982 0.473819971
0.33928749 1.37656748 -0.113548636 0.0378934443 -0.908627927 -0.415883869 0.894659996 0.447070003
0.42140919 1.38382077 -0.097346276 0.211136654 -0.908461034 -0.360721231 0.890389979 0.494879961
0.468437403 1.49065065 -0.0673216879 -0.074838616 0.952427745 0.295432776 0.794990003 0.510140002
0.456182659 1.48628139 -0.0965922028 -0.0608940981 0.980570316 -0.186477497 0.778689981 0.508270025
0.443951935 1.47936869 -0.117629088 0.00160471082 0.811591268 -0.584223509 0.76503998 0.50395
0.442438543 1.46161044 -0.13425906 0.0563725978 0.236237809 -0.97005868 0.751680017 0.502529979
0.446005464 1.38745654 -0.0986620337 0.0339343324 -0.919797421 -0.39092347 0.888329983 0.507600009
0.539634645 1.4968766 -0.0438773856 0.0998598933 0.896622479 0.431388736 0.803480029 0.538190007
0.526273549 1.50293183 -0.0844625011 0.129899427 0.976674557 -0.170976534 0.787010014 0.536310017
0.48567009 1.49623382 -0.0924924985 -0.178731322 0.973986983 -0.139300063 0.782199979 0.521340013
0.500948071 1.50214434 -0.0527264886 -0.182896584 0.892649293 0.411978424 0.799000025 0.523570001
0.472700328 1.48546171 -0.116986975 -0.135489747 0.779102504 -0.612079918 0.767120004 0.517560005
0.464859366 1.4612329 -0.133968368 -0.0571550839 0.194008484 -0.979333401 0.75395 0.514890015
0.465115398 1.42030036 -0.129291937 -0.077721186 -0.429454237 -0.899737954 0.906750023 0.515919983
0.464859366 1.4612329 -0.133968368 -0.0571550839 0.194008484 -0.979333401 0.92422998 0.517400026
0.502882957 1.45499218 -0.136634499 0.0662071779 0.148985893 -0.986620426 0.918349981 0.53569001
0.504766464 1.41389525 -0.132009596 0.0660110041 -0.446656942 -0.89226681 0.900240004 0.533819973
0.507937372 1.49047935 -0.121333346 0.0969820395 0.716082752 -0.691245139 0.76928997 0.533590019
0.502882957 1.45499218 -0.136634499 0.0662071779 0.148985893 -0.986620426 0.754540026 0.534690022
0.483262539 1.38279641 -0.104880944 -0.0308752749 -0.909379184 -0.41482076 0.884989977 0.524240017
0.529161215 1.38182127 -0.094447948 0.0959103629 -0.947616518 -0.304670364 0.880720019 0.540899992
0.4338274 1.47445202 -0.0200270843 0.109367192 0.763777137 0.636147201 0.814480007 0.496029973
0.483633399 1.46782875 -0.0256981272 -0.0778564364 0.731798053 0.67705977 0.816179991 0.513440013
0.379735589 1.47615123 -0.0173631273 0.0567821339 0.786157727 0.615411937 0.813120008 0.475210011
0.455400527 1.44713974 -0.00799983274 0.12831825 0.326763064 0.936354816 0.827970028 0.502229989
0.382534981 1.44971359 0.000383347826 0.0888364986 0.358933687 0.929125786 0.826330006 0.479460001
0.336106241 1.47920132 -0.0199065376 0.0331945941 0.813729882 0.580294609 0.810790002 0.448830009
0.327507764 1.45504832 0.00642680097 0.0683068261 0.387636155 0.919278264 0.825370014 0.448500037
0.389237344 1.42279613 0.00464027794 0.0601358563 -0.224220753 0.972681284 0.837140024 0.484490037
0.329502136 1.43362129 0.00314144068 -0.0253540762 -0.215365589 0.976204276 0.834599972 0.450479984
0.384730816 1.37184525 -0.0461773425 0.0907156765 -0.971138597 0.220591307 0.866980016 0.478649974
0.335497856 1.37206352 -0.0464466736 -0.0241657831 -0.97073561 0.238931656 0.86747998 0.450410008
0.328353405 1.39645934 -0.0121589648 -0.0617582873 -0.641813993 0.764369488 0.849150002 0.450089991
0.386957467 1.39376068 -0.00932219997 0.0595938265 -0.708608627 0.703080595 0.851090014 0.481519997
0.434034824 1.38271499 -0.0514276102 0.180674419 -0.9582389 0.221664637 0.866530001 0.500880003
0.466129154 1.41939604 -0.00457839761 0.16384311 -0.26031208 0.951521456 0.839429975 0.506940007
0.461789668 1.40240538 -0.0215114206 0.166113704 -0.770300984 0.615664423 0.852519989 0.503539979
0.483914435 1.3862828 -0.0581287369 0.0711937547 -0.971078932 0.227897376 0.866159976 0.519429982
0.521959066 1.46517956 -0.0118865287 -0.111663431 0.504761159 0.856006742 0.822059989 0.529460013
0.500480473 1.40664613 -0.0294560455 0.15721041 -0.805076361 0.571958959 0.852469981 0.521019995
0.508476734 1.42036486 -0.014208084 0.217938259 -0.343898952 0.913365483 0.842090011 0.522430003
0.51985985 1.39052594 -0.0513432957 -0.0101480195 -0.939519346 0.342345268 0.862540007 0.533450007
0.515595138 1.40836775 -0.0355458222 0.0858988091 -0.762872875 0.640816987 0.853370011 0.528540015
0.548160434 1.3934015 -0.045173768 0.0608153641 -0.905117512 0.42078957 0.859830022 0.545229971
0.562582254 1.42469192 -0.0160592422 0.0214232355 -0.479005814 0.877550244 0.840709984 0.549300015
0.541010022 1.42480862 -0.0185921527 -0.0689184889 -0.42696926 0.901636004 0.840900004 0.538749993
0.523769796 1.42018616 -0.019950211 0.0816870853 -0.464662015 0.881712317 0.842920005 0.53026998
0.495012701 1.44989669 -0.0134921419 0.0952204317 0.265325397 0.959445417 0.828149974 0.516799986
0.554752409 1.46054649 -0.010013923 0.047594104 0.418403 0.907013655 0.824450016 0.54302001
0.507780015 1.45057678 -0.013411046 -0.0195780024 0.0268516447 0.999447644 0.827950001 0.522729993
0.899988532 1.44133151 -0.0779577792 0.264136642 -0.317221195 0.910825253 0.753709972 0.691330016
0.899957418 1.45513368 -0.0803281665 0.156244829 0.653610408 0.740527511 0.750209987 0.685400009
0.890592933 1.45445096 -0.0787735134 0.12726599 0.573700607 0.809117377 0.753180027 0.683380008
0.880028009 1.4400692 -0.103256464 0.338867664 -0.391359061 0.855573952 0.923389971 0.650259972
0.874690592 1.42915452 -0.110168912 0.150148198 -0.945372581 0.289354742 0.923990011 0.643630028
0.870947599 1.43093133 -0.12189506 -0.173243627 -0.740456164 -0.649392962 0.923709989 0.637430012
0.869208992 1.45242107 -0.100047074 0.223496512 0.78689903 0.575186193 0.745670021 0.656180024
0.880200684 1.45038283 -0.104249008 0.323569268 0.640969634 0.696032226 0.740199983 0.65674001
0.875255704 1.45538068 -0.116051689 0.01635742 0.98457253 -0.174210951 0.740930021 0.651950002
0.864211619 1.45638049 -0.112203002 -0.0727526024 0.980165958 -0.184341416 0.745540023 0.652109981
0.835332096 1.37746763 -0.003327596 -0.155559063 -0.910211205 -0.383819044 0.864459991 0.679310024
0.822710395 1.38290894 0.00637796335 -0.592024028 -0.681171298 0.430712372 0.855480015 0.675909996
0.82798779 1.37933743 0.0110674631 -0.708363295 -0.49143368 0.506669879 0.856159985 0.67979002
0.833359122 1.39221001 0.0176466573 -0.266594321 0.370192528 0.889879167 0.848710001 0.682669997
0.827923715 1.3945657 0.0131147373 -0.387937844 0.336704671 0.857982635 0.847790003 0.679069996
0.905540705 1.45904601 -0.0650100037 -0.0471305251 0.980067909 -0.192991644 0.769330025 0.701189995
0.904971063 1.44814932 -0.0774432048 -0.109787695 0.386655658 -0.915665925 0.762189984 0.698000014
0.899557471 1.44854569 -0.0768159032 -0.187211782 0.305638433 -0.933561444 0.763809979 0.694899976
0.90030694 1.46055651 -0.063865155 -0.0602752343 0.990126848 -0.126553178 0.771109998 0.698930025
0.863623321 1.45411313 -0.0454183556 0.31396994 0.625586569 0.71418786 0.788540006 0.689059973
0.858549654 1.43324459 -0.0682533458 0.03700478 -0.427741587 -0.903143287 0.911239982 0.663380027
0.865809679 1.42753351 -0.0584375747 0.146557942 -0.985333383 -0.0874001235 0.909879982 0.669139981
0.87133801 1.43334496 -0.0464468487 0.277503133 -0.464832574 0.840786934 0.907580018 0.675490022
0.893788099 1.44945371 -0.0745375305 -0.107164875 0.266685784 -0.957807004 0.770489991 0.688369989
0.894693375 1.4591347 -0.0634901822 0.0698810369 0.994940579 -0.0721796602 0.775319993 0.692179978
0.897580445 1.45235002 -0.0515870526 0.158112749 0.419745982 0.893763781 0.779919982 0.696780026
0.901897788 1.45251 -0.0519999787 0.0478588007 0.503265738 0.862805367 0.775470018 0.703320026
0.896568537 1.43251336 -0.071697183 -0.0888035521 -0.493394852 -0.865260303 0.760150015 0.689949989
0.858549654 1.43324459 -0.0682533458 0.03700478 -0.427741587 -0.903143287 0.760969996 0.687070012
0.904052258 1.43604898 -0.0740977675 -0.0375340767 -0.639940321 -0.767507434 0.756720006 0.693359971
0.87133801 1.43334496 -0.0464468487 0.277503133 -0.464832574 0.840786934 0.785099983 0.701610029
0.900159419 1.43556952 -0.0504100583 0.180044964 -0.440657884 0.879434228 0.782890022 0.704639971
0.900159419 1.43556952 -0.0504100583 0.180044964 -0.440657884 0.879434228 0.913110018 0.678539991
0.898941875 1.42907143 -0.0626419708 0.0995786861 -0.994364202 0.0363842845 0.91486001 0.671920002
0.908252478 1.43781662 -0.0515590496 0.189997911 -0.469076753 0.86247766 0.78065002 0.709339976
0.905547976 1.43134141 -0.062892139 0.166199669 -0.984574974 0.0546788462 0.920319974 0.674470007
0.908252478 1.43781662 -0.0515590496 0.189997911 -0.469076753 0.86247766 0.917959988 0.681680024
0.896568537 1.43251336 -0.071697183 -0.0888035521 -0.493394852 -0.865260303 0.916679978 0.666999996
0.904052258 1.43604898 -0.0740977675 -0.0375340767 -0.639940321 -0.767507434 0.922619998 0.667959988
0.89693588 1.45885849 -0.0275743734 -0.0163556691 0.997501433 0.0687267408 0.800859988 0.705540001
0.899138093 1.45026684 -0.0177763235 0.0922242999 0.415365338 0.904967606 0.806760013 0.707440019
0.903679192 1.45066476 -0.0181414206 0.159242988 0.515263498 0.842107534 0.806299984 0.710309982
0.9035694 1.45801938 -0.0289194211 0.104649179 0.994222641 0.0238697585 0.800289989 0.709219992
0.867010713 1.44846082 -0.0153594362 0.0889034644 0.301350117 0.949360013 0.808679998 0.693319976
0.865235329 1.43372011 -0.0170774832 0.100359231 -0.544244289 0.832902253 0.815519989 0.696479976
0.867002249 1.42910492 -0.0441841446 0.206653371 -0.655124247 -0.726709366 0.785780013 0.701610029
0.867002249 1.42910492 -0.0441841446 0.206653371 -0.655124247 -0.726709366 0.906009972 0.676859975
0.866846204 1.42660499 -0.0306659788 0.153916985 -0.971279144 0.181456178 0.900099993 0.682299972
0.865235329 1.43372011 -0.0170774832 0.100359231 -0.544244289 0.832902253 0.895839989 0.687330008
0.890730977 1.45188153 -0.0427001975 -0.0193185527 0.467409581 -0.883829713 0.793649971 0.700020015
0.889068842 1.45715225 -0.0270582102 -0.016596619 0.993099093 0.116098076 0.800800025 0.699000001
0.898349047 1.45149636 -0.0423487909 -0.0171228852 0.588223517 -0.808517158 0.793389976 0.706749976
0.891303778 1.44962251 -0.0167583525 0.0351112485 0.317500234 0.947607934 0.807500005 0.700150013
0.896202624 1.43346453 -0.0432726182 0.072819449 -0.468220443 -0.880605996 0.78599 0.705259979
0.904778898 1.43650341 -0.0431311056 0.046589639 -0.503342509 -0.862830043 0.785359979 0.710359991
0.895445764 1.4357214 -0.0175530724 0.0903224647 -0.591694057 0.801086783 0.814580023 0.703450024
0.895445764 1.4357214 -0.0175530724 0.0903224647 -0.591694057 0.801086783 0.902050018 0.691349983
0.897842824 1.42790401 -0.0311538614 0.132262543 -0.985186696 0.109150499 0.905820012 0.685580015
0.905799925 1.43780565 -0.0192109551 0.150443986 -0.471437782 0.868972361 0.812510014 0.713140011
0.906210601 1.43048811 -0.0300613176 0.134000003 -0.9863621 0.0955710188 0.912609994 0.689710021
0.905799925 1.43780565 -0.0192109551 0.150443986 -0.471437782 0.868972361 0.909259975 0.695749998
0.896202624 1.43346453 -0.0432726182 0.072819449 -0.468220443 -0.880605996 0.910489976 0.680410028
0.904778898 1.43650341 -0.0431311056 0.046589639 -0.503342509 -0.862830043 0.916549981 0.683780015
0.903122067 1.45072198 -0.0433155783 -0.00991771929 0.593725562 -0.804606497 0.792680025 0.709550023
0.928262413 1.43972719 -0.0436807089 -0.0489106923 -0.470248669 -0.881177604 0.926230013 0.69066
0.920765102 1.4549607 -0.031323988 0.0798207968 0.996803701 0.00331394956 0.799179971 0.717850029
0.922410846 1.45105803 -0.0435904004 0.00958487205 0.536881804 -0.843603015 0.79211998 0.717710018
0.922963321 1.45026731 -0.0219785012 0.137220129 0.465653926 0.874263704 0.804929972 0.719120026
0.926668167 1.43892026 -0.0207534805 0.126029521 -0.476914227 0.869867384 0.81099999 0.720870018
0.923963845 1.43768144 -0.0444315933 0.0394337066 -0.559049428 -0.828196049 0.785229981 0.716440022
0.926221728 1.43120825 -0.031534493 0.101614475 -0.993212223 0.0566023774 0.917620003 0.693560004
0.923963845 1.43768144 -0.0444315933 0.0394337066 -0.559049428 -0.828196049 0.921440005 0.687059999
0.926668167 1.43892026 -0.0207534805 0.126029521 -0.476914227 0.869867384 0.91395998 0.699109972
0.908587039 1.45381558 -0.0521664657 0.0922145247 0.552919507 0.828116238 0.773320019 0.705690026
0.936207891 1.44291699 -0.0551012233 0.0536588728 -0.432565331 0.900004447 0.9296 0.684509993
0.927699745 1.45216751 -0.0794339031 -0.0967346877 0.467072994 -0.878911376 0.757290006 0.70460999
0.92901206 1.45974529 -0.0660183206 -0.0522254594 0.989234388 -0.136703581 0.763719976 0.709100008
0.927949727 1.43842018 -0.0776519403 0.00773476576 -0.63067627 -0.776007414 0.752390027 0.69927001
0.930628717 1.44117522 -0.0549901724 0.184334606 -0.432910055 0.882388532 0.775129974 0.716480017
0.930376947 1.45460725 -0.0556375124 0.0867535919 0.54139179 0.83628267 0.76898998 0.712979972
0.930628717 1.44117522 -0.0549901724 0.184334606 -0.432910055 0.882388532 0.923759997 0.682770014
0.929924011 1.43344188 -0.0649666265 0.148613989 -0.985111296 0.086426802 0.925859988 0.676540017
0.927949727 1.43842018 -0.0776519403 0.00773476576 -0.63067627 -0.776007414 0.927139997 0.669589996
0.924328685 1.4423455 -0.107488409 -0.0915054008 -0.644390702 -0.759201765 0.933409989 0.651350021
0.931053221 1.43710983 -0.095796831 0.0792910904 -0.98886013 0.125969812 0.933409989 0.658590019
0.93056637 1.44555187 -0.0851106271 0.229804724 -0.435470104 0.870376647 0.934189975 0.66573
0.89417851 1.44889569 -0.103826359 -0.22244975 0.210940376 -0.951850951 0.743179977 0.673160017
0.897399127 1.46080959 -0.0928789899 -0.0801121891 0.97350353 -0.214179575 0.747749984 0.679229975
0.917240024 1.46088076 -0.0972022712 -0.0669794455 0.978257179 -0.196282431 0.739979982 0.683009982
0.917180717 1.45159161 -0.108566962 -0.210002765 0.223433614 -0.951827824 0.737680018 0.67553997
0.920729578 1.45427406 -0.0850906745 0.166135341 0.599929094 0.782613695 0.743839979 0.689209998
0.923097074 1.44430506 -0.0832320005 0.281983435 -0.371089041 0.884747565 0.746550024 0.694329977
0.919941247 1.4410013 -0.105095237 -0.0528889336 -0.678755283 -0.732457459 0.73556 0.669430017
0.892140508 1.43556988 -0.097657755 -0.0571323745 -0.693575442 -0.718114913 0.740100026 0.667050004
0.923444927 1.43434703 -0.0937706158 0.206874222 -0.972577572 0.106282078 0.928550005 0.658410013
0.89812094 1.43009675 -0.0873077065 0.18904084 -0.975217521 0.114953548 0.923319995 0.658060014
0.892140508 1.43556988 -0.097657755 -0.0571323745 -0.693575442 -0.718114913 0.92404002 0.651419997
0.919941247 1.4410013 -0.105095237 -0.0528889336 -0.678755283 -0.732457459 0.928860009 0.651380002
0.923097074 1.44430506 -0.0832320005 0.281983435 -0.371089041 0.884747565 0.928520024 0.666130006
0.899988532 1.44133151 -0.0779577792 0.264136642 -0.317221195 0.910825253 0.921959996 0.666419983
0.884715915 1.44852185 -0.10101337 -0.233124718 0.40035665 -0.886209607 0.74594003 0.67177999
0.888363242 1.46057594 -0.0903978646 -0.115472965 0.974344254 -0.193181753 0.751030028 0.677479982
0.854657412 1.45916438 -0.0710551292 0.298749298 0.705473363 0.642694533 0.769460022 0.677070022
0.857667744 1.43159664 -0.0698331594 0.391172171 -0.370125264 0.842609942 0.759190023 0.687619984
0.857667744 1.43159664 -0.0698331594 0.391172171 -0.370125264 0.842609942 0.911840022 0.662509978
0.860997975 1.42544639 -0.0791134313 0.223355472 -0.974541187 -0.0195384771 0.913389981 0.655250013
0.880377471 1.44816864 -0.0996984467 -0.19125402 0.170511112 -0.96661669 0.751999974 0.668489993
0.88018769 1.45970535 -0.088572979 -0.0158578921 0.95366472 -0.300453156 0.757539988 0.673669994
0.887018561 1.4350462 -0.0978332609 -0.0944836363 -0.601260543 -0.793447256 0.74605 0.664650023
0.853391767 1.43053126 -0.0905794129 0.0736502856 -0.674943924 -0.734184146 0.746110022 0.663810015
0.891902924 1.4298259 -0.08596728 0.166807279 -0.982751131 0.0798460916 0.917819977 0.656939983
0.887018561 1.4350462 -0.0978332609 -0.0944836363 -0.601260543 -0.793447256 0.918770015 0.650860012
0.882959485 1.45447433 -0.0766579583 0.196902663 0.40608272 0.892371058 0.760590017 0.679139972
0.889820457 1.43714499 -0.0764411539 0.244655401 -0.282773823 0.927460372 0.757340014 0.688709974
0.889820457 1.43714499 -0.0764411539 0.244655401 -0.282773823 0.927460372 0.916469991 0.664229989
0.861033559 1.44705319 -0.123517476 -0.295787305 0.43922925 -0.848285079 0.745620012 0.646070004
0.87252301 1.44723237 -0.12682265 -0.28294152 0.277608931 -0.918083489 0.741540015 0.64625001
0.864764392 1.43206787 -0.119599409 -0.12139786 -0.681947112 -0.721256316 0.744989991 0.638599992
0.870947599 1.43093133 -0.12189506 -0.173243627 -0.740456164 -0.649392962 0.740689993 0.637669981
0.880028009 1.4400692 -0.103256464 0.338867664 -0.391359061 0.855573952 0.737789989 0.662020028
0.871036053 1.44149685 -0.0996021256 0.335400641 -0.36451292 0.868698299 0.742789984 0.661970019
0.846376121 1.45374143 -0.0941437334 0.392169833 0.781928718 0.484551519 0.756680012 0.658370018
0.867445946 1.4304564 -0.10805089 0.233895585 -0.949129164 0.210824117 0.91952002 0.643260002
0.864764392 1.43206787 -0.119599409 -0.12139786 -0.681947112 -0.721256316 0.920960009 0.637530029
0.871036053 1.44149685 -0.0996021256 0.335400641 -0.36451292 0.868698299 0.918889999 0.649649978
0.853865087 1.43216026 -0.0949022919 0.500208497 -0.656838179 0.564229786 0.745190024 0.663259983
0.835223436 1.45537436 -0.10286469 0.0434058234 0.843044341 -0.536089599 0.755909979 0.652540028
0.8473261 1.44491208 -0.118958972 -0.28144902 0.261207312 -0.923340261 0.748880029 0.646030009
0.848934889 1.4555763 -0.107007615 -0.148481235 0.941155553 -0.30361107 0.750029981 0.652440012
0.855527461 1.45086884 -0.0952032581 0.198354214 0.482999027 0.852858424 0.749130011 0.657199979
0.836161911 1.40221202 0.00553024095 0.275965422 0.888730705 0.366061211 0.841050029 0.682169974
0.843832314 1.39894235 0.00750193885 0.389742613 0.826901615 0.40538168 0.841719985 0.687030017
0.845544338 1.39610302 -0.00193901767 0.721773088 0.574247062 -0.386372656 0.837100029 0.687940001
0.808054686 1.384812 -0.0311272591 0.0417426415 -0.948220611 -0.314857453 0.866890013 0.660380006
0.799200058 1.39130187 -0.00803541765 -0.482489914 -0.751212537 0.450425625 0.853120029 0.661310017
0.828379273 1.40508175 -0.0197539199 0.921017826 -0.0893936008 0.379123807 0.830150008 0.681710005
0.804512918 1.40714133 0.00380315026 -0.305017948 -0.0494335368 0.951062739 0.843020022 0.664380014
0.82707715 1.39603484 -0.028291693 0.576336026 -0.653342724 -0.490897119 0.876779974 0.668470025
0.828379273 1.40508175 -0.0197539199 0.921017826 -0.0893936008 0.379123807 0.879109979 0.673510015
0.824379027 1.41042435 -0.00178919325 0.514099181 0.703537226 0.490649968 0.836910009 0.674390018
0.815993488 1.40011454 0.00585110812 -0.259677887 0.110245906 0.95938164 0.845319986 0.671389997
0.834841728 1.40054178 -0.0119321533 0.774637222 0.560107648 -0.293626934 0.83375001 0.682990015
0.811036587 1.3875947 -0.00234872149 -0.470344871 -0.779262841 0.4141559 0.854290009 0.668169975
0.821902573 1.38183773 -0.0168431159 -0.00886370149 -0.966781199 -0.255451441 0.865480006 0.669350028
0.833944619 1.39065778 -0.0170986708 0.648506701 -0.348587126 -0.67670244 0.872609973 0.674080014
0.834841728 1.40054178 -0.0119321533 0.774637222 0.560107648 -0.293626934 0.877510011 0.677110016
0.92668885 1.45517683 -0.0310661718 -0.0443543941 0.99715209 0.0609957092 0.798179984 0.723209977
0.927624941 1.45079112 -0.021863427 0.0151229333 0.604477227 0.796478927 0.80339998 0.724529982
0.933117986 1.45074713 -0.0218415186 0.097080268 0.393881321 0.91402024 0.803080022 0.725679994
0.93175137 1.45533216 -0.0315222554 0.0717990175 0.99597609 0.0536329933 0.797749996 0.725560009
0.954182386 1.43463588 -0.0340445302 0.670447826 -0.741615117 -0.0225088075 0.79400003 0.744270027
0.952603102 1.43713439 -0.0418407768 0.519251585 -0.504703343 -0.68967551 0.788230002 0.740100026
0.955956995 1.44634247 -0.0423988178 0.695570648 -0.0885782987 -0.712976396 0.790449977 0.737720013
0.958868325 1.44667864 -0.0345095545 0.995179057 -0.071246177 -0.0673995987 0.794749975 0.739250004
0.940318227 1.45027971 -0.0244684853 0.134206176 0.927237093 0.3495996 0.801259995 0.73032999
0.93909961 1.45321572 -0.0323631316 0.11999362 0.988860905 0.0880657956 0.797150016 0.728890002
0.931547582 1.43868089 -0.0218460467 0.0271840598 -0.509316444 0.860149801 0.809069991 0.727930009
0.944866598 1.4359076 -0.0231781714 0.119851232 -0.575355768 0.809074342 0.806829989 0.736899972
0.945686638 1.44864333 -0.0221053362 0.181137279 0.0503186099 0.982169688 0.802919984 0.733699977
0.946033835 1.45057964 -0.0244096033 0.122467145 0.892040849 0.43504566 0.800650001 0.732959986
0.946854889 1.45288205 -0.0332269557 0.0726367831 0.993057132 0.092527695 0.796500027 0.732320011
0.928262413 1.43972719 -0.0436807089 -0.0489106923 -0.470248669 -0.881177604 0.785220027 0.723280013
0.925540388 1.45146918 -0.0428087078 0.0063195792 0.739183784 -0.673474133 0.791729987 0.722500026
0.931960106 1.45175195 -0.0431306399 -0.0731456429 0.447612703 -0.891230881 0.791589975 0.724240005
0.946578145 1.44937038 -0.0457396023 0.0628296435 0.0961980745 -0.993377268 0.789349973 0.732829988
0.942932665 1.43650305 -0.044299975 -0.0447452664 -0.543559968 -0.838176727 0.784139991 0.733460009
0.939086795 1.45289123 -0.0411845818 0.0716119036 0.956153333 -0.283976406 0.792659998 0.728659987
0.947076797 1.45165586 -0.0422230773 0.110010289 0.92614603 -0.360764802 0.792029977 0.732460022
0.953566015 1.45122683 -0.0416651256 0.396962732 0.817333162 -0.417596817 0.792360008 0.735360026
0.955989361 1.45257342 -0.0339307971 0.468361378 0.882706642 0.0382965952 0.795549989 0.736190021
0.956681192 1.44640982 -0.0267580338 0.770562291 -0.0484908149 0.635517478 0.79964 0.738810003
0.954141915 1.43841624 -0.0261602923 0.608920515 -0.431883514 0.665351391 0.800679982 0.741419971
0.954314947 1.44972301 -0.0261077564 0.388805926 0.782203674 0.486813605 0.798979998 0.736739993
0.954096735 1.45033884 -0.0566481166 0.233973712 0.0881057754 0.968242526 0.75948 0.72566998
0.939982593 1.45586753 -0.0563626736 0.113606356 0.404034197 0.907661736 0.763419986 0.718689978
0.936207891 1.44291699 -0.0551012233 0.0536588728 -0.432565331 0.900004447 0.76918 0.722079992
0.951387763 1.43902934 -0.0567592233 0.120445408 -0.544806778 0.829866588 0.762009978 0.729690015
0.964633703 1.44959128 -0.0682427138 0.993827164 0.0185313541 -0.109380707 0.751649976 0.724659979
0.963642836 1.44858801 -0.0618606396 0.817200482 -0.069194667 0.572184801 0.754450023 0.727569997
0.960924864 1.4404428 -0.0612361878 0.644766688 -0.497788161 0.58007139 0.754100025 0.730350018
0.960398018 1.43835187 -0.0688594878 0.632613778 -0.771178782 -0.071296066 0.747759998 0.728659987
0.953822553 1.45161307 -0.0795170367 0.113566309 0.0692090243 -0.991116881 0.749350011 0.717429996
0.962877572 1.44740832 -0.0752853006 0.773561358 -0.0781400353 -0.628885508 0.747600019 0.722609997
0.959010065 1.44041145 -0.0766946152 0.497003615 -0.510273755 -0.701860487 0.744989991 0.722530007
0.948230505 1.43946707 -0.0792697817 0.00720765907 -0.550983071 -0.834485352 0.744690001 0.714339972
0.937772512 1.45328224 -0.0792886168 -0.0639167354 0.30211249 -0.951127052 0.753859997 0.710500002
0.939305842 1.45961285 -0.0665466115 0.0549854822 0.996472061 -0.0634042844 0.759339988 0.715170026
0.943891108 1.4572494 -0.06754978 0.171308801 0.984451652 -0.0388357528 0.757730007 0.716780007
0.94339782 1.45551729 -0.0765494779 0.0988157019 0.907299459 -0.408709109 0.754270017 0.713769972
0.934626579 1.4591018 -0.0662417486 -0.0453976132 0.993839681 -0.101103239 0.760510027 0.713530004
0.933252454 1.4527092 -0.079088293 -0.0170517601 0.592111588 -0.805675566 0.754710019 0.709020019
0.933523059 1.44027078 -0.0776541904 -0.00891820528 -0.5822559 -0.812956631 0.749090016 0.705579996
0.95396328 1.45328534 -0.0773810446 0.167923912 0.877930462 -0.448374391 0.75116998 0.71845001
0.956152916 1.45602381 -0.0684902817 0.152663961 0.987798929 -0.0307733119 0.754670024 0.72070998
0.959151506 1.45271754 -0.076738663 0.503166914 0.704081059 -0.501091659 0.750370026 0.720640004
0.961630225 1.45471656 -0.0675090328 0.56408453 0.823931575 -0.0542705804 0.753409982 0.72319001
0.961171448 1.45345795 -0.0614328906 0.491335124 0.712634146 0.500741839 0.755400002 0.725310028
0.955042601 1.45341396 -0.0595299043 0.227029085 0.855856836 0.464722246 0.75861001 0.723559976
0.935444593 1.45507896 -0.0559519194 0.00735101243 0.61137116 0.791309953 0.76503998 0.717019975
0.945538938 1.45489943 -0.058682479 0.237190276 0.899513721 0.366900384 0.761120021 0.720359981
0.954950035 1.45143104 -0.0950086564 0.950014412 0.0464685038 0.308728427 0.726530015 0.692879975
0.954163432 1.44426918 -0.0948088691 0.850704551 -0.427758187 0.30549103 0.724439979 0.695249975
0.952450871 1.4422605 -0.101577118 0.774372756 -0.606669605 -0.179718822 0.720420003 0.690880001
0.95483762 1.45311022 -0.103061162 0.96254462 0.0383499153 -0.268397391 0.723959982 0.689559996
0.950638711 1.4507457 -0.109944902 0.623174906 -0.13231656 -0.77080822 0.723879993 0.685299993
0.950530529 1.44413948 -0.107343592 0.610957682 -0.469325334 -0.637545705 0.720780015 0.685400009
0.943315923 1.44144404 -0.109555289 -0.0113528818 -0.668070436 -0.744011402 0.722360015 0.679409981
0.943681002 1.45275009 -0.112190455 -0.0319822282 -0.0113888718 -0.999423623 0.725939989 0.682579994
0.924328685 1.4423455 -0.107488409 -0.0915054008 -0.644390702 -0.759201765 0.730989993 0.673080027
0.922461092 1.45243728 -0.109105729 -0.191072136 0.496068865 -0.84699887 0.73398 0.677739978
0.92266804 1.46085715 -0.0981712192 -0.0693581402 0.992067873 -0.104837745 0.736999989 0.684350014
0.928020835 1.45314574 -0.109938867 -0.146271333 0.18898268 -0.971025288 0.73247999 0.678650022
0.934745312 1.45687127 -0.107465319 -0.0306857936 0.854475975 -0.518583775 0.731729984 0.682110012
0.944924653 1.45545006 -0.110095337 0.0641118512 0.8406986 -0.537694693 0.727159977 0.684050024
0.928449392 1.46107185 -0.0990593582 -0.0248528291 0.997426152 -0.0672551543 0.735679984 0.684949994
0.935346425 1.45932901 -0.100165524 0.0845247135 0.995365977 -0.045849625 0.733439982 0.685720026
0.946543932 1.45773947 -0.101934478 0.143842116 0.989213645 -0.0276749246 0.729759991 0.687650025
0.931014836 1.45486724 -0.0865592659 0.1846264 0.545189261 0.817729533 0.737770021 0.691810012
0.925336003 1.45490324 -0.0856717154 0.0951886624 0.691976309 0.715617061 0.739639997 0.690999985
0.937157273 1.4575851 -0.0915730149 0.189305946 0.880812526 0.433973134 0.734809995 0.690129995
0.93056637 1.44555187 -0.0851106271 0.229804724 -0.435470104 0.870376647 0.739799976 0.696139991
0.948631167 1.4436096 -0.0892242342 0.289838672 -0.495470554 0.818842232 0.729830027 0.69788003
0.94911474 1.45159221 -0.0902795568 0.350960612 0.258056551 0.900129735 0.729960024 0.694700003
0.948950887 1.45514202 -0.0932209343 0.255010813 0.851180255 0.458760947 0.730000019 0.692070007
0.95343399 1.45547807 -0.0951775312 0.516546845 0.794022977 0.320479304 0.727869987 0.691829979
0.952732682 1.4566108 -0.103438362 0.515420556 0.838881493 -0.174984396 0.726549983 0.688380003
0.949215591 1.45479751 -0.109728105 0.399263531 0.701470137 -0.590362787 0.725740016 0.685239971
0.918572068 1.45251715 -0.128897429 0.870933414 0.332923442 -0.361437291 0.721859992 0.648639977
0.920301318 1.44113672 -0.127656043 0.902115107 -0.350679219 -0.251420796 0.717050016 0.648500025
0.916604578 1.44150651 -0.134244233 0.639424324 -0.300159454 -0.70784229 0.720200002 0.64309001
0.91388911 1.45062602 -0.135911927 0.548781455 0.188910574 -0.814341187 0.723580003 0.645550013
0.912751198 1.4514724 -0.117318496 0.414922535 0.302207112 0.858201623 0.724609971 0.654640019
0.915014625 1.44092965 -0.116476864 0.46063754 -0.339807063 0.819966018 0.72240001 0.658760011
0.920585155 1.44342673 -0.122200564 0.901168525 -0.0841852948 0.425215542 0.718640029 0.653550029
0.919018209 1.45222485 -0.122878574 0.858525038 0.339563221 0.384228468 0.721520007 0.652239978
0.888627291 1.44820428 -0.13175194 -0.312651187 0.259310544 -0.913787365 0.737169981 0.645349979
0.891149282 1.45390642 -0.11976511 -0.0409128182 0.994765759 -0.0936326608 0.736559987 0.651520014
0.896168172 1.43521094 -0.131867975 -0.109916225 -0.71900636 -0.686256588 0.735130012 0.638069987
0.907510757 1.44912386 -0.13676548 -0.142390475 0.0369269177 -0.989121497 0.726320028 0.643239975
0.909978151 1.43876123 -0.135785639 0.0431580469 -0.623483002 -0.780644834 0.724839985 0.639230013
0.89312011 1.44900906 -0.133597553 -0.299912125 0.296354234 -0.906767309 0.735480011 0.645009995
0.896654189 1.45531023 -0.120895706 -0.103184871 0.99458617 -0.0123000955 0.734910011 0.651359975
0.900578976 1.4536494 -0.122986145 -0.0276378319 0.998710036 -0.0425956585 0.730669975 0.650740027
0.899727941 1.45248437 -0.129963979 -0.16363439 0.91207689 -0.375951439 0.73082 0.647180021
0.90732497 1.4529959 -0.134199917 -0.199559256 0.873052299 -0.444922239 0.727230012 0.645959973
0.909623682 1.45422983 -0.126389846 -0.1345153 0.990500808 0.0285277758 0.727270007 0.65000999
0.899893641 1.45116746 -0.112742469 0.267153144 0.467124999 0.842866242 0.733959973 0.655789971
0.894693375 1.45000577 -0.110317692 0.285402626 0.594387472 0.751830339 0.736100018 0.656109989
0.899815738 1.44038498 -0.110811219 0.348251402 -0.416515768 0.839783013 0.731939971 0.661140025
0.903099179 1.45237017 -0.116987616 0.105117872 0.952158809 0.286956459 0.72973001 0.653949976
0.912293434 1.45332241 -0.120054699 0.0509856008 0.938383758 0.341813356 0.725530028 0.653119981
0.914779425 1.4552151 -0.128252581 0.218887344 0.962220371 -0.161927253 0.724319994 0.649410009
0.915603697 1.45521379 -0.122607723 0.21125707 0.941231549 0.263540506 0.724120021 0.651799977
0.911333382 1.45438623 -0.134770587 0.071684435 0.873163342 -0.482127666 0.725610018 0.646380007
0.860629618 1.36816454 0.0298063345 0.706528723 -0.562501371 0.429429352 0.857360005 0.700779974
0.853915334 1.36258769 0.0293268431 0.162359089 -0.923945189 0.346359283 0.859830022 0.697080016
0.835262001 1.37313843 0.0144610368 -0.701110303 -0.684620261 0.199347615 0.857640028 0.684409976
0.8412292 1.38598788 0.0210952964 -0.246869221 0.33999148 0.907447696 0.85048002 0.687550008
0.846204579 1.36382782 0.0252730418 -0.581347704 -0.806427896 0.108207628 0.859089971 0.692390025
0.840960205 1.3740263 0.0226652808 -0.660379589 0.0574897788 0.748727977 0.855319977 0.688690007
0.845805824 1.38127625 0.0223753713 -0.377427876 0.41216892 0.829255641 0.851379991 0.690270007
0.847518146 1.36726081 0.0285819471 -0.618228555 0.0249466244 0.785602391 0.857360005 0.693050027
0.854391336 1.37447584 0.0301438514 -0.36648348 0.419234574 0.8306216 0.853579998 0.695349991
0.850322783 1.39193201 0.0130623132 0.610124052 0.74955076 0.256753504 0.844560027 0.691799998
0.860394478 1.38173676 0.0243975986 0.718249977 0.682828486 0.133649319 0.849860013 0.700460017
0.861788452 1.37761188 0.00907519553 0.861633301 0.260051221 -0.435845762 0.846319973 0.70393002
0.851789236 1.3901037 0.000981934019 0.804139018 0.392914295 -0.446070462 0.83890003 0.694400012
0.851109266 1.38495064 0.0212212242 -0.0405342206 0.687094331 0.725436687 0.849150002 0.692889988
0.858525038 1.38003373 0.0274456497 -0.0299223512 0.674034834 0.738093257 0.851029992 0.697820008
0.864008188 1.3747009 0.0280290414 0.966942549 0.13214235 0.218083814 0.853129983 0.702120006
0.861617565 1.37602854 0.0301710237 0.372576594 0.418437809 0.828309417 0.853330016 0.700119972
0.858262002 1.37136972 0.0331307054 0.0568515956 0.0814174265 0.995057404 0.855449975 0.698260009
0.851852179 1.36479831 0.0321302041 -0.273046225 -0.228564084 0.934453905 0.857559979 0.69551003
-0.0374825224 1.74986875 0.103877656 0.747440934 0.559562504 -0.358080715 0.596868992 0.786961019
-0.0457753651 1.75588799 0.104146294 0.285496622 0.894852579 -0.343118876 0.597370028 0.80171901
-0.0451841094 1.75749969 0.108841553 0.299388736 0.931540132 -0.206396297 0.590188026 0.803012013
-0.0359347723 1.7507863 0.108541928 0.783801377 0.579939663 -0.22209309 0.589960992 0.786939979
-0.0457753651 1.75588799 0.104146294 0.285496622 0.894852579 -0.343118876 0.572004974 0.831583977
-0.056025818 1.75588799 0.104146294 -0.285494417 0.894846678 -0.343136162 0.55675 0.832180023
-0.0566170737 1.75749969 0.108841553 -0.299386799 0.931539118 -0.206403464 0.556918025 0.825362027
-0.0451841094 1.75749969 0.108841553 0.299388736 0.931540132 -0.206396297 0.573105991 0.824111998
-0.0643184707 1.74986875 0.103877656 -0.747423887 0.55955559 -0.358127087 0.540587008 0.832131982
-0.0658665523 1.7507863 0.108541928 -0.783799171 0.579933703 -0.222116604 0.540459991 0.825312972
-0.0674860626 1.74012971 0.103442997 -0.92386049 0.0170663763 -0.382348627 0.525336027 0.831444025
-0.0693993941 1.73992372 0.108057126 -0.968819857 0.0110445777 -0.247519597 0.524278998 0.823965013
-0.0674860626 1.74012971 0.103442997 -0.92386049 0.0170663763 -0.382348627 0.500150979 0.80142802
-0.0643184707 1.73039055 0.103008337 -0.747418106 -0.525433838 -0.406553179 0.500741005 0.786673009
-0.0658665523 1.72906125 0.107572325 -0.783794165 -0.557845831 -0.272900492 0.507647991 0.78669399
-0.0693993941 1.73992372 0.108057126 -0.968819857 0.0110445777 -0.247519597 0.507324994 0.802762985
-0.056025818 1.72437155 0.102739707 -0.285489351 -0.860716283 -0.421501249 0.500239015 0.771915019
-0.0566170737 1.72234786 0.107272699 -0.299381286 -0.90944767 -0.288575351 0.507421017 0.770622015
-0.056025818 1.72437155 0.102739707 -0.285489351 -0.860716283 -0.421501249 0.52560401 0.742051005
-0.0457753651 1.72437155 0.102739707 0.285491884 -0.860726535 -0.421478719 0.540857971 0.741454005
-0.0451841094 1.72234786 0.107272699 0.299383759 -0.909450829 -0.288562953 0.540691018 0.748273015
-0.0566170737 1.72234786 0.107272699 -0.299381286 -0.90944767 -0.288575351 0.524501979 0.749522984
-0.0374825224 1.73039055 0.103008337 0.747436702 -0.525443852 -0.406506002 0.557021976 0.741501987
-0.0359347723 1.72906125 0.107572325 0.783797443 -0.557853699 -0.272875071 0.557148993 0.74832201
-0.0343149304 1.74012971 0.103442997 0.923882127 0.0170643944 -0.382296592 0.572272003 0.742190003
-0.0324017964 1.73992372 0.108057126 0.968827307 0.0110434983 -0.247490883 0.573329985 0.749669015
-0.0343149304 1.74012971 0.103442997 0.923882127 0.0170643944 -0.382296592 0.597458005 0.772206008
-0.0324017964 1.73992372 0.108057126 0.968827307 0.0110434983 -0.247490883 0.59028399 0.77086997
-0.0449825339 1.75789869 0.113821201 0.309012115 0.950112283 0.0424033441 0.58237201 0.803906024
-0.0354068577 1.75094855 0.113511018 0.809014142 0.587204635 0.0262050666 0.583248019 0.786920011
-0.0568186566 1.75789869 0.113821201 -0.309010148 0.950113237 0.0423986353 0.557276011 0.818866014
-0.0449825339 1.75789869 0.113821201 0.309012115 0.950112283 0.0424033441 0.57376802 0.81546098
-0.0663945228 1.75094855 0.113511018 -0.809014916 0.587203979 0.0261992775 0.540140986 0.818814993
-0.070052065 1.7397027 0.113009095 -1 4.34925539e-07 1.9527269e-07 0.523669004 0.815311015
-0.0663945228 1.72845697 0.112507194 -0.809012771 -0.587206662 -0.0262037013 0.514361024 0.786714017
-0.070052065 1.7397027 0.113009095 -1 4.34925539e-07 1.9527269e-07 0.51513499 0.803704977
-0.0568186566 1.72150695 0.112197004 -0.309010357 -0.950113237 -0.0423964337 0.515236974 0.769728005
-0.0449825339 1.72150695 0.112197004 0.309012681 -0.9501127 -0.0423922688 0.540332019 0.754768014
-0.0568186566 1.72150695 0.112197004 -0.309010357 -0.950113237 -0.0423964337 0.523841023 0.758174002
-0.0354068577 1.72845697 0.112507194 0.809012294 -0.587207556 -0.0261996277 0.557467997 0.754819989
-0.0317491256 1.7397027 0.113009095 1 4.97058181e-07 1.18495132e-06 0.573939979 0.758323014
-0.0317491256 1.7397027 0.113009095 1 4.97058181e-07 1.18495132e-06 0.582473993 0.769928992
-0.0451841094 1.75705779 0.118745171 0.299386263 0.909448206 0.288568586 0.57348901 0.805221021
-0.0359347723 1.7503444 0.118445545 0.783798695 0.557850301 0.272878706 0.577381015 0.786903024
-0.0566170737 1.75705779 0.118745171 -0.299384505 0.909446657 0.288575321 0.557179987 0.813205004
-0.0658665523 1.7503444 0.118445545 -0.783797681 0.55784291 0.272896379 0.540270984 0.813153982
-0.0693993941 1.73948181 0.117960744 -0.968819559 -0.0110449484 0.247521132 0.524010003 0.80507201
-0.0658665523 1.72861934 0.117475949 -0.783796608 -0.579935253 0.222121686 0.520228028 0.786732018
-0.0566170737 1.72190595 0.117176332 -0.29938212 -0.931539059 0.206410766 0.524119973 0.768414021
-0.0451841094 1.72190595 0.117176332 0.29938367 -0.931538284 0.206411779 0.540428996 0.760429978
-0.0359347723 1.72861934 0.117475949 0.783797204 -0.579940438 0.222106129 0.557336986 0.760481
-0.0324017964 1.73948181 0.117960744 0.968826354 -0.0110440804 0.247494191 0.573598981 0.768562019
-0.0457753651 1.75503409 0.123278558 0.271105289 0.812141418 0.516650856 0.568557978 0.801105022
-0.0374825224 1.74901485 0.123009928 0.709762394 0.493755698 0.502436936 0.572313011 0.78688699
-0.056025818 1.75503409 0.123278558 -0.271103948 0.81213367 0.516663909 0.556044996 0.808394015
-0.0643184707 1.74901485 0.123009928 -0.709752202 0.493745983 0.502460659 0.541435003 0.80835098
-0.0674860626 1.73927581 0.122575261 -0.877301097 -0.0213997141 0.47946316 0.52896601 0.800985992
-0.0643184707 1.72953665 0.122140594 -0.709752142 -0.53655839 0.4564614 0.525295973 0.786746979
-0.056025818 1.72351778 0.121871963 -0.271099806 -0.854943514 0.442240238 0.529051006 0.772529006
-0.0457753651 1.72351778 0.121871963 0.271099299 -0.854946017 0.442235947 0.541563988 0.765240014
-0.0374825224 1.72953665 0.122140594 0.709759712 -0.536563575 0.456443489 0.55617398 0.765284002
-0.0343149304 1.73927581 0.122575261 0.877314389 -0.021398766 0.479438722 0.568642974 0.772647977
-0.0467158556 1.7519654 0.127111986 0.226091594 0.664733231 0.712048054 0.563881993 0.797585011
-0.0399448015 1.74705076 0.126892641 0.591905534 0.399215668 0.700196266 0.567067981 0.786872029
-0.0550853349 1.7519654 0.127111986 -0.226094648 0.664732814 0.712047398 0.554431975 0.803566992
-0.0618561916 1.74705076 0.126892641 -0.591910779 0.399216682 0.70019114 0.543076992 0.803533018
-0.0644424856 1.73909891 0.12653774 -0.731643379 -0.0303947758 0.68100965 0.533662975 0.797495008
-0.0618561916 1.73114717 0.126182839 -0.591913581 -0.460018009 0.661832154 0.530541003 0.786761999
-0.0550853349 1.72623277 0.125963509 -0.226088166 -0.725532115 0.649990141 0.53372699 0.776049018
-0.0467158556 1.72623277 0.125963509 0.226084456 -0.725533843 0.649989545 0.543177009 0.770066977
-0.0399448015 1.73114717 0.126182839 0.591905594 -0.460015297 0.661841214 0.554531991 0.770101011
-0.0373585112 1.73909891 0.12653774 0.731633246 -0.0303946212 0.681020677 0.563946009 0.776139021
-0.0479415543 1.74806118 0.129984364 0.167894304 0.478773832 0.861735046 0.559027016 0.794063985
-0.0431537181 1.74458611 0.129829258 0.439546734 0.281601965 0.852935553 0.561331987 0.786854982
-0.0538596325 1.74806118 0.129984364 -0.167898342 0.478778243 0.861731708 0.552668989 0.798317015
-0.0586474687 1.74458611 0.129829258 -0.439555496 0.281611055 0.852927923 0.544871986 0.798292994
-0.0604764335 1.73896325 0.129578307 -0.543322802 -0.0374299958 0.838689029 0.538538992 0.79400301
-0.0586474687 1.73334038 0.129327357 -0.439555973 -0.356474847 0.824449062 0.536276996 0.78678
-0.0538596325 1.72986543 0.129172266 -0.167889386 -0.553642333 0.815655112 0.538582027 0.779569983
-0.0479415543 1.72986543 0.129172266 0.1678866 -0.553640604 0.815656841 0.544939995 0.775318027
-0.0431537181 1.73334038 0.129327357 0.439549714 -0.356469095 0.824454784 0.552736998 0.775340974
-0.041324947 1.73896325 0.129578307 0.543311775 -0.0374307744 0.838696122 0.559069991 0.779631972
-0.0493688285 1.74358749 0.131699517 0.104172811 0.278296739 0.954829276 0.553921998 0.790407002
-0.0468905978 1.74178839 0.131619215 0.272714674 0.15596199 0.94936955 0.555101991 0.786836028
-0.0524323545 1.74358749 0.131699517 -0.10417258 0.278299004 0.95482868 0.550755978 0.792590976
-0.0549105927 1.74178839 0.131619215 -0.272717059 0.155965298 0.949368298 0.546818972 0.792578995
-0.0558573343 1.73887801 0.131489336 -0.337094605 -0.0419772714 0.940534592 0.543666005 0.790376008
-0.0549105927 1.7359674 0.131359428 -0.27270928 -0.239921585 0.931701362 0.542506993 0.786798
-0.0524323545 1.73416865 0.131279141 -0.104162723 -0.362253189 0.926241279 0.543686986 0.78322798
-0.0493688285 1.73416865 0.131279141 0.104164518 -0.362255394 0.926240087 0.546853006 0.781044006
-0.0468905978 1.7359674 0.131359428 0.272720248 -0.239925444 0.93169713 0.550791025 0.781055987
-0.0459438488 1.73887801 0.131489336 0.337104499 -0.0419786163 0.940530956 0.553942978 0.783258021
-0.050900571 1.73884881 0.132141352 8.55388294e-07 -0.0445891283 0.999005318 0.548804998 0.786817014
0.054913003 1.72405303 0.102725454 0.223506853 -0.878480732 -0.422275186 0.596868992 0.786961019
0.0553758591 1.72199225 0.107256979 0.234381318 -0.92806685 -0.289408863 0.589960992 0.786939979
0.0439707823 1.72278917 0.107292548 -0.362929136 -0.886340082 -0.287547588 0.590188026 0.803012013
0.044687476 1.72476709 0.10275732 -0.346084595 -0.838687181 -0.420510799 0.597370028 0.80171901
0.044687476 1.72476709 0.10275732 -0.346084595 -0.838687181 -0.420510799 0.572004974 0.831583977
0.0439707823 1.72278917 0.107292548 -0.362929136 -0.886340082 -0.287547588 0.573105991 0.824111998
0.0352126658 1.73013055 0.107620202 -0.821606874 -0.501845121 -0.270395279 0.556918025 0.825362027
0.036835175 1.73134959 0.103051096 -0.78349191 -0.47201404 -0.40415743 0.55675 0.832180023
0.0324468575 1.74121308 0.108114809 -0.966466069 0.0785663277 -0.24448052 0.540459991 0.825312972
0.0343554616 1.74128568 0.103494555 -0.921627164 0.0814472809 -0.379433423 0.540587008 0.832131982
0.0367296822 1.7518028 0.108587444 -0.742164314 0.633179843 -0.219716802 0.524278998 0.823965013
0.0381952748 1.75078011 0.103918299 -0.707737625 0.61033237 -0.355811417 0.525336027 0.831444025
0.0381952748 1.75078011 0.103918299 -0.707737625 0.61033237 -0.355811417 0.500150979 0.80142802
0.0367296822 1.7518028 0.108587444 -0.742164314 0.633179843 -0.219716802 0.507324994 0.802762985
0.0464252792 1.75785518 0.108857565 -0.234385952 0.950161159 -0.205565155 0.507647991 0.78669399
0.046888236 1.75620699 0.104160495 -0.223498493 0.912616909 -0.342314065 0.500741005 0.786673009
0.0578303561 1.7570585 0.10882201 0.36292854 0.908436894 -0.20742552 0.507421017 0.770622015
0.0571136661 1.75549221 0.104128607 0.346097618 0.872822225 -0.344089836 0.500239015 0.771915019
0.0571136661 1.75549221 0.104128607 0.346097618 0.872822225 -0.344089836 0.52560401 0.742051005
0.0578303561 1.7570585 0.10882201 0.36292854 0.908436894 -0.20742552 0.524501979 0.749522984
0.0665884688 1.74971712 0.108494356 0.821611583 0.523939371 -0.224592581 0.540691018 0.748273015
0.0649659634 1.74891007 0.103834838 0.783496916 0.50615859 -0.36046651 0.540857971 0.741454005
0.0693542883 1.73863471 0.107999742 0.966468036 -0.0564637557 -0.25050205 0.557148993 0.74832201
0.0674458221 1.73897398 0.103391387 0.921633184 -0.047324039 -0.38516596 0.557021976 0.741501987
0.0650714561 1.72804487 0.107527107 0.742162228 -0.61108464 -0.275265127 0.573329985 0.749669015
0.0636058599 1.72947931 0.102967635 0.70773226 -0.576206803 -0.408779472 0.572272003 0.742190003
0.0636058599 1.72947931 0.102967635 0.70773226 -0.576206803 -0.408779472 0.597458005 0.772206008
0.0650714561 1.72804487 0.107527107 0.742162228 -0.61108464 -0.275265127 0.59028399 0.77086997
0.055533655 1.72113872 0.112180576 0.241919026 -0.969331741 -0.0432545543 0.583248019 0.786920011
0.0437263437 1.72196364 0.112217396 -0.374606907 -0.926262438 -0.0413211584 0.58237201 0.803906024
0.0437263437 1.72196364 0.112217396 -0.374606907 -0.926262438 -0.0413211584 0.57376802 0.81546098
0.0346593373 1.72956431 0.112556614 -0.848049223 -0.529390633 -0.0236234218 0.557276011 0.818866014
0.0317958146 1.74103725 0.113068663 -0.997564673 0.0696782991 0.00311200484 0.540140986 0.818814993
0.0362297855 1.75200069 0.113557965 -0.766046882 0.642145455 0.028662011 0.523669004 0.815311015
0.0362297855 1.75200069 0.113557965 -0.766046882 0.642145455 0.028662011 0.51513499 0.803704977
0.0462674797 1.75826693 0.11383763 -0.241922066 0.969330728 0.0432614684 0.514361024 0.786714017
0.058074791 1.757442 0.113800816 0.374603093 0.92626375 0.0413280949 0.515236974 0.769728005
0.058074791 1.757442 0.113800816 0.374603093 0.92626375 0.0413280949 0.523841023 0.758174002
0.0671418011 1.74984145 0.113461599 0.848050952 0.529388189 0.0236146208 0.540332019 0.754768014
0.0700053275 1.73836803 0.112949528 0.997563481 -0.0696956515 -0.00311457738 0.557467997 0.754819989
0.0655713528 1.72740495 0.112460241 0.766045749 -0.642146409 -0.0286689717 0.573939979 0.758323014
0.0655713528 1.72740495 0.112460241 0.766045749 -0.642146409 -0.0286689717 0.582473993 0.769928992
0.0553758591 1.72155046 0.117160596 0.234380424 -0.950158298 0.20558469 0.577381015 0.786903024
0.0439707823 1.72234726 0.117196158 -0.36293 -0.908428311 0.207460284 0.57348901 0.805221021
0.0352126658 1.72968864 0.117523812 -0.821608186 -0.523936272 0.224612802 0.557179987 0.813205004
0.0324468575 1.74077094 0.118018426 -0.966464758 0.0564729795 0.250513107 0.540270984 0.813153982
0.0367296822 1.75136077 0.118491054 -0.742168367 0.61108762 0.275241375 0.524010003 0.80507201
0.0464252792 1.75741327 0.118761182 -0.234389305 0.928072572 0.289383739 0.520228028 0.786732018
0.0578303561 1.75661659 0.11872562 0.36292696 0.886347532 0.287527621 0.524119973 0.768414021
0.0665884688 1.74927521 0.118397966 0.821611643 0.501851022 0.270369917 0.540428996 0.760429978
0.0693542883 1.73819268 0.117903352 0.966468453 -0.0785563737 0.244474113 0.557336986 0.760481
0.0650714561 1.72760284 0.117430724 0.742162764 -0.633181572 0.219716713 0.573598981 0.768562019
0.054913003 1.72319913 0.121857755 0.21223703 -0.871798396 0.441500664 0.572313011 0.78688699
0.044687476 1.72391319 0.121889628 -0.328640938 -0.834016383 0.44318381 0.568557978 0.801105022
0.036835175 1.73049569 0.122183397 -0.744001448 -0.485831529 0.458725959 0.556044996 0.808394015
0.0343554616 1.74043179 0.122626856 -0.875165939 0.039743349 0.482187718 0.541435003 0.80835098
0.0381952748 1.74992621 0.123050593 -0.672058403 0.54196167 0.504593968 0.52896601 0.800985992
0.046888236 1.75535309 0.123292804 -0.212233081 0.829008818 0.517398596 0.525295973 0.786746979
0.0571136661 1.75463831 0.123260893 0.328649551 0.79121536 0.515720546 0.529051006 0.772529006
0.0649659634 1.74805617 0.122967146 0.743997037 0.443038911 0.500184953 0.541563988 0.765240014
0.0674458221 1.73812008 0.122523688 0.875171661 -0.0825385526 0.476719946 0.55617398 0.765284002
0.0636058599 1.72862542 0.122099929 0.672054172 -0.5847615 0.454309553 0.568642974 0.772647977
0.0541767627 1.72597241 0.125951841 0.176996544 -0.739582837 0.649376214 0.567067981 0.786872029
0.045827616 1.72655559 0.125977874 -0.274073511 -0.708077908 0.650775969 0.563881993 0.797585011
0.0394162424 1.73193002 0.126217738 -0.620461285 -0.417715102 0.663733304 0.554431975 0.803566992
0.0373915546 1.74004269 0.126579821 -0.729845107 0.0205842163 0.683302641 0.543076992 0.803533018
0.0405267403 1.7477951 0.126925811 -0.560454965 0.439415514 0.702000082 0.533662975 0.797495008
0.0476245247 1.75222576 0.12712355 -0.176991299 0.678794622 0.712679386 0.530541003 0.786761999
0.0559735186 1.75164247 0.127097502 0.274079233 0.647287726 0.711265862 0.53372699 0.776049018
0.062384896 1.74626815 0.126857653 0.62045449 0.356933415 0.698308527 0.543177009 0.770066977
0.0644096807 1.73815548 0.126495585 0.729851663 -0.0813782066 0.678744614 0.554531991 0.770101011
0.0612743944 1.73040307 0.126149595 0.560461462 -0.500206828 0.660057604 0.563946009 0.776139021
0.0532171652 1.72968137 0.129163891 0.131435782 -0.564091086 0.815184653 0.561331987 0.786854982
0.0473135076 1.73009396 0.129182324 -0.203531086 -0.54068315 0.816233397 0.559027016 0.794063985
0.042779997 1.73389411 0.129351899 -0.460757315 -0.325058728 0.825856924 0.552668989 0.798317015
0.0413482413 1.73963082 0.129607946 -0.541991293 0.000432489178 0.840383947 0.544871986 0.798292994
0.0435651541 1.74511242 0.129852593 -0.416210294 0.311468303 0.854257762 0.538538992 0.79400301
0.0485840738 1.74824548 0.129992425 -0.131436855 0.489231139 0.862193286 0.536276996 0.78678
0.0544877276 1.74783289 0.129973993 0.203534365 0.465819985 0.861153662 0.538582027 0.779569983
0.059021242 1.7440325 0.129804403 0.460757315 0.250199318 0.851529777 0.544939995 0.775318027
0.060452994 1.73829615 0.129548371 0.541996241 -0.0752950162 0.837001085 0.552736998 0.775340974
0.058235988 1.73281431 0.129303724 0.416211247 -0.386326492 0.823116124 0.559069991 0.779631972
0.0520997643 1.7340734 0.131275073 0.0815593824 -0.368785799 0.925929308 0.555101991 0.786836028
0.0490437262 1.73428679 0.131284595 -0.126293585 -0.354268074 0.926576495 0.553921998 0.790407002
0.0466969907 1.73625398 0.131372392 -0.285920173 -0.220457509 0.932549298 0.550755978 0.792590976
0.0459559672 1.7392236 0.131504938 -0.336323112 -0.0184839386 0.941565275 0.546818972 0.792578995
0.0471035056 1.74206114 0.131631568 -0.258253992 0.17451416 0.950183928 0.543666005 0.790376008
0.0497014672 1.74368286 0.131703943 -0.0815502629 0.284813285 0.955107868 0.542506993 0.786798
0.0527574085 1.74346924 0.131694406 0.126295403 0.270297974 0.954457104 0.543686986 0.78322798
0.0551041439 1.74150217 0.131606638 0.285907865 0.136507332 0.948484242 0.546853006 0.781044006
0.0558452755 1.73853266 0.131474093 0.33631739 -0.0654722452 0.939470053 0.550791025 0.781055987
0.0546976365 1.735695 0.131347448 0.258262515 -0.258469254 0.930856645 0.553942978 0.783258021
0.050900571 1.73884881 0.132141396 9.58389364e-07 -0.0445874669 0.999005497 0.548804998 0.786817014
3 1 2 3
3 0 1 3
3 5 6 7
3 4 5 7
3 9 1 0
3 8 9 0
3 11 9 8
3 10 11 8
3 4 7 13
3 12 4 13
3 9 11 14
3 12 9 14
3 13 1 9
3 12 13 9
3 11 10 16
3 15 11 16
3 14 11 15
3 17 14 15
3 17 15 19
3 18 17 19
3 15 16 20
3 19 15 20
3 16 21 22
3 20 16 22
3 20 22 24
3 23 20 24
3 19 20 23
3 25 19 23
3 18 19 25
3 26 18 25
3 28 18 26
3 27 28 26
3 30 28 27
3 29 30 27
3 23 24 32
3 31 23 32
3 23 31 33
3 25 23 33
3 25 33 34
3 26 25 34
3 26 34 35
3 27 26 35
3 27 35 36
3 29 27 36
3 33 31 38
3 37 33 38
3 33 37 39
3 34 33 39
3 34 39 40
3 35 34 40
3 35 40 41
3 36 35 41
3 16 10 43
3 42 16 43
3 16 42 44
3 21 16 44
3 44 42 46
3 45 44 46
3 38 31 48
3 47 38 48
3 31 32 49
3 48 31 49
3 49 50 51
3 48 49 51
3 38 47 53
3 52 38 53
3 48 51 54
3 47 48 54
3 51 50 56
3 55 51 56
3 47 54 57
3 53 47 57
3 54 51 55
3 58 54 55
3 55 56 60
3 59 55 60
3 54 58 61
3 57 54 61
3 59 60 63
3 62 59 63
3 62 63 65
3 64 62 65
3 10 8 66
3 43 10 66
3 68 45 46
3 67 68 46
3 65 69 70
3 64 65 70
3 69 68 67
3 70 69 67
3 59 62 72
3 71 59 72
3 58 55 59
3 71 58 59
3 58 71 73
3 61 58 73
3 75 76 6
3 74 75 6
3 74 6 5
3 77 74 5
3 75 74 79
3 78 75 79
3 81 82 83
3 80 81 83
3 83 84 85
3 80 83 85
3 38 52 86
3 37 38 86
3 37 86 87
3 39 37 87
3 39 87 88
3 40 39 88
3 40 88 89
3 41 40 89
3 61 73 91
3 90 61 91
3 57 61 90
3 92 57 90
3 53 57 92
3 93 53 92
3 53 93 94
3 52 53 94
3 52 94 95
3 86 52 95
3 86 95 96
3 87 86 96
3 87 96 97
3 88 87 97
3 88 97 98
3 89 88 98
3 90 99 100
3 92 90 100
3 92 100 101
3 93 92 101
3 93 101 102
3 94 93 102
3 94 102 103
3 95 94 103
3 95 103 104
3 96 95 104
3 96 104 105
3 97 96 105
3 97 105 106
3 98 97 106
3 102 107 108
3 103 102 108
3 103 108 109
3 104 103 109
3 104 109 110
3 105 104 110
3 105 110 111
3 106 105 111
3 107 112 113
3 108 107 113
3 108 113 114
3 109 108 114
3 109 114 115
3 110 109 115
3 110 115 116
3 111 110 116
3 112 117 118
3 113 112 118
3 113 118 119
3 114 113 119
3 114 119 120
3 115 114 120
3 115 120 121
3 116 115 121
3 119 118 123
3 122 119 123
3 117 124 123
3 118 117 123
3 126 122 123
3 125 126 123
3 123 124 127
3 125 123 127
3 90 91 128
3 99 90 128
3 127 130 131
3 129 127 131
3 125 127 129
3 132 125 129
3 126 125 132
3 133 126 132
3 135 136 137
3 134 135 137
3 121 135 134
3 138 121 134
3 116 121 138
3 139 116 138
3 141 142 143
3 140 141 143
3 137 136 143
3 142 137 143
3 80 85 140
3 144 80 140
3 140 143 145
3 144 140 145
3 85 84 147
3 146 85 147
3 140 85 146
3 141 140 146
3 148 146 147
3 142 141 146
3 149 142 146
3 137 142 149
3 150 137 149
3 137 150 151
3 134 137 151
3 146 148 152
3 149 146 152
3 149 152 153
3 150 149 153
3 150 153 154
3 151 150 154
3 147 84 156
3 155 147 156
3 84 83 157
3 156 84 157
3 79 74 77
3 158 79 77
3 83 82 159
3 157 83 159
3 77 5 161
3 160 77 161
3 77 160 162
3 158 77 162
3 160 161 164
3 163 160 164
3 162 160 163
3 165 162 163
3 163 164 30
3 166 163 30
3 30 29 167
3 166 30 167
3 29 36 168
3 167 29 168
3 36 41 169
3 168 36 169
3 41 89 170
3 169 41 170
3 89 98 171
3 170 89 171
3 98 106 172
3 171 98 172
3 106 111 173
3 172 106 173
3 111 116 139
3 173 111 139
3 175 167 168
3 174 175 168
3 174 168 169
3 176 174 169
3 178 174 176
3 177 178 176
3 176 169 170
3 179 176 170
3 177 176 179
3 180 177 179
3 179 170 171
3 181 179 171
3 180 179 181
3 182 180 181
3 181 171 172
3 183 181 172
3 182 181 183
3 184 182 183
3 172 173 185
3 183 172 185
3 184 183 185
3 186 184 185
3 173 139 187
3 185 173 187
3 186 185 187
3 188 186 187
3 139 138 189
3 187 139 189
3 134 151 189
3 138 134 189
3 189 151 154
3 188 187 189
3 190 188 189
3 189 154 191
3 190 189 191
3 192 190 191
3 154 153 193
3 191 154 193
3 192 191 193
3 194 192 193
3 153 152 195
3 193 153 195
3 194 193 195
3 196 194 195
3 152 148 197
3 195 152 197
3 196 195 197
3 198 196 197
3 148 147 199
3 197 148 199
3 155 156 201
3 200 155 201
3 147 155 200
3 199 147 200
3 198 197 199
3 202 198 199
3 175 174 178
3 203 175 178
3 166 167 175
3 204 166 175
3 165 163 166
3 204 165 166
3 175 203 205
3 204 175 205
3 206 165 204
3 204 205 207
3 206 204 207
3 162 165 206
3 208 162 206
3 206 207 209
3 208 206 209
3 158 162 208
3 210 158 208
3 208 209 211
3 210 208 211
3 157 159 213
3 212 157 213
3 201 156 157
3 212 201 157
3 199 200 214
3 202 199 214
3 200 201 212
3 214 200 212
3 213 215 216
3 212 213 216
3 214 212 216
3 217 214 216
3 219 220 221
3 218 219 221
3 218 221 223
3 222 218 223
3 225 222 223
3 224 225 223
3 128 225 224
3 226 128 224
3 128 226 227
3 99 128 227
3 99 227 228
3 100 99 228
3 100 228 229
3 101 100 229
3 102 101 229
3 107 102 229
3 219 130 230
3 220 219 230
3 130 127 231
3 230 130 231
3 127 124 232
3 231 127 232
3 124 117 233
3 232 124 233
3 117 112 234
3 233 117 234
3 107 229 234
3 112 107 234
3 223 235 236
3 224 223 236
3 224 236 237
3 226 224 237
3 226 237 238
3 227 226 238
3 227 238 239
3 228 227 239
3 228 239 240
3 229 228 240
3 223 221 241
3 235 223 241
3 221 220 242
3 241 221 242
3 242 220 230
3 243 242 230
3 243 230 231
3 244 243 231
3 244 231 232
3 245 244 232
3 245 232 233
3 246 245 233
3 246 233 234
3 247 246 234
3 234 229 240
3 247 234 240
3 249 250 251
3 248 249 251
3 249 248 253
3 252 249 253
3 251 250 255
3 254 251 255
3 254 255 257
3 256 254 257
3 252 253 259
3 258 252 259
3 258 259 261
3 260 258 261
3 256 257 263
3 262 256 263
3 262 263 265
3 264 262 265
3 264 265 267
3 266 264 267
3 266 267 269
3 268 266 269
3 271 272 273
3 270 271 273
3 260 261 275
3 274 260 275
3 273 274 275
3 270 273 275
3 277 278 279
3 276 277 279
3 270 275 281
3 280 270 281
3 248 251 276
3 282 248 276
3 251 254 277
3 276 251 277
3 283 282 276
3 279 283 276
3 253 248 282
3 284 253 282
3 285 284 282
3 283 285 282
3 259 253 284
3 286 259 284
3 287 286 284
3 285 287 284
3 254 256 288
3 277 254 288
3 288 289 278
3 277 288 278
3 256 262 290
3 288 256 290
3 290 291 289
3 288 290 289
3 261 259 286
3 292 261 286
3 293 292 286
3 287 293 286
3 275 261 292
3 281 275 292
3 294 281 292
3 293 294 292
3 262 264 295
3 290 262 295
3 295 296 291
3 290 295 291
3 264 266 297
3 295 264 297
3 297 298 296
3 295 297 296
3 266 268 299
3 297 266 299
3 299 300 298
3 297 299 298
3 271 270 280
3 301 271 280
3 280 302 303
3 301 280 303
3 281 294 302
3 280 281 302
3 73 71 305
3 304 73 305
3 71 72 306
3 305 71 306
3 306 72 307
3 62 64 307
3 72 62 307
3 64 70 308
3 307 64 308
3 70 67 309
3 308 70 309
3 42 43 310
3 46 42 310
3 67 46 310
3 309 67 310
3 310 43 66
3 311 310 66
3 73 304 312
3 91 73 312
3 128 91 312
3 313 128 312
3 128 313 314
3 225 128 314
3 222 225 314
3 315 222 314
3 222 315 316
3 218 222 316
3 318 319 320
3 317 318 320
3 312 304 321
3 320 312 321
3 313 312 320
3 319 313 320
3 321 322 317
3 320 321 317
3 304 305 323
3 321 304 323
3 323 324 322
3 321 323 322
3 305 306 325
3 323 305 325
3 325 326 324
3 323 325 324
3 306 307 327
3 325 306 327
3 327 328 326
3 325 327 326
3 314 313 319
3 329 314 319
3 330 329 319
3 318 330 319
3 315 314 329
3 331 315 329
3 332 331 329
3 330 332 329
3 316 315 331
3 333 316 331
3 331 332 334
3 333 331 334
3 218 316 335
3 219 218 335
3 130 219 335
3 131 130 335
3 335 316 333
3 336 335 333
3 333 334 337
3 336 333 337
3 308 309 339
3 338 308 339
3 307 308 338
3 327 307 338
3 328 327 338
3 340 328 338
3 341 340 338
3 339 341 338
3 309 310 342
3 339 309 342
3 342 343 341
3 339 342 341
3 345 346 347
3 344 345 347
3 345 348 349
3 346 345 349
3 351 346 349
3 350 351 349
3 348 352 353
3 349 348 353
3 350 349 353
3 354 350 353
3 352 355 356
3 353 352 356
3 354 353 356
3 357 354 356
3 355 358 359
3 356 355 359
3 357 356 359
3 360 357 359
3 358 361 362
3 359 358 362
3 360 359 362
3 363 360 362
3 361 364 365
3 362 361 365
3 363 362 365
3 366 363 365
3 364 367 368
3 365 364 368
3 366 365 368
3 369 366 368
3 367 370 371
3 368 367 371
3 369 368 371
3 372 369 371
3 370 373 374
3 371 370 374
3 372 371 374
3 375 372 374
3 373 376 377
3 374 373 377
3 375 374 377
3 378 375 377
3 380 381 382
3 379 380 382
3 344 347 382
3 381 344 382
3 384 379 382
3 383 384 382
3 347 346 351
3 385 347 351
3 382 347 385
3 383 382 385
3 387 337 334
3 386 387 334
3 386 334 332
3 388 386 332
3 388 332 330
3 389 388 330
3 389 330 318
3 390 389 318
3 390 318 317
3 391 390 317
3 391 317 322
3 392 391 322
3 392 322 324
3 393 392 324
3 393 324 326
3 394 393 326
3 394 326 328
3 395 394 328
3 395 328 340
3 396 395 340
3 396 340 341
3 397 396 341
3 397 341 343
3 398 397 343
3 400 401 402
3 399 400 402
3 358 399 402
3 361 358 402
3 279 278 401
3 400 279 401
3 401 403 404
3 402 401 404
3 361 402 404
3 364 361 404
3 278 289 403
3 401 278 403
3 406 400 399
3 405 406 399
3 399 358 355
3 405 399 355
3 283 279 400
3 406 283 400
3 408 406 405
3 407 408 405
3 405 355 352
3 407 405 352
3 285 283 406
3 408 285 406
3 403 409 410
3 404 403 410
3 364 404 410
3 367 364 410
3 289 291 409
3 403 289 409
3 409 411 412
3 410 409 412
3 367 410 412
3 370 367 412
3 291 296 411
3 409 291 411
3 411 413 414
3 412 411 414
3 370 412 414
3 373 370 414
3 296 298 413
3 411 296 413
3 416 408 407
3 415 416 407
3 407 352 348
3 415 407 348
3 287 285 408
3 416 287 408
3 418 416 415
3 417 418 415
3 415 348 345
3 417 415 345
3 293 287 416
3 418 293 416
3 294 293 418
3 419 294 418
3 419 418 417
3 420 419 417
3 417 345 344
3 420 417 344
3 420 344 381
3 421 420 381
3 302 294 419
3 422 302 419
3 422 419 420
3 421 422 420
3 421 381 380
3 423 421 380
3 303 302 422
3 424 303 422
3 413 425 426
3 414 413 426
3 424 422 421
3 423 424 421
3 373 414 426
3 376 373 426
3 298 300 425
3 413 298 425
3 391 392 428
3 427 391 428
3 390 391 427
3 429 390 427
3 427 430 431
3 429 427 431
3 389 390 429
3 432 389 429
3 429 431 433
3 432 429 433
3 388 389 432
3 434 388 432
3 432 433 435
3 434 432 435
3 386 388 434
3 436 386 434
3 434 435 437
3 436 434 437
3 387 386 436
3 438 387 436
3 436 437 439
3 438 436 439
3 427 428 440
3 430 427 440
3 428 392 393
3 441 428 393
3 440 428 441
3 442 440 441
3 441 393 394
3 443 441 394
3 442 441 443
3 444 442 443
3 394 395 445
3 443 394 445
3 444 443 445
3 446 444 445
3 445 395 396
3 447 445 396
3 446 445 447
3 448 446 447
3 447 396 397
3 449 447 397
3 448 447 449
3 450 448 449
3 449 397 398
3 451 449 398
3 450 449 451
3 452 450 451
3 398 343 454
3 453 398 454
3 310 311 455
3 342 310 455
3 343 342 455
3 454 343 455
3 451 398 453
3 456 451 453
3 452 451 456
3 457 452 456
3 8 0 458
3 66 8 458
3 311 66 458
3 455 311 458
3 459 455 458
3 461 459 458
3 460 461 458
3 463 459 461
3 462 463 461
3 455 459 463
3 464 455 463
3 461 460 465
3 462 461 465
3 463 462 466
3 464 463 466
3 454 455 464
3 467 454 464
3 464 466 468
3 467 464 468
3 453 454 467
3 469 453 467
3 467 468 470
3 469 467 470
3 456 453 469
3 471 456 469
3 469 470 472
3 471 469 472
3 471 472 474
3 473 471 474
3 457 456 471
3 475 457 471
3 471 473 476
3 475 471 476
3 336 337 478
3 477 336 478
3 477 478 480
3 479 477 480
3 482 480 483
3 481 482 483
3 480 478 484
3 483 480 484
3 337 387 484
3 478 337 484
3 486 481 483
3 485 486 483
3 485 483 484
3 484 387 438
3 487 484 438
3 484 487 488
3 485 484 488
3 476 473 490
3 489 476 490
3 488 487 492
3 491 488 492
3 486 485 488
3 493 486 488
3 438 439 494
3 487 438 494
3 492 487 494
3 495 492 494
3 496 491 492
3 495 496 492
3 482 497 479
3 480 482 479
3 335 336 477
3 498 335 477
3 497 499 500
3 479 497 500
3 477 479 500
3 498 477 500
3 501 131 335
3 501 335 498
3 473 474 502
3 490 473 502
3 488 491 503
3 493 488 503
3 502 474 505
3 504 502 505
3 466 462 465
3 506 466 465
3 466 506 507
3 468 466 507
3 468 507 508
3 470 468 508
3 470 508 509
3 472 470 509
3 474 472 509
3 505 474 509
3 508 510 511
3 509 508 511
3 509 511 513
3 512 509 513
3 505 509 512
3 514 505 512
3 512 513 516
3 515 512 516
3 512 515 517
3 514 512 517
3 518 514 517
3 504 505 514
3 518 504 514
3 502 504 518
3 519 502 518
3 508 507 520
3 510 508 520
3 507 506 521
3 520 507 521
3 523 520 521
3 522 523 521
3 524 516 523
3 522 524 523
3 460 458 525
3 465 460 525
3 506 465 525
3 521 506 525
3 522 521 525
3 526 522 525
3 527 528 526
3 525 527 526
3 524 522 526
3 529 524 526
3 530 529 526
3 528 530 526
3 531 532 533
3 535 536 537
3 534 535 537
3 481 486 539
3 538 481 539
3 536 540 541
3 537 536 541
3 481 538 541
3 482 481 541
3 497 482 541
3 542 497 541
3 537 541 544
3 543 537 544
3 539 486 493
3 545 539 493
3 493 503 546
3 545 493 546
3 546 533 532
3 545 546 532
3 539 545 548
3 547 539 548
3 539 547 549
3 538 539 549
3 541 538 549
3 544 541 549
3 547 550 551
3 549 547 551
3 543 544 549
3 551 543 549
3 534 537 543
3 552 534 543
3 545 532 553
3 548 545 553
3 532 531 554
3 553 532 554
3 548 553 555
3 550 548 555
3 547 548 550
3 553 554 556
3 555 553 556
3 557 558 69
3 65 557 69
3 559 557 65
3 63 559 65
3 560 559 63
3 60 560 63
3 561 560 60
3 56 561 60
3 562 561 56
3 50 562 56
3 563 68 69
3 558 563 69
3 564 45 68
3 563 564 68
3 44 45 564
3 565 44 564
3 21 44 565
3 566 21 565
3 22 21 566
3 567 22 566
3 24 22 567
3 568 24 567
3 32 24 568
3 569 32 568
3 562 50 49
3 570 562 49
3 572 573 574
3 571 572 574
3 576 571 574
3 575 576 574
3 578 573 572
3 577 578 572
3 580 578 577
3 579 580 577
3 582 576 575
3 581 582 575
3 584 582 581
3 583 584 581
3 586 580 579
3 585 586 579
3 588 586 585
3 587 588 585
3 590 588 587
3 589 590 587
3 592 590 589
3 591 592 589
3 594 595 596
3 593 594 596
3 598 584 583
3 597 598 583
3 598 597 600
3 599 598 600
3 602 603 604
3 601 602 604
3 606 598 599
3 605 606 599
3 601 572 571
3 607 601 571
3 604 577 572
3 601 604 572
3 601 607 608
3 602 601 608
3 607 571 576
3 609 607 576
3 607 609 610
3 608 607 610
3 609 576 582
3 611 609 582
3 609 611 612
3 610 609 612
3 613 579 577
3 604 613 577
3 603 614 613
3 604 603 613
3 615 585 579
3 613 615 579
3 614 616 615
3 613 614 615
3 611 582 584
3 617 611 584
3 611 617 618
3 612 611 618
3 617 584 598
3 606 617 598
3 617 606 619
3 618 617 619
3 620 587 585
3 615 620 585
3 616 621 620
3 615 616 620
3 622 589 587
3 620 622 587
3 621 623 622
3 620 621 622
3 624 591 589
3 622 624 589
3 623 625 624
3 622 623 624
3 627 593 596
3 626 627 596
3 628 629 627
3 626 628 627
3 630 619 606
3 605 630 606
3 632 633 634
3 631 632 634
3 635 636 634
3 633 635 634
3 635 633 638
3 637 635 638
3 639 640 636
3 635 639 636
3 639 635 637
3 641 639 637
3 642 643 640
3 639 642 640
3 642 639 641
3 644 642 641
3 645 646 643
3 642 645 643
3 645 642 644
3 647 645 644
3 648 649 646
3 645 648 646
3 648 645 647
3 650 648 647
3 651 652 649
3 648 651 649
3 651 648 650
3 653 651 650
3 654 655 652
3 651 654 652
3 654 651 653
3 656 654 653
3 657 658 655
3 654 657 655
3 657 654 656
3 659 657 656
3 660 661 658
3 657 660 658
3 660 657 659
3 662 660 659
3 663 664 661
3 660 663 661
3 663 660 662
3 665 663 662
3 667 668 669
3 666 667 669
3 671 632 631
3 670 671 631
3 667 666 673
3 672 667 673
3 638 633 632
3 674 638 632
3 674 632 671
3 675 674 671
3 677 678 679
3 676 677 679
3 677 676 646
3 649 677 646
3 678 603 602
3 679 678 602
3 680 681 678
3 677 680 678
3 680 677 649
3 652 680 649
3 681 614 603
3 678 681 603
3 676 679 683
3 682 676 683
3 643 646 676
3 682 643 676
3 679 602 608
3 683 679 608
3 682 683 685
3 684 682 685
3 640 643 682
3 684 640 682
3 683 608 610
3 685 683 610
3 686 687 681
3 680 686 681
3 686 680 652
3 655 686 652
3 687 616 614
3 681 687 614
3 688 689 687
3 686 688 687
3 688 686 655
3 658 688 655
3 689 621 616
3 687 689 616
3 690 691 689
3 688 690 689
3 690 688 658
3 661 690 658
3 691 623 621
3 689 691 621
3 684 685 693
3 692 684 693
3 636 640 684
3 692 636 684
3 685 610 612
3 693 685 612
3 692 693 695
3 694 692 695
3 634 636 692
3 694 634 692
3 693 612 618
3 695 693 618
3 695 618 619
3 696 695 619
3 694 695 696
3 697 694 696
3 631 634 694
3 697 631 694
3 670 631 697
3 698 670 697
3 696 619 630
3 699 696 630
3 697 696 699
3 698 697 699
3 669 668 701
3 700 669 701
3 703 629 628
3 702 703 628
3 704 705 691
3 690 704 691
3 701 703 702
3 700 701 702
3 704 690 661
3 664 704 661
3 705 625 623
3 691 705 623
3 675 671 667
3 672 675 667
3 667 671 670
3 668 667 670
3 668 670 698
3 701 668 698
3 698 699 703
3 701 698 703
3 699 630 629
3 703 699 629
3 629 630 605
3 627 629 605
3 605 599 593
3 627 605 593
3 599 600 594
3 593 599 594
3 570 49 32
3 569 570 32
3 552 543 551
3 556 552 551
3 551 550 555
3 556 551 555
3 516 513 706
3 523 516 706
3 513 511 510
3 706 513 510
3 706 510 520
3 523 706 520
3 708 126 133
3 707 708 133
3 707 710 145
3 709 707 145
3 143 136 709
3 145 143 709
3 135 711 709
3 136 135 709
3 713 707 709
3 712 713 709
3 709 711 714
3 712 709 714
3 135 121 715
3 711 135 715
3 714 711 715
3 716 714 715
3 122 126 708
3 717 122 708
3 119 122 717
3 120 119 717
3 121 120 717
3 715 121 717
3 712 714 718
3 713 712 718
3 716 715 717
3 719 716 717
3 717 708 718
3 719 717 718
3 708 707 713
3 718 708 713
3 714 716 719
3 718 714 719
3 721 14 17
3 720 721 17
3 17 18 28
3 720 17 28
3 720 28 30
3 722 720 30
3 164 723 722
3 30 164 722
3 725 720 722
3 724 725 722
3 722 723 726
3 724 722 726
3 164 161 727
3 723 164 727
3 161 5 4
3 727 161 4
3 726 723 727
3 728 726 727
3 727 4 12
3 729 727 12
3 14 721 729
3 12 14 729
3 724 726 730
3 725 724 730
3 728 727 729
3 731 728 729
3 729 721 730
3 731 729 730
3 721 720 725
3 730 721 725
3 726 728 731
3 730 726 731
3 542 541 540
3 732 542 540
3 0 3 733
3 458 0 733
3 525 458 733
3 527 525 733
3 546 503 734
3 533 546 734
3 530 528 527
3 733 530 527
3 1 13 735
3 2 1 735
3 6 76 736
3 7 6 736
3 13 7 736
3 735 13 736
3 707 133 737
3 710 707 737
3 710 737 739
3 738 710 739
3 739 737 741
3 740 739 741
3 133 132 741
3 737 133 741
3 132 129 742
3 741 132 742
3 129 131 501
3 742 129 501
3 744 741 742
3 743 744 742
3 498 500 745
3 501 498 745
3 742 501 745
3 742 745 746
3 743 742 746
3 748 749 750
3 747 748 750
3 751 752 747
3 750 751 747
3 754 755 756
3 753 754 756
3 752 754 753
3 757 752 753
3 748 747 759
3 758 748 759
3 747 752 757
3 759 747 757
3 755 754 761
3 760 755 761
3 752 751 761
3 754 752 761
3 750 749 762
3 751 750 762
3 145 710 760
3 763 145 760
3 764 765 766
3 768 769 770
3 767 768 770
3 770 769 81
3 81 80 144
3 770 81 144
3 771 767 770
3 764 771 770
3 763 765 764
3 770 763 764
3 145 763 770
3 144 145 770
3 764 766 771
3 749 748 772
3 772 768 767
3 749 772 767
3 767 771 773
3 749 767 773
3 774 762 749
3 773 774 749
3 766 774 773
3 771 766 773
3 710 738 755
3 760 710 755
3 765 763 760
3 775 765 760
3 762 774 775
3 760 762 775
3 751 762 760
3 761 751 760
3 774 766 765
3 775 774 765
3 777 744 743
3 776 777 743
3 779 780 781
3 778 779 781
3 783 784 785
3 782 783 785
3 779 778 785
3 784 779 785
3 784 783 787
3 786 784 787
3 779 784 786
3 788 779 786
3 779 788 789
3 780 779 789
3 745 790 791
3 746 745 791
3 781 776 792
3 778 781 792
3 794 782 795
3 793 794 795
3 796 797 732
3 799 797 796
3 798 799 796
3 732 540 536
3 796 732 536
3 536 535 793
3 796 536 793
3 793 795 796
3 795 800 798
3 796 795 798
3 800 801 799
3 798 800 799
3 499 497 542
3 790 499 542
3 500 499 790
3 745 500 790
3 803 791 790
3 802 803 790
3 542 732 797
3 790 542 797
3 797 799 802
3 790 797 802
3 799 801 803
3 802 799 803
3 805 792 776
3 804 805 776
3 780 777 776
3 781 780 776
3 743 746 791
3 776 743 791
3 791 803 804
3 776 791 804
3 803 801 805
3 804 803 805
3 794 806 783
3 782 794 783
3 800 795 782
3 807 800 782
3 792 805 807
3 782 792 807
3 778 792 782
3 785 778 782
3 805 801 800
3 807 805 800
3 758 759 757
3 808 758 757
3 756 739 740
3 809 756 740
3 787 783 806
3 806 810 811
3 787 806 811
3 813 814 787
3 812 813 787
3 814 788 786
3 787 814 786
3 811 815 812
3 787 811 812
3 816 813 812
3 815 816 812
3 814 813 818
3 817 814 818
3 788 814 817
3 789 788 817
3 809 740 741
3 817 809 741
3 819 809 817
3 818 819 817
3 741 744 777
3 817 741 777
3 777 780 789
3 817 777 789
3 816 819 818
3 813 816 818
3 755 738 739
3 756 755 739
3 808 757 753
3 756 808 753
3 821 808 756
3 820 821 756
3 809 819 820
3 756 809 820
3 816 821 820
3 819 816 820
3 815 811 758
3 822 815 758
3 758 811 810
3 810 772 748
3 758 810 748
3 808 821 822
3 758 808 822
3 816 815 822
3 821 816 822
3 824 825 826
3 823 824 826
3 823 827 828
3 824 823 828
3 830 831 832
3 829 830 832
3 834 835 836
3 833 834 836
3 837 838 835
3 834 837 835
3 833 836 840
3 839 833 840
3 842 843 844
3 841 842 844
3 841 844 846
3 845 841 846
3 845 846 848
3 847 845 848
3 835 849 850
3 836 835 850
3 838 851 849
3 835 838 849
3 843 852 853
3 844 843 853
3 844 853 854
3 846 844 854
3 846 854 855
3 848 846 855
3 851 856 857
3 849 851 857
3 849 857 858
3 850 849 858
3 859 860 861
3 852 859 861
3 852 861 862
3 853 852 862
3 853 862 863
3 854 853 863
3 854 863 864
3 855 854 864
3 829 866 867
3 865 829 867
3 829 832 868
3 866 829 868
3 826 870 871
3 869 826 871
3 826 869 872
3 823 826 872
3 827 823 872
3 873 827 872
3 875 876 877
3 874 875 877
3 874 877 879
3 878 874 879
3 878 879 881
3 880 878 881
3 883 884 885
3 882 883 885
3 876 867 866
3 877 876 866
3 866 868 879
3 877 866 879
3 867 876 887
3 886 867 887
3 879 868 888
3 881 879 888
3 871 885 884
3 869 871 884
3 869 884 889
3 872 869 889
3 865 867 886
3 890 865 886
3 832 831 892
3 891 832 892
3 832 891 888
3 868 832 888
3 871 870 894
3 893 871 894
3 842 895 896
3 843 842 896
3 837 897 898
3 838 837 898
3 836 850 899
3 840 836 899
3 838 898 900
3 851 838 900
3 850 858 901
3 899 850 901
3 851 900 902
3 856 851 902
3 882 885 904
3 903 882 904
3 871 893 904
3 885 871 904
3 872 889 905
3 873 872 905
3 907 888 891
3 906 907 891
3 904 893 909
3 908 904 909
3 894 911 912
3 910 894 912
3 890 914 915
3 913 890 915
3 886 916 914
3 890 886 914
3 909 893 894
3 910 909 894
3 828 827 906
3 917 828 906
3 827 873 907
3 906 827 907
3 892 917 906
3 891 892 906
3 873 905 918
3 907 873 918
3 888 907 918
3 881 888 918
3 916 886 887
3 919 916 887
3 839 840 921
3 920 839 921
3 895 922 923
3 896 895 923
3 847 848 925
3 924 847 925
3 897 924 925
3 898 897 925
3 840 899 926
3 921 840 926
3 896 923 927
3 859 896 927
3 848 855 928
3 925 848 928
3 898 925 928
3 900 898 928
3 855 864 929
3 928 855 929
3 900 928 929
3 902 900 929
3 880 881 918
3 930 880 918
3 931 930 918
3 905 931 918
3 933 934 935
3 932 933 935
3 934 933 937
3 936 934 937
3 932 935 939
3 938 932 939
3 941 942 943
3 940 941 943
3 940 943 945
3 944 940 945
3 944 945 947
3 946 944 947
3 859 927 948
3 860 859 948
3 926 899 901
3 949 926 901
3 951 946 947
3 950 951 947
3 936 937 952
3 950 936 952
3 932 858 857
3 933 932 857
3 948 942 941
3 860 948 941
3 856 937 933
3 857 856 933
3 938 901 858
3 932 938 858
3 902 952 937
3 856 902 937
3 939 949 901
3 938 939 901
3 929 950 952
3 902 929 952
3 940 861 860
3 941 940 860
3 944 862 861
3 940 944 861
3 946 863 862
3 944 946 862
3 951 864 863
3 946 951 863
3 950 929 864
3 951 950 864
3 837 834 954
3 953 837 954
3 890 913 955
3 865 890 955
3 829 865 955
3 830 829 955
3 837 953 956
3 897 837 956
3 958 845 847
3 957 958 847
3 897 956 959
3 924 897 959
3 847 924 959
3 957 847 959
3 961 953 954
3 960 961 954
3 825 824 961
3 960 825 961
3 824 828 962
3 961 824 962
3 962 956 953
3 961 962 953
3 831 830 964
3 963 831 964
3 892 831 963
3 965 892 963
3 957 965 963
3 958 957 963
3 828 917 966
3 962 828 966
3 966 959 956
3 962 966 956
3 917 892 965
3 966 917 965
3 959 966 965
3 957 959 965
3 968 839 920
3 967 968 920
3 970 968 967
3 969 970 967
3 922 895 972
3 971 922 972
3 913 915 974
3 973 913 974
3 973 974 976
3 975 973 976
3 976 971 972
3 975 976 972
3 913 973 977
3 955 913 977
3 972 895 842
3 978 972 842
3 964 830 955
3 977 964 955
3 839 968 979
3 833 839 979
3 834 833 979
3 954 834 979
3 968 970 980
3 979 968 980
3 969 981 982
3 970 969 982
3 912 911 982
3 981 912 982
3 960 954 979
3 983 960 979
3 982 911 985
3 984 982 985
3 894 870 985
3 911 894 985
3 983 979 980
3 984 983 980
3 980 970 982
3 984 980 982
3 826 825 985
3 870 826 985
3 825 960 983
3 985 825 983
3 985 983 984
3 986 978 987
3 978 842 841
3 987 978 841
3 845 958 987
3 841 845 987
3 958 963 964
3 987 958 964
3 964 977 986
3 987 964 986
3 972 978 986
3 975 972 986
3 973 975 986
3 977 973 986
3 989 990 991
3 988 989 991
3 990 989 993
3 992 990 993
3 988 991 995
3 994 988 995
3 997 998 999
3 996 997 999
3 1001 1002 1003
3 1000 1001 1003
3 996 999 1000
3 1003 996 1000
3 993 1004 1005
3 992 993 1005
3 1002 1001 1005
3 1006 1002 1005
3 1005 1007 1008
3 1006 1005 1008
3 1003 1002 1010
3 1009 1003 1010
3 1002 1006 1008
3 1010 1002 1008
3 1012 993 989
3 1011 1012 989
3 988 1013 1011
3 989 988 1011
3 994 1014 1013
3 988 994 1013
3 1015 1004 993
3 1012 1015 993
3 1007 1005 1004
3 1015 1007 1004
3 995 1016 1014
3 994 995 1014
3 996 1017 1018
3 997 996 1018
3 1019 998 997
3 1018 1019 997
3 1003 1009 1017
3 996 1003 1017
3 852 843 896
3 859 852 896
3 882 903 1018
3 1017 882 1018
3 882 1017 1009
3 883 882 1009
3 1020 883 1009
3 1010 1020 1009
3 931 1020 1010
3 1008 931 1010
3 930 931 1008
3 1007 930 1008
3 880 930 1007
3 1015 880 1007
3 878 880 1015
3 1012 878 1015
3 874 878 1012
3 1011 874 1012
3 874 1011 1013
3 875 874 1013
3 875 1013 1014
3 1021 875 1014
3 1022 1021 1014
3 1016 1022 1014
3 903 1023 1019
3 1018 903 1019
3 884 883 1020
3 889 884 1020
3 889 1020 931
3 905 889 931
3 876 875 1021
3 887 876 1021
3 919 887 1021
3 1022 919 1021
3 904 908 1023
3 903 904 1023
3 1025 1026 1027
3 1024 1025 1027
3 1024 1027 1029
3 1028 1024 1029
3 1031 1032 1033
3 1030 1031 1033
3 1028 1029 1035
3 1034 1028 1035
3 1024 1028 1037
3 1036 1024 1037
3 1028 1034 1038
3 1037 1028 1038
3 1038 1039 1040
3 1037 1038 1040
3 1042 1043 1044
3 1041 1042 1044
3 1046 1042 1041
3 1045 1046 1041
3 1044 1032 1031
3 1041 1044 1031
3 1031 1047 1045
3 1041 1031 1045
3 1045 1047 1048
3 1040 1045 1048
3 1039 1046 1045
3 1040 1039 1045
3 1036 1037 1040
3 1048 1036 1040
3 1047 1031 1030
3 1049 1047 1030
3 1051 1052 1053
3 1050 1051 1053
3 1025 1024 1036
3 1054 1025 1036
3 1048 1047 1049
3 1055 1048 1049
3 1036 1048 1055
3 1054 1036 1055
3 1057 1054 1055
3 1056 1057 1055
3 1055 1049 1058
3 1056 1055 1058
3 1060 1033 1032
3 1059 1060 1032
3 1059 1032 1044
3 1061 1059 1044
3 1044 1043 1062
3 1061 1044 1062
3 1035 1029 1064
3 1063 1035 1064
3 1029 1027 1065
3 1064 1029 1065
3 1065 1027 1026
3 1066 1065 1026
3 1068 1069 1070
3 1067 1068 1070
3 1060 1071 1072
3 1033 1060 1072
3 1068 1067 1074
3 1073 1068 1074
3 1071 1073 1074
3 1072 1071 1074
3 1070 1075 1076
3 1067 1070 1076
3 1030 1033 1072
3 1077 1030 1072
3 1067 1076 1078
3 1074 1067 1078
3 1072 1074 1078
3 1077 1072 1078
3 1049 1030 1077
3 1079 1049 1077
3 1076 1075 1052
3 1080 1076 1052
3 1079 1077 1078
3 1081 1079 1078
3 1078 1076 1080
3 1081 1078 1080
3 1049 1079 1082
3 1058 1049 1082
3 1079 1081 1083
3 1082 1079 1083
3 1080 1052 1051
3 1084 1080 1051
3 1081 1080 1084
3 1083 1081 1084
3 1069 1068 1086
3 1085 1069 1086
3 1088 1089 1090
3 1087 1088 1090
3 1092 1066 1026
3 1091 1092 1026
3 1094 1095 1096
3 1093 1094 1096
3 1092 1091 1098
3 1097 1092 1098
3 1095 1097 1098
3 1096 1095 1098
3 1026 1025 1099
3 1091 1026 1099
3 1101 1093 1096
3 1100 1101 1096
3 1091 1099 1102
3 1098 1091 1102
3 1096 1098 1102
3 1100 1096 1102
3 1099 1025 1054
3 1103 1099 1054
3 1105 1100 1102
3 1104 1105 1102
3 1102 1099 1103
3 1104 1102 1103
3 1105 1104 1107
3 1106 1105 1107
3 1103 1054 1057
3 1108 1103 1057
3 1104 1103 1108
3 1107 1104 1108
3 1052 1075 1109
3 1053 1052 1109
3 1069 1110 1111
3 1070 1069 1111
3 1075 1070 1111
3 1109 1075 1111
3 1101 1100 1105
3 1112 1101 1105
3 1112 1105 1106
3 1113 1112 1106
3 1110 1069 1085
3 1114 1110 1085
3 1116 1053 1109
3 1115 1116 1109
3 1114 1117 1118
3 1110 1114 1118
3 1093 1101 1120
3 1119 1093 1120
3 1101 1112 1121
3 1120 1101 1121
3 1111 1122 1115
3 1109 1111 1115
3 1094 1093 1119
3 1123 1094 1119
3 1089 1088 1118
3 1117 1089 1118
3 1122 1111 1110
3 1118 1122 1110
3 1050 1053 1116
3 1124 1050 1116
3 1113 1125 1121
3 1112 1113 1121
3 1127 1034 1035
3 1126 1127 1035
3 1035 1063 1128
3 1126 1035 1128
3 1130 1126 1128
3 1129 1130 1128
3 1043 1042 1132
3 1131 1043 1132
3 1134 1130 1129
3 1133 1134 1129
3 1043 1131 1135
3 1062 1043 1135
3 1134 1133 1137
3 1136 1134 1137
3 1131 1136 1137
3 1135 1131 1137
3 1131 1132 1138
3 1136 1131 1138
3 1132 1042 1046
3 1139 1132 1046
3 1138 1132 1139
3 1140 1138 1139
3 1136 1138 1141
3 1134 1136 1141
3 1046 1039 1142
3 1139 1046 1142
3 1139 1142 1143
3 1140 1139 1143
3 1138 1140 1143
3 1141 1138 1143
3 1039 1038 1144
3 1142 1039 1144
3 1038 1034 1127
3 1144 1038 1127
3 1127 1126 1130
3 1145 1127 1130
3 1143 1142 1144
3 1146 1143 1144
3 1134 1141 1145
3 1130 1134 1145
3 1141 1143 1146
3 1145 1141 1146
3 1144 1127 1145
3 1146 1144 1145
3 1148 1149 1150
3 1147 1148 1150
3 1137 1149 1148
3 1151 1137 1148
3 1150 1152 1153
3 1147 1150 1153
3 1135 1137 1151
3 1154 1135 1151
3 1156 1148 1147
3 1155 1156 1147
3 1148 1156 1157
3 1151 1148 1157
3 1155 1147 1153
3 1158 1155 1153
3 1153 1152 1160
3 1159 1153 1160
3 1158 1153 1159
3 1161 1158 1159
3 1151 1157 1162
3 1154 1151 1162
3 1062 1135 1154
3 1163 1062 1154
3 1159 1160 1165
3 1164 1159 1165
3 1155 1158 1161
3 1166 1155 1161
3 1156 1155 1166
3 1167 1156 1166
3 1156 1167 1168
3 1157 1156 1168
3 1154 1162 1169
3 1163 1154 1169
3 1162 1157 1168
3 1169 1162 1168
3 1061 1062 1163
3 1170 1061 1163
3 1167 1166 1172
3 1171 1167 1172
3 1166 1161 1173
3 1172 1166 1173
3 1161 1159 1164
3 1173 1161 1164
3 1164 1165 1175
3 1174 1164 1175
3 1167 1171 1176
3 1168 1167 1176
3 1168 1176 1177
3 1169 1168 1177
3 1163 1169 1177
3 1170 1163 1177
3 1059 1061 1170
3 1178 1059 1170
3 1174 1175 1180
3 1179 1174 1180
3 1173 1164 1174
3 1181 1173 1174
3 1172 1173 1181
3 1182 1172 1181
3 1171 1172 1182
3 1183 1171 1182
3 1171 1183 1184
3 1176 1171 1184
3 1176 1184 1185
3 1177 1176 1185
3 1170 1177 1185
3 1178 1170 1185
3 1060 1059 1178
3 1186 1060 1178
3 1174 1179 1187
3 1181 1174 1187
3 1179 1180 1189
3 1188 1179 1189
3 1181 1187 1190
3 1182 1181 1190
3 1182 1190 1191
3 1183 1182 1191
3 1183 1191 1192
3 1184 1183 1192
3 1184 1192 1193
3 1185 1184 1193
3 1178 1185 1193
3 1186 1178 1193
3 1071 1060 1186
3 1194 1071 1186
3 1187 1179 1188
3 1195 1187 1188
3 1087 1090 1197
3 1196 1087 1197
3 1188 1189 1196
3 1197 1188 1196
3 1187 1195 1198
3 1190 1187 1198
3 1190 1198 1199
3 1191 1190 1199
3 1191 1199 1200
3 1192 1191 1200
3 1192 1200 1201
3 1193 1192 1201
3 1186 1193 1201
3 1194 1186 1201
3 1068 1073 1202
3 1086 1068 1202
3 1071 1194 1202
3 1073 1071 1202
3 1199 1198 1204
3 1203 1199 1204
3 1198 1195 1205
3 1204 1198 1205
3 1195 1188 1197
3 1205 1195 1197
3 1199 1203 1206
3 1200 1199 1206
3 1201 1200 1206
3 1207 1201 1206
3 1202 1194 1201
3 1207 1202 1201
3 1197 1090 1209
3 1208 1197 1209
3 1205 1197 1208
3 1210 1205 1208
3 1204 1205 1210
3 1211 1204 1210
3 1203 1204 1211
3 1212 1203 1211
3 1203 1212 1213
3 1206 1203 1213
3 1206 1213 1214
3 1207 1206 1214
3 1202 1207 1214
3 1215 1202 1214
3 1216 1086 1202
3 1215 1216 1202
3 1114 1217 1218
3 1117 1114 1218
3 1090 1089 1219
3 1209 1090 1219
3 1212 1211 1221
3 1220 1212 1221
3 1212 1220 1222
3 1213 1212 1222
3 1222 1220 1224
3 1223 1222 1224
3 1213 1222 1225
3 1214 1213 1225
3 1215 1214 1225
3 1216 1215 1225
3 1224 1217 1226
3 1217 1114 1085
3 1226 1217 1085
3 1085 1086 1216
3 1226 1085 1216
3 1216 1225 1227
3 1226 1216 1227
3 1223 1224 1226
3 1227 1223 1226
3 1222 1223 1227
3 1225 1222 1227
3 1208 1209 1228
3 1210 1208 1228
3 1211 1210 1228
3 1221 1211 1228
3 1217 1224 1229
3 1218 1217 1229
3 1224 1220 1221
3 1229 1224 1221
3 1089 1117 1218
3 1219 1089 1218
3 1228 1209 1219
3 1230 1228 1219
3 1219 1218 1229
3 1219 1229 1230
3 1221 1228 1230
3 1229 1221 1230
3 1232 1233 1234
3 1231 1232 1234
3 1236 1232 1231
3 1235 1236 1231
3 1238 1239 1240
3 1237 1238 1240
3 1242 1236 1235
3 1241 1242 1235
3 1244 1235 1231
3 1243 1244 1231
3 1245 1241 1235
3 1244 1245 1235
3 1246 1247 1245
3 1244 1246 1245
3 1249 1250 1251
3 1248 1249 1251
3 1248 1251 1253
3 1252 1248 1253
3 1240 1239 1249
3 1248 1240 1249
3 1252 1254 1240
3 1248 1252 1240
3 1255 1254 1252
3 1246 1255 1252
3 1252 1253 1247
3 1246 1252 1247
3 1246 1244 1243
3 1255 1246 1243
3 1237 1240 1254
3 1256 1237 1254
3 1258 1259 1260
3 1257 1258 1260
3 1243 1231 1234
3 1261 1243 1234
3 1256 1254 1255
3 1262 1256 1255
3 1262 1255 1243
3 1261 1262 1243
3 1262 1261 1264
3 1263 1262 1264
3 1265 1256 1262
3 1263 1265 1262
3 1239 1238 1267
3 1266 1239 1267
3 1249 1239 1266
3 1268 1249 1266
3 1269 1250 1249
3 1268 1269 1249
3 1271 1236 1242
3 1270 1271 1242
3 1272 1232 1236
3 1271 1272 1236
3 1233 1232 1272
3 1273 1233 1272
3 1275 1276 1277
3 1274 1275 1277
3 1278 1279 1267
3 1238 1278 1267
3 1281 1274 1277
3 1280 1281 1277
3 1281 1280 1279
3 1278 1281 1279
3 1282 1283 1275
3 1274 1282 1275
3 1278 1238 1237
3 1284 1278 1237
3 1285 1282 1274
3 1281 1285 1274
3 1285 1281 1278
3 1284 1285 1278
3 1284 1237 1256
3 1286 1284 1256
3 1259 1283 1282
3 1287 1259 1282
3 1285 1284 1286
3 1288 1285 1286
3 1287 1282 1285
3 1288 1287 1285
3 1289 1286 1256
3 1265 1289 1256
3 1290 1288 1286
3 1289 1290 1286
3 1260 1259 1287
3 1291 1260 1287
3 1291 1287 1288
3 1290 1291 1288
3 1293 1277 1276
3 1292 1293 1276
3 1295 1296 1297
3 1294 1295 1297
3 1233 1273 1299
3 1298 1233 1299
3 1301 1302 1303
3 1300 1301 1303
3 1305 1298 1299
3 1304 1305 1299
3 1305 1304 1302
3 1301 1305 1302
3 1306 1234 1233
3 1298 1306 1233
3 1301 1300 1308
3 1307 1301 1308
3 1309 1306 1298
3 1305 1309 1298
3 1309 1305 1301
3 1307 1309 1301
3 1261 1234 1306
3 1310 1261 1306
3 1309 1307 1312
3 1311 1309 1312
3 1310 1306 1309
3 1311 1310 1309
3 1314 1311 1312
3 1313 1314 1312
3 1264 1261 1310
3 1315 1264 1310
3 1315 1310 1311
3 1314 1315 1311
3 1316 1283 1259
3 1258 1316 1259
3 1317 1318 1276
3 1275 1317 1276
3 1317 1275 1283
3 1316 1317 1283
3 1312 1307 1308
3 1319 1312 1308
3 1313 1312 1319
3 1320 1313 1319
3 1292 1276 1318
3 1321 1292 1318
3 1316 1258 1323
3 1322 1316 1323
3 1324 1325 1321
3 1318 1324 1321
3 1327 1308 1300
3 1326 1327 1300
3 1328 1319 1308
3 1327 1328 1308
3 1322 1329 1317
3 1316 1322 1317
3 1326 1300 1303
3 1330 1326 1303
3 1324 1297 1296
3 1325 1324 1296
3 1318 1317 1329
3 1324 1318 1329
3 1323 1258 1257
3 1331 1323 1257
3 1328 1332 1320
3 1319 1328 1320
3 1242 1241 1334
3 1333 1242 1334
3 1335 1270 1242
3 1333 1335 1242
3 1335 1333 1337
3 1336 1335 1337
3 1339 1251 1250
3 1338 1339 1250
3 1336 1337 1341
3 1340 1336 1341
3 1342 1338 1250
3 1269 1342 1250
3 1344 1340 1341
3 1343 1344 1341
3 1344 1343 1338
3 1342 1344 1338
3 1345 1339 1338
3 1343 1345 1338
3 1253 1251 1339
3 1346 1253 1339
3 1346 1339 1345
3 1347 1346 1345
3 1348 1345 1343
3 1341 1348 1343
3 1349 1247 1253
3 1346 1349 1253
3 1350 1349 1346
3 1347 1350 1346
3 1350 1347 1345
3 1348 1350 1345
3 1351 1245 1247
3 1349 1351 1247
3 1334 1241 1245
3 1351 1334 1245
3 1337 1333 1334
3 1352 1337 1334
3 1351 1349 1350
3 1353 1351 1350
3 1352 1348 1341
3 1337 1352 1341
3 1353 1350 1348
3 1352 1353 1348
3 1352 1334 1351
3 1353 1352 1351
3 1355 1356 1357
3 1354 1355 1357
3 1357 1356 1344
3 1358 1357 1344
3 1359 1360 1355
3 1354 1359 1355
3 1358 1344 1342
3 1361 1358 1342
3 1354 1357 1363
3 1362 1354 1363
3 1364 1363 1357
3 1358 1364 1357
3 1359 1354 1362
3 1365 1359 1362
3 1367 1360 1359
3 1366 1367 1359
3 1366 1359 1365
3 1368 1366 1365
3 1369 1364 1358
3 1361 1369 1358
3 1361 1342 1269
3 1370 1361 1269
3 1372 1367 1366
3 1371 1372 1366
3 1368 1365 1362
3 1373 1368 1362
3 1373 1362 1363
3 1374 1373 1363
3 1375 1374 1363
3 1364 1375 1363
3 1376 1369 1361
3 1370 1376 1361
3 1375 1364 1369
3 1376 1375 1369
3 1370 1269 1268
3 1377 1370 1268
3 1379 1373 1374
3 1378 1379 1374
3 1380 1368 1373
3 1379 1380 1373
3 1371 1366 1368
3 1380 1371 1368
3 1382 1372 1371
3 1381 1382 1371
3 1383 1378 1374
3 1375 1383 1374
3 1384 1383 1375
3 1376 1384 1375
3 1384 1376 1370
3 1377 1384 1370
3 1377 1268 1266
3 1385 1377 1266
3 1387 1382 1381
3 1386 1387 1381
3 1381 1371 1380
3 1388 1381 1380
3 1388 1380 1379
3 1389 1388 1379
3 1389 1379 1378
3 1390 1389 1378
3 1391 1390 1378
3 1383 1391 1378
3 1392 1391 1383
3 1384 1392 1383
3 1392 1384 1377
3 1385 1392 1377
3 1385 1266 1267
3 1393 1385 1267
3 1394 1386 1381
3 1388 1394 1381
3 1396 1387 1386
3 1395 1396 1386
3 1397 1394 1388
3 1389 1397 1388
3 1398 1397 1389
3 1390 1398 1389
3 1399 1398 1390
3 1391 1399 1390
3 1400 1399 1391
3 1392 1400 1391
3 1400 1392 1385
3 1393 1400 1385
3 1393 1267 1279
3 1401 1393 1279
3 1395 1386 1394
3 1402 1395 1394
3 1404 1295 1294
3 1403 1404 1294
3 1403 1396 1395
3 1404 1403 1395
3 1405 1402 1394
3 1397 1405 1394
3 1406 1405 1397
3 1398 1406 1397
3 1407 1406 1398
3 1399 1407 1398
3 1408 1407 1399
3 1400 1408 1399
3 1408 1400 1393
3 1401 1408 1393
3 1409 1280 1277
3 1293 1409 1277
3 1409 1401 1279
3 1280 1409 1279
3 1411 1405 1406
3 1410 1411 1406
3 1412 1402 1405
3 1411 1412 1405
3 1404 1395 1402
3 1412 1404 1402
3 1413 1410 1406
3 1407 1413 1406
3 1413 1407 1408
3 1414 1413 1408
3 1408 1401 1409
3 1414 1408 1409
3 1416 1295 1404
3 1415 1416 1404
3 1415 1404 1412
3 1417 1415 1412
3 1417 1412 1411
3 1418 1417 1411
3 1418 1411 1410
3 1419 1418 1410
3 1420 1419 1410
3 1413 1420 1410
3 1421 1420 1413
3 1414 1421 1413
3 1421 1414 1409
3 1422 1421 1409
3 1409 1293 1423
3 1422 1409 1423
3 1424 1425 1321
3 1325 1424 1321
3 1426 1296 1295
3 1416 1426 1295
3 1428 1418 1419
3 1427 1428 1419
3 1429 1427 1419
3 1420 1429 1419
3 1431 1427 1429
3 1430 1431 1429
3 1432 1429 1420
3 1421 1432 1420
3 1432 1421 1422
3 1423 1432 1422
3 1431 1433 1425
3 1292 1321 1425
3 1433 1292 1425
3 1423 1293 1292
3 1433 1423 1292
3 1434 1432 1423
3 1433 1434 1423
3 1433 1431 1430
3 1434 1433 1430
3 1434 1430 1429
3 1432 1434 1429
3 1435 1416 1415
3 1417 1435 1415
3 1435 1417 1418
3 1428 1435 1418
3 1436 1431 1425
3 1424 1436 1425
3 1428 1427 1431
3 1436 1428 1431
3 1424 1325 1296
3 1426 1424 1296
3 1426 1416 1435
3 1437 1426 1435
3 1426 1436 1424
3 1426 1437 1436
3 1437 1435 1428
3 1436 1437 1428
3 1439 1440 1441
3 1438 1439 1441
3 1443 1439 1438
3 1442 1443 1438
3 1445 1443 1442
3 1444 1445 1442
3 1447 1448 1449
3 1446 1447 1449
3 1440 1450 1451
3 1441 1440 1451
3 1450 1447 1446
3 1451 1450 1446
3 1453 1454 1455
3 1452 1453 1455
3 1457 1453 1452
3 1456 1457 1452
3 1459 1460 1461
3 1458 1459 1461
3 1463 1457 1456
3 1462 1463 1456
3 1465 1466 1467
3 1464 1465 1467
3 1469 1470 1471
3 1468 1469 1471
3 1473 1474 1475
3 1472 1473 1475
3 1477 1478 1479
3 1476 1477 1479
3 1481 1482 1483
3 1480 1481 1483
3 1485 1486 1487
3 1484 1485 1487
3 1489 1490 1491
3 1488 1489 1491
3 1493 1494 1495
3 1492 1493 1495
3 1489 1488 1492
3 1495 1489 1492
3 1497 1498 1499
3 1496 1497 1499
3 1498 1500 1471
3 1499 1498 1471
3 1501 1502 1498
3 1497 1501 1498
3 1502 1474 1500
3 1498 1502 1500
3 1503 1504 1502
3 1501 1503 1502
3 1504 1475 1474
3 1502 1504 1474
3 1505 1506 1504
3 1503 1505 1504
3 1506 1507 1475
3 1504 1506 1475
3 1509 1510 1511
3 1508 1509 1511
3 1510 1478 1512
3 1511 1510 1512
3 1513 1514 1510
3 1509 1513 1510
3 1514 1479 1478
3 1510 1514 1478
3 1515 1516 1514
3 1513 1515 1514
3 1516 1517 1479
3 1514 1516 1479
3 1519 1488 1491
3 1518 1519 1491
3 1463 1462 1480
3 1520 1463 1480
3 1521 1522 1516
3 1515 1521 1516
3 1523 1524 1525
3 1459 1523 1525
3 1480 1483 1520
3 1525 1460 1459
3 1526 1527 1522
3 1521 1526 1522
3 1517 1516 1522
3 1524 1517 1522
3 1525 1524 1522
3 1527 1525 1522
3 1528 1529 1527
3 1526 1528 1527
3 1529 1460 1525
3 1527 1529 1525
3 1490 1530 1531
3 1491 1490 1531
3 1532 1482 1481
3 1461 1460 1529
3 1533 1461 1529
3 1534 1533 1529
3 1528 1534 1529
3 1458 1461 1535
3 1486 1485 1532
3 1481 1486 1532
3 1530 1535 1536
3 1531 1530 1536
3 1518 1491 1531
3 1537 1518 1531
3 1537 1531 1536
3 1538 1537 1536
3 1461 1533 1536
3 1535 1461 1536
3 1538 1536 1533
3 1534 1538 1533
3 1496 1499 1540
3 1539 1496 1540
3 1466 1465 1542
3 1541 1466 1542
3 1544 1545 1493
3 1543 1544 1493
3 1494 1493 1545
3 1546 1494 1545
3 1470 1469 1548
3 1547 1470 1548
3 1499 1471 1470
3 1540 1499 1470
3 1546 1545 1549
3 1547 1546 1549
3 1550 1549 1545
3 1544 1550 1545
3 1539 1540 1549
3 1550 1539 1549
3 1449 1448 1541
3 1542 1449 1541
3 1470 1547 1549
3 1540 1470 1549
3 1475 1507 1551
3 1472 1475 1551
3 1512 1478 1477
3 1552 1512 1477
3 1479 1517 1553
3 1476 1479 1553
3 1517 1524 1523
3 1553 1517 1523
3 1535 1530 1554
3 1458 1535 1554
3 1556 1557 1558
3 1555 1556 1558
3 1530 1490 1559
3 1554 1530 1559
3 1561 1562 1563
3 1560 1561 1563
3 1546 1547 1548
3 1564 1546 1548
3 1471 1500 1565
3 1468 1471 1565
3 1562 1566 1567
3 1563 1562 1567
3 1569 1570 1571
3 1568 1569 1571
3 1500 1474 1473
3 1565 1500 1473
3 1573 1574 1575
3 1572 1573 1575
3 1577 1578 1579
3 1576 1577 1579
3 1579 1580 1581
3 1576 1579 1581
3 1578 1577 1583
3 1582 1578 1583
3 1585 1586 1587
3 1584 1585 1587
3 1584 1587 1589
3 1588 1584 1589
3 1588 1589 1591
3 1590 1588 1591
3 1593 1594 1595
3 1592 1593 1595
3 1596 1597 1592
3 1595 1596 1592
3 1571 1570 1599
3 1598 1571 1599
3 1601 1602 1603
3 1600 1601 1603
3 1605 1606 1607
3 1604 1605 1607
3 1558 1557 1604
3 1607 1558 1604
3 1561 1560 1609
3 1608 1561 1609
3 1609 1560 1611
3 1610 1609 1611
3 1558 1607 1613
3 1612 1558 1613
3 1613 1577 1576
3 1612 1613 1576
3 1560 1563 1614
3 1611 1560 1614
3 1614 1589 1587
3 1611 1614 1587
3 1586 1610 1611
3 1587 1586 1611
3 1563 1567 1615
3 1614 1563 1615
3 1567 1566 1617
3 1616 1567 1617
3 1589 1614 1615
3 1591 1589 1615
3 1594 1593 1619
3 1618 1594 1619
3 1590 1591 1618
3 1619 1590 1618
3 1568 1571 1621
3 1620 1568 1621
3 1621 1595 1594
3 1620 1621 1594
3 1591 1615 1622
3 1618 1591 1622
3 1615 1567 1616
3 1622 1615 1616
3 1569 1568 1616
3 1617 1569 1616
3 1568 1620 1622
3 1616 1568 1622
3 1594 1618 1622
3 1620 1594 1622
3 1577 1613 1623
3 1583 1577 1623
3 1607 1606 1623
3 1613 1607 1623
3 1625 1602 1601
3 1624 1625 1601
3 1596 1595 1621
3 1626 1596 1621
3 1628 1629 1630
3 1627 1628 1630
3 1572 1575 1627
3 1630 1572 1627
3 1632 1625 1624
3 1631 1632 1624
3 1572 1630 1634
3 1633 1572 1634
3 1630 1629 1635
3 1634 1630 1635
3 1621 1571 1598
3 1626 1621 1598
3 1631 1624 1634
3 1635 1631 1634
3 1601 1633 1634
3 1624 1601 1634
3 1603 1636 1637
3 1600 1603 1637
3 1555 1558 1612
3 1638 1555 1612
3 1573 1572 1633
3 1639 1573 1633
3 1633 1601 1600
3 1639 1633 1600
3 1581 1580 1641
3 1640 1581 1641
3 1574 1573 1640
3 1641 1574 1640
3 1636 1556 1555
3 1637 1636 1555
3 1573 1639 1642
3 1640 1573 1642
3 1637 1555 1638
3 1642 1637 1638
3 1612 1576 1581
3 1638 1612 1581
3 1581 1640 1642
3 1638 1581 1642
3 1639 1600 1637
3 1642 1639 1637
3 1644 1609 1610
3 1643 1644 1610
3 1606 1645 1646
3 1623 1606 1646
3 1610 1586 1647
3 1643 1610 1647
3 1583 1623 1646
3 1648 1583 1646
3 1648 1646 1650
3 1649 1648 1650
3 1583 1648 1651
3 1582 1583 1651
3 1648 1649 1652
3 1651 1648 1652
3 1650 1653 1654
3 1649 1650 1654
3 1649 1654 1655
3 1652 1649 1655
3 1651 1652 1655
3 1656 1651 1655
3 1654 1653 1658
3 1657 1654 1658
3 1658 1643 1647
3 1657 1658 1647
3 1586 1585 1659
3 1647 1586 1659
3 1657 1647 1659
3 1660 1657 1659
3 1656 1655 1660
3 1659 1656 1660
3 1655 1654 1657
3 1660 1655 1657
3 1646 1645 1661
3 1650 1646 1661
3 1490 1489 1662
3 1559 1490 1662
3 1606 1605 1663
3 1645 1606 1663
3 1661 1645 1663
3 1664 1661 1663
3 1489 1495 1665
3 1662 1489 1665
3 1650 1661 1666
3 1653 1650 1666
3 1663 1667 1668
3 1664 1663 1668
3 1661 1664 1668
3 1666 1661 1668
3 1653 1666 1669
3 1658 1653 1669
3 1644 1643 1658
3 1669 1644 1658
3 1494 1546 1564
3 1670 1494 1564
3 1644 1669 1672
3 1671 1644 1672
3 1495 1494 1670
3 1665 1495 1670
3 1608 1609 1644
3 1671 1608 1644
3 1668 1667 1671
3 1672 1668 1671
3 1666 1668 1672
3 1669 1666 1672
3 1674 1585 1584
3 1673 1674 1584
3 1673 1584 1588
3 1675 1673 1588
3 1673 1675 1677
3 1676 1673 1677
3 1675 1588 1590
3 1678 1675 1590
3 1680 1641 1580
3 1679 1680 1580
3 1580 1579 1681
3 1679 1580 1681
3 1683 1679 1681
3 1682 1683 1681
3 1579 1578 1684
3 1681 1579 1684
3 1677 1685 1686
3 1676 1677 1686
3 1685 1683 1682
3 1686 1685 1682
3 1681 1684 1687
3 1682 1681 1687
3 1686 1682 1687
3 1684 1578 1582
3 1688 1684 1582
3 1690 1686 1687
3 1689 1690 1687
3 1687 1684 1688
3 1689 1687 1688
3 1688 1582 1651
3 1691 1688 1651
3 1689 1688 1691
3 1692 1689 1691
3 1651 1656 1693
3 1691 1651 1693
3 1692 1691 1693
3 1694 1692 1693
3 1659 1585 1674
3 1695 1659 1674
3 1656 1659 1695
3 1693 1656 1695
3 1689 1692 1696
3 1690 1689 1696
3 1696 1692 1694
3 1686 1690 1697
3 1676 1686 1697
3 1696 1694 1698
3 1695 1674 1697
3 1698 1695 1697
3 1674 1673 1676
3 1697 1674 1676
3 1690 1696 1698
3 1697 1690 1698
3 1693 1695 1698
3 1694 1693 1698
3 1678 1590 1619
3 1699 1678 1619
3 1675 1678 1700
3 1677 1675 1700
3 1685 1677 1700
3 1701 1685 1700
3 1678 1699 1702
3 1700 1678 1702
3 1703 1701 1700
3 1699 1619 1593
3 1704 1699 1593
3 1699 1704 1705
3 1702 1699 1705
3 1700 1702 1705
3 1703 1700 1705
3 1704 1593 1592
3 1706 1704 1592
3 1592 1597 1707
3 1706 1592 1707
3 1707 1709 1708
3 1706 1707 1708
3 1705 1704 1706
3 1708 1705 1706
3 1707 1628 1627
3 1710 1707 1627
3 1703 1705 1708
3 1709 1703 1708
3 1709 1701 1703
3 1707 1710 1711
3 1709 1707 1711
3 1710 1627 1575
3 1712 1710 1575
3 1713 1701 1709
3 1710 1712 1714
3 1711 1710 1714
3 1709 1711 1714
3 1713 1709 1714
3 1712 1575 1574
3 1715 1712 1574
3 1574 1641 1680
3 1715 1574 1680
3 1715 1680 1717
3 1716 1715 1717
3 1685 1701 1717
3 1683 1685 1717
3 1717 1701 1713
3 1713 1714 1716
3 1717 1713 1716
3 1680 1679 1683
3 1717 1680 1683
3 1714 1712 1715
3 1716 1714 1715
3 1449 1718 1719
3 1446 1449 1719
3 1446 1719 1720
3 1451 1446 1720
3 1451 1720 1721
3 1441 1451 1721
3 1441 1721 1722
3 1438 1441 1722
3 1438 1722 1723
3 1442 1438 1723
3 1442 1723 1724
3 1444 1442 1724
3 1455 1725 1726
3 1452 1455 1726
3 1452 1726 1727
3 1456 1452 1727
3 1456 1727 1728
3 1462 1456 1728
3 1462 1728 1729
3 1480 1462 1729
3 1481 1480 1729
3 1730 1481 1729
3 1481 1730 1731
3 1486 1481 1731
3 1486 1731 1732
3 1487 1486 1732
3 1464 1733 1734
3 1465 1464 1734
3 1465 1734 1735
3 1542 1465 1735
3 1718 1449 1542
3 1735 1718 1542
3 1737 1738 1739
3 1736 1737 1739
3 1736 1739 1741
3 1740 1736 1741
3 1740 1741 1743
3 1742 1740 1743
3 1742 1743 1745
3 1744 1742 1745
3 1744 1745 1747
3 1746 1744 1747
3 1746 1747 1749
3 1748 1746 1749
3 1748 1749 1751
3 1750 1748 1751
3 1750 1751 1753
3 1752 1750 1753
3 1752 1753 1755
3 1754 1752 1755
3 1757 1758 1759
3 1756 1757 1759
3 1756 1759 1761
3 1760 1756 1761
3 1760 1761 1763
3 1762 1760 1763
3 1762 1763 1765
3 1764 1762 1765
3 1764 1765 1767
3 1766 1764 1767
3 1766 1767 1769
3 1768 1766 1769
3 1768 1769 1771
3 1770 1768 1771
3 1773 1774 1775
3 1772 1773 1775
3 1777 1778 1779
3 1776 1777 1779
3 1736 1776 1779
3 1737 1736 1779
3 1781 1777 1776
3 1780 1781 1776
3 1740 1780 1776
3 1736 1740 1776
3 1783 1781 1780
3 1782 1783 1780
3 1742 1782 1780
3 1740 1742 1780
3 1785 1783 1782
3 1784 1785 1782
3 1744 1784 1782
3 1742 1744 1782
3 1787 1785 1784
3 1786 1787 1784
3 1746 1786 1784
3 1744 1746 1784
3 1789 1787 1786
3 1788 1789 1786
3 1748 1788 1786
3 1746 1748 1786
3 1791 1789 1788
3 1790 1791 1788
3 1750 1790 1788
3 1748 1750 1788
3 1793 1791 1790
3 1792 1793 1790
3 1752 1792 1790
3 1750 1752 1790
3 1795 1793 1792
3 1794 1795 1792
3 1754 1794 1792
3 1752 1754 1792
3 1797 1798 1799
3 1796 1797 1799
3 1756 1796 1799
3 1757 1756 1799
3 1801 1797 1796
3 1800 1801 1796
3 1760 1800 1796
3 1756 1760 1796
3 1803 1801 1800
3 1802 1803 1800
3 1762 1802 1800
3 1760 1762 1800
3 1805 1803 1802
3 1804 1805 1802
3 1764 1804 1802
3 1762 1764 1802
3 1807 1805 1804
3 1806 1807 1804
3 1766 1806 1804
3 1764 1766 1804
3 1774 1807 1806
3 1775 1774 1806
3 1768 1775 1806
3 1766 1768 1806
3 1770 1772 1775
3 1768 1770 1775
3 1809 1783 1785
3 1808 1809 1785
3 1808 1785 1787
3 1810 1808 1787
3 1810 1787 1789
3 1811 1810 1789
3 1811 1789 1791
3 1812 1811 1791
3 1812 1791 1793
3 1813 1812 1793
3 1813 1793 1795
3 1814 1813 1795
3 1816 1798 1797
3 1815 1816 1797
3 1815 1797 1801
3 1817 1815 1801
3 1817 1801 1803
3 1818 1817 1803
3 1818 1803 1805
3 1819 1818 1805
3 1819 1805 1807
3 1820 1819 1807
3 1820 1807 1774
3 1821 1820 1774
3 1821 1774 1773
3 1822 1821 1773
3 1824 1778 1777
3 1823 1824 1777
3 1823 1777 1781
3 1825 1823 1781
3 1783 1809 1825
3 1781 1783 1825
3 1808 1826 1827
3 1809 1808 1827
3 1828 1829 1827
3 1826 1828 1827
3 1829 1830 1831
3 1827 1829 1831
3 1831 1825 1809
3 1827 1831 1809
3 1833 1828 1826
3 1832 1833 1826
3 1810 1832 1826
3 1808 1810 1826
3 1835 1833 1832
3 1834 1835 1832
3 1811 1834 1832
3 1810 1811 1832
3 1837 1835 1834
3 1836 1837 1834
3 1812 1836 1834
3 1811 1812 1834
3 1839 1837 1836
3 1838 1839 1836
3 1813 1838 1836
3 1812 1813 1836
3 1841 1839 1838
3 1840 1841 1838
3 1814 1840 1838
3 1813 1814 1838
3 1843 1844 1845
3 1842 1843 1845
3 1815 1842 1845
3 1816 1815 1845
3 1847 1843 1842
3 1846 1847 1842
3 1817 1846 1842
3 1815 1817 1842
3 1849 1847 1846
3 1848 1849 1846
3 1818 1848 1846
3 1817 1818 1846
3 1851 1849 1848
3 1850 1851 1848
3 1819 1850 1848
3 1818 1819 1848
3 1853 1851 1850
3 1852 1853 1850
3 1820 1852 1850
3 1819 1820 1850
3 1855 1853 1852
3 1854 1855 1852
3 1821 1854 1852
3 1820 1821 1852
3 1857 1855 1854
3 1856 1857 1854
3 1822 1856 1854
3 1821 1822 1854
3 1859 1860 1861
3 1858 1859 1861
3 1823 1858 1861
3 1824 1823 1861
3 1830 1859 1858
3 1831 1830 1858
3 1825 1831 1858
3 1823 1825 1858
3 1543 1493 1492
3 1862 1543 1492
3 1862 1492 1488
3 1519 1862 1488
3 1464 1467 1864
3 1863 1464 1864
3 1866 1484 1487
3 1865 1866 1487
3 1867 1863 1864
3 1866 1865 1867
3 1864 1866 1867
3 1733 1464 1863
3 1868 1733 1863
3 1487 1732 1869
3 1865 1487 1869
3 1868 1863 1867
3 1870 1868 1867
3 1867 1865 1869
3 1870 1867 1869
3 1872 1857 1856
3 1871 1872 1856
3 1860 1873 1874
3 1861 1860 1874
3 1874 1873 1876
3 1875 1874 1876
3 1876 1872 1871
3 1875 1876 1871
3 1856 1822 1877
3 1871 1856 1877
3 1875 1878 1879
3 1874 1875 1879
3 1824 1861 1874
3 1879 1824 1874
3 1875 1871 1877
3 1878 1875 1877
3 1877 1822 1773
3 1880 1877 1773
3 1879 1878 1882
3 1881 1879 1882
3 1824 1879 1881
3 1778 1824 1881
3 1878 1877 1880
3 1882 1878 1880
3 1880 1773 1772
3 1883 1880 1772
3 1778 1881 1884
3 1779 1778 1884
3 1884 1881 1882
3 1885 1884 1882
3 1882 1880 1883
3 1885 1882 1883
3 1737 1779 1884
3 1886 1737 1884
3 1772 1770 1887
3 1883 1772 1887
3 1883 1887 1888
3 1885 1883 1888
3 1884 1885 1888
3 1886 1884 1888
3 1887 1770 1771
3 1889 1887 1771
3 1737 1886 1890
3 1738 1737 1890
3 1886 1888 1891
3 1890 1886 1891
3 1888 1887 1889
3 1891 1888 1889
3 1869 1732 1857
3 1872 1869 1857
3 1857 1732 1731
3 1855 1857 1731
3 1855 1731 1730
3 1853 1855 1730
3 1853 1730 1729
3 1851 1853 1729
3 1851 1729 1728
3 1849 1851 1728
3 1849 1728 1727
3 1847 1849 1727
3 1847 1727 1726
3 1843 1847 1726
3 1843 1726 1725
3 1844 1843 1725
3 1841 1724 1723
3 1839 1841 1723
3 1839 1723 1722
3 1837 1839 1722
3 1837 1722 1721
3 1835 1837 1721
3 1835 1721 1720
3 1833 1835 1720
3 1833 1720 1719
3 1828 1833 1719
3 1828 1719 1718
3 1829 1828 1718
3 1829 1718 1735
3 1830 1829 1735
3 1830 1735 1734
3 1859 1830 1734
3 1859 1734 1733
3 1860 1859 1733
3 1860 1733 1868
3 1873 1860 1868
3 1873 1868 1870
3 1876 1873 1870
3 1876 1870 1869
3 1872 1876 1869
3 1893 1894 1895
3 1892 1893 1895
3 1892 1895 1897
3 1896 1892 1897
3 1898 1899 1900
3 1894 1898 1900
3 1902 1903 1904
3 1901 1902 1904
3 1899 1901 1904
3 1900 1899 1904
3 1895 1894 1900
3 1905 1895 1900
3 1895 1905 1906
3 1897 1895 1906
3 1904 1903 1908
3 1907 1904 1908
3 1900 1904 1907
3 1905 1900 1907
3 1905 1907 1909
3 1906 1905 1909
3 1906 1909 1911
3 1910 1906 1911
3 1907 1908 1912
3 1909 1907 1912
3 1911 1909 1912
3 1913 1911 1912
3 1913 1912 1915
3 1914 1913 1915
3 1897 1906 1910
3 1916 1897 1910
3 1898 1894 1893
3 1917 1898 1893
3 1917 1893 1918
3 1893 1892 1919
3 1918 1893 1919
3 1919 1892 1896
3 1920 1919 1896
3 1896 1897 1916
3 1921 1896 1916
3 1920 1896 1921
3 1917 1918 1923
3 1922 1917 1923
3 1922 1923 1925
3 1924 1922 1925
3 1923 1918 1919
3 1926 1923 1919
3 1924 1925 1928
3 1927 1924 1928
3 1925 1923 1926
3 1929 1925 1926
3 1926 1919 1920
3 1930 1926 1920
3 1925 1929 1931
3 1928 1925 1931
3 1927 1928 1933
3 1932 1927 1933
3 1932 1933 1935
3 1934 1932 1935
3 1937 1934 1935
3 1936 1937 1935
3 1928 1931 1938
3 1933 1928 1938
3 1933 1938 1939
3 1935 1933 1939
3 1930 1920 1921
3 1940 1930 1921
3 1936 1935 1939
3 1941 1936 1939
3 1939 1938 1943
3 1942 1939 1943
3 1941 1939 1942
3 1944 1941 1942
3 1944 1942 1946
3 1945 1944 1946
3 1929 1926 1930
3 1947 1929 1930
3 1947 1930 1940
3 1948 1947 1940
3 1937 1936 1950
3 1949 1937 1950
3 1950 1936 1941
3 1951 1950 1941
3 1941 1944 1952
3 1951 1941 1952
3 1954 1955 1956
3 1953 1954 1956
3 1958 1954 1953
3 1957 1958 1953
3 1956 1955 1960
3 1959 1956 1960
3 1944 1945 1961
3 1952 1944 1961
3 1959 1960 1963
3 1962 1959 1963
3 1956 1959 1965
3 1964 1956 1965
3 1956 1964 1966
3 1953 1956 1966
3 1953 1966 1967
3 1957 1953 1967
3 1964 1968 1969
3 1966 1964 1969
3 1966 1969 1970
3 1967 1966 1970
3 1968 1971 1972
3 1969 1968 1972
3 1969 1972 1973
3 1970 1969 1973
3 1971 1974 1975
3 1972 1971 1975
3 1972 1975 1976
3 1973 1972 1976
3 1968 1964 1965
3 1977 1968 1965
3 1959 1962 1978
3 1965 1959 1978
3 1980 1965 1978
3 1979 1980 1978
3 1976 1975 1982
3 1981 1976 1982
3 1975 1974 1983
3 1982 1975 1983
3 1974 1984 1985
3 1983 1974 1985
3 1983 1985 1987
3 1986 1983 1987
3 1982 1983 1986
3 1988 1982 1986
3 1981 1982 1988
3 1989 1981 1988
3 1989 1988 1990
3 1988 1986 1991
3 1990 1988 1991
3 1986 1987 1992
3 1991 1986 1992
3 1989 1990 1994
3 1993 1989 1994
3 1994 1990 1991
3 1995 1994 1991
3 1995 1991 1992
3 1996 1995 1992
3 1993 1994 1998
3 1997 1993 1998
3 1998 1994 1995
3 1999 1998 1995
3 1999 1995 1996
3 2000 1999 1996
3 1997 1998 2002
3 2001 1997 2002
3 2002 1998 1999
3 2003 2002 1999
3 2003 1999 2000
3 2004 2003 2000
3 2006 2004 2007
3 2005 2006 2007
3 2004 2000 2008
3 2007 2004 2008
3 2000 1996 2009
3 2008 2000 2009
3 1996 1992 2010
3 2009 1996 2010
3 1992 1987 2010
3 1987 1985 2011
3 2010 1987 2011
3 1984 2012 2011
3 1985 1984 2011
3 1962 1963 2014
3 2013 1962 2014
3 1961 1945 2016
3 2015 1961 2016
3 1945 2017 2018
3 2016 1945 2018
3 2020 1940 2021
3 2019 2020 2021
3 2023 2015 2016
3 2022 2023 2016
3 2005 2007 2025
3 2024 2005 2025
3 2025 2007 2008
3 2026 2025 2008
3 2026 2008 2009
3 2027 2026 2009
3 2027 2009 2010
3 2028 2027 2010
3 2028 2010 2011
3 2029 2028 2011
3 2013 2014 2031
3 2030 2013 2031
3 2033 2034 2035
3 2032 2033 2035
3 2037 2038 2039
3 2036 2037 2039
3 2030 2031 2037
3 2036 2030 2037
3 2041 2035 2034
3 2040 2041 2034
3 2005 2024 2043
3 2042 2005 2043
3 2043 2041 2040
3 2042 2043 2040
3 2042 2040 2044
3 1914 1915 2046
3 2045 1914 2046
3 2005 2042 2047
3 2006 2005 2047
3 2047 2042 2044
3 2048 2047 2044
3 2044 2045 2046
3 2048 2044 2046
3 2046 1915 1912
3 2049 2046 1912
3 2006 2047 2050
3 2004 2006 2050
3 2050 2047 2048
3 2051 2050 2048
3 2048 2046 2049
3 2051 2048 2049
3 2049 1912 1908
3 2052 2049 1908
3 2004 2050 2053
3 2003 2004 2053
3 2053 2050 2051
3 2054 2053 2051
3 2051 2049 2052
3 2054 2051 2052
3 2052 1908 1903
3 2055 2052 1903
3 2003 2053 2056
3 2002 2003 2056
3 2056 2053 2054
3 2057 2056 2054
3 2054 2052 2055
3 2057 2054 2055
3 2056 2057 2059
3 2058 2056 2059
3 2002 2056 2058
3 2001 2002 2058
3 2055 1903 1902
3 2060 2055 1902
3 2057 2055 2060
3 2059 2057 2060
3 2023 2022 2062
3 2061 2023 2062
3 1940 1921 2063
3 2021 1940 2063
3 1921 1916 2064
3 2063 1921 2064
3 1916 1910 2065
3 2064 1916 2065
3 1910 1911 2066
3 2065 1910 2066
3 2066 1911 1913
3 2067 2066 1913
3 2067 1913 1914
3 2068 2067 1914
3 2070 2061 2062
3 2069 2070 2062
3 2033 2071 2072
3 2034 2033 2072
3 2045 2044 2040
3 2073 2045 2040
3 2068 1914 2045
3 2073 2068 2045
3 2040 2034 2072
3 2073 2040 2072
3 2022 2016 2018
3 2074 2022 2018
3 2074 2018 2019
3 2075 2074 2019
3 2075 2019 2021
3 2076 2075 2021
3 2076 2021 2063
3 2077 2076 2063
3 2077 2063 2064
3 2078 2077 2064
3 2078 2064 2065
3 2079 2078 2065
3 2079 2065 2066
3 2080 2079 2066
3 2080 2066 2067
3 2081 2080 2067
3 2081 2067 2068
3 2082 2081 2068
3 2068 2073 2083
3 2082 2068 2083
3 2073 2072 2084
3 2083 2073 2084
3 2072 2071 2085
3 2084 2072 2085
3 2069 2062 2087
3 2086 2069 2087
3 2062 2022 2088
3 2087 2062 2088
3 2088 2022 2074
3 2074 2075 2090
3 2089 2074 2090
3 2090 2075 2076
3 2091 2090 2076
3 2091 2076 2077
3 2092 2091 2077
3 2092 2077 2078
3 2093 2092 2078
3 2093 2078 2079
3 2094 2093 2079
3 2094 2079 2080
3 2095 2094 2080
3 2095 2080 2081
3 2096 2095 2081
3 2096 2081 2082
3 2097 2096 2082
3 2097 2082 2083
3 2098 2097 2083
3 2098 2083 2084
3 2099 2098 2084
3 2099 2084 2085
3 2100 2099 2085
3 2102 2086 2087
3 2101 2102 2087
3 2101 2087 2088
3 2103 2101 2088
3 2103 2088 2074
3 2089 2103 2074
3 2105 2106 2107
3 2104 2105 2107
3 2109 2105 2104
3 2108 2109 2104
3 2111 2109 2108
3 2110 2111 2108
3 2113 2111 2110
3 2112 2113 2110
3 2115 2113 2112
3 2114 2115 2112
3 2117 2115 2114
3 2116 2117 2114
3 2119 2117 2116
3 2118 2119 2116
3 2121 2119 2118
3 2120 2121 2118
3 2123 2121 2120
3 2122 2123 2120
3 2125 2126 2127
3 2124 2125 2127
3 2129 2125 2124
3 2128 2129 2124
3 2131 2129 2128
3 2130 2131 2128
3 2133 2131 2130
3 2132 2133 2130
3 2107 2106 2133
3 2132 2107 2133
3 2104 2107 2135
3 2134 2104 2135
3 2107 2132 2136
3 2135 2107 2136
3 2108 2104 2134
3 2137 2108 2134
3 2110 2108 2137
3 2138 2110 2137
3 2112 2110 2138
3 2139 2112 2138
3 2114 2112 2139
3 2140 2114 2139
3 2116 2114 2140
3 2141 2116 2140
3 2118 2116 2141
3 2142 2118 2141
3 2120 2118 2142
3 2143 2120 2142
3 2122 2120 2143
3 2144 2122 2143
3 2124 2127 2146
3 2145 2124 2146
3 2128 2124 2145
3 2147 2128 2145
3 2130 2128 2147
3 2148 2130 2147
3 2132 2130 2148
3 2136 2132 2148
3 2134 2135 2150
3 2149 2134 2150
3 2135 2136 2151
3 2150 2135 2151
3 2137 2134 2149
3 2152 2137 2149
3 2138 2137 2152
3 2153 2138 2152
3 2139 2138 2153
3 2154 2139 2153
3 2140 2139 2154
3 2155 2140 2154
3 2141 2140 2155
3 2156 2141 2155
3 2142 2141 2156
3 2157 2142 2156
3 2143 2142 2157
3 2158 2143 2157
3 2144 2143 2158
3 2159 2144 2158
3 2145 2146 2161
3 2160 2145 2161
3 2147 2145 2160
3 2162 2147 2160
3 2148 2147 2162
3 2163 2148 2162
3 2136 2148 2163
3 2151 2136 2163
3 2151 2163 2165
3 2164 2151 2165
3 2149 2150 2167
3 2166 2149 2167
3 2150 2151 2164
3 2167 2150 2164
3 2152 2149 2166
3 2168 2152 2166
3 2153 2152 2168
3 2169 2153 2168
3 2154 2153 2169
3 2170 2154 2169
3 2155 2154 2170
3 2171 2155 2170
3 2156 2155 2171
3 2172 2156 2171
3 2157 2156 2172
3 2173 2157 2172
3 2158 2157 2173
3 2174 2158 2173
3 2159 2158 2174
3 2175 2159 2174
3 2160 2161 2177
3 2176 2160 2177
3 2162 2160 2176
3 2178 2162 2176
3 2163 2162 2178
3 2165 2163 2178
3 2164 2165 2180
3 2179 2164 2180
3 2166 2167 2182
3 2181 2166 2182
3 2167 2164 2179
3 2182 2167 2179
3 2182 2183 2184
3 2181 2182 2184
3 2179 2185 2183
3 2182 2179 2183
3 2168 2166 2181
3 2186 2168 2181
3 2181 2184 2187
3 2186 2181 2187
3 2169 2168 2186
3 2188 2169 2186
3 2186 2187 2189
3 2188 2186 2189
3 2170 2169 2188
3 2190 2170 2188
3 2188 2189 2191
3 2190 2188 2191
3 2171 2170 2190
3 2192 2171 2190
3 2190 2191 2193
3 2192 2190 2193
3 2172 2171 2192
3 2194 2172 2192
3 2192 2193 2195
3 2194 2192 2195
3 2173 2172 2194
3 2196 2173 2194
3 2194 2195 2197
3 2196 2194 2197
3 2174 2173 2196
3 2198 2174 2196
3 2196 2197 2199
3 2198 2196 2199
3 2175 2174 2198
3 2200 2175 2198
3 2198 2199 2201
3 2200 2198 2201
3 2176 2177 2203
3 2202 2176 2203
3 2203 2204 2205
3 2202 2203 2205
3 2178 2176 2202
3 2206 2178 2202
3 2202 2205 2207
3 2206 2202 2207
3 2165 2178 2206
3 2180 2165 2206
3 2206 2207 2208
3 2180 2206 2208
3 2180 2208 2185
3 2179 2180 2185
3 2210 2211 2212
3 2209 2210 2212
3 2029 2210 2209
3 2213 2029 2209
3 2028 2029 2213
3 2214 2028 2213
3 2027 2028 2214
3 2215 2027 2214
3 2026 2027 2215
3 2216 2026 2215
3 2025 2026 2216
3 2217 2025 2216
3 2024 2025 2217
3 2218 2024 2217
3 2024 2218 2219
3 2043 2024 2219
3 2212 2211 2030
3 2220 2212 2030
3 2030 2036 2221
3 2220 2030 2221
3 2036 2039 2222
3 2221 2036 2222
3 2032 2035 2224
3 2223 2032 2224
3 2035 2041 2225
3 2224 2035 2225
3 2043 2219 2225
3 2041 2043 2225
3 2227 2228 2229
3 2226 2227 2229
3 2226 2229 2231
3 2230 2226 2231
3 2233 2230 2231
3 2232 2233 2231
3 2235 2233 2232
3 2234 2235 2232
3 2237 2235 2234
3 2236 2237 2234
3 2239 2240 2241
3 2238 2239 2241
3 2243 2239 2238
3 2242 2243 2238
3 2245 2243 2242
3 2244 2245 2242
3 2247 2245 2244
3 2246 2247 2244
3 2247 2246 2249
3 2248 2247 2249
3 2248 2249 2251
3 2250 2248 2251
3 2250 2251 2253
3 2252 2250 2253
3 2252 2253 2255
3 2254 2252 2255
3 2227 2254 2255
3 2228 2227 2255
3 2255 2253 2257
3 2256 2255 2257
3 2228 2255 2256
3 2258 2228 2256
3 2229 2228 2258
3 2259 2229 2258
3 2231 2229 2259
3 2260 2231 2259
3 2232 2231 2260
3 2261 2232 2260
3 2234 2232 2261
3 2262 2234 2261
3 2236 2234 2262
3 2263 2236 2262
3 2238 2241 2265
3 2264 2238 2265
3 2242 2238 2264
3 2266 2242 2264
3 2244 2242 2266
3 2267 2244 2266
3 2246 2244 2267
3 2268 2246 2267
3 2249 2246 2268
3 2269 2249 2268
3 2251 2249 2269
3 2270 2251 2269
3 2253 2251 2270
3 2257 2253 2270
3 2256 2257 2272
3 2271 2256 2272
3 2258 2256 2271
3 2273 2258 2271
3 2259 2258 2273
3 2274 2259 2273
3 2260 2259 2274
3 2275 2260 2274
3 2261 2260 2275
3 2276 2261 2275
3 2262 2261 2276
3 2277 2262 2276
3 2263 2262 2277
3 2278 2263 2277
3 2264 2265 2280
3 2279 2264 2280
3 2266 2264 2279
3 2281 2266 2279
3 2267 2266 2281
3 2282 2267 2281
3 2268 2267 2282
3 2283 2268 2282
3 2269 2268 2283
3 2284 2269 2283
3 2270 2269 2284
3 2285 2270 2284
3 2257 2270 2285
3 2272 2257 2285
3 2271 2272 2287
3 2286 2271 2287
3 2273 2271 2286
3 2288 2273 2286
3 2274 2273 2288
3 2289 2274 2288
3 2275 2274 2289
3 2290 2275 2289
3 2276 2275 2290
3 2291 2276 2290
3 2277 2276 2291
3 2292 2277 2291
3 2278 2277 2292
3 2293 2278 2292
3 2279 2280 2295
3 2294 2279 2295
3 2281 2279 2294
3 2296 2281 2294
3 2282 2281 2296
3 2297 2282 2296
3 2283 2282 2297
3 2298 2283 2297
3 2284 2283 2298
3 2299 2284 2298
3 2285 2284 2299
3 2300 2285 2299
3 2272 2285 2300
3 2287 2272 2300
3 2286 2287 2302
3 2301 2286 2302
3 2288 2286 2301
3 2303 2288 2301
3 2289 2288 2303
3 2304 2289 2303
3 2290 2289 2304
3 2305 2290 2304
3 2291 2290 2305
3 2306 2291 2305
3 2292 2291 2306
3 2307 2292 2306
3 2293 2292 2307
3 2308 2293 2307
3 2294 2295 2310
3 2309 2294 2310
3 2296 2294 2309
3 2311 2296 2309
3 2297 2296 2311
3 2312 2297 2311
3 2298 2297 2312
3 2313 2298 2312
3 2299 2298 2313
3 2314 2299 2313
3 2300 2299 2314
3 2315 2300 2314
3 2287 2300 2315
3 2302 2287 2315
3 2302 2315 2317
3 2316 2302 2317
3 2303 2301 2319
3 2318 2303 2319
3 2304 2303 2318
3 2320 2304 2318
3 2319 2321 2322
3 2318 2319 2322
3 2318 2322 2323
3 2320 2318 2323
3 2305 2304 2320
3 2324 2305 2320
3 2320 2323 2325
3 2324 2320 2325
3 2306 2305 2324
3 2326 2306 2324
3 2324 2325 2327
3 2326 2324 2327
3 2307 2306 2326
3 2328 2307 2326
3 2326 2327 2329
3 2328 2326 2329
3 2308 2307 2328
3 2330 2308 2328
3 2328 2329 2331
3 2330 2328 2331
3 2309 2310 2333
3 2332 2309 2333
3 2333 2334 2335
3 2332 2333 2335
3 2311 2309 2332
3 2336 2311 2332
3 2332 2335 2337
3 2336 2332 2337
3 2312 2311 2336
3 2338 2312 2336
3 2336 2337 2339
3 2338 2336 2339
3 2313 2312 2338
3 2340 2313 2338
3 2338 2339 2341
3 2340 2338 2341
3 2314 2313 2340
3 2342 2314 2340
3 2340 2341 2343
3 2342 2340 2343
3 2315 2314 2342
3 2317 2315 2342
3 2342 2343 2344
3 2317 2342 2344
3 2317 2344 2345
3 2316 2317 2345
3 2301 2302 2316
3 2319 2301 2316
3 2316 2345 2321
3 2319 2316 2321
3 2347 2321 2345
3 2346 2347 2345
3 2346 2345 2344
3 2348 2346 2344
3 2348 2344 2343
3 2349 2348 2343
3 2349 2343 2341
3 2350 2349 2341
3 2350 2341 2339
3 2351 2350 2339
3 2351 2339 2337
3 2352 2351 2337
3 2352 2337 2335
3 2353 2352 2335
3 2353 2335 2334
3 2354 2353 2334
3 2356 2331 2329
3 2355 2356 2329
3 2355 2329 2327
3 2357 2355 2327
3 2357 2327 2325
3 2358 2357 2325
3 2323 2322 2360
3 2359 2323 2360
3 2322 2321 2347
3 2360 2322 2347
3 2358 2325 2323
3 2359 2358 2323
3 2362 2193 2191
3 2361 2362 2191
3 2361 2191 2189
3 2363 2361 2189
3 2363 2189 2187
3 2364 2363 2187
3 2364 2187 2184
3 2365 2364 2184
3 2365 2184 2183
3 2366 2365 2183
3 2366 2183 2185
3 2367 2366 2185
3 2367 2185 2208
3 2368 2367 2208
3 2368 2208 2207
3 2369 2368 2207
3 2369 2207 2205
3 2370 2369 2205
3 2370 2205 2204
3 2371 2370 2204
3 2373 2201 2199
3 2372 2373 2199
3 2372 2199 2197
3 2374 2372 2197
3 2195 2193 2362
3 2375 2195 2362
3 2197 2195 2375
3 2374 2197 2375
3 2377 2378 2379
3 2376 2377 2379
3 2379 2380 2381
3 2376 2379 2381
3 2383 2376 2381
3 2382 2383 2381
3 2376 2383 2384
3 2377 2376 2384
3 1943 2385 2386
3 1942 1943 2386
3 2386 2385 2387
3 1946 1942 2386
3 2388 1946 2386
3 2389 2388 2386
3 2387 2389 2386
3 2385 2378 2377
3 2387 2385 2377
3 2377 2384 2389
3 2387 2377 2389
3 2390 2391 2392
3 1947 1948 2393
3 2392 1947 2393
3 2393 2394 2390
3 2392 2393 2390
3 2380 2391 2390
3 2381 2380 2390
3 2382 2381 2390
3 2394 2382 2390
3 1929 1947 2395
3 1931 1929 2395
3 1947 2392 2391
3 2395 1947 2391
3 1938 1931 2395
3 1943 1938 2395
3 2385 1943 2395
3 2396 2385 2395
3 2395 2391 2396
3 2391 2380 2379
3 2396 2391 2379
3 2379 2378 2385
3 2396 2379 2385
3 2382 2394 2397
3 2383 2382 2397
3 2384 2383 2397
3 2389 2384 2397
3 1946 2388 2389
3 2398 1946 2389
3 2393 1948 2399
3 2394 2393 2399
3 1945 1946 2398
3 2017 1945 2398
3 1948 1940 2020
3 2399 1948 2020
3 2400 2399 2020
3 2017 2398 2400
3 2020 2017 2400
3 2018 2017 2020
3 2019 2018 2020
3 2394 2399 2400
3 2397 2394 2400
3 2389 2397 2400
3 2398 2389 2400
3 1977 1965 1980
3 2401 1977 1980
3 2401 1980 1979
3 2402 2401 1979
3 2404 2401 2402
3 2403 2404 2402
3 2403 2402 2406
3 2405 2403 2406
3 2405 2408 2409
3 2407 2405 2409
3 2410 2411 2407
3 2409 2410 2407
3 2411 2404 2403
3 2407 2411 2403
3 2407 2403 2405
3 2012 2413 2414
3 2412 2012 2414
3 1979 1978 2415
3 2402 1979 2415
3 2416 1962 2013
3 2417 2418 2419
3 2012 1984 2417
3 2413 2012 2417
3 2414 2413 2417
3 2419 2414 2417
3 2418 2410 2409
3 2419 2418 2409
3 2409 2408 2414
3 2419 2409 2414
3 2408 2405 2406
3 2414 2408 2406
3 1968 1977 2420
3 1971 1968 2420
3 1977 2401 2421
3 2420 1977 2421
3 1974 1971 2420
3 1984 1974 2420
3 2417 1984 2420
3 2418 2417 2420
3 2421 2418 2420
3 2401 2404 2411
3 2421 2401 2411
3 2411 2410 2418
3 2421 2411 2418
3 1978 1962 2416
3 2415 1978 2416
3 2013 2030 2211
3 2416 2013 2211
3 2412 2414 2406
3 2422 2412 2406
3 2415 2416 2423
3 2422 2415 2423
3 2416 2211 2210
3 2423 2416 2210
3 2012 2412 2423
3 2011 2012 2423
3 2423 2412 2422
3 2029 2011 2423
3 2210 2029 2423
3 2402 2415 2422
3 2406 2402 2422
3 2212 2220 2243
3 2245 2212 2243
3 2243 2220 2221
3 2239 2243 2221
3 2239 2221 2222
3 2240 2239 2222
3 2237 2223 2224
3 2235 2237 2224
3 2235 2224 2225
3 2233 2235 2225
3 2233 2225 2219
3 2230 2233 2219
3 2218 2226 2230
3 2219 2218 2230
3 2217 2227 2226
3 2218 2217 2226
3 2227 2217 2216
3 2254 2227 2216
3 2215 2252 2254
3 2216 2215 2254
3 2214 2250 2252
3 2215 2214 2252
3 2213 2248 2250
3 2214 2213 2250
3 2209 2247 2248
3 2213 2209 2248
3 2247 2209 2212
3 2245 2247 2212
3 2121 2101 2103
3 2119 2121 2103
3 2123 2102 2101
3 2121 2123 2101
3 2125 2099 2100
3 2126 2125 2100
3 2129 2098 2099
3 2125 2129 2099
3 2131 2097 2098
3 2129 2131 2098
3 2133 2096 2097
3 2131 2133 2097
3 2106 2095 2096
3 2133 2106 2096
3 2105 2094 2095
3 2106 2105 2095
3 2109 2093 2094
3 2105 2109 2094
3 2111 2092 2093
3 2109 2111 2093
3 2113 2091 2092
3 2111 2113 2092
3 2115 2090 2091
3 2113 2115 2091
3 2089 2090 2115
3 2117 2089 2115
3 2103 2089 2117
3 2119 2103 2117
3 2425 2426 2427
3 2424 2425 2427
3 2424 2427 2429
3 2428 2424 2429
3 2426 2431 2432
3 2430 2426 2432
3 2434 2435 2436
3 2433 2434 2436
3 2438 2439 2440
3 2437 2438 2440
3 2426 2430 2441
3 2427 2426 2441
3 2437 2440 2443
3 2442 2437 2443
3 2432 2431 2442
3 2443 2432 2442
3 2427 2441 2444
3 2429 2427 2444
3 2436 2435 2429
3 2444 2436 2429
3 2432 2445 2446
3 2430 2432 2446
3 2436 2447 2448
3 2433 2436 2448
3 2439 2449 2450
3 2440 2439 2450
3 2430 2446 2451
3 2441 2430 2451
3 2440 2450 2452
3 2443 2440 2452
3 2443 2452 2445
3 2432 2443 2445
3 2441 2451 2453
3 2444 2441 2453
3 2444 2453 2447
3 2436 2444 2447
3 2445 2454 2455
3 2446 2445 2455
3 2447 2456 2457
3 2448 2447 2457
3 2449 2458 2459
3 2450 2449 2459
3 2446 2455 2460
3 2451 2446 2460
3 2450 2459 2461
3 2452 2450 2461
3 2452 2461 2454
3 2445 2452 2454
3 2451 2460 2462
3 2453 2451 2462
3 2453 2462 2456
3 2447 2453 2456
3 2454 2463 2464
3 2455 2454 2464
3 2456 2465 2466
3 2457 2456 2466
3 2458 2467 2468
3 2459 2458 2468
3 2455 2464 2469
3 2460 2455 2469
3 2459 2468 2470
3 2461 2459 2470
3 2461 2470 2463
3 2454 2461 2463
3 2460 2469 2471
3 2462 2460 2471
3 2462 2471 2465
3 2456 2462 2465
3 2463 2472 2473
3 2464 2463 2473
3 2465 2474 2475
3 2466 2465 2475
3 2467 2476 2477
3 2468 2467 2477
3 2464 2473 2478
3 2469 2464 2478
3 2468 2477 2479
3 2470 2468 2479
3 2470 2479 2472
3 2463 2470 2472
3 2469 2478 2480
3 2471 2469 2480
3 2471 2480 2474
3 2465 2471 2474
3 2472 2481 2482
3 2473 2472 2482
3 2474 2483 2484
3 2475 2474 2484
3 2426 2425 2485
3 2431 2426 2485
3 2429 2435 2486
3 2428 2429 2486
3 2486 2435 2434
3 2487 2486 2434
3 2438 2437 2489
3 2488 2438 2489
3 2428 2490 2491
3 2424 2428 2491
3 2424 2491 2492
3 2425 2424 2492
3 2494 2495 2496
3 2493 2494 2496
3 2495 2497 2498
3 2496 2495 2498
3 2500 2493 2496
3 2499 2500 2496
3 2496 2498 2501
3 2499 2496 2501
3 2503 2504 2505
3 2502 2503 2505
3 2501 2498 2507
3 2506 2501 2507
3 2499 2501 2506
3 2508 2499 2506
3 2494 2493 2509
3 2503 2494 2509
3 2495 2494 2503
3 2502 2495 2503
3 2497 2495 2511
3 2510 2497 2511
3 2507 2498 2497
3 2510 2507 2497
3 2499 2508 2512
3 2500 2499 2512
3 2509 2493 2500
3 2512 2509 2500
3 2476 2513 2514
3 2477 2476 2514
3 2473 2482 2515
3 2478 2473 2515
3 2477 2514 2516
3 2479 2477 2516
3 2479 2516 2481
3 2472 2479 2481
3 2478 2515 2517
3 2480 2478 2517
3 2480 2517 2483
3 2474 2480 2483
3 2519 2520 2521
3 2518 2519 2521
3 2521 2522 2523
3 2518 2521 2523
3 2525 2522 2521
3 2524 2525 2521
3 2521 2520 2526
3 2524 2521 2526
3 2520 2527 2528
3 2526 2520 2528
3 2484 2524 2526
3 2528 2484 2526
3 2523 2522 2517
3 2515 2523 2517
3 2518 2523 2515
3 2529 2518 2515
3 2520 2519 2530
3 2527 2520 2530
3 2522 2525 2483
3 2517 2522 2483
3 2518 2529 2530
3 2519 2518 2530
3 2524 2484 2483
3 2525 2524 2483
3 2511 2531 2532
3 2510 2511 2532
3 2509 2490 2504
3 2503 2509 2504
3 2512 2491 2490
3 2509 2512 2490
3 2510 2532 2533
3 2507 2510 2533
3 2507 2533 2534
3 2506 2507 2534
3 2508 2492 2491
3 2512 2508 2491
3 2506 2534 2492
3 2508 2506 2492
3 2486 2504 2490
3 2428 2486 2490
3 2487 2505 2504
3 2486 2487 2504
3 2431 2485 2535
3 2442 2431 2535
3 2492 2534 2485
3 2425 2492 2485
3 2531 2488 2489
3 2532 2531 2489
3 2489 2437 2442
3 2535 2489 2442
3 2489 2535 2533
3 2532 2489 2533
3 2534 2533 2535
3 2485 2534 2535
3 2537 2538 2539
3 2536 2537 2539
3 2536 2539 2541
3 2540 2536 2541
3 2538 2542 2543
3 2539 2538 2543
3 2539 2543 2544
3 2541 2539 2544
3 2541 2544 2546
3 2545 2541 2546
3 2545 2546 2548
3 2547 2545 2548
3 2540 2541 2545
3 2549 2540 2545
3 2548 2546 2551
3 2550 2548 2551
3 2546 2544 2552
3 2551 2546 2552
3 2544 2543 2553
3 2552 2544 2553
3 2543 2542 2554
3 2553 2543 2554
3 2556 2557 2558
3 2555 2556 2558
3 2555 2558 2560
3 2559 2555 2560
3 2562 2550 2551
3 2561 2562 2551
3 2561 2551 2552
3 2563 2561 2552
3 2563 2552 2553
3 2564 2563 2553
3 2564 2553 2554
3 2565 2564 2554
3 2567 2568 2569
3 2566 2567 2569
3 2569 2570 2571
3 2566 2569 2571
3 2567 2566 2573
3 2572 2567 2573
3 2566 2571 2574
3 2573 2566 2574
3 2576 2577 2578
3 2575 2576 2578
3 2580 2575 2581
3 2579 2580 2581
3 2579 2581 2583
3 2582 2579 2583
3 2585 2586 2587
3 2584 2585 2587
3 2583 2584 2587
3 2588 2583 2587
3 2587 2586 2590
3 2589 2587 2590
3 2588 2587 2589
3 2591 2588 2589
3 2586 2585 2593
3 2592 2586 2593
3 2595 2596 2597
3 2594 2595 2597
3 2576 2592 2593
3 2577 2576 2593
3 2598 2599 2594
3 2597 2598 2594
3 2575 2578 2600
3 2581 2575 2600
3 2583 2581 2600
3 2584 2583 2600
3 2588 2591 2602
3 2601 2588 2602
3 2583 2588 2601
3 2582 2583 2601
3 2601 2602 2604
3 2603 2601 2604
3 2582 2601 2605
3 2579 2582 2605
3 2601 2603 2606
3 2605 2601 2606
3 2579 2605 2607
3 2580 2579 2607
3 2607 2605 2606
3 2608 2607 2606
3 2610 2611 2612
3 2609 2610 2612
3 2611 2613 2614
3 2612 2611 2614
3 2616 2617 2618
3 2615 2616 2618
3 2617 2619 2620
3 2618 2617 2620
3 2614 2613 2622
3 2621 2614 2622
3 2615 2621 2622
3 2616 2615 2622
3 2617 2616 2623
3 2619 2617 2623
3 2625 2626 2627
3 2624 2625 2627
3 2628 2629 2626
3 2625 2628 2626
3 2630 2631 2629
3 2628 2630 2629
3 2632 2633 2631
3 2630 2632 2631
3 2634 2635 2633
3 2632 2634 2633
3 2622 2613 2635
3 2636 2622 2635
3 2637 2636 2635
3 2634 2637 2635
3 2637 2638 2639
3 2636 2637 2639
3 2639 2616 2622
3 2636 2639 2622
3 2623 2616 2639
3 2640 2623 2639
3 2641 2640 2639
3 2638 2641 2639
3 2641 2642 2643
3 2640 2641 2643
3 2643 2642 2645
3 2644 2643 2645
3 2625 2624 2647
3 2646 2625 2647
3 2646 2647 2649
3 2648 2646 2649
3 2625 2646 2650
3 2628 2625 2650
3 2646 2648 2651
3 2650 2646 2651
3 2628 2650 2652
3 2630 2628 2652
3 2650 2651 2653
3 2652 2650 2653
3 2632 2630 2652
3 2654 2632 2652
3 2632 2654 2655
3 2634 2632 2655
3 2634 2655 2656
3 2637 2634 2656
3 2637 2656 2657
3 2638 2637 2657
3 2657 2656 2659
3 2658 2657 2659
3 2661 2662 2663
3 2660 2661 2663
3 2638 2657 2664
3 2641 2638 2664
3 2664 2657 2658
3 2665 2664 2658
3 2658 2666 2667
3 2665 2658 2667
3 2660 2663 2669
3 2668 2660 2669
3 2641 2664 2670
3 2642 2641 2670
3 2670 2664 2665
3 2671 2670 2665
3 2665 2667 2672
3 2671 2665 2672
3 2642 2670 2673
3 2645 2642 2673
3 2670 2671 2674
3 2673 2670 2674
3 2668 2669 2676
3 2675 2668 2676
3 2671 2672 2677
3 2674 2671 2677
3 2678 2679 2680
3 2659 2678 2680
3 2680 2679 2681
3 2666 2680 2681
3 2683 2662 2661
3 2682 2683 2661
3 2620 2684 2685
3 2618 2620 2685
3 2618 2685 2686
3 2615 2618 2686
3 2615 2686 2687
3 2621 2615 2687
3 2621 2687 2688
3 2614 2621 2688
3 2614 2688 2689
3 2612 2614 2689
3 2612 2689 2690
3 2609 2612 2690
3 2692 2610 2609
3 2691 2692 2609
3 2609 2690 2691
3 2692 2691 2694
3 2693 2692 2694
3 2693 2696 2697
3 2695 2693 2697
3 2697 2698 2699
3 2695 2697 2699
3 2695 2699 2701
3 2700 2695 2701
3 2699 2698 2703
3 2702 2699 2703
3 2705 2706 2707
3 2704 2705 2707
3 2702 2703 2709
3 2708 2702 2709
3 2708 2709 2711
3 2710 2708 2711
3 2710 2711 2713
3 2712 2710 2713
3 2712 2713 2715
3 2714 2712 2715
3 2704 2707 2717
3 2716 2704 2717
3 2719 2716 2717
3 2718 2719 2717
3 2721 2719 2718
3 2720 2721 2718
3 2721 2720 2723
3 2722 2721 2723
3 2715 2724 2725
3 2714 2715 2725
3 2724 2722 2723
3 2725 2724 2723
3 2726 2727 2728
3 2706 2726 2728
3 2701 2699 2702
3 2729 2701 2702
3 2729 2702 2708
3 2730 2729 2708
3 2727 2700 2701
3 2731 2727 2701
3 2728 2727 2731
3 2732 2728 2731
3 2701 2729 2733
3 2731 2701 2733
3 2734 2732 2731
3 2733 2734 2731
3 2717 2735 2736
3 2718 2717 2736
3 2720 2718 2736
3 2737 2720 2736
3 2706 2728 2738
3 2707 2706 2738
3 2717 2707 2738
3 2735 2717 2738
3 2737 2736 2740
3 2739 2737 2740
3 2720 2737 2739
3 2723 2720 2739
3 2735 2738 2740
3 2736 2735 2740
3 2723 2739 2741
3 2725 2723 2741
3 2728 2732 2742
3 2738 2728 2742
3 2738 2742 2743
3 2740 2738 2743
3 2739 2740 2743
3 2741 2739 2743
3 2714 2725 2741
3 2744 2714 2741
3 2742 2732 2734
3 2745 2742 2734
3 2742 2745 2746
3 2743 2742 2746
3 2741 2743 2746
3 2744 2741 2746
3 2733 2729 2730
3 2747 2733 2730
3 2712 2714 2744
3 2748 2712 2744
3 2745 2734 2733
3 2747 2745 2733
3 2730 2708 2710
3 2749 2730 2710
3 2747 2730 2749
3 2750 2747 2749
3 2710 2712 2748
3 2749 2710 2748
3 2749 2748 2750
3 2745 2747 2750
3 2746 2745 2750
3 2744 2746 2750
3 2748 2744 2750
3 2703 2751 2752
3 2709 2703 2752
3 2709 2752 2753
3 2711 2709 2753
3 2711 2753 2754
3 2713 2711 2754
3 2713 2754 2755
3 2715 2713 2755
3 2724 2715 2755
3 2756 2724 2755
3 2722 2724 2756
3 2757 2722 2756
3 2721 2722 2757
3 2758 2721 2757
3 2721 2758 2759
3 2719 2721 2759
3 2719 2759 2760
3 2716 2719 2760
3 2761 2704 2716
3 2760 2761 2716
3 2759 2758 2763
3 2762 2759 2763
3 2757 2756 2763
3 2758 2757 2763
3 2756 2755 2764
3 2763 2756 2764
3 2755 2754 2765
3 2764 2755 2765
3 2754 2753 2766
3 2765 2754 2766
3 2753 2752 2767
3 2766 2753 2767
3 2752 2751 2768
3 2767 2752 2768
3 2768 2751 2769
3 2697 2696 2769
3 2698 2697 2769
3 2703 2698 2769
3 2751 2703 2769
3 2770 2762 2763
3 2770 2763 2764
3 2771 2770 2764
3 2771 2764 2765
3 2772 2771 2765
3 2772 2765 2766
3 2773 2772 2766
3 2773 2766 2767
3 2774 2773 2767
3 2774 2767 2768
3 2775 2774 2768
3 2775 2768 2769
3 2776 2775 2769
3 2769 2696 2777
3 2776 2769 2777
3 2693 2694 2777
3 2696 2693 2777
3 2694 2691 2778
3 2777 2694 2778
3 2691 2690 2779
3 2778 2691 2779
3 2781 2782 2761
3 2780 2781 2761
3 2784 2781 2785
3 2783 2784 2785
3 2783 2785 2787
3 2786 2783 2787
3 2786 2787 2789
3 2788 2786 2789
3 2788 2789 2791
3 2790 2788 2791
3 2772 2773 2793
3 2792 2772 2793
3 2771 2772 2792
3 2794 2771 2792
3 2790 2791 2796
3 2795 2790 2796
3 2795 2796 2798
3 2797 2795 2798
3 2798 2800 2801
3 2799 2798 2801
3 2798 2796 2802
3 2800 2798 2802
3 2796 2791 2803
3 2802 2796 2803
3 2791 2789 2804
3 2803 2791 2804
3 2789 2787 2805
3 2804 2789 2805
3 2787 2785 2806
3 2805 2787 2806
3 2781 2780 2806
3 2785 2781 2806
3 2780 2761 2760
3 2807 2780 2760
3 2760 2759 2808
3 2807 2760 2808
3 2806 2780 2807
3 2809 2806 2807
3 2805 2806 2809
3 2810 2805 2809
3 2804 2805 2810
3 2811 2804 2810
3 2801 2800 2813
3 2812 2801 2813
3 2759 2762 2814
3 2808 2759 2814
3 2807 2808 2815
3 2809 2807 2815
3 2809 2815 2816
3 2810 2809 2816
3 2814 2762 2770
3 2817 2814 2770
3 2770 2771 2794
3 2817 2770 2794
3 2808 2814 2818
3 2815 2808 2818
3 2815 2818 2819
3 2816 2815 2819
3 2817 2794 2821
3 2820 2817 2821
3 2794 2792 2822
3 2821 2794 2822
3 2814 2817 2820
3 2818 2814 2820
3 2821 2822 2824
3 2823 2821 2824
3 2820 2821 2823
3 2825 2820 2823
3 2818 2820 2825
3 2819 2818 2825
3 2823 2824 2827
3 2826 2823 2827
3 2826 2827 2829
3 2828 2826 2829
3 2813 2800 2802
3 2830 2813 2802
3 2830 2802 2803
3 2831 2830 2803
3 2803 2804 2811
3 2831 2803 2811
3 2812 2813 2833
3 2832 2812 2833
3 2833 2813 2830
3 2810 2816 2834
3 2811 2810 2834
3 2831 2811 2834
3 2830 2831 2834
3 2833 2830 2834
3 2816 2819 2835
3 2834 2816 2835
3 2833 2834 2835
3 2836 2833 2835
3 2832 2833 2836
3 2837 2832 2836
3 2836 2835 2839
3 2838 2836 2839
3 2838 2837 2836
3 2819 2825 2839
3 2835 2819 2839
3 2825 2823 2826
3 2839 2825 2826
3 2826 2828 2838
3 2839 2826 2838
3 2829 2827 2841
3 2840 2829 2841
3 2827 2824 2842
3 2841 2827 2842
3 2824 2822 2843
3 2842 2824 2843
3 2792 2793 2843
3 2822 2792 2843
3 2793 2773 2774
3 2844 2793 2774
3 2684 2845 2846
3 2685 2684 2846
3 2685 2846 2847
3 2686 2685 2847
3 2686 2847 2848
3 2687 2686 2848
3 2687 2848 2849
3 2688 2687 2849
3 2688 2849 2850
3 2689 2688 2850
3 2690 2689 2850
3 2779 2690 2850
3 2852 2853 2854
3 2851 2852 2854
3 2845 2851 2854
3 2855 2845 2854
3 2845 2855 2856
3 2846 2845 2856
3 2846 2856 2857
3 2847 2846 2857
3 2847 2857 2858
3 2848 2847 2858
3 2848 2858 2859
3 2849 2848 2859
3 2849 2859 2860
3 2850 2849 2860
3 2779 2850 2860
3 2861 2779 2860
3 2778 2779 2861
3 2862 2778 2861
3 2777 2778 2862
3 2863 2777 2862
3 2776 2777 2863
3 2864 2776 2863
3 2844 2774 2775
3 2865 2844 2775
3 2775 2776 2864
3 2865 2775 2864
3 2843 2793 2844
3 2866 2843 2844
3 2842 2843 2866
3 2867 2842 2866
3 2841 2842 2867
3 2868 2841 2867
3 2840 2841 2868
3 2869 2840 2868
3 2844 2865 2870
3 2866 2844 2870
3 2863 2871 2870
3 2864 2863 2870
3 2865 2864 2870
3 2866 2870 2872
3 2867 2866 2872
3 2867 2872 2873
3 2868 2867 2873
3 2868 2873 2874
3 2869 2868 2874
3 2863 2862 2875
3 2871 2863 2875
3 2877 2878 2879
3 2876 2877 2879
3 2871 2877 2880
3 2870 2871 2880
3 2877 2876 2881
3 2880 2877 2881
3 2870 2880 2882
3 2872 2870 2882
3 2880 2881 2883
3 2882 2880 2883
3 2872 2882 2884
3 2873 2872 2884
3 2882 2883 2885
3 2884 2882 2885
3 2873 2884 2886
3 2874 2873 2886
3 2884 2885 2887
3 2886 2884 2887
3 2871 2875 2878
3 2877 2871 2878
3 2862 2861 2888
3 2875 2862 2888
3 2861 2860 2889
3 2888 2861 2889
3 2860 2859 2890
3 2889 2860 2890
3 2859 2858 2891
3 2890 2859 2891
3 2858 2857 2892
3 2891 2858 2892
3 2857 2856 2893
3 2892 2857 2893
3 2856 2855 2894
3 2893 2856 2894
3 2855 2854 2895
3 2894 2855 2895
3 2894 2895 2897
3 2896 2894 2897
3 2896 2897 2899
3 2898 2896 2899
3 2893 2894 2896
3 2900 2893 2896
3 2896 2898 2901
3 2900 2896 2901
3 2892 2893 2900
3 2902 2892 2900
3 2900 2901 2903
3 2902 2900 2903
3 2891 2892 2902
3 2904 2891 2902
3 2902 2903 2905
3 2904 2902 2905
3 2890 2891 2904
3 2906 2890 2904
3 2904 2905 2907
3 2906 2904 2907
3 2889 2890 2906
3 2908 2889 2906
3 2906 2907 2909
3 2908 2906 2909
3 2910 2908 2909
3 2878 2875 2888
3 2910 2878 2888
3 2888 2889 2908
3 2910 2888 2908
3 2623 2640 2643
3 2911 2623 2643
3 2644 2912 2911
3 2643 2644 2911
3 2619 2623 2911
3 2913 2619 2911
3 2912 2914 2915
3 2911 2912 2915
3 2914 2916 2917
3 2915 2914 2917
3 2911 2915 2917
3 2913 2911 2917
3 2619 2913 2918
3 2620 2619 2918
3 2913 2917 2919
3 2918 2913 2919
3 2620 2918 2920
3 2684 2620 2920
3 2845 2684 2920
3 2851 2845 2920
3 2918 2919 2921
3 2920 2918 2921
3 2917 2916 2922
3 2919 2917 2922
3 2921 2919 2922
3 2923 2921 2922
3 2851 2920 2924
3 2852 2851 2924
3 2920 2921 2923
3 2924 2920 2923
3 2761 2782 2705
3 2704 2761 2705
3 2706 2705 2925
3 2726 2706 2925
3 2781 2784 2926
3 2782 2781 2926
3 2693 2695 2700
3 2925 2693 2700
3 2700 2727 2726
3 2925 2700 2726
3 2782 2926 2927
3 2705 2782 2927
3 2925 2705 2927
3 2693 2925 2928
3 2692 2693 2928
3 2784 2929 2930
3 2926 2784 2930
3 2926 2930 2931
3 2927 2926 2931
3 2925 2927 2931
3 2928 2925 2931
3 2692 2928 2932
3 2610 2692 2932
3 2929 2933 2934
3 2930 2929 2934
3 2930 2934 2935
3 2931 2930 2935
3 2928 2931 2935
3 2932 2928 2935
3 2610 2932 2936
3 2611 2610 2936
3 2933 2937 2938
3 2934 2933 2938
3 2934 2938 2939
3 2935 2934 2939
3 2932 2935 2939
3 2936 2932 2939
3 2611 2936 2940
3 2613 2611 2940
3 2938 2937 2942
3 2941 2938 2942
3 2635 2613 2940
3 2633 2635 2940
3 2938 2941 2943
3 2939 2938 2943
3 2936 2939 2943
3 2940 2936 2943
3 2633 2940 2944
3 2631 2633 2944
3 2941 2942 2608
3 2945 2941 2608
3 2941 2945 2946
3 2943 2941 2946
3 2940 2943 2946
3 2944 2940 2946
3 2608 2606 2947
3 2945 2608 2947
3 2631 2944 2948
3 2629 2631 2948
3 2948 2944 2946
3 2949 2948 2946
3 2946 2945 2947
3 2949 2946 2947
3 2629 2948 2950
3 2626 2629 2950
3 2947 2606 2603
3 2951 2947 2603
3 2947 2951 2952
3 2949 2947 2952
3 2948 2949 2952
3 2950 2948 2952
3 2954 2952 2951
3 2953 2954 2951
3 2951 2603 2604
3 2953 2951 2604
3 2626 2950 2955
3 2627 2626 2955
3 2950 2952 2954
3 2955 2950 2954
3 2538 2956 2957
3 2542 2538 2957
3 2554 2542 2957
3 2958 2554 2957
3 2958 2957 2960
3 2959 2958 2960
3 2959 2960 2962
3 2961 2959 2962
3 2567 2572 2961
3 2963 2567 2961
3 2957 2956 2964
3 2960 2957 2964
3 2960 2964 2965
3 2962 2960 2965
3 2961 2962 2965
3 2963 2961 2965
3 2967 2968 2969
3 2966 2967 2969
3 2971 2972 2973
3 2970 2971 2973
3 2968 2975 2976
3 2974 2968 2976
3 2970 2973 2969
3 2977 2970 2969
3 2969 2968 2974
3 2977 2969 2974
3 2974 2976 2979
3 2978 2974 2979
3 2971 2970 2980
3 2557 2971 2980
3 2974 2978 2981
3 2977 2974 2981
3 2970 2977 2981
3 2980 2970 2981
3 2978 2979 2983
3 2982 2978 2983
3 2557 2980 2984
3 2558 2557 2984
3 2978 2982 2985
3 2981 2978 2985
3 2980 2981 2985
3 2984 2980 2985
3 2982 2983 2987
3 2986 2982 2987
3 2558 2984 2988
3 2560 2558 2988
3 2559 2560 2990
3 2989 2559 2990
3 2560 2988 2991
3 2990 2560 2991
3 2993 2548 2550
3 2992 2993 2550
3 2989 2990 2992
3 2994 2989 2992
3 2550 2562 2994
3 2992 2550 2994
3 2982 2986 2995
3 2985 2982 2995
3 2984 2985 2995
3 2988 2984 2995
3 2990 2991 2996
3 2992 2990 2996
3 2995 2986 2997
3 2996 2995 2997
3 2547 2548 2993
3 2997 2547 2993
3 2993 2992 2996
3 2997 2993 2996
3 2991 2988 2995
3 2996 2991 2995
3 2549 2545 2547
3 2998 2549 2547
3 2547 2997 2999
3 2998 2547 2999
3 2997 2986 3000
3 2999 2997 3000
3 2986 2987 3001
3 3000 2986 3001
3 3002 3000 3001
3 2998 2999 3000
3 3002 2998 3000
3 2968 2967 3003
3 2975 2968 3003
3 2965 2964 3005
3 3004 2965 3005
3 2964 2956 3006
3 3005 2964 3006
3 2956 2538 2537
3 3006 2956 2537
3 3008 3003 2967
3 3007 3008 2967
3 3005 3006 3009
3 3007 3005 3009
3 3011 3003 3008
3 3010 3011 3008
3 3012 3011 3010
3 3009 3012 3010
3 3008 3007 3009
3 3010 3008 3009
3 3009 3006 3013
3 3012 3009 3013
3 3014 2569 2568
3 2969 2973 3015
3 2966 2969 3015
3 3016 2966 3015
3 3014 2568 3017
3 3016 3014 3017
3 3004 3005 3007
3 3016 3004 3007
3 3007 2967 2966
3 3016 3007 2966
3 2567 2963 3017
3 2568 2567 3017
3 2963 2965 3004
3 3017 2963 3004
3 3017 3004 3016
3 2797 3018 3019
3 2795 2797 3019
3 2795 3019 3020
3 2790 2795 3020
3 2790 3020 3021
3 2788 2790 3021
3 2788 3021 3022
3 2786 2788 3022
3 2786 3022 3023
3 2783 2786 3023
3 2783 3023 3024
3 2784 2783 3024
3 2784 3024 3025
3 2929 2784 3025
3 2929 3025 3026
3 2933 2929 3026
3 2933 3026 3027
3 2937 2933 3027
3 2607 2608 2942
3 3028 2607 2942
3 2937 3027 3028
3 2942 2937 3028
3 2569 3029 3030
3 2570 2569 3030
3 2556 2555 3032
3 3031 2556 3032
3 3032 3021 3020
3 3031 3032 3020
3 2555 2559 3033
3 3032 2555 3033
3 3033 3022 3021
3 3032 3033 3021
3 2559 2989 3034
3 3033 2559 3034
3 3034 3023 3022
3 3033 3034 3022
3 2989 2994 3035
3 3034 2989 3035
3 3035 3024 3023
3 3034 3035 3023
3 2994 2562 3036
3 3035 2994 3036
3 3036 3025 3024
3 3035 3036 3024
3 2562 2561 3037
3 3036 2562 3037
3 3037 3026 3025
3 3036 3037 3025
3 2561 2563 3038
3 3037 2561 3038
3 3038 3027 3026
3 3037 3038 3026
3 2563 2564 3039
3 3038 2563 3039
3 3039 3028 3027
3 3038 3039 3027
3 3041 3042 3043
3 3040 3041 3043
3 3043 3030 3029
3 3040 3043 3029
3 2565 2554 2958
3 3044 2565 2958
3 2564 2565 3045
3 3039 2564 3045
3 3044 2958 2959
3 3046 3044 2959
3 3046 2959 2961
3 3047 3046 2961
3 2961 2572 3048
3 3047 2961 3048
3 2572 2573 3049
3 3048 2572 3049
3 2573 2574 3050
3 3049 2573 3050
3 2565 3044 3051
3 3045 2565 3051
3 3028 3039 3045
3 3052 3028 3045
3 2607 3028 3052
3 2580 2607 3052
3 3052 3045 3051
3 3053 3052 3051
3 2580 3052 3054
3 2575 2580 3054
3 3051 3044 3046
3 3055 3051 3046
3 3051 3055 3056
3 3053 3051 3056
3 3052 3053 3056
3 3054 3052 3056
3 2576 2575 3054
3 3057 2576 3054
3 3055 3046 3047
3 3058 3055 3047
3 3055 3058 3059
3 3056 3055 3059
3 3054 3056 3059
3 3057 3054 3059
3 3058 3047 3048
3 3060 3058 3048
3 2592 2576 3057
3 3061 2592 3057
3 3061 3057 3059
3 3062 3061 3059
3 3059 3058 3060
3 3062 3059 3060
3 3060 3048 3049
3 3063 3060 3049
3 2586 2592 3061
3 3064 2586 3061
3 3064 3061 3062
3 3065 3064 3062
3 3062 3060 3063
3 3065 3062 3063
3 3063 3049 3050
3 3066 3063 3050
3 3065 3063 3066
3 3067 3065 3066
3 2590 2586 3064
3 3068 2590 3064
3 3064 3065 3067
3 3068 3064 3067
3 3031 3020 3019
3 3069 3031 3019
3 2971 2557 2556
3 3070 2971 2556
3 2556 3031 3069
3 3070 2556 3069
3 3070 3069 3071
3 3069 3019 3018
3 3072 3069 3018
3 2972 2971 3070
3 3073 2972 3070
3 3073 3070 3071
3 3074 3073 3071
3 3071 3069 3072
3 3074 3071 3072
3 3072 3018 3076
3 3075 3072 3076
3 3074 3072 3075
3 3077 3074 3075
3 3075 3076 3079
3 3078 3075 3079
3 3040 3078 3079
3 3041 3040 3079
3 3077 3075 3078
3 3080 3077 3078
3 3073 3074 3077
3 3081 3073 3077
3 3078 3040 3029
3 3082 3078 3029
3 2569 3014 3082
3 3029 2569 3082
3 3082 3014 3084
3 3083 3082 3084
3 3014 3016 3015
3 3084 3014 3015
3 2973 2972 3084
3 3015 2973 3084
3 2972 3073 3081
3 3084 2972 3081
3 3084 3081 3083
3 3078 3082 3083
3 3080 3078 3083
3 3077 3080 3083
3 3081 3077 3083
3 3086 3087 3088
3 3085 3086 3088
3 3089 3090 3087
3 3086 3089 3087
3 3091 3092 3090
3 3089 3091 3090
3 3094 3095 3096
3 3093 3094 3096
3 3093 3096 3098
3 3097 3093 3098
3 3097 3098 3100
3 3099 3097 3100
3 3099 3100 3102
3 3101 3099 3102
3 3103 3104 3092
3 3091 3103 3092
3 3101 3102 3106
3 3105 3101 3106
3 3105 3106 3108
3 3107 3105 3108
3 3107 3108 3104
3 3103 3107 3104
3 3109 3110 3095
3 3094 3109 3095
3 3085 3088 3112
3 3111 3085 3112
3 3113 3114 3110
3 3109 3113 3110
3 3115 3116 3114
3 3113 3115 3114
3 3111 3112 3118
3 3117 3111 3118
3 3117 3118 3116
3 3115 3117 3116
3 2672 3119 3120
3 2677 2672 3120
3 2667 3121 3119
3 2672 2667 3119
3 2666 2681 3121
3 2667 2666 3121
3 2653 3122 2654
3 2652 2653 2654
3 3122 2678 2655
3 2654 3122 2655
3 2680 2666 2658
3 2659 2680 2658
3 2678 2659 2656
3 2655 2678 2656
3 3124 3125 3126
3 3123 3124 3126
3 3123 3126 3128
3 3127 3123 3128
3 3127 3128 3130
3 3129 3127 3130
3 3129 3130 3132
3 3131 3129 3132
3 3131 3132 3134
3 3133 3131 3134
3 3134 3135 3136
3 3133 3134 3136
3 3138 2683 2682
3 3137 3138 2682
3 3140 3141 3142
3 3139 3140 3142
3 3144 3140 3139
3 3143 3144 3139
3 3145 3146 3141
3 3140 3145 3141
3 3147 3145 3140
3 3144 3147 3140
3 3149 3147 3144
3 3148 3149 3144
3 3151 3149 3148
3 3150 3151 3148
3 3148 3144 3143
3 3152 3148 3143
3 3154 3149 3151
3 3153 3154 3151
3 3155 3147 3149
3 3154 3155 3149
3 3156 3145 3147
3 3155 3156 3147
3 3157 3146 3145
3 3156 3157 3145
3 3159 3160 3161
3 3158 3159 3161
3 3163 3159 3158
3 3162 3163 3158
3 3155 3154 3165
3 3164 3155 3165
3 3157 3156 3167
3 3166 3157 3167
3 3169 3170 3171
3 3168 3169 3171
3 2571 2570 3169
3 3168 2571 3169
3 3173 3168 3171
3 3172 3173 3171
3 2574 2571 3168
3 3173 2574 3168
3 3175 3176 3177
3 3174 3175 3177
3 3179 3180 3181
3 3178 3179 3181
3 3183 3184 3185
3 3182 3183 3185
3 3183 3182 3179
3 3186 3183 3179
3 2590 3184 3183
3 2589 2590 3183
3 2589 3183 3186
3 2591 2589 3186
3 3188 3185 3184
3 3187 3188 3184
3 3190 3191 3192
3 3189 3190 3192
3 3188 3187 3177
3 3176 3188 3177
3 3189 3193 3194
3 3190 3189 3194
3 3195 3175 3174
3 3180 3195 3174
3 3195 3180 3179
3 3182 3195 3179
3 2602 2591 3186
3 3196 2602 3186
3 3196 3186 3179
3 3178 3196 3179
3 2604 2602 3196
3 3197 2604 3196
3 3198 3196 3178
3 3181 3198 3178
3 3199 3197 3196
3 3198 3199 3196
3 3201 3202 3203
3 3200 3201 3203
3 3204 3205 3202
3 3201 3204 3202
3 3207 3208 3209
3 3206 3207 3209
3 3210 3211 3208
3 3207 3210 3208
3 3213 3205 3204
3 3212 3213 3204
3 3213 3212 3206
3 3209 3213 3206
3 3214 3209 3208
3 3211 3214 3208
3 2627 3215 3216
3 2624 2627 3216
3 3215 3217 3218
3 3216 3215 3218
3 3217 3219 3220
3 3218 3217 3220
3 3219 3221 3222
3 3220 3219 3222
3 3221 3223 3224
3 3222 3221 3224
3 3223 3205 3213
3 3225 3223 3213
3 3223 3225 3226
3 3224 3223 3226
3 3227 3228 3226
3 3225 3227 3226
3 3213 3209 3227
3 3225 3213 3227
3 3227 3209 3214
3 3229 3227 3214
3 3227 3229 3230
3 3228 3227 3230
3 3231 3232 3230
3 3229 3231 3230
3 2645 3232 3231
3 2644 2645 3231
3 2647 2624 3216
3 3233 2647 3216
3 2649 2647 3233
3 3234 2649 3233
3 3235 3233 3216
3 3218 3235 3216
3 3236 3234 3233
3 3235 3236 3233
3 3237 3235 3218
3 3220 3237 3218
3 3238 3236 3235
3 3237 3238 3235
3 3237 3220 3222
3 3239 3237 3222
3 3240 3239 3222
3 3224 3240 3222
3 3241 3240 3224
3 3226 3241 3224
3 3242 3241 3226
3 3228 3242 3226
3 3244 3241 3242
3 3243 3244 3242
3 3246 3247 3248
3 3245 3246 3248
3 3249 3242 3228
3 3230 3249 3228
3 3243 3242 3249
3 3250 3243 3249
3 3251 3252 3243
3 3250 3251 3243
3 3254 3246 3245
3 3253 3254 3245
3 3255 3249 3230
3 3232 3255 3230
3 3250 3249 3255
3 3256 3250 3255
3 3257 3251 3250
3 3256 3257 3250
3 2673 3255 3232
3 2645 2673 3232
3 2674 3256 3255
3 2673 2674 3255
3 2676 3254 3253
3 2675 2676 3253
3 2677 3257 3256
3 2674 2677 3256
3 3258 3259 3260
3 3244 3258 3260
3 3261 3259 3258
3 3252 3261 3258
3 3248 3247 3263
3 3262 3248 3263
3 3264 3265 3210
3 3207 3264 3210
3 3266 3264 3207
3 3206 3266 3207
3 3267 3266 3206
3 3212 3267 3206
3 3268 3267 3212
3 3204 3268 3212
3 3269 3268 3204
3 3201 3269 3204
3 3270 3269 3201
3 3200 3270 3201
3 3200 3203 3272
3 3271 3200 3272
3 3200 3271 3270
3 3274 3271 3272
3 3273 3274 3272
3 3276 3277 3273
3 3275 3276 3273
3 3278 3279 3276
3 3275 3278 3276
3 3281 3278 3275
3 3280 3281 3275
3 3283 3279 3278
3 3282 3283 3278
3 3285 3286 3287
3 3284 3285 3287
3 3289 3283 3282
3 3288 3289 3282
3 3291 3289 3288
3 3290 3291 3288
3 3293 3291 3290
3 3292 3293 3290
3 3295 3293 3292
3 3294 3295 3292
3 3297 3285 3284
3 3296 3297 3284
3 3297 3296 3299
3 3298 3297 3299
3 3298 3299 3301
3 3300 3298 3301
3 3303 3300 3301
3 3302 3303 3301
3 3304 3305 3295
3 3294 3304 3295
3 3303 3302 3305
3 3304 3303 3305
3 3306 3307 3308
3 3286 3306 3308
3 3282 3278 3281
3 3309 3282 3281
3 3288 3282 3309
3 3310 3288 3309
3 3281 3280 3307
3 3311 3281 3307
3 3311 3307 3306
3 3312 3311 3306
3 3313 3309 3281
3 3311 3313 3281
3 3311 3312 3314
3 3313 3311 3314
3 3315 3316 3297
3 3298 3315 3297
3 3315 3298 3300
3 3317 3315 3300
3 3318 3306 3286
3 3285 3318 3286
3 3318 3285 3297
3 3316 3318 3297
3 3320 3315 3317
3 3319 3320 3317
3 3319 3317 3300
3 3303 3319 3300
3 3320 3318 3316
3 3315 3320 3316
3 3321 3319 3303
3 3304 3321 3303
3 3322 3312 3306
3 3318 3322 3306
3 3323 3322 3318
3 3320 3323 3318
3 3323 3320 3319
3 3321 3323 3319
3 3321 3304 3294
3 3324 3321 3294
3 3314 3312 3322
3 3325 3314 3322
3 3326 3325 3322
3 3323 3326 3322
3 3326 3323 3321
3 3324 3326 3321
3 3310 3309 3313
3 3327 3310 3313
3 3324 3294 3292
3 3328 3324 3292
3 3313 3314 3325
3 3327 3313 3325
3 3290 3288 3310
3 3329 3290 3310
3 3329 3310 3327
3 3330 3329 3327
3 3328 3292 3290
3 3329 3328 3290
3 3329 3330 3328
3 3330 3327 3325
3 3326 3330 3325
3 3330 3326 3324
3 3328 3330 3324
3 3331 3332 3283
3 3289 3331 3283
3 3333 3331 3289
3 3291 3333 3289
3 3334 3333 3291
3 3293 3334 3291
3 3335 3334 3293
3 3295 3335 3293
3 3335 3295 3305
3 3336 3335 3305
3 3336 3305 3302
3 3337 3336 3302
3 3337 3302 3301
3 3338 3337 3301
3 3339 3338 3301
3 3299 3339 3301
3 3340 3339 3299
3 3296 3340 3299
3 3296 3284 3341
3 3340 3296 3341
3 3343 3338 3339
3 3342 3343 3339
3 3343 3336 3337
3 3338 3343 3337
3 3344 3335 3336
3 3343 3344 3336
3 3345 3334 3335
3 3344 3345 3335
3 3346 3333 3334
3 3345 3346 3334
3 3347 3331 3333
3 3346 3347 3333
3 3348 3332 3331
3 3347 3348 3331
3 3348 3349 3332
3 3349 3277 3276
3 3279 3349 3276
3 3349 3279 3283
3 3332 3349 3283
3 3350 3343 3342
3 3344 3343 3350
3 3351 3344 3350
3 3345 3344 3351
3 3352 3345 3351
3 3346 3345 3352
3 3353 3346 3352
3 3347 3346 3353
3 3354 3347 3353
3 3348 3347 3354
3 3355 3348 3354
3 3349 3348 3355
3 3356 3349 3355
3 3357 3277 3349
3 3356 3357 3349
3 3357 3274 3273
3 3277 3357 3273
3 3358 3271 3274
3 3357 3358 3274
3 3359 3270 3271
3 3358 3359 3271
3 3341 3361 3362
3 3360 3341 3362
3 3364 3365 3366
3 3363 3364 3366
3 3368 3364 3363
3 3367 3368 3363
3 3370 3368 3367
3 3369 3370 3367
3 3372 3353 3352
3 3371 3372 3352
3 3371 3352 3351
3 3373 3371 3351
3 3375 3370 3369
3 3374 3375 3369
3 3377 3375 3374
3 3376 3377 3374
3 2801 3378 3377
3 2799 2801 3377
3 3379 3375 3377
3 3378 3379 3377
3 3380 3370 3375
3 3379 3380 3375
3 3381 3368 3370
3 3380 3381 3370
3 3382 3364 3368
3 3381 3382 3368
3 3383 3365 3364
3 3382 3383 3364
3 3383 3360 3362
3 3365 3383 3362
3 3340 3341 3360
3 3384 3340 3360
3 3385 3339 3340
3 3384 3385 3340
3 3384 3360 3383
3 3386 3384 3383
3 3386 3383 3382
3 3387 3386 3382
3 3387 3382 3381
3 3388 3387 3381
3 3390 3378 2801
3 3389 3390 2801
3 3391 3342 3339
3 3385 3391 3339
3 3392 3385 3384
3 3386 3392 3384
3 3393 3392 3386
3 3387 3393 3386
3 3350 3342 3391
3 3394 3350 3391
3 3373 3351 3350
3 3394 3373 3350
3 3395 3391 3385
3 3392 3395 3385
3 3396 3395 3392
3 3393 3396 3392
3 3398 3373 3394
3 3397 3398 3394
3 3399 3371 3373
3 3398 3399 3373
3 3397 3394 3391
3 3395 3397 3391
3 3401 3399 3398
3 3400 3401 3398
3 3400 3398 3397
3 3402 3400 3397
3 3402 3397 3395
3 3396 3402 3395
3 3404 3401 3400
3 3403 3404 3400
3 3406 3404 3403
3 3405 3406 3403
3 3379 3378 3390
3 3407 3379 3390
3 3380 3379 3407
3 3408 3380 3407
3 3388 3381 3380
3 3408 3388 3380
3 3410 3390 3389
3 3409 3410 3389
3 3410 3407 3390
3 3411 3393 3387
3 3388 3411 3387
3 3408 3411 3388
3 3411 3408 3407
3 3410 3411 3407
3 3412 3396 3393
3 3411 3412 3393
3 3412 3411 3410
3 3413 3412 3410
3 3413 3410 3409
3 3414 3413 3409
3 3416 3412 3413
3 3415 3416 3413
3 3415 3413 3414
3 3416 3402 3396
3 3412 3416 3396
3 3403 3400 3402
3 3416 3403 3402
3 3415 3405 3403
3 3416 3415 3403
3 3418 3404 3406
3 3417 3418 3406
3 3419 3401 3404
3 3418 3419 3404
3 3420 3399 3401
3 3419 3420 3401
3 3420 3372 3371
3 3399 3420 3371
3 3354 3353 3372
3 3421 3354 3372
3 3422 3423 3265
3 3264 3422 3265
3 3424 3422 3264
3 3266 3424 3264
3 3425 3424 3266
3 3267 3425 3266
3 3426 3425 3267
3 3268 3426 3267
3 3427 3426 3268
3 3269 3427 3268
3 3427 3269 3270
3 3359 3427 3270
3 3428 3429 3423
3 3422 3428 3423
3 3430 3428 3422
3 3424 3430 3422
3 3431 3430 3424
3 3425 3431 3424
3 3432 3431 3425
3 3426 3432 3425
3 3433 3432 3426
3 3427 3433 3426
3 3433 3427 3359
3 3434 3433 3359
3 3434 3359 3358
3 3435 3434 3358
3 3435 3358 3357
3 3436 3435 3357
3 3436 3357 3356
3 3437 3436 3356
3 3355 3354 3421
3 3438 3355 3421
3 3437 3356 3355
3 3438 3437 3355
3 3421 3372 3420
3 3439 3421 3420
3 3439 3420 3419
3 3440 3439 3419
3 3440 3419 3418
3 3441 3440 3418
3 3441 3418 3417
3 3442 3441 3417
3 3443 3438 3421
3 3439 3443 3421
3 3443 3444 3436
3 3437 3443 3436
3 3438 3443 3437
3 3445 3443 3439
3 3440 3445 3439
3 3446 3445 3440
3 3441 3446 3440
3 3447 3446 3441
3 3442 3447 3441
3 3448 3435 3436
3 3444 3448 3436
3 3450 3451 3452
3 3449 3450 3452
3 3453 3452 3444
3 3443 3453 3444
3 3454 3449 3452
3 3453 3454 3452
3 3455 3453 3443
3 3445 3455 3443
3 3456 3454 3453
3 3455 3456 3453
3 3457 3455 3445
3 3446 3457 3445
3 3458 3456 3455
3 3457 3458 3455
3 3459 3457 3446
3 3447 3459 3446
3 3460 3458 3457
3 3459 3460 3457
3 3451 3448 3444
3 3452 3451 3444
3 3461 3434 3435
3 3448 3461 3435
3 3462 3433 3434
3 3461 3462 3434
3 3463 3432 3433
3 3462 3463 3433
3 3464 3431 3432
3 3463 3464 3432
3 3465 3430 3431
3 3464 3465 3431
3 3466 3428 3430
3 3465 3466 3430
3 3467 3429 3428
3 3466 3467 3428
3 3469 3470 3467
3 3468 3469 3467
3 3472 3469 3468
3 3471 3472 3468
3 3468 3467 3466
3 3473 3468 3466
3 3474 3471 3468
3 3473 3474 3468
3 3473 3466 3465
3 3475 3473 3465
3 3476 3474 3473
3 3475 3476 3473
3 3475 3465 3464
3 3477 3475 3464
3 3478 3476 3475
3 3477 3478 3475
3 3477 3464 3463
3 3479 3477 3463
3 3480 3478 3477
3 3479 3480 3477
3 3479 3463 3462
3 3481 3479 3462
3 3482 3480 3479
3 3481 3482 3479
3 3483 3482 3481
3 3461 3448 3451
3 3483 3461 3451
3 3481 3462 3461
3 3483 3481 3461
3 3231 3229 3214
3 3484 3231 3214
3 3484 2912 2644
3 3231 3484 2644
3 3484 3214 3211
3 3485 3484 3211
3 3486 2914 2912
3 3484 3486 2912
3 3487 2916 2914
3 3486 3487 2914
3 3487 3486 3484
3 3485 3487 3484
3 3488 3485 3211
3 3210 3488 3211
3 3489 3487 3485
3 3488 3489 3485
3 3490 3488 3210
3 3265 3490 3210
3 3490 3265 3423
3 3491 3490 3423
3 3492 3489 3488
3 3490 3492 3488
3 2922 2916 3487
3 3489 2922 3487
3 2922 3489 3492
3 2923 2922 3492
3 2924 3490 3491
3 3493 2924 3491
3 2923 3492 3490
3 2924 2923 3490
3 3287 3361 3341
3 3284 3287 3341
3 3494 3287 3286
3 3308 3494 3286
3 3280 3275 3273
3 3494 3280 3273
3 3308 3307 3280
3 3494 3308 3280
3 3494 3495 3287
3 3496 3494 3273
3 3272 3496 3273
3 3497 3495 3494
3 3496 3497 3494
3 3498 3496 3272
3 3203 3498 3272
3 3499 3500 3501
3 3497 3499 3501
3 3499 3497 3496
3 3498 3499 3496
3 3502 3498 3203
3 3202 3502 3203
3 3503 3504 3500
3 3499 3503 3500
3 3503 3499 3498
3 3502 3503 3498
3 3505 3502 3202
3 3205 3505 3202
3 3505 3205 3223
3 3221 3505 3223
3 3506 3507 3504
3 3503 3506 3504
3 3506 3503 3502
3 3505 3506 3502
3 3508 3505 3221
3 3219 3508 3221
3 3509 3510 3507
3 3506 3509 3507
3 3509 3506 3505
3 3508 3509 3505
3 3511 3508 3219
3 3217 3511 3219
3 3509 3508 3511
3 3512 3509 3511
3 3513 3510 3509
3 3512 3513 3509
3 3514 3511 3217
3 3215 3514 3217
3 3197 3199 3513
3 3515 3197 3513
3 3516 3515 3513
3 3512 3516 3513
3 3516 3512 3511
3 3514 3516 3511
3 3515 3516 2954
3 2953 3515 2954
3 2604 3197 3515
3 2953 2604 3515
3 2955 3514 3215
3 2627 2955 3215
3 2954 3516 3514
3 2955 2954 3514
3 3517 3518 3141
3 3146 3517 3141
3 3517 3146 3157
3 3519 3517 3157
3 3521 3517 3519
3 3520 3521 3519
3 3523 3521 3520
3 3522 3523 3520
3 3522 3172 3171
3 3524 3522 3171
3 3525 3518 3517
3 3521 3525 3517
3 3526 3525 3521
3 3523 3526 3521
3 3526 3523 3522
3 3524 3526 3522
3 3528 3529 3530
3 3527 3528 3530
3 3532 3533 3534
3 3531 3532 3534
3 3536 3537 3529
3 3535 3536 3529
3 3528 3532 3531
3 3538 3528 3531
3 3535 3529 3528
3 3538 3535 3528
3 3540 3536 3535
3 3539 3540 3535
3 3541 3531 3534
3 3160 3541 3534
3 3542 3539 3535
3 3538 3542 3535
3 3542 3538 3531
3 3541 3542 3531
3 3544 3540 3539
3 3543 3544 3539
3 3545 3541 3160
3 3159 3545 3160
3 3546 3543 3539
3 3542 3546 3539
3 3546 3542 3541
3 3545 3546 3541
3 3548 3544 3543
3 3547 3548 3543
3 3549 3545 3159
3 3163 3549 3159
3 3551 3163 3162
3 3550 3551 3162
3 3552 3549 3163
3 3551 3552 3163
3 3153 3151 3554
3 3553 3153 3554
3 3553 3551 3550
3 3555 3553 3550
3 3556 3547 3543
3 3546 3556 3543
3 3556 3546 3545
3 3549 3556 3545
3 3557 3552 3551
3 3553 3557 3551
3 3558 3547 3556
3 3557 3558 3556
3 3554 3151 3150
3 3558 3554 3150
3 3557 3553 3554
3 3558 3557 3554
3 3556 3549 3552
3 3557 3556 3552
3 3150 3148 3152
3 3559 3150 3152
3 3560 3558 3150
3 3559 3560 3150
3 3561 3547 3558
3 3560 3561 3558
3 3562 3548 3547
3 3561 3562 3547
3 3563 3562 3561
3 3561 3560 3559
3 3563 3561 3559
3 3564 3530 3529
3 3537 3564 3529
3 3566 3525 3526
3 3565 3566 3526
3 3567 3518 3525
3 3566 3567 3525
3 3142 3141 3518
3 3567 3142 3518
3 3530 3564 3569
3 3568 3530 3569
3 3570 3567 3566
3 3568 3570 3566
3 3569 3564 3572
3 3571 3569 3572
3 3571 3572 3573
3 3570 3571 3573
3 3570 3568 3569
3 3571 3570 3569
3 3570 3573 3574
3 3567 3570 3574
3 3575 3170 3169
3 3576 3532 3528
3 3527 3576 3528
3 3577 3576 3527
3 3578 3170 3575
3 3577 3578 3575
3 3568 3566 3565
3 3577 3568 3565
3 3527 3530 3568
3 3577 3527 3568
3 3578 3524 3171
3 3170 3578 3171
3 3565 3526 3524
3 3578 3565 3524
3 3578 3577 3565
3 3579 3580 3376
3 3374 3579 3376
3 3581 3579 3374
3 3369 3581 3374
3 3582 3581 3369
3 3367 3582 3369
3 3583 3582 3367
3 3363 3583 3367
3 3030 3584 3169
3 2570 3030 3169
3 3586 3158 3161
3 3585 3586 3161
3 3581 3582 3586
3 3585 3581 3586
3 3587 3162 3158
3 3586 3587 3158
3 3582 3583 3587
3 3586 3582 3587
3 3588 3550 3162
3 3587 3588 3162
3 3043 3042 3590
3 3589 3043 3590
3 3584 3030 3043
3 3589 3584 3043
3 3519 3157 3166
3 3591 3519 3166
3 3520 3519 3591
3 3592 3520 3591
3 3522 3520 3592
3 3593 3522 3592
3 3594 3172 3522
3 3593 3594 3522
3 3595 3173 3172
3 3594 3595 3172
3 3050 2574 3173
3 3595 3050 3173
3 3592 3591 3597
3 3596 3592 3597
3 3599 3596 3597
3 3598 3599 3597
3 3601 3174 3177
3 3600 3601 3177
3 3593 3592 3596
3 3602 3593 3596
3 3603 3602 3596
3 3599 3603 3596
3 3603 3599 3601
3 3600 3603 3601
3 3594 3593 3602
3 3604 3594 3602
3 3600 3177 3187
3 3605 3600 3187
3 3603 3600 3605
3 3606 3603 3605
3 3604 3602 3603
3 3606 3604 3603
3 3595 3594 3604
3 3607 3595 3604
3 3605 3187 3184
3 3608 3605 3184
3 3606 3605 3608
3 3609 3606 3608
3 3607 3604 3606
3 3609 3607 3606
3 3050 3595 3607
3 3066 3050 3607
3 3066 3607 3609
3 3067 3066 3609
3 3608 3184 2590
3 3068 3608 2590
3 3067 3609 3608
3 3068 3067 3608
3 3579 3581 3585
3 3610 3579 3585
3 3161 3160 3534
3 3611 3161 3534
3 3610 3585 3161
3 3611 3610 3161
3 3611 3612 3610
3 3580 3579 3610
3 3613 3580 3610
3 3611 3534 3533
3 3614 3611 3533
3 3612 3611 3614
3 3615 3612 3614
3 3613 3610 3612
3 3615 3613 3612
3 3617 3580 3613
3 3616 3617 3613
3 3616 3613 3615
3 3618 3616 3615
3 3620 3617 3616
3 3619 3620 3616
3 3589 3590 3620
3 3619 3589 3620
3 3619 3616 3618
3 3621 3619 3618
3 3618 3615 3614
3 3622 3618 3614
3 3584 3589 3619
3 3623 3584 3619
3 3623 3575 3169
3 3584 3623 3169
3 3625 3575 3623
3 3624 3625 3623
3 3576 3577 3575
3 3625 3576 3575
3 3625 3533 3532
3 3576 3625 3532
3 3622 3614 3533
3 3625 3622 3533
3 3625 3624 3622
3 3624 3623 3619
3 3621 3624 3619
3 3624 3621 3618
3 3622 3624 3618
3 3627 3628 3629
3 3626 3627 3629
3 3628 3630 3631
3 3629 3628 3631
3 3630 3632 3633
3 3631 3630 3633
3 3635 3636 3637
3 3634 3635 3637
3 3639 3635 3634
3 3638 3639 3634
3 3641 3639 3638
3 3640 3641 3638
3 3643 3641 3640
3 3642 3643 3640
3 3632 3644 3645
3 3633 3632 3645
3 3647 3643 3642
3 3646 3647 3642
3 3649 3647 3646
3 3648 3649 3646
3 3644 3649 3648
3 3645 3644 3648
3 3636 3650 3651
3 3637 3636 3651
3 3653 3627 3626
3 3652 3653 3626
3 3650 3654 3655
3 3651 3650 3655
3 3654 3656 3657
3 3655 3654 3657
3 3659 3653 3652
3 3658 3659 3652
3 3656 3659 3658
3 3657 3656 3658
3 3120 3660 3257
3 2677 3120 3257
3 3660 3661 3251
3 3257 3660 3251
3 3661 3261 3252
3 3251 3661 3252
3 3239 3662 3238
3 3237 3239 3238
3 3240 3260 3662
3 3239 3240 3662
3 3243 3252 3258
3 3244 3243 3258
3 3241 3244 3260
3 3240 3241 3260
3 3664 3125 3124
3 3663 3664 3124
3 3666 3664 3663
3 3665 3666 3663
3 3668 3666 3665
3 3667 3668 3665
3 3670 3668 3667
3 3669 3670 3667
3 3672 3670 3669
3 3671 3672 3669
3 3673 3674 3672
3 3671 3673 3672
3 3262 3263 3676
3 3675 3262 3676
3 2662 3677 3678
3 2663 2662 3678
3 2663 3678 3679
3 2669 2663 3679
3 2669 3679 3680
3 2676 2669 3680
3 2683 3681 3677
3 2662 2683 3677
3 3125 3682 3683
3 3126 3125 3683
3 3126 3683 3684
3 3128 3126 3684
3 3128 3684 3685
3 3130 3128 3685
3 3130 3685 3686
3 3132 3130 3686
3 3132 3686 3687
3 3134 3132 3687
3 3134 3687 3688
3 3135 3134 3688
3 3135 3688 3689
3 3136 3135 3689
3 3138 3690 3681
3 2683 3138 3681
3 3246 3691 3692
3 3247 3246 3692
3 3254 3693 3691
3 3246 3254 3691
3 2676 3680 3693
3 3254 2676 3693
3 3247 3692 3694
3 3263 3247 3694
3 3664 3695 3682
3 3125 3664 3682
3 3666 3696 3695
3 3664 3666 3695
3 3668 3697 3696
3 3666 3668 3696
3 3670 3698 3697
3 3668 3670 3697
3 3672 3699 3698
3 3670 3672 3698
3 3674 3700 3699
3 3672 3674 3699
3 3673 3701 3700
3 3674 3673 3700
3 3263 3694 3702
3 3676 3263 3702
3 3677 3703 3704
3 3678 3677 3704
3 3678 3704 3705
3 3679 3678 3705
3 3679 3705 3706
3 3680 3679 3706
3 3681 3707 3703
3 3677 3681 3703
3 3682 3708 3709
3 3683 3682 3709
3 3683 3709 3710
3 3684 3683 3710
3 3684 3710 3711
3 3685 3684 3711
3 3685 3711 3712
3 3686 3685 3712
3 3686 3712 3713
3 3687 3686 3713
3 3687 3713 3714
3 3688 3687 3714
3 3688 3714 3715
3 3689 3688 3715
3 3690 3716 3707
3 3681 3690 3707
3 3691 3717 3718
3 3692 3691 3718
3 3693 3719 3717
3 3691 3693 3717
3 3680 3706 3719
3 3693 3680 3719
3 3692 3718 3720
3 3694 3692 3720
3 3695 3721 3708
3 3682 3695 3708
3 3696 3722 3721
3 3695 3696 3721
3 3697 3723 3722
3 3696 3697 3722
3 3698 3724 3723
3 3697 3698 3723
3 3699 3725 3724
3 3698 3699 3724
3 3700 3726 3725
3 3699 3700 3725
3 3701 3727 3726
3 3700 3701 3726
3 3694 3720 3728
3 3702 3694 3728
3 3703 3729 3730
3 3704 3703 3730
3 3704 3730 3731
3 3705 3704 3731
3 3705 3731 3732
3 3706 3705 3732
3 3707 3733 3729
3 3703 3707 3729
3 3708 3734 3735
3 3709 3708 3735
3 3709 3735 3736
3 3710 3709 3736
3 3710 3736 3737
3 3711 3710 3737
3 3711 3737 3738
3 3712 3711 3738
3 3712 3738 3739
3 3713 3712 3739
3 3713 3739 3740
3 3714 3713 3740
3 3716 3741 3733
3 3707 3716 3733
3 3727 3742 3743
3 3726 3727 3743
3 3740 3741 3715
3 3714 3740 3715
3 3744 3745 3718
3 3717 3744 3718
3 3746 3744 3717
3 3719 3746 3717
3 3732 3746 3719
3 3706 3732 3719
3 3745 3747 3720
3 3718 3745 3720
3 3748 3734 3708
3 3721 3748 3708
3 3749 3748 3721
3 3722 3749 3721
3 3750 3749 3722
3 3723 3750 3722
3 3751 3750 3723
3 3724 3751 3723
3 3752 3751 3724
3 3725 3752 3724
3 3743 3752 3725
3 3726 3743 3725
3 3747 3742 3728
3 3720 3747 3728
3 3754 3746 3732
3 3753 3754 3732
3 3753 3732 3731
3 3755 3753 3731
3 3755 3731 3730
3 3756 3755 3730
3 3729 3757 3756
3 3730 3729 3756
3 3757 3729 3733
3 3758 3757 3733
3 3759 3744 3746
3 3754 3759 3746
3 3760 3745 3744
3 3759 3760 3744
3 3761 3747 3745
3 3760 3761 3745
3 3733 3741 3739
3 3758 3733 3739
3 3742 3747 3761
3 3752 3742 3761
3 3740 3739 3741
3 3742 3752 3743
3 3758 3739 3738
3 3737 3757 3758
3 3738 3737 3758
3 3757 3737 3736
3 3756 3757 3736
3 3735 3755 3756
3 3736 3735 3756
3 3734 3753 3755
3 3735 3734 3755
3 3748 3754 3753
3 3734 3748 3753
3 3749 3759 3754
3 3748 3749 3754
3 3750 3760 3759
3 3749 3750 3759
3 3751 3761 3760
3 3750 3751 3760
3 3752 3761 3751
3 2895 2854 2853
3 3762 3763 3493
3 3491 3762 3493
3 3762 3491 3423
3 3429 3762 3423
3 3470 3762 3429
3 3467 3470 3429
3 3470 3763 3762
3 3154 3153 3764
3 3165 3154 3764
3 3153 3553 3555
3 3764 3153 3555
3 3363 3366 3765
3 3583 3363 3765
3 3587 3583 3765
3 3588 3587 3765
3 3180 3174 3766
3 3181 3180 3766
3 3198 3181 3766
3 3767 3198 3766
3 3199 3198 3767
3 3768 3199 3767
3 3513 3199 3768
3 3510 3513 3768
3 3500 3504 3770
3 3769 3500 3770
3 3507 3510 3768
3 3771 3507 3768
3 3504 3507 3771
3 3770 3504 3771
3 3772 3771 3768
3 3768 3767 3773
3 3772 3768 3773
3 3164 3165 3775
3 3774 3164 3775
3 3777 3774 3775
3 3776 3777 3775
3 3779 3777 3780
3 3778 3779 3780
3 3156 3155 3164
3 3167 3156 3164
3 3591 3166 3781
3 3597 3591 3781
3 3774 3777 3779
3 3782 3774 3779
3 3164 3774 3782
3 3167 3164 3782
3 3167 3782 3784
3 3783 3167 3784
3 3766 3174 3601
3 3785 3766 3601
3 3597 3781 3785
3 3598 3597 3785
3 3599 3598 3785
3 3601 3599 3785
3 3166 3167 3783
3 3781 3166 3783
3 3785 3781 3783
3 3786 3785 3783
3 3773 3767 3766
3 3787 3773 3766
3 3784 3782 3779
3 3788 3784 3779
3 3790 3773 3787
3 3789 3790 3787
3 3784 3788 3789
3 3787 3784 3789
3 3783 3784 3787
3 3786 3783 3787
3 3766 3785 3786
3 3787 3766 3786
3 3790 3789 3788
3 3791 3790 3788
3 3772 3773 3790
3 3792 3772 3790
3 3779 3778 3791
3 3788 3779 3791
3 3793 3794 3795
3 3776 3793 3795
3 3780 3777 3776
3 3795 3780 3776
3 3780 3795 3797
3 3796 3780 3797
3 3795 3794 3798
3 3797 3795 3798
3 3799 3800 3798
3 3794 3799 3798
3 3798 3800 3802
3 3801 3798 3802
3 3801 3802 3804
3 3803 3801 3804
3 3798 3801 3805
3 3797 3798 3805
3 3804 3806 3807
3 3803 3804 3807
3 3801 3803 3807
3 3805 3801 3807
3 3769 3770 3808
3 3806 3769 3808
3 3797 3805 3809
3 3796 3797 3809
3 3778 3780 3796
3 3810 3778 3796
3 3791 3778 3810
3 3811 3791 3810
3 3792 3790 3791
3 3811 3792 3791
3 3771 3772 3792
3 3812 3771 3792
3 3796 3809 3813
3 3810 3796 3813
3 3811 3810 3813
3 3814 3811 3813
3 3805 3807 3815
3 3809 3805 3815
3 3806 3808 3815
3 3807 3806 3815
3 3770 3771 3812
3 3808 3770 3812
3 3792 3811 3814
3 3812 3792 3814
3 3815 3808 3812
3 3816 3815 3812
3 3814 3813 3816
3 3812 3814 3816
3 3813 3809 3815
3 3816 3813 3815
3 3804 3802 3800
3 3817 3804 3800
3 3799 3818 3817
3 3800 3799 3817
3 3501 3500 3769
3 3819 3501 3769
3 3769 3806 3804
3 3819 3769 3804
3 3804 3817 3820
3 3819 3804 3820
3 3820 3817 3818
3 3821 3820 3818
3 3365 3362 3822
3 3366 3365 3822
3 3821 3824 3822
3 3823 3821 3822
3 3825 3820 3821
3 3823 3825 3821
3 3362 3361 3826
3 3822 3362 3826
3 3361 3287 3495
3 3826 3361 3495
3 3827 3822 3826
3 3495 3497 3501
3 3826 3495 3501
3 3501 3819 3827
3 3826 3501 3827
3 3819 3820 3825
3 3827 3819 3825
3 3823 3822 3827
3 3825 3823 3827
3 3366 3822 3824
3 3765 3366 3824
3 3821 3818 3828
3 3824 3821 3828
3 3828 3818 3799
3 3829 3828 3799
3 3550 3588 3830
3 3555 3550 3830
3 3588 3765 3824
3 3830 3588 3824
3 3794 3793 3829
3 3799 3794 3829
3 3555 3830 3831
3 3764 3555 3831
3 3831 3830 3832
3 3165 3764 3831
3 3775 3165 3831
3 3776 3775 3831
3 3793 3776 3831
3 3829 3793 3831
3 3832 3829 3831
3 3832 3830 3824
3 3824 3828 3829
3 3832 3824 3829
3 3041 3079 3076
3 3833 3041 3076
3 2797 2798 3834
3 3018 2797 3834
3 3076 3018 3834
3 3833 3076 3834
3 3835 3833 3834
3 3042 3041 3833
3 3836 3042 3833
3 3838 3835 3834
3 3837 3838 3834
3 2798 2799 3837
3 3834 2798 3837
3 3833 3835 3838
3 3836 3833 3838
3 3376 3580 3617
3 3839 3376 3617
3 3377 3376 3839
3 2799 3377 3839
3 3837 2799 3839
3 3042 3836 3840
3 3590 3042 3840
3 3836 3838 3841
3 3840 3836 3841
3 3620 3590 3840
3 3617 3620 3840
3 3839 3617 3840
3 3841 3839 3840
3 3838 3837 3839
3 3841 3838 3839
3 3843 3844 3845
3 3842 3843 3845
3 3847 3843 3842
3 3846 3847 3842
3 3846 3842 3848
3 3843 3847 3850
3 3849 3843 3850
3 3852 3853 3854
3 3851 3852 3854
3 3856 3852 3851
3 3855 3856 3851
3 3856 3855 3858
3 3857 3856 3858
3 3857 3858 3860
3 3859 3857 3860
3 3859 3860 3862
3 3861 3859 3862
3 3861 3862 3864
3 3863 3861 3864
3 3866 3867 3868
3 3865 3866 3868
3 3849 3870 3871
3 3869 3849 3871
3 3865 3868 3872
3 3869 3865 3872
3 3843 3849 3873
3 3844 3843 3873
3 3849 3869 3872
3 3873 3849 3872
3 3863 3864 3875
3 3874 3863 3875
3 3867 3866 3877
3 3876 3867 3877
3 3878 3879 3876
3 3877 3878 3876
3 3878 3874 3875
3 3879 3878 3875
3 3880 3849 3850
3 3870 3849 3880
3 3877 3866 3882
3 3881 3877 3882
3 3877 3883 3884
3 3878 3877 3884
3 3874 3878 3884
3 3885 3874 3884
3 3886 3877 3881
3 3883 3877 3886
3 3884 3883 3886
3 3887 3884 3886
3 3874 3888 3889
3 3863 3874 3889
3 3861 3863 3889
3 3890 3861 3889
3 3885 3884 3887
3 3891 3885 3887
3 3891 3874 3885
3 3888 3874 3891
3 3889 3888 3891
3 3892 3889 3891
3 3893 3861 3890
3 3894 3861 3893
3 3890 3889 3892
3 3893 3890 3892
3 3861 3894 3895
3 3859 3861 3895
3 3857 3859 3895
3 3896 3857 3895
3 3894 3893 3897
3 3895 3894 3897
3 3898 3857 3896
3 3899 3857 3898
3 3896 3895 3897
3 3898 3896 3897
3 3857 3899 3900
3 3856 3857 3900
3 3852 3856 3900
3 3901 3852 3900
3 3899 3898 3902
3 3900 3899 3902
3 3897 3903 3904
3 3898 3897 3904
3 3902 3898 3904
3 3905 3902 3904
3 3887 3886 3907
3 3906 3887 3907
3 3906 3907 3909
3 3908 3906 3909
3 3906 3908 3911
3 3910 3906 3911
3 3887 3906 3910
3 3891 3887 3910
3 3892 3891 3910
3 3912 3892 3910
3 3912 3910 3914
3 3913 3912 3914
3 3913 3914 3916
3 3915 3913 3916
3 3918 3913 3915
3 3917 3918 3915
3 3912 3913 3918
3 3919 3912 3918
3 3892 3912 3919
3 3893 3892 3919
3 3897 3893 3919
3 3903 3897 3919
3 3918 3917 3920
3 3919 3918 3920
3 3903 3919 3922
3 3921 3903 3922
3 3921 3922 3924
3 3923 3921 3924
3 3919 3920 3924
3 3922 3919 3924
3 3903 3921 3925
3 3904 3903 3925
3 3905 3904 3927
3 3926 3905 3927
3 3905 3926 3929
3 3928 3905 3929
3 3928 3929 3931
3 3930 3928 3931
3 3901 3900 3902
3 3932 3901 3902
3 3902 3905 3928
3 3932 3902 3928
3 3852 3901 3932
3 3852 3932 3933
3 3853 3852 3933
3 3921 3923 3934
3 3925 3921 3934
3 3904 3925 3935
3 3927 3904 3935
3 3927 3935 3936
3 3926 3927 3936
3 3929 3926 3936
3 3931 3929 3936
3 3925 3934 3937
3 3935 3925 3937
3 3935 3937 3938
3 3936 3935 3938
3 3940 3941 3942
3 3939 3940 3942
3 3939 3942 3944
3 3943 3939 3944
3 3871 3870 3880
3 3945 3871 3880
3 3880 3940 3939
3 3945 3880 3939
3 3945 3939 3943
3 3946 3945 3943
3 3869 3871 3947
3 3865 3869 3947
3 3871 3945 3946
3 3947 3871 3946
3 3949 3907 3950
3 3948 3949 3950
3 3952 3953 3954
3 3951 3952 3954
3 3954 3948 3950
3 3951 3954 3950
3 3907 3886 3955
3 3950 3907 3955
3 3865 3947 3956
3 3956 3947 3946
3 3943 3952 3956
3 3946 3943 3956
3 3881 3882 3955
3 3886 3881 3955
3 3866 3865 3957
3 3882 3866 3957
3 3951 3950 3955
3 3958 3951 3955
3 3957 3865 3956
3 3957 3956 3958
3 3955 3882 3957
3 3958 3955 3957
3 3956 3952 3951
3 3958 3956 3951
3 3941 3959 3960
3 3942 3941 3960
3 3942 3960 3961
3 3944 3942 3961
3 3948 3954 3963
3 3962 3948 3963
3 3952 3943 3944
3 3964 3952 3944
3 3944 3961 3964
3 3953 3952 3964
3 3963 3954 3953
3 3948 3962 3965
3 3949 3948 3965
3 3949 3965 3966
3 3907 3949 3966
3 3907 3966 3967
3 3909 3907 3967
3 3909 3967 3968
3 3908 3909 3968
3 3908 3968 3969
3 3911 3908 3969
3 3911 3969 3970
3 3910 3911 3970
3 3914 3910 3970
3 3916 3914 3970
3 3916 3970 3971
3 3916 3971 3972
3 3915 3916 3972
3 3915 3972 3973
3 3917 3915 3973
3 3917 3973 3974
3 3920 3917 3974
3 3920 3974 3975
3 3924 3920 3975
3 3924 3975 3976
3 3923 3924 3976
3 3923 3976 3977
3 3934 3923 3977
3 3934 3977 3978
3 3937 3934 3978
3 3937 3978 3979
3 3938 3937 3979
3 3980 3938 3979
3 3931 3936 3938
3 3980 3931 3938
3 3931 3980 3981
3 3930 3931 3981
3 3933 3932 3983
3 3982 3933 3983
3 3932 3928 3930
3 3983 3932 3930
3 3983 3930 3981
3 3979 3984 3981
3 3980 3979 3981
3 3984 3985 3986
3 3981 3984 3986
3 3982 3983 3981
3 3987 3982 3981
3 3981 3986 3988
3 3987 3981 3988
3 3974 3973 3989
3 3969 3968 3991
3 3990 3969 3991
3 3968 3967 3992
3 3991 3968 3992
3 3994 3991 3992
3 3993 3994 3992
3 3965 3995 3996
3 3966 3965 3996
3 3996 3995 3997
3 3967 3966 3996
3 3992 3967 3996
3 3991 3994 3998
3 3990 3991 3998
3 3970 3969 3990
3 3999 3970 3990
3 4000 3999 3990
3 3998 4001 4000
3 3990 3998 4000
3 3970 3999 4000
3 3971 3970 4000
3 3972 4002 3989
3 3973 3972 3989
3 3971 4000 4002
3 3972 3971 4002
3 4000 4001 4003
3 4002 4000 4003
3 4004 3989 4002
3 4003 4005 4004
3 4002 4003 4004
3 3974 3989 4004
3 3975 3974 4004
3 3976 4006 4007
3 3977 3976 4007
3 3984 4008 4009
3 3985 3984 4009
3 3975 4004 4006
3 3976 3975 4006
3 4004 4005 4010
3 4006 4004 4010
3 4008 4007 4006
3 4010 4009 4008
3 4006 4010 4008
3 3977 4007 4008
3 3978 3977 4008
3 3979 3978 4008
3 3984 3979 4008
3 3965 3962 3997
3 3995 3965 3997
3 3993 3992 3996
3 4011 3993 3996
3 3996 3997 4012
3 4011 3996 4012
3 3962 3963 4013
3 3997 3962 4013
3 4013 3963 3953
3 4012 3997 4013
3 4014 4012 4013
3 4013 3953 3964
3 4015 4013 3964
3 3964 3961 4015
3 4014 4013 4015
3 4016 4014 4015
3 3961 3960 4017
3 4015 3961 4017
3 4016 4015 4017
3 4018 4016 4017
3 3960 3959 4019
3 4017 3960 4019
3 4018 4017 4019
3 4020 4018 4019
3 3845 4021 4022
3 3842 3845 4022
3 3842 4022 4024
3 4023 3842 4024
3 4023 3848 3842
3 4026 4024 4022
3 4025 4026 4022
3 4028 4029 4030
3 4027 4028 4030
3 4027 4030 4032
3 4031 4027 4032
3 4034 4031 4032
3 4033 4034 4032
3 4036 4034 4033
3 4035 4036 4033
3 4038 4036 4035
3 4037 4038 4035
3 4040 4038 4037
3 4039 4040 4037
3 4042 4043 4044
3 4041 4042 4044
3 4046 4047 4025
3 4045 4046 4025
3 4048 4042 4041
3 4045 4048 4041
3 4049 4025 4022
3 4021 4049 4022
3 4048 4045 4025
3 4049 4048 4025
3 4051 4040 4039
3 4050 4051 4039
3 4053 4044 4043
3 4052 4053 4043
3 4052 4054 4055
3 4053 4052 4055
3 4051 4050 4055
3 4054 4051 4055
3 4056 4026 4025
3 4047 4056 4025
3 4058 4044 4053
3 4057 4058 4053
3 4059 4060 4053
3 4055 4059 4053
3 4059 4055 4050
3 4061 4059 4050
3 4062 4057 4053
3 4060 4062 4053
3 4062 4060 4059
3 4063 4062 4059
3 4064 4065 4050
3 4039 4064 4050
3 4064 4039 4037
3 4066 4064 4037
3 4063 4059 4061
3 4067 4063 4061
3 4067 4061 4050
3 4065 4067 4050
3 4067 4065 4064
3 4068 4067 4064
3 4069 4066 4037
3 4070 4069 4037
3 4068 4064 4066
3 4069 4068 4066
3 4071 4070 4037
3 4035 4071 4037
3 4071 4035 4033
3 4072 4071 4033
3 4073 4069 4070
3 4071 4073 4070
3 4074 4072 4033
3 4075 4074 4033
3 4073 4071 4072
3 4074 4073 4072
3 4076 4075 4033
3 4032 4076 4033
3 4076 4032 4030
3 4077 4076 4030
3 4078 4074 4075
3 4076 4078 4075
3 4079 4080 4073
3 4074 4079 4073
3 4079 4074 4078
3 4081 4079 4078
3 4083 4062 4063
3 4082 4083 4063
3 4085 4083 4082
3 4084 4085 4082
3 4087 4084 4082
3 4086 4087 4082
3 4086 4082 4063
3 4067 4086 4063
3 4086 4067 4068
3 4088 4086 4068
3 4090 4086 4088
3 4089 4090 4088
3 4092 4090 4089
3 4091 4092 4089
3 4091 4089 4094
3 4093 4091 4094
3 4094 4089 4088
3 4095 4094 4088
3 4095 4088 4068
3 4069 4095 4068
3 4095 4069 4073
3 4080 4095 4073
3 4096 4093 4094
3 4095 4096 4094
3 4098 4095 4080
3 4097 4098 4080
3 4100 4098 4097
3 4099 4100 4097
3 4100 4096 4095
3 4098 4100 4095
3 4101 4097 4080
3 4079 4101 4080
3 4103 4079 4081
3 4102 4103 4081
3 4105 4102 4081
3 4104 4105 4081
3 4107 4105 4104
3 4106 4107 4104
3 4078 4076 4077
3 4108 4078 4077
3 4104 4081 4078
3 4108 4104 4078
3 4030 4108 4077
3 4109 4108 4030
3 4029 4109 4030
3 4110 4099 4097
3 4101 4110 4097
3 4111 4101 4079
3 4103 4111 4079
3 4112 4111 4103
3 4102 4112 4103
3 4112 4102 4105
3 4107 4112 4105
3 4113 4110 4101
3 4111 4113 4101
3 4114 4113 4111
3 4112 4114 4111
3 4116 4117 4118
3 4115 4116 4118
3 4120 4116 4115
3 4119 4120 4115
3 4056 4047 4046
3 4121 4056 4046
3 4115 4118 4056
3 4121 4115 4056
3 4119 4115 4121
3 4122 4119 4121
3 4123 4046 4045
3 4041 4123 4045
3 4122 4121 4046
3 4123 4122 4046
3 4125 4083 4126
3 4124 4125 4126
3 4128 4129 4130
3 4127 4128 4130
3 4125 4124 4128
3 4127 4125 4128
3 4131 4062 4083
3 4125 4131 4083
3 4041 4132 4123
3 4132 4122 4123
3 4132 4130 4119
3 4122 4132 4119
3 4131 4058 4057
3 4062 4131 4057
3 4133 4041 4044
3 4058 4133 4044
3 4131 4125 4127
3 4134 4131 4127
3 4133 4132 4041
3 4133 4134 4132
3 4133 4058 4131
3 4134 4133 4131
3 4127 4130 4132
3 4134 4127 4132
3 4135 4136 4117
3 4116 4135 4117
3 4137 4135 4116
3 4120 4137 4116
3 4139 4128 4124
3 4138 4139 4124
3 4120 4119 4130
3 4140 4120 4130
3 4120 4140 4137
3 4129 4140 4130
3 4139 4129 4128
3 4141 4138 4124
3 4126 4141 4124
3 4142 4141 4126
3 4083 4142 4126
3 4143 4142 4083
3 4085 4143 4083
3 4144 4143 4085
3 4084 4144 4085
3 4145 4144 4084
3 4087 4145 4084
3 4146 4145 4087
3 4086 4146 4087
3 4146 4086 4090
3 4092 4146 4090
3 4092 4147 4146
3 4148 4147 4092
3 4091 4148 4092
3 4149 4148 4091
3 4093 4149 4091
3 4150 4149 4093
3 4096 4150 4093
3 4151 4150 4096
3 4100 4151 4096
3 4152 4151 4100
3 4099 4152 4100
3 4153 4152 4099
3 4110 4153 4099
3 4154 4153 4110
3 4113 4154 4110
3 4155 4154 4113
3 4114 4155 4113
3 4156 4155 4114
3 4114 4112 4107
3 4156 4114 4107
3 4157 4156 4107
3 4106 4157 4107
3 4159 4108 4109
3 4158 4159 4109
3 4106 4104 4108
3 4159 4106 4108
3 4159 4157 4106
3 4157 4160 4155
3 4156 4157 4155
3 4161 4162 4160
3 4157 4161 4160
3 4157 4159 4158
3 4163 4157 4158
3 4164 4161 4157
3 4163 4164 4157
3 4150 4165 4149
3 4167 4144 4145
3 4166 4167 4145
3 4168 4143 4144
3 4167 4168 4144
3 4168 4167 4170
3 4169 4168 4170
3 4171 4172 4141
3 4142 4171 4141
3 4171 4173 4172
3 4171 4142 4143
3 4168 4171 4143
3 4174 4170 4167
3 4166 4174 4167
3 4166 4145 4146
3 4175 4166 4146
3 4176 4166 4175
3 4176 4177 4174
3 4166 4176 4174
3 4176 4175 4146
3 4147 4176 4146
3 4165 4178 4148
3 4149 4165 4148
3 4178 4176 4147
3 4148 4178 4147
3 4179 4177 4176
3 4178 4179 4176
3 4180 4178 4165
3 4180 4181 4179
3 4178 4180 4179
3 4180 4165 4150
3 4151 4180 4150
3 4182 4183 4152
3 4153 4182 4152
3 4184 4185 4160
3 4162 4184 4160
3 4183 4180 4151
3 4152 4183 4151
3 4186 4181 4180
3 4183 4186 4180
3 4185 4183 4182
3 4185 4184 4186
3 4183 4185 4186
3 4185 4182 4153
3 4154 4185 4153
3 4185 4154 4155
3 4160 4185 4155
3 4173 4138 4141
3 4172 4173 4141
3 4171 4168 4169
3 4187 4171 4169
3 4188 4173 4171
3 4187 4188 4171
3 4189 4139 4138
3 4173 4189 4138
3 4189 4129 4139
3 4189 4173 4188
3 4190 4189 4188
3 4140 4129 4189
3 4191 4140 4189
3 4140 4191 4137
3 4191 4189 4190
3 4192 4191 4190
3 4193 4135 4137
3 4191 4193 4137
3 4193 4191 4192
3 4194 4193 4192
3 4195 4136 4135
3 4193 4195 4135
3 4195 4193 4194
3 4196 4195 4194
3 3940 4197 4198
3 3941 3940 4198
3 3941 4198 4199
3 3959 3941 4199
3 4201 4118 4117
3 4200 4201 4117
3 4203 4204 4200
3 4202 4203 4200
3 4200 4117 4136
3 4202 4200 4136
3 3847 3846 3848
3 4205 3847 3848
3 3850 3847 4205
3 3880 3850 4205
3 3848 4206 4207
3 4205 3848 4207
3 4207 4197 4205
3 4197 3940 3880
3 4205 4197 3880
3 4198 4197 4207
3 4208 4198 4207
3 4206 4209 4208
3 4207 4206 4208
3 4206 3848 4211
3 4210 4206 4211
3 3848 4023 4024
3 4211 3848 4024
3 4024 4026 4056
3 4211 4024 4056
3 4211 4201 4210
3 4118 4201 4211
3 4056 4118 4211
3 4201 4200 4204
3 4210 4201 4204
3 4209 4206 4210
3 4204 4209 4210
3 4195 4196 4213
3 4212 4195 4213
3 4136 4195 4212
3 4202 4136 4212
3 4199 4198 4208
3 4214 4199 4208
3 3959 4199 4215
3 4019 3959 4215
3 4020 4019 4215
3 4216 4020 4215
3 4216 4215 4218
3 4217 4216 4218
3 4213 4217 4218
3 4212 4213 4218
3 4199 4214 4219
3 4215 4199 4219
3 4203 4202 4212
3 4220 4203 4212
3 4218 4215 4219
3 4221 4218 4219
3 4208 4209 4222
3 4214 4208 4222
3 4209 4204 4203
3 4222 4209 4203
3 4219 4214 4222
3 4221 4219 4222
3 4203 4220 4221
3 4222 4203 4221
3 4212 4218 4221
3 4220 4212 4221
3 4224 4225 4226
3 4223 4224 4226
3 4228 4224 4223
3 4227 4228 4223
3 4227 4223 4229
3 4224 4228 4231
3 4230 4224 4231
3 4233 4234 4235
3 4232 4233 4235
3 4237 4233 4232
3 4236 4237 4232
3 4237 4236 4239
3 4238 4237 4239
3 4238 4239 4241
3 4240 4238 4241
3 4240 4241 4243
3 4242 4240 4243
3 4242 4243 4245
3 4244 4242 4245
3 4247 4248 4249
3 4246 4247 4249
3 4230 4251 4252
3 4250 4230 4252
3 4246 4249 4253
3 4250 4246 4253
3 4224 4230 4254
3 4225 4224 4254
3 4230 4250 4253
3 4254 4230 4253
3 4244 4245 4256
3 4255 4244 4256
3 4248 4247 4258
3 4257 4248 4258
3 4259 4260 4257
3 4258 4259 4257
3 4259 4255 4256
3 4260 4259 4256
3 4261 4230 4231
3 4251 4230 4261
3 4258 4247 4263
3 4262 4258 4263
3 4258 4264 4265
3 4259 4258 4265
3 4255 4259 4265
3 4266 4255 4265
3 4267 4258 4262
3 4264 4258 4267
3 4265 4264 4267
3 4268 4265 4267
3 4255 4269 4270
3 4244 4255 4270
3 4242 4244 4270
3 4271 4242 4270
3 4266 4265 4268
3 4272 4266 4268
3 4272 4255 4266
3 4269 4255 4272
3 4270 4269 4272
3 4273 4270 4272
3 4274 4242 4271
3 4275 4242 4274
3 4271 4270 4273
3 4274 4271 4273
3 4242 4275 4276
3 4240 4242 4276
3 4238 4240 4276
3 4277 4238 4276
3 4275 4274 4278
3 4276 4275 4278
3 4279 4238 4277
3 4280 4238 4279
3 4277 4276 4278
3 4279 4277 4278
3 4238 4280 4281
3 4237 4238 4281
3 4233 4237 4281
3 4282 4233 4281
3 4280 4279 4283
3 4281 4280 4283
3 4278 4284 4285
3 4279 4278 4285
3 4283 4279 4285
3 4286 4283 4285
3 4268 4267 4288
3 4287 4268 4288
3 4287 4288 4290
3 4289 4287 4290
3 4287 4289 4292
3 4291 4287 4292
3 4268 4287 4291
3 4272 4268 4291
3 4273 4272 4291
3 4293 4273 4291
3 4293 4291 4295
3 4294 4293 4295
3 4294 4295 4297
3 4296 4294 4297
3 4299 4294 4296
3 4298 4299 4296
3 4293 4294 4299
3 4300 4293 4299
3 4273 4293 4300
3 4274 4273 4300
3 4278 4274 4300
3 4284 4278 4300
3 4299 4298 4301
3 4300 4299 4301
3 4284 4300 4303
3 4302 4284 4303
3 4302 4303 4305
3 4304 4302 4305
3 4300 4301 4305
3 4303 4300 4305
3 4284 4302 4306
3 4285 4284 4306
3 4286 4285 4308
3 4307 4286 4308
3 4286 4307 4310
3 4309 4286 4310
3 4309 4310 4312
3 4311 4309 4312
3 4282 4281 4283
3 4313 4282 4283
3 4283 4286 4309
3 4313 4283 4309
3 4233 4282 4313
3 4233 4313 4314
3 4234 4233 4314
3 4302 4304 4315
3 4306 4302 4315
3 4285 4306 4316
3 4308 4285 4316
3 4308 4316 4317
3 4307 4308 4317
3 4310 4307 4317
3 4312 4310 4317
3 4306 4315 4318
3 4316 4306 4318
3 4316 4318 4319
3 4317 4316 4319
3 4321 4322 4323
3 4320 4321 4323
3 4320 4323 4325
3 4324 4320 4325
3 4252 4251 4261
3 4326 4252 4261
3 4261 4321 4320
3 4326 4261 4320
3 4326 4320 4324
3 4327 4326 4324
3 4250 4252 4328
3 4246 4250 4328
3 4252 4326 4327
3 4328 4252 4327
3 4330 4288 4331
3 4329 4330 4331
3 4333 4334 4335
3 4332 4333 4335
3 4335 4329 4331
3 4332 4335 4331
3 4288 4267 4336
3 4331 4288 4336
3 4246 4328 4337
3 4337 4328 4327
3 4324 4333 4337
3 4327 4324 4337
3 4262 4263 4336
3 4267 4262 4336
3 4247 4246 4338
3 4263 4247 4338
3 4332 4331 4336
3 4339 4332 4336
3 4338 4246 4337
3 4338 4337 4339
3 4336 4263 4338
3 4339 4336 4338
3 4337 4333 4332
3 4339 4337 4332
3 4322 4340 4341
3 4323 4322 4341
3 4323 4341 4342
3 4325 4323 4342
3 4329 4335 4344
3 4343 4329 4344
3 4333 4324 4325
3 4345 4333 4325
3 4325 4342 4345
3 4334 4333 4345
3 4344 4335 4334
3 4329 4343 4346
3 4330 4329 4346
3 4330 4346 4347
3 4288 4330 4347
3 4288 4347 4348
3 4290 4288 4348
3 4290 4348 4349
3 4289 4290 4349
3 4289 4349 4350
3 4292 4289 4350
3 4292 4350 4351
3 4291 4292 4351
3 4295 4291 4351
3 4297 4295 4351
3 4297 4351 4352
3 4297 4352 4353
3 4296 4297 4353
3 4296 4353 4354
3 4298 4296 4354
3 4298 4354 4355
3 4301 4298 4355
3 4301 4355 4356
3 4305 4301 4356
3 4305 4356 4357
3 4304 4305 4357
3 4304 4357 4358
3 4315 4304 4358
3 4315 4358 4359
3 4318 4315 4359
3 4318 4359 4360
3 4319 4318 4360
3 4361 4319 4360
3 4312 4317 4319
3 4361 4312 4319
3 4312 4361 4362
3 4311 4312 4362
3 4314 4313 4364
3 4363 4314 4364
3 4313 4309 4311
3 4364 4313 4311
3 4364 4311 4362
3 4360 4365 4362
3 4361 4360 4362
3 4365 4366 4367
3 4362 4365 4367
3 4363 4364 4362
3 4368 4363 4362
3 4362 4367 4369
3 4368 4362 4369
3 4355 4354 4370
3 4350 4349 4372
3 4371 4350 4372
3 4349 4348 4373
3 4372 4349 4373
3 4375 4372 4373
3 4374 4375 4373
3 4346 4376 4377
3 4347 4346 4377
3 4377 4376 4378
3 4348 4347 4377
3 4373 4348 4377
3 4372 4375 4379
3 4371 4372 4379
3 4351 4350 4371
3 4380 4351 4371
3 4381 4380 4371
3 4379 4382 4381
3 4371 4379 4381
3 4351 4380 4381
3 4352 4351 4381
3 4353 4383 4370
3 4354 4353 4370
3 4352 4381 4383
3 4353 4352 4383
3 4381 4382 4384
3 4383 4381 4384
3 4385 4370 4383
3 4384 4386 4385
3 4383 4384 4385
3 4355 4370 4385
3 4356 4355 4385
3 4357 4387 4388
3 4358 4357 4388
3 4365 4389 4390
3 4366 4365 4390
3 4356 4385 4387
3 4357 4356 4387
3 4385 4386 4391
3 4387 4385 4391
3 4389 4388 4387
3 4391 4390 4389
3 4387 4391 4389
3 4358 4388 4389
3 4359 4358 4389
3 4360 4359 4389
3 4365 4360 4389
3 4346 4343 4378
3 4376 4346 4378
3 4374 4373 4377
3 4392 4374 4377
3 4377 4378 4393
3 4392 4377 4393
3 4343 4344 4394
3 4378 4343 4394
3 4394 4344 4334
3 4393 4378 4394
3 4395 4393 4394
3 4394 4334 4345
3 4396 4394 4345
3 4345 4342 4396
3 4395 4394 4396
3 4397 4395 4396
3 4342 4341 4398
3 4396 4342 4398
3 4397 4396 4398
3 4399 4397 4398
3 4341 4340 4400
3 4398 4341 4400
3 4399 4398 4400
3 4401 4399 4400
3 4226 4402 4403
3 4223 4226 4403
3 4223 4403 4405
3 4404 4223 4405
3 4404 4229 4223
3 4407 4405 4403
3 4406 4407 4403
3 4409 4410 4411
3 4408 4409 4411
3 4408 4411 4413
3 4412 4408 4413
3 4415 4412 4413
3 4414 4415 4413
3 4417 4415 4414
3 4416 4417 4414
3 4419 4417 4416
3 4418 4419 4416
3 4421 4419 4418
3 4420 4421 4418
3 4423 4424 4425
3 4422 4423 4425
3 4427 4428 4406
3 4426 4427 4406
3 4429 4423 4422
3 4426 4429 4422
3 4430 4406 4403
3 4402 4430 4403
3 4429 4426 4406
3 4430 4429 4406
3 4432 4421 4420
3 4431 4432 4420
3 4434 4425 4424
3 4433 4434 4424
3 4433 4435 4436
3 4434 4433 4436
3 4432 4431 4436
3 4435 4432 4436
3 4437 4407 4406
3 4428 4437 4406
3 4439 4425 4434
3 4438 4439 4434
3 4440 4441 4434
3 4436 4440 4434
3 4440 4436 4431
3 4442 4440 4431
3 4443 4438 4434
3 4441 4443 4434
3 4443 4441 4440
3 4444 4443 4440
3 4445 4446 4431
3 4420 4445 4431
3 4445 4420 4418
3 4447 4445 4418
3 4444 4440 4442
3 4448 4444 4442
3 4448 4442 4431
3 4446 4448 4431
3 4448 4446 4445
3 4449 4448 4445
3 4450 4447 4418
3 4451 4450 4418
3 4449 4445 4447
3 4450 4449 4447
3 4452 4451 4418
3 4416 4452 4418
3 4452 4416 4414
3 4453 4452 4414
3 4454 4450 4451
3 4452 4454 4451
3 4455 4453 4414
3 4456 4455 4414
3 4454 4452 4453
3 4455 4454 4453
3 4457 4456 4414
3 4413 4457 4414
3 4457 4413 4411
3 4458 4457 4411
3 4459 4455 4456
3 4457 4459 4456
3 4460 4461 4454
3 4455 4460 4454
3 4460 4455 4459
3 4462 4460 4459
3 4464 4443 4444
3 4463 4464 4444
3 4466 4464 4463
3 4465 4466 4463
3 4468 4465 4463
3 4467 4468 4463
3 4467 4463 4444
3 4448 4467 4444
3 4467 4448 4449
3 4469 4467 4449
3 4471 4467 4469
3 4470 4471 4469
3 4473 4471 4470
3 4472 4473 4470
3 4472 4470 4475
3 4474 4472 4475
3 4475 4470 4469
3 4476 4475 4469
3 4476 4469 4449
3 4450 4476 4449
3 4476 4450 4454
3 4461 4476 4454
3 4477 4474 4475
3 4476 4477 4475
3 4479 4476 4461
3 4478 4479 4461
3 4481 4479 4478
3 4480 4481 4478
3 4481 4477 4476
3 4479 4481 4476
3 4482 4478 4461
3 4460 4482 4461
3 4484 4460 4462
3 4483 4484 4462
3 4486 4483 4462
3 4485 4486 4462
3 4488 4486 4485
3 4487 4488 4485
3 4459 4457 4458
3 4489 4459 4458
3 4485 4462 4459
3 4489 4485 4459
3 4411 4489 4458
3 4490 4489 4411
3 4410 4490 4411
3 4491 4480 4478
3 4482 4491 4478
3 4492 4482 4460
3 4484 4492 4460
3 4493 4492 4484
3 4483 4493 4484
3 4493 4483 4486
3 4488 4493 4486
3 4494 4491 4482
3 4492 4494 4482
3 4495 4494 4492
3 4493 4495 4492
3 4497 4498 4499
3 4496 4497 4499
3 4501 4497 4496
3 4500 4501 4496
3 4437 4428 4427
3 4502 4437 4427
3 4496 4499 4437
3 4502 4496 4437
3 4500 4496 4502
3 4503 4500 4502
3 4504 4427 4426
3 4422 4504 4426
3 4503 4502 4427
3 4504 4503 4427
3 4506 4464 4507
3 4505 4506 4507
3 4509 4510 4511
3 4508 4509 4511
3 4506 4505 4509
3 4508 4506 4509
3 4512 4443 4464
3 4506 4512 4464
3 4422 4513 4504
3 4513 4503 4504
3 4513 4511 4500
3 4503 4513 4500
3 4512 4439 4438
3 4443 4512 4438
3 4514 4422 4425
3 4439 4514 4425
3 4512 4506 4508
3 4515 4512 4508
3 4514 4513 4422
3 4514 4515 4513
3 4514 4439 4512
3 4515 4514 4512
3 4508 4511 4513
3 4515 4508 4513
3 4516 4517 4498
3 4497 4516 4498
3 4518 4516 4497
3 4501 4518 4497
3 4520 4509 4505
3 4519 4520 4505
3 4501 4500 4511
3 4521 4501 4511
3 4501 4521 4518
3 4510 4521 4511
3 4520 4510 4509
3 4522 4519 4505
3 4507 4522 4505
3 4523 4522 4507
3 4464 4523 4507
3 4524 4523 4464
3 4466 4524 4464
3 4525 4524 4466
3 4465 4525 4466
3 4526 4525 4465
3 4468 4526 4465
3 4527 4526 4468
3 4467 4527 4468
3 4527 4467 4471
3 4473 4527 4471
3 4473 4528 4527
3 4529 4528 4473
3 4472 4529 4473
3 4530 4529 4472
3 4474 4530 4472
3 4531 4530 4474
3 4477 4531 4474
3 4532 4531 4477
3 4481 4532 4477
3 4533 4532 4481
3 4480 4533 4481
3 4534 4533 4480
3 4491 4534 4480
3 4535 4534 4491
3 4494 4535 4491
3 4536 4535 4494
3 4495 4536 4494
3 4537 4536 4495
3 4495 4493 4488
3 4537 4495 4488
3 4538 4537 4488
3 4487 4538 4488
3 4540 4489 4490
3 4539 4540 4490
3 4487 4485 4489
3 4540 4487 4489
3 4540 4538 4487
3 4538 4541 4536
3 4537 4538 4536
3 4542 4543 4541
3 4538 4542 4541
3 4538 4540 4539
3 4544 4538 4539
3 4545 4542 4538
3 4544 4545 4538
3 4531 4546 4530
3 4548 4525 4526
3 4547 4548 4526
3 4549 4524 4525
3 4548 4549 4525
3 4549 4548 4551
3 4550 4549 4551
3 4552 4553 4522
3 4523 4552 4522
3 4552 4554 4553
3 4552 4523 4524
3 4549 4552 4524
3 4555 4551 4548
3 4547 4555 4548
3 4547 4526 4527
3 4556 4547 4527
3 4557 4547 4556
3 4557 4558 4555
3 4547 4557 4555
3 4557 4556 4527
3 4528 4557 4527
3 4546 4559 4529
3 4530 4546 4529
3 4559 4557 4528
3 4529 4559 4528
3 4560 4558 4557
3 4559 4560 4557
3 4561 4559 4546
3 4561 4562 4560
3 4559 4561 4560
3 4561 4546 4531
3 4532 4561 4531
3 4563 4564 4533
3 4534 4563 4533
3 4565 4566 4541
3 4543 4565 4541
3 4564 4561 4532
3 4533 4564 4532
3 4567 4562 4561
3 4564 4567 4561
3 4566 4564 4563
3 4566 4565 4567
3 4564 4566 4567
3 4566 4563 4534
3 4535 4566 4534
3 4566 4535 4536
3 4541 4566 4536
3 4554 4519 4522
3 4553 4554 4522
3 4552 4549 4550
3 4568 4552 4550
3 4569 4554 4552
3 4568 4569 4552
3 4570 4520 4519
3 4554 4570 4519
3 4570 4510 4520
3 4570 4554 4569
3 4571 4570 4569
3 4521 4510 4570
3 4572 4521 4570
3 4521 4572 4518
3 4572 4570 4571
3 4573 4572 4571
3 4574 4516 4518
3 4572 4574 4518
3 4574 4572 4573
3 4575 4574 4573
3 4576 4517 4516
3 4574 4576 4516
3 4576 4574 4575
3 4577 4576 4575
3 4321 4578 4579
3 4322 4321 4579
3 4322 4579 4580
3 4340 4322 4580
3 4582 4499 4498
3 4581 4582 4498
3 4584 4585 4581
3 4583 4584 4581
3 4581 4498 4517
3 4583 4581 4517
3 4228 4227 4229
3 4586 4228 4229
3 4231 4228 4586
3 4261 4231 4586
3 4229 4587 4588
3 4586 4229 4588
3 4588 4578 4586
3 4578 4321 4261
3 4586 4578 4261
3 4579 4578 4588
3 4589 4579 4588
3 4587 4590 4589
3 4588 4587 4589
3 4587 4229 4592
3 4591 4587 4592
3 4229 4404 4405
3 4592 4229 4405
3 4405 4407 4437
3 4592 4405 4437
3 4592 4582 4591
3 4499 4582 4592
3 4437 4499 4592
3 4582 4581 4585
3 4591 4582 4585
3 4590 4587 4591
3 4585 4590 4591
3 4576 4577 4594
3 4593 4576 4594
3 4517 4576 4593
3 4583 4517 4593
3 4580 4579 4589
3 4595 4580 4589
3 4340 4580 4596
3 4400 4340 4596
3 4401 4400 4596
3 4597 4401 4596
3 4597 4596 4599
3 4598 4597 4599
3 4594 4598 4599
3 4593 4594 4599
3 4580 4595 4600
3 4596 4580 4600
3 4584 4583 4593
3 4601 4584 4593
3 4599 4596 4600
3 4602 4599 4600
3 4589 4590 4603
3 4595 4589 4603
3 4590 4585 4584
3 4603 4590 4584
3 4600 4595 4603
3 4602 4600 4603
3 4584 4601 4602
3 4603 4584 4602
3 4593 4599 4602
3 4601 4593 4602
3 4605 4606 4607
3 4604 4605 4607
3 4609 4607 4606
3 4608 4609 4606
3 4611 4612 4613
3 4610 4611 4613
3 4613 4612 4615
3 4614 4613 4615
3 4616 4617 4613
3 4614 4616 4613
3 4619 4620 4621
3 4618 4619 4621
3 4622 4623 4621
3 4620 4622 4621
3 4622 4620 4625
3 4624 4622 4625
3 4627 4628 4629
3 4626 4627 4629
3 4627 4626 4631
3 4630 4627 4631
3 4626 4629 4633
3 4632 4626 4633
3 4634 4631 4626
3 4632 4634 4626
3 4636 4637 4638
3 4635 4636 4638
3 4635 4639 4640
3 4636 4635 4640
3 4642 4643 4644
3 4641 4642 4644
3 4642 4641 4635
3 4638 4642 4635
3 4639 4635 4641
3 4645 4639 4641
3 4647 4648 4649
3 4646 4647 4649
3 4651 4652 4653
3 4650 4651 4653
3 4655 4651 4656
3 4654 4655 4656
3 4657 4647 4652
3 4651 4657 4652
3 4659 4660 4661
3 4658 4659 4661
3 4663 4664 4665
3 4662 4663 4665
3 4667 4664 4663
3 4666 4667 4663
3 4668 4648 4647
3 4657 4668 4647
3 4670 4671 4672
3 4669 4670 4672
3 4674 4675 4670
3 4673 4674 4670
3 4677 4678 4679
3 4676 4677 4679
3 4681 4682 4683
3 4680 4681 4683
3 4681 4680 4677
3 4676 4681 4677
3 4684 4685 4675
3 4674 4684 4675
3 4676 4679 4684
3 4674 4676 4684
3 4687 4688 4689
3 4686 4687 4689
3 4686 4689 4676
3 4674 4686 4676
3 4691 4669 4672
3 4690 4691 4672
3 4673 4670 4669
3 4691 4673 4669
3 4691 4690 4693
3 4692 4691 4693
3 4695 4696 4697
3 4694 4695 4697
3 4666 4663 4699
3 4698 4666 4699
3 4698 4658 4668
3 4657 4698 4668
3 4699 4659 4658
3 4698 4699 4658
3 4701 4687 4686
3 4700 4701 4686
3 4686 4674 4673
3 4702 4686 4673
3 4702 4673 4691
3 4703 4702 4691
3 4704 4703 4691
3 4692 4704 4691
3 4705 4706 4695
3 4694 4705 4695
3 4708 4705 4694
3 4707 4708 4694
3 4708 4707 4667
3 4666 4708 4667
3 4709 4708 4666
3 4698 4709 4666
3 4709 4698 4657
3 4710 4709 4657
3 4710 4657 4651
3 4655 4710 4651
3 4711 4688 4687
3 4701 4711 4687
3 4712 4713 4688
3 4711 4712 4688
3 4714 4700 4686
3 4702 4714 4686
3 4714 4702 4703
3 4715 4714 4703
3 4700 4716 4701
3 4717 4711 4701
3 4716 4717 4701
3 4716 4700 4714
3 4718 4716 4714
3 4719 4712 4711
3 4717 4719 4711
3 4719 4717 4716
3 4720 4719 4716
3 4722 4713 4712
3 4721 4722 4712
3 4723 4721 4712
3 4719 4723 4712
3 4723 4719 4720
3 4724 4723 4720
3 4654 4722 4721
3 4725 4654 4721
3 4726 4725 4721
3 4723 4726 4721
3 4726 4723 4724
3 4727 4726 4724
3 4728 4655 4654
3 4725 4728 4654
3 4729 4728 4725
3 4726 4729 4725
3 4730 4710 4655
3 4728 4730 4655
3 4731 4709 4710
3 4730 4731 4710
3 4732 4708 4709
3 4731 4732 4709
3 4733 4705 4708
3 4732 4733 4708
3 4734 4715 4703
3 4704 4734 4703
3 4735 4706 4705
3 4733 4735 4705
3 4737 4716 4718
3 4736 4737 4718
3 4739 4735 4733
3 4738 4739 4733
3 4718 4714 4715
3 4736 4718 4715
3 4736 4715 4734
3 4740 4736 4734
3 4740 4741 4737
3 4736 4740 4737
3 4742 4743 4727
3 4724 4742 4727
3 4744 4742 4724
3 4720 4744 4724
3 4744 4720 4716
3 4745 4744 4716
3 4745 4716 4737
3 4746 4745 4737
3 4746 4737 4741
3 4747 4746 4741
3 4748 4730 4728
3 4729 4748 4728
3 4750 4732 4731
3 4749 4750 4731
3 4749 4731 4730
3 4748 4749 4730
3 4729 4726 4727
3 4751 4729 4727
3 4752 4751 4727
3 4743 4752 4727
3 4754 4755 4756
3 4753 4754 4756
3 4738 4733 4732
3 4750 4738 4732
3 4757 4758 4739
3 4738 4757 4739
3 4748 4729 4751
3 4759 4748 4751
3 4759 4750 4749
3 4753 4760 4758
3 4757 4753 4758
3 4757 4759 4754
3 4753 4757 4754
3 4738 4750 4759
3 4757 4738 4759
3 4759 4751 4752
3 4754 4759 4752
3 4748 4759 4749
3 4761 4762 4743
3 4742 4761 4743
3 4763 4761 4742
3 4744 4763 4742
3 4744 4745 4764
3 4763 4744 4764
3 4765 4755 4754
3 4752 4765 4754
3 4752 4743 4762
3 4765 4752 4762
3 4760 4753 4756
3 4766 4760 4756
3 4746 4747 4768
3 4767 4746 4768
3 4767 4764 4745
3 4746 4767 4745
3 4769 4770 4756
3 4755 4769 4756
3 4771 4772 4762
3 4761 4771 4762
3 4773 4771 4761
3 4763 4773 4761
3 4774 4773 4763
3 4764 4774 4763
3 4775 4769 4755
3 4765 4775 4755
3 4772 4775 4765
3 4762 4772 4765
3 4770 4776 4766
3 4756 4770 4766
3 4777 4778 4767
3 4768 4777 4767
3 4778 4774 4764
3 4767 4778 4764
3 4780 4781 4782
3 4779 4780 4782
3 4784 4785 4786
3 4783 4784 4786
3 4784 4783 4788
3 4787 4784 4788
3 4790 4791 4792
3 4789 4790 4792
3 4794 4795 4796
3 4793 4794 4796
3 4790 4789 4781
3 4780 4790 4781
3 4797 4798 4794
3 4793 4797 4794
3 4789 4792 4800
3 4799 4789 4800
3 4801 4781 4789
3 4799 4801 4789
3 4794 4798 4788
3 4783 4794 4788
3 4786 4795 4794
3 4783 4786 4794
3 4802 4803 4787
3 4788 4802 4787
3 4798 4797 4805
3 4804 4798 4805
3 4806 4782 4781
3 4801 4806 4781
3 4804 4802 4788
3 4798 4804 4788
3 4808 4809 4810
3 4807 4808 4810
3 4802 4804 4811
3 4809 4802 4811
3 4808 4803 4802
3 4809 4808 4802
3 4811 4804 4805
3 4812 4811 4805
3 4814 4779 4782
3 4813 4814 4782
3 4814 4813 4816
3 4815 4814 4816
3 4817 4818 4811
3 4812 4817 4811
3 4813 4782 4806
3 4819 4813 4806
3 4813 4819 4820
3 4816 4813 4820
3 4811 4818 4810
3 4809 4811 4810
3 4787 4803 4822
3 4821 4787 4822
3 4784 4787 4821
3 4823 4784 4821
3 4825 4823 4821
3 4824 4825 4821
3 4823 4825 4827
3 4826 4823 4827
3 4826 4785 4784
3 4823 4826 4784
3 4829 4827 4825
3 4828 4829 4825
3 4799 4800 4831
3 4830 4799 4831
3 4833 4830 4831
3 4832 4833 4831
3 4833 4832 4829
3 4828 4833 4829
3 4834 4801 4799
3 4830 4834 4799
3 4828 4825 4824
3 4835 4828 4824
3 4833 4828 4835
3 4836 4833 4835
3 4834 4830 4833
3 4836 4834 4833
3 4837 4806 4801
3 4834 4837 4801
3 4822 4803 4808
3 4838 4822 4808
3 4839 4837 4834
3 4836 4839 4834
3 4839 4836 4835
3 4840 4839 4835
3 4819 4806 4837
3 4841 4819 4837
3 4841 4837 4839
3 4842 4841 4839
3 4843 4820 4819
3 4841 4843 4819
3 4841 4844 4845
3 4843 4841 4845
3 4842 4839 4840
3 4846 4842 4840
3 4844 4841 4842
3 4846 4844 4842
3 4847 4840 4835
3 4824 4847 4835
3 4824 4821 4822
3 4847 4824 4822
3 4838 4848 4845
3 4844 4838 4845
3 4808 4807 4848
3 4838 4808 4848
3 4838 4844 4846
3 4849 4838 4846
3 4849 4847 4822
3 4838 4849 4822
3 4849 4846 4840
3 4847 4849 4840
3 4850 4851 4852
3 4853 4854 4633
3 4629 4853 4633
3 4853 4629 4628
3 4855 4853 4628
3 4857 4858 4859
3 4856 4857 4859
3 4860 4645 4641
3 4644 4860 4641
3 4862 4863 4864
3 4861 4862 4864
3 4866 4867 4868
3 4865 4866 4868
3 4668 4658 4661
3 4869 4668 4661
3 4649 4648 4668
3 4869 4649 4668
3 4870 4871 4684
3 4679 4870 4684
3 4870 4679 4678
3 4872 4870 4678
3 4867 4866 4874
3 4873 4867 4874
3 4866 4875 4876
3 4874 4866 4876
3 4873 4660 4878
3 4877 4873 4878
3 4874 4661 4660
3 4873 4874 4660
3 4873 4877 4879
3 4867 4873 4879
3 4880 4881 4869
3 4876 4880 4869
3 4883 4870 4872
3 4882 4883 4872
3 4880 4876 4875
3 4884 4880 4875
3 4885 4886 4883
3 4882 4885 4883
3 4876 4869 4661
3 4874 4876 4661
3 4883 4886 4888
3 4887 4883 4888
3 4871 4870 4883
3 4887 4871 4883
3 4890 4891 4892
3 4889 4890 4892
3 4652 4647 4646
3 4893 4652 4646
3 4893 4894 4653
3 4652 4893 4653
3 4895 4649 4869
3 4881 4895 4869
3 4872 4678 4677
3 4896 4872 4677
3 4897 4896 4677
3 4680 4897 4677
3 4897 4680 4683
3 4898 4897 4683
3 4900 4889 4901
3 4899 4900 4901
3 4889 4892 4902
3 4901 4889 4902
3 4899 4649 4895
3 4903 4899 4895
3 4901 4646 4649
3 4899 4901 4649
3 4899 4903 4904
3 4900 4899 4904
3 4905 4894 4893
3 4902 4905 4893
3 4907 4897 4898
3 4906 4907 4898
3 4905 4902 4892
3 4908 4905 4892
3 4909 4910 4907
3 4906 4909 4907
3 4902 4893 4646
3 4901 4902 4646
3 4907 4910 4912
3 4911 4907 4912
3 4896 4897 4907
3 4911 4896 4907
3 4913 4900 4904
3 4913 4890 4889
3 4900 4913 4889
3 4908 4892 4891
3 4914 4625 4620
3 4619 4914 4620
3 4915 4916 4890
3 4913 4915 4890
3 4918 4908 4891
3 4917 4918 4891
3 4917 4891 4890
3 4916 4917 4890
3 4913 4904 4919
3 4915 4913 4919
3 4921 4912 4910
3 4920 4921 4910
3 4921 4920 4625
3 4914 4921 4625
3 4922 4624 4625
3 4920 4922 4625
3 4922 4920 4910
3 4909 4922 4910
3 4923 4875 4866
3 4865 4923 4866
3 4923 4884 4875
3 4924 4610 4613
3 4617 4924 4613
3 4879 4868 4867
3 4926 4865 4868
3 4925 4926 4868
3 4925 4868 4879
3 4927 4925 4879
3 4928 4929 4884
3 4923 4928 4884
3 4923 4865 4926
3 4928 4923 4926
3 4931 4886 4885
3 4930 4931 4885
3 4924 4617 4931
3 4930 4924 4931
3 4931 4617 4616
3 4932 4931 4616
3 4888 4886 4931
3 4932 4888 4931
3 4934 4606 4605
3 4933 4934 4605
3 4935 4608 4606
3 4934 4935 4606
3 4937 4938 4939
3 4936 4937 4939
3 4941 4850 4852
3 4940 4941 4852
3 4940 4852 4939
3 4938 4940 4939
3 4936 4942 4943
3 4937 4936 4943
3 4945 4946 4947
3 4944 4945 4947
3 4945 4944 4934
3 4933 4945 4934
3 4944 4947 4949
3 4948 4944 4949
3 4935 4934 4944
3 4948 4935 4944
3 4942 4936 4950
3 4951 4950 4936
3 4939 4951 4936
3 4699 4663 4662
3 4952 4699 4662
3 4660 4659 4699
3 4952 4660 4699
3 4939 4852 4851
3 4951 4939 4851
3 4878 4660 4952
3 4953 4878 4952
3 4685 4684 4871
3 4954 4685 4871
3 4955 4671 4670
3 4675 4955 4670
3 4955 4675 4685
3 4954 4955 4685
3 4950 4951 4957
3 4956 4950 4957
3 4956 4665 4959
3 4958 4956 4959
3 4957 4662 4665
3 4956 4957 4665
3 4956 4958 4942
3 4950 4956 4942
3 4961 4671 4955
3 4960 4961 4955
3 4961 4960 4947
3 4946 4961 4947
3 4962 4952 4662
3 4957 4962 4662
3 4951 4851 4962
3 4957 4951 4962
3 4962 4851 4850
3 4963 4962 4850
3 4962 4963 4953
3 4952 4962 4953
3 4964 4949 4947
3 4960 4964 4947
3 4964 4960 4955
3 4954 4964 4955
3 4966 4858 4857
3 4965 4966 4857
3 4968 4966 4965
3 4967 4968 4965
3 4970 4856 4859
3 4969 4970 4859
3 4971 4665 4664
3 4667 4971 4664
3 4853 4855 4973
3 4972 4853 4973
3 4972 4974 4854
3 4853 4972 4854
3 4971 4975 4959
3 4665 4971 4959
3 4976 4971 4667
3 4707 4976 4667
3 4976 4707 4694
3 4697 4976 4694
3 4972 4690 4672
3 4974 4972 4672
3 4977 4697 4696
3 4967 4977 4696
3 4978 4976 4697
3 4977 4978 4697
3 4965 4977 4967
3 4965 4857 4978
3 4977 4965 4978
3 4973 4693 4690
3 4972 4973 4690
3 4970 4975 4971
3 4979 4970 4971
3 4970 4979 4856
3 4978 4857 4856
3 4979 4978 4856
3 4971 4976 4978
3 4979 4971 4978
3 4981 4863 4862
3 4980 4981 4862
3 4981 4980 4982
3 4983 4984 4688
3 4713 4983 4688
3 4860 4861 4864
3 4985 4656 4651
3 4650 4985 4651
3 4986 4983 4713
3 4722 4986 4713
3 4722 4654 4656
3 4986 4722 4656
3 4689 4688 4984
3 4987 4689 4984
3 4987 4988 4682
3 4681 4987 4682
3 4681 4676 4689
3 4987 4681 4689
3 4980 4862 4990
3 4989 4980 4990
3 4989 4656 4985
3 4991 4989 4985
3 4990 4986 4656
3 4989 4990 4656
3 4989 4991 4982
3 4980 4989 4982
3 4993 4984 4983
3 4992 4993 4983
3 4994 4987 4984
3 4993 4994 4984
3 4993 4992 4861
3 4860 4993 4861
3 4860 4644 4994
3 4993 4860 4994
3 4990 4862 4861
3 4992 4990 4861
3 4983 4986 4990
3 4992 4983 4990
3 4994 4644 4643
3 4995 4994 4643
3 4988 4987 4994
3 4995 4988 4994
3 4997 4998 4999
3 4996 4997 4999
3 5001 5002 5003
3 5000 5001 5003
3 4998 4997 5005
3 5004 4998 5005
3 4999 4998 5006
3 5007 5008 5006
3 4998 5007 5006
3 5004 5009 5007
3 4998 5004 5007
3 5005 5010 5009
3 5004 5005 5009
3 5012 4915 4919
3 5011 5012 4919
3 4996 4916 4915
3 5012 4996 4915
3 5011 5014 5015
3 5013 5011 5015
3 5013 5015 5017
3 5016 5013 5017
3 5016 5005 4997
3 5013 5016 4997
3 5017 5010 5005
3 5016 5017 5005
3 5002 5001 5019
3 5018 5002 5019
3 5015 5014 5003
3 5002 5015 5003
3 5018 5017 5015
3 5002 5018 5015
3 5019 5010 5017
3 5018 5019 5017
3 5021 5008 5007
3 5020 5021 5007
3 5020 5007 5009
3 5022 5020 5009
3 5001 5000 5021
3 5020 5001 5021
3 5022 5019 5001
3 5020 5022 5001
3 5009 5010 5019
3 5022 5009 5019
3 5024 5025 5026
3 5023 5024 5026
3 5028 5029 5030
3 5027 5028 5030
3 5032 5033 5034
3 5031 5032 5034
3 5036 5037 5038
3 5035 5036 5038
3 5039 5040 4926
3 4925 5039 4926
3 4925 4927 5041
3 5039 4925 5041
3 5035 5041 5032
3 5031 5035 5032
3 5035 5031 5042
3 5036 5035 5042
3 5036 5042 5043
3 5037 5036 5043
3 5044 5042 5031
3 5034 5044 5031
3 5034 5033 5028
3 5027 5034 5028
3 5034 5027 5045
3 5044 5034 5045
3 5044 5045 5043
3 5042 5044 5043
3 5046 5045 5027
3 5030 5046 5027
3 5030 5029 5024
3 5023 5030 5024
3 5030 5023 5047
3 5046 5030 5047
3 5046 5047 5043
3 5045 5046 5043
3 5026 5025 5048
3 5026 5048 5040
3 5038 5026 5040
3 5049 5047 5023
3 5026 5049 5023
3 5026 5038 5037
3 5049 5026 5037
3 5049 5037 5043
3 5047 5049 5043
3 5051 5052 5053
3 5050 5051 5053
3 5055 5056 5057
3 5054 5055 5057
3 5059 4937 4943
3 5058 5059 4943
3 5060 4938 4937
3 5059 5060 4937
3 5058 5056 5055
3 5061 5058 5055
3 5061 5055 5063
3 5062 5061 5063
3 5062 5064 5065
3 5061 5062 5065
3 5062 5063 5066
3 5064 5062 5066
3 5068 5060 5065
3 5067 5068 5065
3 5067 5065 5064
3 5069 5067 5064
3 5070 5071 5072
3 5067 5070 5072
3 5068 5067 5072
3 5069 5073 5070
3 5067 5069 5070
3 5069 5064 5066
3 5073 5069 5066
3 5053 5071 5070
3 5050 5053 5070
3 5050 5070 5073
3 5074 5050 5073
3 5074 5075 5051
3 5050 5074 5051
3 5074 5073 5066
3 5075 5074 5066
3 5054 5051 5075
3 5076 5054 5075
3 5057 5052 5051
3 5054 5057 5051
3 5076 5063 5055
3 5054 5076 5055
3 5076 5075 5066
3 5063 5076 5066
3 5078 5079 5080
3 5077 5078 5080
3 5082 5083 5084
3 5081 5082 5084
3 5086 4858 4966
3 5085 5086 4966
3 5085 4966 4968
3 5087 5085 4968
3 5089 5087 5090
3 5088 5089 5090
3 5091 5092 5093
3 5089 5091 5093
3 5089 5088 5094
3 5091 5089 5094
3 5094 5095 5092
3 5091 5094 5092
3 5096 5097 5098
3 5096 5098 5086
3 5093 5096 5086
3 5096 5093 5092
3 5099 5096 5092
3 5096 5081 5084
3 5097 5096 5084
3 5099 5100 5081
3 5096 5099 5081
3 5092 5095 5100
3 5099 5092 5100
3 5082 5077 5080
3 5083 5082 5080
3 5101 5102 5077
3 5082 5101 5077
3 5082 5081 5100
3 5101 5082 5100
3 5100 5095 5102
3 5101 5100 5102
3 5078 5088 5090
3 5079 5078 5090
3 5103 5094 5088
3 5078 5103 5088
3 5078 5077 5102
3 5103 5078 5102
3 5102 5095 5094
3 5103 5102 5094
3 4636 4640 5105
3 5104 4636 5105
3 4645 4860 4864
3 5106 4645 4864
3 5106 4864 4863
3 5107 5106 4863
3 5108 4639 4645
3 5106 5108 4645
3 5106 5107 5110
3 5109 5106 5110
3 5109 5111 5108
3 5106 5109 5108
3 5109 5110 5112
3 5111 5109 5112
3 5114 5115 5116
3 5113 5114 5116
3 5113 5116 5118
3 5117 5113 5118
3 4981 4982 5114
3 5113 4981 5114
3 5113 5107 4863
3 4981 5113 4863
3 5117 5110 5107
3 5113 5117 5107
3 5118 5112 5110
3 5117 5118 5110
3 5119 5116 5115
3 4637 5119 5115
3 5120 5118 5116
3 5119 5120 5116
3 5119 4637 4636
3 5104 5119 4636
3 5119 5104 5121
3 5120 5119 5121
3 5121 5112 5118
3 5120 5121 5118
3 5122 5121 5104
3 5105 5122 5104
3 5105 4640 4639
3 5108 5105 4639
3 5105 5108 5111
3 5122 5105 5111
3 5111 5112 5121
3 5122 5111 5121
3 4996 4999 4917
3 4916 4996 4917
3 4999 5006 4918
3 4917 4999 4918
3 4997 4996 5012
3 5013 4997 5012
3 5011 5013 5012
3 5035 5038 5040
3 5039 5035 5040
3 5035 5039 5041
3 4928 4926 5040
3 5048 4928 5040
3 4929 4928 5048
3 5025 4929 5048
3 5065 5060 5059
3 5061 5065 5059
3 5058 5061 5059
3 4940 4938 5060
3 5068 4940 5060
3 5068 5072 4941
3 4940 5068 4941
3 5093 5086 5085
3 5089 5093 5085
3 5087 5089 5085
3 4859 4858 5086
3 5098 4859 5086
3 4969 4859 5098
3 5097 4969 5098
3 4810 4818 4770
3 4769 4810 4770
3 4807 4810 4769
3 4775 4807 4769
3 4807 4775 4772
3 4848 4807 4772
3 4845 4848 4772
3 4771 4845 4772
3 4843 4845 4771
3 4773 4843 4771
3 4820 4843 4773
3 4774 4820 4773
3 4820 4774 4778
3 4816 4820 4778
3 4816 4778 4777
3 4815 4816 4777
3 4817 4776 4770
3 4818 4817 4770
3 5124 5125 5126
3 5123 5124 5126
3 5125 5124 5128
3 5127 5125 5128
3 5130 5131 5132
3 5129 5130 5132
3 5134 5131 5130
3 5133 5134 5130
3 5130 5135 5136
3 5133 5130 5136
3 5138 5139 5140
3 5137 5138 5140
3 5138 5141 5142
3 5139 5138 5142
3 5144 5139 5142
3 5143 5144 5142
3 5146 5147 5148
3 5145 5146 5148
3 5150 5145 5148
3 5149 5150 5148
3 5152 5146 5145
3 5151 5152 5145
3 5145 5150 5153
3 5151 5145 5153
3 5155 5156 5157
3 5154 5155 5157
3 5158 5159 5154
3 5157 5158 5154
3 5161 5162 5163
3 5160 5161 5163
3 5154 5160 5163
3 5155 5154 5163
3 5160 5154 5159
3 5164 5160 5159
3 5166 5167 5168
3 5165 5166 5168
3 5170 5171 5172
3 5169 5170 5172
3 5174 5172 5175
3 5173 5174 5175
3 5171 5168 5176
3 5172 5171 5176
3 5178 5179 5180
3 5177 5178 5180
3 5182 5183 5184
3 5181 5182 5184
3 5184 5183 5186
3 5185 5184 5186
3 5168 5167 5187
3 5176 5168 5187
3 5189 5190 5191
3 5188 5189 5191
3 5191 5193 5194
3 5192 5191 5194
3 5196 5197 5198
3 5195 5196 5198
3 5200 5201 5202
3 5199 5200 5202
3 5198 5199 5202
3 5195 5198 5202
3 5193 5203 5204
3 5194 5193 5204
3 5204 5196 5195
3 5194 5204 5195
3 5206 5207 5208
3 5205 5206 5208
3 5195 5206 5205
3 5194 5195 5205
3 5189 5188 5210
3 5209 5189 5210
3 5188 5191 5192
3 5210 5188 5192
3 5212 5209 5210
3 5211 5212 5210
3 5214 5215 5216
3 5213 5214 5216
3 5218 5184 5185
3 5217 5218 5185
3 5187 5177 5217
3 5176 5187 5217
3 5177 5180 5218
3 5217 5177 5218
3 5205 5208 5220
3 5219 5205 5220
3 5192 5194 5205
3 5221 5192 5205
3 5210 5192 5221
3 5222 5210 5221
3 5210 5222 5223
3 5211 5210 5223
3 5216 5224 5225
3 5213 5216 5225
3 5213 5225 5227
3 5226 5213 5227
3 5186 5226 5227
3 5185 5186 5227
3 5185 5227 5228
3 5217 5185 5228
3 5176 5217 5228
3 5229 5176 5228
3 5172 5176 5229
3 5175 5172 5229
3 5208 5207 5230
3 5220 5208 5230
3 5207 5231 5232
3 5230 5207 5232
3 5205 5219 5233
3 5221 5205 5233
3 5222 5221 5233
3 5234 5222 5233
3 5219 5220 5235
3 5220 5230 5236
3 5235 5220 5236
3 5233 5219 5235
3 5237 5233 5235
3 5230 5232 5238
3 5236 5230 5238
3 5235 5236 5238
3 5239 5235 5238
3 5232 5231 5241
3 5240 5232 5241
3 5232 5240 5242
3 5238 5232 5242
3 5239 5238 5242
3 5243 5239 5242
3 5240 5241 5173
3 5244 5240 5173
3 5240 5244 5245
3 5242 5240 5245
3 5243 5242 5245
3 5246 5243 5245
3 5173 5175 5247
3 5244 5173 5247
3 5244 5247 5248
3 5245 5244 5248
3 5175 5229 5249
3 5247 5175 5249
3 5229 5228 5250
3 5249 5229 5250
3 5228 5227 5251
3 5250 5228 5251
3 5227 5225 5252
3 5251 5227 5252
3 5222 5234 5253
3 5223 5222 5253
3 5225 5224 5254
3 5252 5225 5254
3 5237 5235 5256
3 5255 5237 5256
3 5252 5254 5258
3 5257 5252 5258
3 5234 5233 5237
3 5255 5234 5237
3 5253 5234 5255
3 5259 5253 5255
3 5256 5260 5259
3 5255 5256 5259
3 5246 5261 5262
3 5243 5246 5262
3 5243 5262 5263
3 5239 5243 5263
3 5235 5239 5263
3 5264 5235 5263
3 5256 5235 5264
3 5265 5256 5264
3 5260 5256 5265
3 5266 5260 5265
3 5247 5249 5267
3 5248 5247 5267
3 5250 5251 5269
3 5268 5250 5269
3 5249 5250 5268
3 5267 5249 5268
3 5246 5245 5248
3 5270 5246 5248
3 5246 5270 5271
3 5261 5246 5271
3 5273 5274 5275
3 5272 5273 5275
3 5251 5252 5257
3 5269 5251 5257
3 5258 5276 5277
3 5257 5258 5277
3 5270 5248 5267
3 5278 5270 5267
3 5278 5268 5269
3 5276 5279 5272
3 5277 5276 5272
3 5275 5278 5277
3 5272 5275 5277
3 5278 5269 5257
3 5277 5278 5257
3 5271 5270 5278
3 5275 5271 5278
3 5267 5268 5278
3 5261 5280 5281
3 5262 5261 5281
3 5262 5281 5282
3 5263 5262 5282
3 5283 5264 5263
3 5282 5283 5263
3 5275 5274 5284
3 5271 5275 5284
3 5280 5261 5271
3 5284 5280 5271
3 5273 5272 5279
3 5285 5273 5279
3 5287 5266 5265
3 5286 5287 5265
3 5264 5283 5286
3 5265 5264 5286
3 5273 5288 5289
3 5274 5273 5289
3 5280 5290 5291
3 5281 5280 5291
3 5281 5291 5292
3 5282 5281 5292
3 5282 5292 5293
3 5283 5282 5293
3 5274 5289 5294
3 5284 5274 5294
3 5284 5294 5290
3 5280 5284 5290
3 5285 5295 5288
3 5273 5285 5288
3 5286 5296 5297
3 5287 5286 5297
3 5283 5293 5296
3 5286 5283 5296
3 5299 5300 5301
3 5298 5299 5301
3 5303 5304 5305
3 5302 5303 5305
3 5307 5302 5305
3 5306 5307 5305
3 5309 5310 5311
3 5308 5309 5311
3 5313 5314 5315
3 5312 5313 5315
3 5300 5308 5311
3 5301 5300 5311
3 5315 5316 5317
3 5312 5315 5317
3 5319 5309 5308
3 5318 5319 5308
3 5308 5300 5320
3 5318 5308 5320
3 5307 5316 5315
3 5302 5307 5315
3 5315 5314 5303
3 5302 5315 5303
3 5306 5321 5322
3 5307 5306 5322
3 5324 5317 5316
3 5323 5324 5316
3 5300 5299 5325
3 5320 5300 5325
3 5307 5322 5323
3 5316 5307 5323
3 5327 5328 5329
3 5326 5327 5329
3 5330 5323 5322
3 5328 5330 5322
3 5322 5321 5329
3 5328 5322 5329
3 5324 5323 5330
3 5331 5324 5330
3 5299 5298 5333
3 5332 5299 5333
3 5335 5332 5333
3 5334 5335 5333
3 5330 5336 5337
3 5331 5330 5337
3 5325 5299 5332
3 5338 5325 5332
3 5339 5338 5332
3 5335 5339 5332
3 5327 5336 5330
3 5328 5327 5330
3 5341 5321 5306
3 5340 5341 5306
3 5340 5306 5305
3 5342 5340 5305
3 5340 5342 5344
3 5343 5340 5344
3 5346 5344 5342
3 5345 5346 5342
3 5305 5304 5345
3 5342 5305 5345
3 5344 5346 5348
3 5347 5344 5348
3 5350 5319 5318
3 5349 5350 5318
3 5350 5349 5352
3 5351 5350 5352
3 5348 5351 5352
3 5347 5348 5352
3 5318 5320 5353
3 5349 5318 5353
3 5343 5344 5347
3 5354 5343 5347
3 5354 5347 5352
3 5355 5354 5352
3 5352 5349 5353
3 5355 5352 5353
3 5320 5325 5356
3 5353 5320 5356
3 5329 5321 5341
3 5357 5329 5341
3 5353 5356 5358
3 5355 5353 5358
3 5354 5355 5358
3 5359 5354 5358
3 5356 5325 5338
3 5360 5356 5338
3 5358 5356 5360
3 5361 5358 5360
3 5338 5339 5362
3 5360 5338 5362
3 5363 5364 5360
3 5362 5363 5360
3 5359 5358 5361
3 5365 5359 5361
3 5361 5360 5364
3 5365 5361 5364
3 5354 5359 5366
3 5343 5354 5366
3 5341 5340 5343
3 5366 5341 5343
3 5363 5367 5357
3 5364 5363 5357
3 5367 5326 5329
3 5357 5367 5329
3 5365 5364 5357
3 5368 5365 5357
3 5341 5366 5368
3 5357 5341 5368
3 5359 5365 5368
3 5366 5359 5368
3 5369 5370 5371
3 5152 5372 5373
3 5146 5152 5373
3 5147 5146 5373
3 5374 5147 5373
3 5376 5377 5378
3 5375 5376 5378
3 5160 5164 5379
3 5161 5160 5379
3 5381 5382 5383
3 5380 5381 5383
3 5385 5386 5387
3 5384 5385 5387
3 5178 5177 5187
3 5388 5178 5187
3 5187 5167 5166
3 5388 5187 5166
3 5204 5389 5390
3 5196 5204 5390
3 5197 5196 5390
3 5391 5197 5390
3 5393 5387 5386
3 5392 5393 5386
3 5394 5395 5387
3 5393 5394 5387
3 5397 5179 5392
3 5396 5397 5392
3 5179 5178 5393
3 5392 5179 5393
3 5398 5396 5392
3 5386 5398 5392
3 5388 5399 5400
3 5394 5388 5400
3 5391 5390 5402
3 5401 5391 5402
3 5395 5394 5400
3 5403 5395 5400
3 5402 5404 5405
3 5401 5402 5405
3 5178 5388 5394
3 5393 5178 5394
3 5407 5404 5402
3 5406 5407 5402
3 5402 5390 5389
3 5406 5402 5389
3 5409 5410 5411
3 5408 5409 5411
3 5165 5168 5171
3 5412 5165 5171
3 5170 5413 5412
3 5171 5170 5412
3 5388 5166 5414
3 5399 5388 5414
3 5198 5197 5391
3 5415 5198 5391
3 5198 5415 5416
3 5199 5198 5416
3 5200 5199 5416
3 5417 5200 5416
3 5419 5408 5420
3 5418 5419 5420
3 5421 5409 5408
3 5419 5421 5408
3 5414 5166 5418
3 5422 5414 5418
3 5166 5165 5419
3 5418 5166 5419
3 5423 5422 5418
3 5420 5423 5418
3 5412 5413 5424
3 5421 5412 5424
3 5417 5416 5426
3 5425 5417 5426
3 5409 5421 5424
3 5427 5409 5424
3 5426 5428 5429
3 5425 5426 5429
3 5165 5412 5421
3 5419 5165 5421
3 5431 5428 5426
3 5430 5431 5426
3 5426 5416 5415
3 5430 5426 5415
3 5432 5423 5420
3 5408 5411 5432
3 5420 5408 5432
3 5427 5410 5409
3 5139 5144 5433
3 5140 5139 5433
3 5411 5434 5435
3 5432 5411 5435
3 5410 5427 5437
3 5436 5410 5437
3 5411 5410 5436
3 5434 5411 5436
3 5438 5423 5432
3 5435 5438 5432
3 5428 5431 5440
3 5439 5428 5440
3 5144 5439 5440
3 5433 5144 5440
3 5144 5143 5441
3 5439 5144 5441
3 5428 5439 5441
3 5429 5428 5441
3 5387 5395 5442
3 5384 5387 5442
3 5442 5395 5403
3 5130 5129 5443
3 5135 5130 5443
3 5398 5386 5385
3 5385 5384 5445
3 5444 5385 5445
3 5398 5385 5444
3 5446 5398 5444
3 5403 5447 5448
3 5442 5403 5448
3 5445 5384 5442
3 5448 5445 5442
3 5405 5404 5450
3 5449 5405 5450
3 5450 5135 5443
3 5449 5450 5443
3 5136 5135 5450
3 5451 5136 5450
3 5450 5404 5407
3 5451 5450 5407
3 5126 5125 5453
3 5452 5126 5453
3 5125 5127 5454
3 5453 5125 5454
3 5456 5457 5458
3 5455 5456 5458
3 5370 5369 5460
3 5459 5370 5460
3 5456 5370 5459
3 5457 5456 5459
3 5461 5462 5455
3 5458 5461 5455
3 5464 5465 5466
3 5463 5464 5466
3 5453 5463 5466
3 5452 5453 5466
3 5468 5464 5463
3 5467 5468 5463
3 5463 5453 5454
3 5467 5463 5454
3 5462 5469 5455
3 5455 5469 5470
3 5456 5455 5470
3 5181 5184 5218
3 5471 5181 5218
3 5218 5180 5179
3 5471 5218 5179
3 5371 5370 5456
3 5470 5371 5456
3 5471 5179 5397
3 5472 5471 5397
3 5389 5204 5203
3 5473 5389 5203
3 5191 5190 5474
3 5193 5191 5474
3 5203 5193 5474
3 5473 5203 5474
3 5476 5470 5469
3 5475 5476 5469
3 5478 5182 5475
3 5477 5478 5475
3 5182 5181 5476
3 5475 5182 5476
3 5462 5477 5475
3 5469 5462 5475
3 5474 5190 5480
3 5479 5474 5480
3 5464 5479 5480
3 5465 5464 5480
3 5181 5471 5481
3 5476 5181 5481
3 5481 5371 5470
3 5476 5481 5470
3 5369 5371 5481
3 5482 5369 5481
3 5472 5482 5481
3 5471 5472 5481
3 5464 5468 5483
3 5479 5464 5483
3 5474 5479 5483
3 5473 5474 5483
3 5378 5377 5485
3 5484 5378 5485
3 5484 5485 5487
3 5486 5484 5487
3 5376 5375 5489
3 5488 5376 5489
3 5183 5182 5490
3 5186 5183 5490
3 5492 5374 5373
3 5491 5492 5373
3 5372 5493 5491
3 5373 5372 5491
3 5478 5494 5490
3 5182 5478 5490
3 5186 5490 5495
3 5226 5186 5495
3 5213 5226 5495
3 5214 5213 5495
3 5189 5209 5491
3 5493 5189 5491
3 5215 5214 5496
3 5486 5215 5496
3 5214 5495 5497
3 5496 5214 5497
3 5484 5486 5496
3 5497 5378 5484
3 5496 5497 5484
3 5209 5212 5492
3 5491 5209 5492
3 5490 5494 5489
3 5498 5490 5489
3 5489 5375 5498
3 5375 5378 5497
3 5498 5375 5497
3 5497 5495 5490
3 5498 5497 5490
3 5383 5382 5500
3 5499 5383 5500
3 5500 5501 5499
3 5207 5502 5503
3 5231 5207 5503
3 5379 5381 5380
3 5172 5174 5504
3 5169 5172 5504
3 5231 5503 5505
3 5241 5231 5505
3 5174 5173 5241
3 5505 5174 5241
3 5502 5207 5206
3 5506 5502 5206
3 5201 5507 5506
3 5202 5201 5506
3 5206 5195 5202
3 5506 5206 5202
3 5509 5383 5499
3 5508 5509 5499
3 5504 5174 5508
3 5510 5504 5508
3 5174 5505 5509
3 5508 5174 5509
3 5501 5510 5508
3 5499 5501 5508
3 5503 5502 5512
3 5511 5503 5512
3 5502 5506 5513
3 5512 5502 5513
3 5380 5511 5512
3 5379 5380 5512
3 5513 5161 5379
3 5512 5513 5379
3 5380 5383 5509
3 5511 5380 5509
3 5509 5505 5503
3 5511 5509 5503
3 5162 5161 5513
3 5514 5162 5513
3 5513 5506 5507
3 5514 5513 5507
3 5516 5517 5518
3 5515 5516 5518
3 5520 5521 5522
3 5519 5520 5522
3 5524 5518 5517
3 5523 5524 5517
3 5516 5525 5517
3 5525 5526 5527
3 5517 5525 5527
3 5527 5528 5523
3 5517 5527 5523
3 5528 5529 5524
3 5523 5528 5524
3 5438 5435 5531
3 5530 5438 5531
3 5435 5434 5515
3 5531 5435 5515
3 5533 5534 5530
3 5532 5533 5530
3 5536 5533 5532
3 5535 5536 5532
3 5518 5524 5535
3 5532 5518 5535
3 5524 5529 5536
3 5535 5524 5536
3 5538 5522 5521
3 5537 5538 5521
3 5520 5534 5533
3 5521 5520 5533
3 5533 5536 5537
3 5521 5533 5537
3 5536 5529 5538
3 5537 5536 5538
3 5527 5526 5540
3 5539 5527 5540
3 5528 5527 5539
3 5541 5528 5539
3 5540 5519 5522
3 5539 5540 5522
3 5522 5538 5541
3 5539 5522 5541
3 5538 5529 5528
3 5541 5538 5528
3 5543 5544 5545
3 5542 5543 5545
3 5547 5548 5549
3 5546 5547 5549
3 5551 5552 5553
3 5550 5551 5553
3 5555 5556 5557
3 5554 5555 5557
3 5445 5558 5559
3 5444 5445 5559
3 5560 5446 5444
3 5559 5560 5444
3 5553 5560 5554
3 5550 5553 5554
3 5561 5550 5554
3 5557 5561 5554
3 5562 5561 5557
3 5556 5562 5557
3 5550 5561 5563
3 5551 5550 5563
3 5549 5552 5551
3 5546 5549 5551
3 5564 5546 5551
3 5563 5564 5551
3 5562 5564 5563
3 5561 5562 5563
3 5546 5564 5565
3 5547 5546 5565
3 5545 5548 5547
3 5542 5545 5547
3 5566 5542 5547
3 5565 5566 5547
3 5562 5566 5565
3 5564 5562 5565
3 5543 5567 5544
3 5558 5567 5543
3 5555 5558 5543
3 5542 5566 5568
3 5543 5542 5568
3 5556 5555 5543
3 5568 5556 5543
3 5562 5556 5568
3 5566 5562 5568
3 5570 5571 5572
3 5569 5570 5572
3 5574 5575 5576
3 5573 5574 5576
3 5461 5458 5578
3 5577 5461 5578
3 5458 5457 5579
3 5578 5458 5579
3 5576 5575 5577
3 5580 5576 5577
3 5582 5576 5580
3 5581 5582 5580
3 5583 5584 5581
3 5580 5583 5581
3 5585 5582 5581
3 5584 5585 5581
3 5583 5579 5587
3 5586 5583 5587
3 5584 5583 5586
3 5588 5584 5586
3 5589 5590 5591
3 5586 5589 5591
3 5587 5589 5586
3 5591 5592 5588
3 5586 5591 5588
3 5585 5584 5588
3 5592 5585 5588
3 5591 5590 5570
3 5569 5591 5570
3 5592 5591 5569
3 5593 5592 5569
3 5572 5594 5593
3 5569 5572 5593
3 5585 5592 5593
3 5594 5585 5593
3 5594 5572 5573
3 5595 5594 5573
3 5572 5571 5574
3 5573 5572 5574
3 5576 5582 5595
3 5573 5576 5595
3 5585 5594 5595
3 5582 5585 5595
3 5597 5598 5599
3 5596 5597 5599
3 5601 5602 5603
3 5600 5601 5603
3 5485 5377 5605
3 5604 5485 5605
3 5487 5485 5604
3 5606 5487 5604
3 5608 5606 5609
3 5607 5608 5609
3 5610 5611 5612
3 5609 5610 5612
3 5613 5607 5609
3 5612 5613 5609
3 5611 5614 5613
3 5612 5611 5613
3 5615 5616 5617
3 5605 5616 5615
3 5610 5605 5615
3 5611 5610 5615
3 5618 5611 5615
3 5601 5600 5615
3 5617 5601 5615
3 5600 5619 5618
3 5615 5600 5618
3 5619 5614 5611
3 5618 5619 5611
3 5597 5596 5603
3 5602 5597 5603
3 5596 5620 5621
3 5603 5596 5621
3 5619 5600 5603
3 5621 5619 5603
3 5620 5614 5619
3 5621 5620 5619
3 5608 5607 5599
3 5598 5608 5599
3 5607 5613 5622
3 5599 5607 5622
3 5620 5596 5599
3 5622 5620 5599
3 5613 5614 5620
3 5622 5613 5620
3 5624 5158 5157
3 5623 5624 5157
3 5381 5379 5164
3 5625 5381 5164
3 5382 5381 5625
3 5626 5382 5625
3 5164 5159 5627
3 5625 5164 5627
3 5629 5626 5625
3 5628 5629 5625
3 5627 5630 5628
3 5625 5627 5628
3 5631 5629 5628
3 5630 5631 5628
3 5633 5634 5635
3 5632 5633 5635
3 5637 5633 5632
3 5636 5637 5632
3 5635 5501 5500
3 5632 5635 5500
3 5382 5626 5632
3 5500 5382 5632
3 5626 5629 5636
3 5632 5626 5636
3 5629 5631 5637
3 5636 5629 5637
3 5634 5633 5638
3 5156 5634 5638
3 5633 5637 5639
3 5638 5633 5639
3 5157 5156 5638
3 5623 5157 5638
3 5640 5623 5638
3 5639 5640 5638
3 5637 5631 5640
3 5639 5637 5640
3 5623 5640 5641
3 5624 5623 5641
3 5159 5158 5624
3 5627 5159 5624
3 5630 5627 5624
3 5641 5630 5624
3 5640 5631 5630
3 5641 5640 5630
3 5436 5516 5515
3 5434 5436 5515
3 5437 5525 5516
3 5436 5437 5516
3 5531 5515 5518
3 5532 5531 5518
3 5530 5531 5532
3 5558 5555 5554
3 5559 5558 5554
3 5554 5560 5559
3 5558 5445 5448
3 5567 5558 5448
3 5567 5448 5447
3 5544 5567 5447
3 5578 5579 5583
3 5580 5578 5583
3 5577 5578 5580
3 5579 5457 5459
3 5587 5579 5459
3 5460 5589 5587
3 5459 5460 5587
3 5604 5605 5610
3 5609 5604 5610
3 5606 5604 5609
3 5605 5377 5376
3 5616 5605 5376
3 5616 5376 5488
3 5617 5616 5488
3 5288 5336 5327
3 5289 5288 5327
3 5289 5327 5326
3 5294 5289 5326
3 5290 5294 5326
3 5367 5290 5326
3 5290 5367 5363
3 5291 5290 5363
3 5291 5363 5362
3 5292 5291 5362
3 5292 5362 5339
3 5293 5292 5339
3 5296 5293 5339
3 5335 5296 5339
3 5297 5296 5335
3 5334 5297 5335
3 5288 5295 5337
3 5336 5288 5337
3 5643 5644 5645
3 5642 5643 5645
3 5647 5648 5649
3 5646 5647 5649
3 5650 5651 5648
3 5647 5650 5648
3 5652 5653 5651
3 5650 5652 5651
3 5655 5656 5657
3 5654 5655 5657
3 5658 5659 5656
3 5655 5658 5656
3 5661 5662 5663
3 5660 5661 5663
3 5664 5665 5662
3 5661 5664 5662
3 5666 5667 5665
3 5664 5666 5665
3 5642 5645 5669
3 5668 5642 5669
3 5644 5670 5671
3 5645 5644 5671
3 5648 5672 5673
3 5649 5648 5673
3 5651 5674 5672
3 5648 5651 5672
3 5653 5675 5674
3 5651 5653 5674
3 5656 5676 5677
3 5657 5656 5677
3 5659 5678 5676
3 5656 5659 5676
3 5662 5679 5680
3 5663 5662 5680
3 5665 5681 5679
3 5662 5665 5679
3 5667 5682 5681
3 5665 5667 5681
3 5645 5671 5683
3 5669 5645 5683
3 5670 5684 5685
3 5671 5670 5685
3 5672 5686 5684
3 5673 5672 5684
3 5674 5687 5686
3 5672 5674 5686
3 5675 5688 5687
3 5674 5675 5687
3 5676 5689 5688
3 5677 5676 5688
3 5678 5690 5689
3 5676 5678 5689
3 5679 5691 5690
3 5680 5679 5690
3 5681 5692 5691
3 5679 5681 5691
3 5682 5693 5692
3 5681 5682 5692
3 5671 5685 5693
3 5683 5671 5693
3 5684 5694 5695
3 5685 5684 5695
3 5686 5696 5694
3 5684 5686 5694
3 5687 5697 5696
3 5686 5687 5696
3 5688 5698 5697
3 5687 5688 5697
3 5689 5699 5698
3 5688 5689 5698
3 5690 5700 5699
3 5689 5690 5699
3 5691 5701 5700
3 5690 5691 5700
3 5692 5702 5701
3 5691 5692 5701
3 5693 5703 5702
3 5692 5693 5702
3 5685 5695 5703
3 5693 5685 5703
3 5694 5704 5705
3 5695 5694 5705
3 5696 5706 5704
3 5694 5696 5704
3 5697 5707 5706
3 5696 5697 5706
3 5698 5708 5707
3 5697 5698 5707
3 5699 5709 5708
3 5698 5699 5708
3 5700 5710 5709
3 5699 5700 5709
3 5701 5711 5710
3 5700 5701 5710
3 5702 5712 5711
3 5701 5702 5711
3 5703 5713 5712
3 5702 5703 5712
3 5695 5705 5713
3 5703 5695 5713
3 5704 5714 5715
3 5705 5704 5715
3 5706 5716 5714
3 5704 5706 5714
3 5707 5717 5716
3 5706 5707 5716
3 5708 5718 5717
3 5707 5708 5717
3 5709 5719 5718
3 5708 5709 5718
3 5710 5720 5719
3 5709 5710 5719
3 5711 5721 5720
3 5710 5711 5720
3 5712 5722 5721
3 5711 5712 5721
3 5713 5723 5722
3 5712 5713 5722
3 5705 5715 5723
3 5713 5705 5723
3 5714 5724 5725
3 5715 5714 5725
3 5716 5726 5724
3 5714 5716 5724
3 5717 5727 5726
3 5716 5717 5726
3 5718 5728 5727
3 5717 5718 5727
3 5719 5729 5728
3 5718 5719 5728
3 5720 5730 5729
3 5719 5720 5729
3 5721 5731 5730
3 5720 5721 5730
3 5722 5732 5731
3 5721 5722 5731
3 5723 5733 5732
3 5722 5723 5732
3 5715 5725 5733
3 5723 5715 5733
3 5725 5724 5734
3 5724 5726 5734
3 5726 5727 5734
3 5727 5728 5734
3 5728 5729 5734
3 5729 5730 5734
3 5730 5731 5734
3 5731 5732 5734
3 5732 5733 5734
3 5733 5725 5734
3 5736 5737 5738
3 5735 5736 5738
3 5740 5741 5742
3 5739 5740 5742
3 5741 5743 5744
3 5742 5741 5744
3 5743 5745 5746
3 5744 5743 5746
3 5748 5749 5750
3 5747 5748 5750
3 5749 5751 5752
3 5750 5749 5752
3 5754 5755 5756
3 5753 5754 5756
3 5755 5757 5758
3 5756 5755 5758
3 5757 5759 5760
3 5758 5757 5760
3 5762 5736 5735
3 5761 5762 5735
3 5763 5764 5737
3 5736 5763 5737
3 5765 5766 5741
3 5740 5765 5741
3 5766 5767 5743
3 5741 5766 5743
3 5767 5768 5745
3 5743 5767 5745
3 5769 5770 5749
3 5748 5769 5749
3 5770 5771 5751
3 5749 5770 5751
3 5772 5773 5755
3 5754 5772 5755
3 5773 5774 5757
3 5755 5773 5757
3 5774 5775 5759
3 5757 5774 5759
3 5776 5763 5736
3 5762 5776 5736
3 5777 5778 5764
3 5763 5777 5764
3 5778 5779 5766
3 5765 5778 5766
3 5779 5780 5767
3 5766 5779 5767
3 5780 5781 5768
3 5767 5780 5768
3 5781 5782 5770
3 5769 5781 5770
3 5782 5783 5771
3 5770 5782 5771
3 5783 5784 5773
3 5772 5783 5773
3 5784 5785 5774
3 5773 5784 5774
3 5785 5786 5775
3 5774 5785 5775
3 5786 5777 5763
3 5776 5786 5763
3 5787 5788 5778
3 5777 5787 5778
3 5788 5789 5779
3 5778 5788 5779
3 5789 5790 5780
3 5779 5789 5780
3 5790 5791 5781
3 5780 5790 5781
3 5791 5792 5782
3 5781 5791 5782
3 5792 5793 5783
3 5782 5792 5783
3 5793 5794 5784
3 5783 5793 5784
3 5794 5795 5785
3 5784 5794 5785
3 5795 5796 5786
3 5785 5795 5786
3 5796 5787 5777
3 5786 5796 5777
3 5797 5798 5788
3 5787 5797 5788
3 5798 5799 5789
3 5788 5798 5789
3 5799 5800 5790
3 5789 5799 5790
3 5800 5801 5791
3 5790 5800 5791
3 5801 5802 5792
3 5791 5801 5792
3 5802 5803 5793
3 5792 5802 5793
3 5803 5804 5794
3 5793 5803 5794
3 5804 5805 5795
3 5794 5804 5795
3 5805 5806 5796
3 5795 5805 5796
3 5806 5797 5787
3 5796 5806 5787
3 5807 5808 5798
3 5797 5807 5798
3 5808 5809 5799
3 5798 5808 5799
3 5809 5810 5800
3 5799 5809 5800
3 5810 5811 5801
3 5800 5810 5801
3 5811 5812 5802
3 5801 5811 5802
3 5812 5813 5803
3 5802 5812 5803
3 5813 5814 5804
3 5803 5813 5804
3 5814 5815 5805
3 5804 5814 5805
3 5815 5816 5806
3 5805 5815 5806
3 5816 5807 5797
3 5806 5816 5797
3 5817 5818 5808
3 5807 5817 5808
3 5818 5819 5809
3 5808 5818 5809
3 5819 5820 5810
3 5809 5819 5810
3 5820 5821 5811
3 5810 5820 5811
3 5821 5822 5812
3 5811 5821 5812
3 5822 5823 5813
3 5812 5822 5813
3 5823 5824 5814
3 5813 5823 5814
3 5824 5825 5815
3 5814 5824 5815
3 5825 5826 5816
3 5815 5825 5816
3 5826 5817 5807
3 5816 5826 5807
3 5817 5827 5818
3 5818 5827 5819
3 5819 5827 5820
3 5820 5827 5821
3 5821 5827 5822
3 5822 5827 5823
3 5823 5827 5824
3 5824 5827 5825
3 5825 5827 5826
3 5826 5827 5817
